"CRN","ARRIVAL_TM","AUTOMOBILE_COUNT","BELTED_DEATH_COUNT","BELTED_SUSP_SERIOUS_INJ_COUNT","BICYCLE_COUNT","BICYCLE_DEATH_COUNT","BICYCLE_SUSP_SERIOUS_INJ_COUNT","BUS_COUNT","CHLDPAS_DEATH_COUNT","CHLDPAS_SUSP_SERIOUS_INJ_COUNT","COLLISION_TYPE","COMM_VEH_COUNT","CONS_ZONE_SPD_LIM","COUNTY","CRASH_MONTH","CRASH_YEAR","DAY_OF_WEEK","DEC_LATITUDE","DEC_LONGITUDE","DISPATCH_TM","DISTRICT","DRIVER_COUNT_16YR","DRIVER_COUNT_17YR","DRIVER_COUNT_18YR","DRIVER_COUNT_19YR","DRIVER_COUNT_20YR","DRIVER_COUNT_50_64YR","DRIVER_COUNT_65_74YR","DRIVER_COUNT_75PLUS","EST_HRS_CLOSED","FATAL_COUNT","HEAVY_TRUCK_COUNT","HORSE_BUGGY_COUNT","HOUR_OF_DAY","ILLUMINATION","INJURY_COUNT","INTERSECTION_RELATED","INTERSECT_TYPE","LANE_CLOSED","LATITUDE","LN_CLOSE_DIR","LOCATION_TYPE","LONGITUDE","MAX_SEVERITY_LEVEL","MCYCLE_DEATH_COUNT","MCYCLE_SUSP_SERIOUS_INJ_COUNT","MOTORCYCLE_COUNT","MUNICIPALITY","NONMOTR_COUNT","NONMOTR_DEATH_COUNT","NONMOTR_SUSP_SERIOUS_INJ_COUNT","NTFY_HIWY_MAINT","PED_COUNT","PED_DEATH_COUNT","PED_SUSP_SERIOUS_INJ_COUNT","PERSON_COUNT","POLICE_AGCY","POSSIBLE_INJ_COUNT","RDWY_SURF_TYPE_CD","RELATION_TO_ROAD","ROADWAY_CLEARED","ROAD_CONDITION","SCH_BUS_IND","SCH_ZONE_IND","SECONDARY_CRASH","SMALL_TRUCK_COUNT","SPEC_JURIS_CD","SUSP_MINOR_INJ_COUNT","SUSP_SERIOUS_INJ_COUNT","SUV_COUNT","TCD_FUNC_CD","TCD_TYPE","TFC_DETOUR_IND","TIME_OF_DAY","TOTAL_UNITS","TOT_INJ_COUNT","UNBELTED_OCC_COUNT","UNB_DEATH_COUNT","UNB_SUSP_SERIOUS_INJ_COUNT","UNK_INJ_DEG_COUNT","UNK_INJ_PER_COUNT","URBAN_RURAL","VAN_COUNT","VEHICLE_COUNT","WEATHER1","WEATHER2","WORKERS_PRES","WORK_ZONE_IND","WORK_ZONE_LOC","WORK_ZONE_TYPE","WZ_CLOSE_DETOUR","WZ_FLAGGER","WZ_LAW_OFFCR_IND","WZ_LN_CLOSURE","WZ_MOVING","WZ_OTHER","WZ_SHLDER_MDN","WZ_WORKERS_INJ_KILLED"
"2009010470","","0","0","0","0","0","0","0","0","0","7","0","","02","1","2009","5","40.436808","-80.089308","","11","0","0","0","0","1","0","0","0","","0","0","0","","","0","","3","","40 26:12.508","","7","80 05:21.508","0","0","0","0","2115","0","0","0","N","0","0","0","1","02115","0","","4.0","","2","N","N","","0","","0","0","1","","0","","","1","0","0","0","0","0","0","2","0","1","","","","N","","","","","","","","","",""
"2009010497","","3","0","0","0","0","0","0","0","0","1","0","","02","1","2009","5","40.617511","-79.733952","","11","0","0","0","0","0","0","1","0","1","0","0","0","","","1","","2","","40 37:03.039","5","0","79 44:02.227","4","0","0","0","2106","0","0","0","N","0","0","0","4","02106","1","","1.0","","1","N","N","","0","","0","0","0","","0","N","","3","1","0","0","0","0","0","2","0","3","","","","N","","","","","","","","","",""
"2009010513","","2","0","0","0","0","0","0","0","0","1","0","","02","1","2009","2","40.5691","-79.7964","","11","0","0","0","0","0","1","0","0","","0","0","0","","","0","","6","","40 34:08.760","","2","79 47:47.040","0","0","0","0","2206","0","0","0","N","0","0","0","3","68D02","0","","1.0","","9","N","N","","0","","0","0","0","","0","","","2","0","0","0","0","0","0","2","0","2","","","","N","","","","","","","","","",""
"2009010566","","2","0","0","0","0","0","0","0","0","7","0","","02","1","2009","2","40.6138","-79.9574","","11","0","0","0","0","0","0","0","0","2","0","0","0","","","0","","0","","40 36:49.680","3","0","79 57:26.640","0","0","0","0","2207","0","0","0","N","0","0","0","4","68T02","0","","3.0","","9","N","N","","0","","0","0","0","","0","N","","2","0","0","0","0","0","0","2","0","2","","","","N","","","","","","","","","",""
"2009010567","","1","0","0","0","0","0","0","0","0","7","0","","02","1","2009","4","40.6175","-79.9804","","11","0","0","0","0","0","0","0","0","","0","0","0","","","0","","0","","40 37:03.000","","0","79 58:49.440","0","0","0","0","2217","0","0","0","N","0","0","0","2","68T02","0","","4.0","","1","N","N","","0","","0","0","0","","0","","","1","0","0","0","0","0","0","1","0","1","","","","N","","","","","","","","","",""
"2009010591","","1","0","0","0","0","0","0","0","0","1","0","","02","1","2009","6","40.5182","-79.9589","","11","0","0","0","1","0","0","1","0","1","0","0","0","","","0","","0","","40 31:05.520","1","0","79 57:32.040","0","0","0","0","2118","0","0","0","N","0","0","0","2","02118","0","","1.0","","1","N","N","","0","","0","0","0","","0","N","","2","0","0","0","0","0","0","2","1","2","","","","N","","","","","","","","","",""
"2009010592","","3","0","0","0","0","0","0","0","0","1","0","","02","1","2009","5","40.31982","-79.941683","","11","0","0","0","0","0","2","0","1","2","0","0","0","","","0","","0","","40 19:11.352","2","0","79 56:30.058","0","0","0","0","2454","0","0","0","N","0","0","0","4","02454","0","","1.0","","1","N","N","","0","","0","0","0","","0","N","","3","0","0","0","0","0","0","2","0","3","","","","N","","","","","","","","","",""
"2009010596","","0","0","0","0","0","0","0","0","0","7","0","","02","1","2009","7","40.53481","-79.95491","","11","0","0","0","0","0","0","1","0","1","0","0","0","","","1","","0","","40 32:05.316","4","0","79 57:17.676","4","0","0","0","2118","0","0","0","N","0","0","0","1","02118","1","","2.0","","2","N","N","","1","","0","0","0","","0","Y","","1","1","0","0","0","0","0","2","0","1","","","","N","","","","","","","","","",""
"2009010599","","1","0","0","0","0","0","0","0","0","2","0","","02","1","2009","6","40.3866","-80.0924","","11","0","0","0","0","0","1","0","0","","0","0","0","","","1","","0","","40 23:11.760","","7","80 05:32.640","8","0","0","0","2117","0","0","0","Y","0","0","0","2","02117","0","","1.0","","1","N","N","","0","","0","0","0","","2","","","2","1","0","0","0","1","0","2","1","2","","","","N","","","","","","","","","",""
"2009010606","","2","0","0","0","0","0","0","0","0","1","0","","02","1","2009","5","40.445168","-79.858494","","11","0","0","0","0","0","1","0","0","2","0","0","0","","","1","","1","","40 26:42.605","4","0","79 51:30.577","8","0","0","0","2419","0","0","0","N","0","0","0","3","02419","0","","1.0","","1","N","N","","1","","0","0","0","","2","N","","3","1","0","0","0","1","0","2","0","3","","","","N","","","","","","","","","",""
"2009010614","","1","0","0","0","0","0","0","0","0","1","0","","02","1","2009","5","40.4916","-80.0612","","11","0","0","0","0","0","0","0","0","","0","0","0","","","0","","2","","40 29:29.760","","0","80 03:40.320","0","0","0","0","2405","0","0","0","N","0","0","0","5","02215","0","","1.0","","1","N","N","","0","","0","0","2","","0","","","3","0","0","0","0","0","0","2","0","3","","","","N","","","","","","","","","",""
"2009010620","","1","0","0","0","0","0","0","0","0","99","0","","02","1","2009","7","40.3617","-79.8271","","11","0","0","0","0","0","0","0","0","","0","0","0","","","0","","0","","40 21:42.120","","0","79 49:37.560","0","0","0","0","2477","0","0","0","N","0","0","0","1","02477","0","","1.0","","1","N","N","","0","","0","0","0","","0","","","1","0","0","0","0","0","0","2","0","1","","","","N","","","","","","","","","",""
"2009010638","","1","0","0","0","0","0","0","0","0","2","1","","02","1","2009","4","40.375534","-79.796728","","11","0","0","0","0","0","0","0","0","","0","1","0","","","1","","2","","40 22:31.923","","0","79 47:48.221","4","0","0","0","2111","0","0","0","N","0","0","0","3","02111","1","","1.0","","1","N","N","","0","","0","0","0","","2","","","2","1","1","0","0","0","0","2","0","2","","","","N","","","","","","","","","",""
"2009010652","","1","0","0","0","0","0","0","0","0","7","0","","02","1","2009","6","40.3997","-80.106","","11","0","0","0","0","0","0","0","0","1","0","0","0","","","0","","0","","40 23:58.920","2","0","80 06:21.600","0","0","0","0","2102","0","0","0","N","0","0","0","1","68B03","0","","2.0","","1","N","N","","0","","0","0","0","","0","N","","1","0","0","0","0","0","0","2","0","1","","","","N","","","","","","","","","",""
"2009010698","","2","0","0","0","0","0","0","0","0","4","0","","02","1","2009","7","40.370922","-80.051531","","11","0","1","0","0","0","0","1","0","2","0","0","0","","","0","","2","","40 22:15.319","3","0","80 03:05.511","0","0","0","0","2109","0","0","0","N","0","0","0","3","02109","0","","1.0","","1","N","N","","0","","0","0","0","","0","N","","2","0","0","0","0","0","0","2","0","2","","","","N","","","","","","","","","",""
"2009010707","","1","0","0","0","0","0","0","0","0","7","0","","02","1","2009","7","40.477343","-80.20059","","11","0","0","0","0","0","1","0","0","2","0","0","0","","","0","","0","","40 28:38.435","2","2","80 12:02.125","0","0","0","0","2213","0","0","0","N","0","0","0","2","02501","0","","2.0","","2","N","N","","0","","0","0","1","","0","N","","2","0","0","0","0","0","0","2","0","2","","","","N","","","","","","","","","",""
"2009010725","","2","0","0","0","0","0","0","0","0","7","0","","02","1","2009","1","40.5411","-79.9637","","11","0","0","0","0","0","0","0","0","","0","0","0","","","0","","0","","40 32:27.960","","0","79 57:49.320","0","0","0","0","2118","0","0","0","N","0","0","0","1","02118","0","","5.0","","7","N","N","","0","","0","0","0","","0","","","2","0","0","0","0","0","0","2","0","2","","","","N","","","","","","","","","",""
"2009010730","","1","0","0","0","0","0","0","0","0","7","0","","02","1","2009","7","40.483848","-79.716103","","11","0","0","0","0","0","0","0","0","","0","0","0","","","0","","2","","40 29:01.851","","0","79 42:57.969","0","0","0","0","2466","0","0","0","N","0","0","0","3","02466","0","","2.0","","2","N","N","","0","","0","0","0","","0","","","1","0","0","0","0","0","0","2","0","1","","","","N","","","","","","","","","",""
"2009010750","","1","0","0","0","0","0","0","0","0","1","0","","02","1","2009","1","40.445168","-79.858494","","11","0","0","0","0","0","0","0","0","","0","0","0","","","1","","1","","40 26:42.605","","0","79 51:30.577","8","0","0","0","2419","0","0","0","N","0","0","0","5","02419","0","","1.0","","7","N","N","","0","","0","0","0","","2","","","2","1","0","0","0","1","0","2","1","2","","","","N","","","","","","","","","",""
"2009010753","","2","0","0","0","0","0","0","0","0","4","0","","02","1","2009","1","40.372452","-79.977334","","11","1","0","0","1","0","0","0","0","2","0","0","0","","","0","","1","","40 22:20.827","7","0","79 58:38.402","0","0","0","0","2413","0","0","0","N","0","0","0","5","02413","0","","1.0","","7","N","N","","0","","0","0","0","","3","N","","2","0","0","0","0","0","0","2","0","2","","","","N","","","","","","","","","",""
"2009010754","","0","0","0","0","0","0","0","0","0","7","0","","02","1","2009","1","40.552558","-79.959205","","11","0","0","0","0","0","1","0","0","2","0","0","0","","","0","","0","","40 33:09.210","5","0","79 57:33.139","0","0","0","0","2207","0","0","0","N","0","0","0","1","02207","0","","5.0","","7","N","N","","0","","0","0","1","","0","Y","","1","0","0","0","0","0","0","2","0","1","","","","N","","","","","","","","","",""
"2009010760","","0","0","0","0","0","0","0","0","0","7","0","","02","1","2009","1","40.514124","-79.82706","","11","0","0","0","0","0","0","0","0","","0","0","0","","","0","","0","","40 30:50.846","","0","79 49:37.416","0","0","0","0","2451","0","0","0","N","0","0","0","2","02451","0","","5.0","","7","N","N","","1","","0","0","0","","0","","","2","0","0","0","0","0","0","2","0","2","","","","N","","","","","","","","","",""
"2009010762","","1","0","0","0","0","0","0","0","0","7","0","","02","1","2009","7","40.546023","-79.903124","","11","0","0","0","0","0","1","0","0","1","0","0","0","","","1","","0","","40 32:45.682","3","0","79 54:11.247","4","0","0","0","2209","0","0","0","N","0","0","0","1","02209","1","","4.0","","1","N","N","","0","","0","0","0","","0","N","","1","1","0","0","0","0","0","2","0","1","","","","N","","","","","","","","","",""
"2009010763","","0","0","0","0","0","0","0","0","0","4","0","","02","1","2009","1","40.434927","-79.754972","","11","1","0","0","0","0","0","0","0","1","0","0","0","","","1","","0","","40 26:05.737","2","0","79 45:17.898","4","0","0","0","2446","0","0","0","N","0","0","0","2","02446","1","","1.0","","2","N","N","","0","","0","0","2","","0","N","","2","1","0","0","0","0","0","2","0","2","","","","N","","","","","","","","","",""
"2009010764","","1","0","0","0","0","0","0","0","0","7","0","","02","1","2009","1","40.522","-80.0343","","11","0","0","0","0","0","1","0","0","","0","0","0","","","0","","0","","40 31:19.200","","0","80 02:03.480","0","0","0","0","2216","0","0","0","Y","0","0","0","1","02505","0","","2.0","","7","N","N","","0","","0","0","0","","0","","","1","0","0","0","0","0","0","2","0","1","","","","N","","","","","","","","","",""
"2009010766","","1","0","0","0","0","0","0","0","0","1","0","","02","1","2009","3","40.510863","-79.956964","","11","0","0","0","0","0","0","0","1","","0","0","0","","","3","","1","","40 30:39.107","","0","79 57:25.070","4","0","0","0","2118","0","0","0","N","0","0","0","5","02118","3","","1.0","","1","N","N","","0","","0","0","1","","0","","","2","3","0","0","0","0","0","2","0","2","","","","N","","","","","","","","","",""
"2009010768","","1","0","0","0","0","0","0","0","0","7","0","","02","1","2009","1","40.427008","-80.125258","","11","0","0","0","0","0","0","0","0","","0","0","0","","","1","","0","","40 25:37.228","","0","80 07:30.928","4","0","0","0","2102","0","0","0","N","0","0","0","1","02102","1","","5.0","","2","N","N","","0","","0","0","0","","0","","","1","1","0","0","0","0","0","2","0","1","","","","N","","","","","","","","","",""
"2009010769","","1","0","0","0","0","0","0","0","0","7","0","","02","1","2009","6","40.3582","-79.8318","","11","0","0","0","0","0","0","0","0","2","0","0","0","","","0","","1","","40 21:29.520","5","0","79 49:54.480","0","0","0","0","2424","0","0","0","N","0","0","0","1","02424","0","","5.0","","9","N","N","","0","","0","0","0","","0","Y","","1","0","0","0","0","0","0","2","0","1","","","","N","","","","","","","","","",""
"2009010770","","1","0","0","0","0","0","0","0","0","7","0","","02","1","2009","1","40.24255","-79.842621","","11","0","0","1","0","0","0","0","0","3","0","0","0","","","1","","0","","40 14:33.181","6","0","79 50:33.435","4","0","0","0","2105","0","0","0","N","0","0","0","1","02105","1","","2.0","","7","N","N","","0","","0","0","0","","0","Y","","1","1","1","0","0","0","0","1","0","1","","","","N","","","","","","","","","",""
"2009010778","","0","0","0","0","0","0","0","0","0","1","0","","02","1","2009","7","40.673408","-80.098406","","11","0","0","0","0","1","0","0","0","","0","0","0","","","1","","1","","40 40:24.270","","0","80 05:54.260","4","0","0","0","2212","0","0","0","N","0","0","0","2","02505","1","","1.0","","1","N","N","","0","","0","0","2","","2","","","2","1","0","0","0","0","0","2","0","2","","","","N","","","","","","","","","",""
"2009010791","","2","0","0","0","0","0","0","0","0","1","0","","02","1","2009","6","40.463713","-79.705449","","11","0","1","0","0","0","0","0","0","","0","0","0","","","0","","1","","40 27:49.366","","0","79 42:19.615","9","0","0","0","2466","0","0","0","N","0","0","0","2","02466","0","","1.0","","9","N","N","","0","","0","0","0","","2","","","2","0","0","0","0","0","1","2","0","2","","","","N","","","","","","","","","",""
"2009010792","","1","0","0","0","0","0","1","0","0","4","1","","02","1","2009","3","40.51037","-79.985179","","11","1","0","0","0","0","1","0","0","","0","0","0","","","0","","2","","40 30:37.332","","0","79 59:06.644","0","0","0","0","2118","0","0","0","N","0","0","0","6","02118","0","","1.0","","2","Y","N","","0","","0","0","0","","3","","","2","0","0","0","0","0","0","2","0","2","","","","N","","","","","","","","","",""
"2009010795","","1","0","0","0","0","0","0","0","0","7","0","","02","1","2009","2","40.405257","-79.862113","","11","0","0","0","0","0","0","0","0","1","0","0","0","","","0","","0","","40 24:18.925","5","0","79 51:43.606","0","0","0","0","2449","0","0","0","N","0","0","0","0","02449","0","","5.0","","9","N","N","","0","","0","0","0","","0","Y","","1","0","0","0","0","0","0","2","0","1","","","","N","","","","","","","","","",""
"2009010797","","1","0","0","0","0","0","0","0","0","1","0","","02","1","2009","1","40.438656","-79.768655","","11","0","0","0","0","0","0","0","0","1","0","0","0","","","1","","0","","40 26:19.163","3","0","79 46:07.157","8","0","0","0","2446","0","0","0","N","0","0","0","2","02446","0","","1.0","","1","N","N","","0","","0","0","1","","0","Y","","2","1","0","0","0","1","0","2","0","2","","","","N","","","","","","","","","",""
"2009010799","","1","0","0","0","0","0","1","0","0","2","1","","02","1","2009","1","40.53303","-80.072816","","11","0","0","0","0","0","1","0","0","","0","0","0","","","0","","0","","40 31:58.907","","0","80 04:22.136","0","0","0","0","2116","0","0","0","N","0","0","0","3","02503","0","","1.0","","7","N","N","","0","","0","0","0","","0","","","2","0","0","0","0","0","0","2","0","2","","","","N","","","","","","","","","",""
"2009010804","","3","0","0","0","0","0","0","0","0","1","0","","02","1","2009","7","40.4032","-80.0593","","11","0","0","0","0","0","0","2","0","","0","0","0","","","2","","0","","40 24:11.520","","0","80 03:33.480","4","0","0","0","2117","0","0","0","N","0","0","0","3","02117","2","","1.0","","1","N","N","","0","","0","0","0","","0","","","3","2","1","0","0","0","0","2","0","3","","","","N","","","","","","","","","",""
"2009010805","","0","0","0","0","0","0","0","0","0","7","0","","02","1","2009","2","40.4943","-79.9427","","11","0","0","0","0","0","0","0","0","1","0","0","0","","","0","","0","","40 29:39.480","2","0","79 56:33.720","0","0","0","0","2430","0","0","0","N","0","0","0","1","02430","0","","3.0","","2","N","N","","0","","0","0","1","","0","N","","1","0","1","0","0","0","0","2","0","1","","","","N","","","","","","","","","",""
"2009010806","","0","0","0","0","0","0","0","0","0","0","0","","02","1","2009","2","40.466456","-79.846874","","11","0","0","0","0","0","1","0","0","1","0","0","0","","","0","","2","","40 27:59.240","5","0","79 50:48.745","0","0","0","0","2113","0","0","0","N","0","0","0","1","02113","0","","4.0","","6","N","N","","1","","0","0","0","","0","Y","","1","0","0","0","0","0","0","2","0","1","","","","N","","","","","","","","","",""
"2009010841","","1","0","0","0","0","0","0","0","0","7","0","","02","1","2009","3","40.417062","-80.056909","","11","0","0","0","0","1","0","0","0","1","0","0","0","","","0","","0","","40 25:01.422","1","0","80 03:24.872","0","0","0","0","2435","0","0","0","N","0","0","0","3","68B03","0","","3.0","","8","N","N","","0","","0","0","0","","0","N","","1","0","3","0","0","0","0","2","0","1","","","","N","","","","","","","","","",""
"2009010842","","3","0","0","0","0","0","0","0","0","1","0","","02","1","2009","5","40.431344","-80.025231","","11","0","0","0","0","0","1","0","0","","0","0","0","","","0","","0","","40 25:52.840","","0","80 01:30.830","0","0","0","0","2301","0","0","0","N","0","0","0","4","68B03","0","","1.0","","1","N","N","","1","","0","0","0","","0","","","4","0","0","0","0","0","0","2","0","4","","","","N","","","","","","","","","",""
"2009010843","","2","0","0","0","0","0","0","0","0","1","0","","02","1","2009","7","40.411489","-80.075846","","11","0","0","0","0","0","2","0","0","","0","0","0","","","1","","6","","40 24:41.361","","2","80 04:33.046","4","0","0","0","2117","0","0","0","N","0","0","0","2","68B03","1","","1.0","","9","N","N","","0","","0","0","0","","4","","","2","1","0","0","0","0","0","2","0","2","","","","N","","","","","","","","","",""
"2009010845","","1","0","0","0","0","0","0","0","0","7","0","","02","1","2009","1","40.519365","-80.055498","","11","0","0","0","0","0","0","0","0","","0","0","0","","","1","","0","","40 31:09.714","","0","80 03:19.791","4","0","0","0","2116","0","0","0","Y","0","0","0","1","68B03","1","","4.0","","6","N","N","","0","","0","0","0","","0","","","1","1","0","0","0","0","0","2","0","1","","","","N","","","","","","","","","",""
"2009010846","","2","0","0","0","0","0","0","0","0","1","0","","02","1","2009","5","40.5932","-80.0956","","11","0","0","0","0","0","0","0","0","","0","0","0","","","1","","0","","40 35:35.520","","0","80 05:44.160","4","0","0","0","2481","0","0","0","N","0","0","0","2","68B03","1","","1.0","","1","N","N","","0","","0","0","0","","0","","","2","1","0","0","0","0","0","2","0","2","","","","N","","","","","","","","","",""
"2009010907","","0","0","0","0","0","0","0","0","0","7","0","","02","1","2009","2","40.388559","-79.830813","","11","0","0","0","0","0","0","0","0","1","0","0","0","","","0","","0","","40 23:18.814","1","0","79 49:50.926","0","0","0","0","2111","0","0","0","N","0","0","0","1","02111","0","","5.0","","2","N","N","","0","","0","0","1","","0","N","","1","0","0","0","0","0","0","2","0","1","","","","N","","","","","","","","","",""
"2009011000","","0","0","0","0","0","0","0","0","0","5","0","","02","1","2009","7","40.2784","-79.9444","","11","0","0","0","0","0","0","0","0","","0","0","0","","","2","","0","","40 16:42.240","","5","79 56:39.840","3","0","0","0","2440","0","0","0","N","0","0","0","6","68T09","0","","1.0","","9","N","N","","0","","2","0","1","","1","","","2","2","0","0","0","0","1","2","1","2","","05","","N","","","","","","","","","",""
"2009011003","","1","0","0","0","0","0","0","0","0","99","0","","02","1","2009","7","40.4342","-79.748","","11","0","0","0","0","0","0","0","1","","0","0","0","","","0","","0","","40 26:03.120","","0","79 44:52.800","0","0","0","0","2446","0","0","0","N","0","0","0","1","68T09","0","","1.0","","1","N","N","","0","","0","0","0","","0","","","1","0","0","0","0","0","0","2","0","1","","","","N","","","","","","","","","",""
"2009011020","","2","0","0","0","0","0","0","0","0","7","0","","02","1","2009","1","40.408193","-80.080159","","11","0","0","0","0","0","1","0","0","1","0","0","0","","","1","","0","","40 24:29.494","5","0","80 04:48.574","4","0","0","0","2415","0","0","0","N","0","0","0","2","02415","1","","2.0","","7","N","N","","0","","0","0","0","","0","N","","2","1","0","0","0","0","0","2","0","2","","","","N","","","","","","","","","",""
"2009011031","","1","0","0","0","0","0","0","0","0","4","0","","02","1","2009","6","40.304661","-79.955509","","11","0","0","0","0","0","0","0","0","","0","0","0","","","0","","0","","40 18:16.780","","0","79 57:19.834","0","0","0","0","2440","0","0","0","N","0","0","0","2","02440","0","","2.0","","2","N","N","","1","","0","0","0","","0","","","2","0","0","0","0","0","0","2","0","2","","","","N","","","","","","","","","",""
"2009011035","","2","0","0","0","0","0","0","0","0","6","0","","02","1","2009","1","40.406941","-80.076185","","11","0","0","0","0","0","1","0","0","","0","0","0","","","1","","0","","40 24:24.986","","0","80 04:34.266","4","0","0","0","2415","0","0","0","N","0","0","0","3","02415","1","","1.0","","7","N","N","","0","","0","0","0","","0","","","2","1","0","0","0","0","0","2","0","2","","","","N","","","","","","","","","",""
"2009011045","","1","0","0","0","0","0","0","0","0","7","0","","02","1","2009","1","40.516215","-79.993824","","11","0","0","0","0","0","0","0","0","2","0","0","0","","","0","","0","","40 30:58.373","4","0","79 59:37.766","0","0","0","0","2116","0","0","0","N","0","0","0","1","02116","0","","5.0","","7","N","N","","0","","0","0","0","","0","N","","1","0","0","0","0","0","0","2","0","1","","","","N","","","","","","","","","",""
"2009011047","","2","0","0","0","0","0","0","0","0","1","0","","02","1","2009","7","40.361086","-79.990909","","11","0","0","0","0","0","1","0","1","","0","0","0","","","1","","1","","40 21:39.909","","0","79 59:27.273","8","0","0","0","2476","0","0","0","N","0","0","0","2","02476","0","","1.0","","9","N","N","","0","","0","0","0","","2","","","2","1","0","0","0","1","0","2","0","2","","","","N","","","","","","","","","",""
"2009011049","","1","0","0","0","0","0","0","0","0","1","0","","02","1","2009","2","40.310528","-79.826617","","11","0","0","0","0","0","0","1","0","","0","0","0","","","1","","0","","40 18:37.902","","0","79 49:35.821","4","0","0","0","2105","0","0","0","N","0","0","0","2","02105","1","","1.0","","9","N","N","","1","","0","0","0","","2","","","2","1","0","0","0","0","0","2","0","2","","","","N","","","","","","","","","",""
"2009011071","","2","0","0","0","0","0","0","0","0","4","0","","02","1","2009","5","40.3808","-79.811","","11","0","0","0","0","0","0","1","0","","0","0","0","","","0","","2","","40 22:50.880","","0","79 48:39.600","0","0","0","0","2424","0","0","0","N","0","0","0","2","02424","0","","1.0","","1","N","N","","0","","0","0","0","","0","","","2","0","0","0","0","0","0","2","0","2","","","","N","","","","","","","","","",""
"2009011072","","0","0","0","0","0","0","0","0","0","1","0","","02","1","2009","6","40.5326","-80.0109","","11","0","0","0","0","0","0","0","0","","0","0","0","","","0","","0","","40 31:57.360","","0","80 00:39.240","0","0","0","0","2116","0","0","0","N","0","0","0","3","02116","0","","1.0","","1","N","N","","0","","0","0","2","","0","","","2","0","0","0","0","0","0","2","0","2","","","","N","","","","","","","","","",""
"2009011083","","1","0","0","0","0","0","0","0","0","4","0","","02","1","2009","2","40.3445","-79.9723","","11","0","0","0","0","0","1","0","0","","0","0","0","","","0","","0","","40 20:40.200","","0","79 58:20.280","9","0","0","0","2403","0","0","0","N","0","0","0","3","02403","0","","1.0","","9","N","N","","1","","0","0","0","","0","","","2","0","0","0","0","0","3","2","0","2","","","","N","","","","","","","","","",""
"2009011087","","2","0","0","0","0","0","0","0","0","2","0","","02","1","2009","2","40.520602","-79.769975","","11","0","0","0","1","0","1","0","0","2","0","0","0","","","1","","0","","40 31:14.168","6","0","79 46:11.911","8","0","0","0","2466","0","0","0","N","0","0","0","2","02466","0","","1.0","","1","N","N","","0","","0","0","0","","0","Y","","2","1","0","0","0","1","0","2","0","2","","","","N","","","","","","","","","",""
"2009011092","","0","0","0","0","0","0","0","0","0","7","0","","02","1","2009","1","40.4009","-80.0966","","11","0","0","1","0","0","0","0","0","","0","0","0","","","0","","0","","40 24:03.240","","0","80 05:47.760","0","0","0","0","2415","0","0","0","N","0","0","0","1","02415","0","","4.0","","7","N","N","","1","","0","0","0","","0","","","1","0","0","0","0","0","0","2","0","1","","","","N","","","","","","","","","",""
"2009011101","","0","0","0","0","0","0","0","0","0","7","0","","02","1","2009","1","40.364777","-79.999442","","11","0","0","0","0","0","0","0","0","1","0","0","0","","","1","","2","","40 21:53.198","2","0","79 59:57.990","3","0","0","0","2476","0","0","0","N","0","0","0","1","02476","0","","9.0","","6","N","N","","0","","1","0","1","","0","N","","1","1","0","0","0","0","0","2","0","1","","","","N","","","","","","","","","",""
"2009011103","","2","0","0","0","0","0","0","0","0","4","0","","02","1","2009","6","40.519732","-80.217795","","11","0","0","0","0","0","2","0","0","","0","0","0","","","0","","1","","40 31:11.034","","0","80 13:04.062","0","0","0","0","2213","0","0","0","N","0","0","0","2","02213","0","","1.0","","1","N","N","","0","","0","0","0","","2","","","2","0","0","0","0","0","0","2","0","2","","","","N","","","","","","","","","",""
"2009011104","","0","0","0","0","0","0","0","0","0","7","0","","02","1","2009","1","40.52342","-80.242358","","11","0","0","0","0","0","0","0","0","5","0","0","0","","","2","","0","","40 31:24.313","5","0","80 14:32.490","3","0","0","0","2213","0","0","0","N","0","0","0","2","02213","0","","4.0","","1","N","N","","1","","2","0","0","","0","Y","","1","2","2","0","0","0","0","2","0","1","","","","N","","","","","","","","","",""
"2009011105","","0","0","0","0","0","0","0","0","0","7","0","","02","1","2009","7","40.514063","-80.216989","","11","0","0","0","0","0","0","0","0","2","0","0","0","","","1","","0","","40 30:50.626","6","0","80 13:01.162","8","0","0","0","2213","0","0","0","N","0","0","0","1","02213","0","","4.0","","1","N","N","","0","","0","0","1","","0","Y","","1","1","0","0","0","1","0","2","0","1","","","","N","","","","","","","","","",""
"2009011106","","1","0","0","0","0","0","0","0","0","4","0","","02","1","2009","6","40.3286","-80.0291","","11","0","0","0","0","1","0","0","1","2","0","0","0","","","0","","1","","40 19:42.960","2","0","80 01:44.760","0","0","0","0","2407","0","0","0","N","0","0","0","4","02407","0","","1.0","","1","N","N","","1","","0","0","1","","3","Y","","3","0","0","0","0","0","0","2","0","3","","","","N","","","","","","","","","",""
"2009011147","","1","0","0","0","0","0","0","0","0","1","0","","02","1","2009","1","40.429068","-79.940654","","11","0","0","0","0","0","1","0","0","","0","0","0","","","0","","0","","40 25:44.643","","0","79 56:26.355","0","0","0","0","2301","0","0","0","N","0","0","0","5","68B03","0","","1.0","","1","N","N","","1","","0","0","0","","0","","","2","0","0","0","0","0","0","2","0","2","","","","N","","","","","","","","","",""
"2009011149","","1","0","0","0","0","0","0","0","0","7","0","","02","1","2009","4","40.428131","-79.926548","","11","0","0","0","0","0","0","0","0","2","0","0","0","","","1","","0","","40 25:41.270","4","0","79 55:35.573","8","0","0","0","2301","0","0","0","N","0","0","0","1","68B03","0","","4.0","","2","N","N","","0","","0","0","0","","0","N","","1","1","0","0","0","1","0","2","0","1","","","","N","","","","","","","","","",""