"CRN","ARRIVAL_TM","AUTOMOBILE_COUNT","BELTED_DEATH_COUNT","BELTED_SUSP_SERIOUS_INJ_COUNT","BICYCLE_COUNT","BICYCLE_DEATH_COUNT","BICYCLE_SUSP_SERIOUS_INJ_COUNT","BUS_COUNT","CHLDPAS_DEATH_COUNT","CHLDPAS_SUSP_SERIOUS_INJ_COUNT","COLLISION_TYPE","COMM_VEH_COUNT","CONS_ZONE_SPD_LIM","COUNTY","CRASH_MONTH","CRASH_YEAR","DAY_OF_WEEK","DEC_LATITUDE","DEC_LONGITUDE","DISPATCH_TM","DISTRICT","DRIVER_COUNT_16YR","DRIVER_COUNT_17YR","DRIVER_COUNT_18YR","DRIVER_COUNT_19YR","DRIVER_COUNT_20YR","DRIVER_COUNT_50_64YR","DRIVER_COUNT_65_74YR","DRIVER_COUNT_75PLUS","EST_HRS_CLOSED","FATAL_COUNT","HEAVY_TRUCK_COUNT","HORSE_BUGGY_COUNT","HOUR_OF_DAY","ILLUMINATION","INJURY_COUNT","INTERSECTION_RELATED","INTERSECT_TYPE","LANE_CLOSED","LATITUDE","LN_CLOSE_DIR","LOCATION_TYPE","LONGITUDE","MAX_SEVERITY_LEVEL","MCYCLE_DEATH_COUNT","MCYCLE_SUSP_SERIOUS_INJ_COUNT","MOTORCYCLE_COUNT","MUNICIPALITY","NONMOTR_COUNT","NONMOTR_DEATH_COUNT","NONMOTR_SUSP_SERIOUS_INJ_COUNT","NTFY_HIWY_MAINT","PED_COUNT","PED_DEATH_COUNT","PED_SUSP_SERIOUS_INJ_COUNT","PERSON_COUNT","POLICE_AGCY","POSSIBLE_INJ_COUNT","RDWY_SURF_TYPE_CD","RELATION_TO_ROAD","ROADWAY_CLEARED","ROAD_CONDITION","SCH_BUS_IND","SCH_ZONE_IND","SECONDARY_CRASH","SMALL_TRUCK_COUNT","SPEC_JURIS_CD","SUSP_MINOR_INJ_COUNT","SUSP_SERIOUS_INJ_COUNT","SUV_COUNT","TCD_FUNC_CD","TCD_TYPE","TFC_DETOUR_IND","TIME_OF_DAY","TOTAL_UNITS","TOT_INJ_COUNT","UNBELTED_OCC_COUNT","UNB_DEATH_COUNT","UNB_SUSP_SERIOUS_INJ_COUNT","UNK_INJ_DEG_COUNT","UNK_INJ_PER_COUNT","URBAN_RURAL","VAN_COUNT","VEHICLE_COUNT","WEATHER1","WEATHER2","WORKERS_PRES","WORK_ZONE_IND","WORK_ZONE_LOC","WORK_ZONE_TYPE","WZ_CLOSE_DETOUR","WZ_FLAGGER","WZ_LAW_OFFCR_IND","WZ_LN_CLOSURE","WZ_MOVING","WZ_OTHER","WZ_SHLDER_MDN","WZ_WORKERS_INJ_KILLED"
"2009016771","","1","0","0","0","0","0","0","0","0","4","0","","02","1","2009","7","40.437157","-79.963045","","11","0","0","0","0","0","1","0","0","","0","0","0","","","0","","1","","40 26:13.765","","0","79 57:46.962","0","0","0","0","2301","0","0","0","N","0","0","0","5","02301","0","","1.0","","1","N","N","","0","","0","0","1","","2","","","2","0","0","0","0","0","0","2","0","2","","","","N","","","","","","","","","",""
"2009016772","","2","0","0","0","0","0","0","0","0","1","0","","02","1","2009","5","40.411652","-80.00956","","11","0","0","0","0","0","1","0","0","1","0","0","0","","","0","","2","","40 24:41.947","4","0","80 00:34.416","0","0","0","0","2301","0","0","0","N","0","0","0","2","02301","0","","1.0","","9","N","N","","0","","0","0","0","","0","N","","2","0","0","0","0","0","0","2","0","2","","","","N","","","","","","","","","",""
"2009016773","","1","0","0","0","0","0","0","0","0","7","0","","02","1","2009","7","40.488845","-80.014873","","11","0","0","0","0","0","0","0","0","2","0","0","0","","","1","","0","","40 29:19.842","6","0","80 00:53.542","2","0","0","0","2301","0","0","0","N","0","0","0","1","02301","0","","2.0","","1","N","N","","0","","0","1","0","","0","Y","","1","1","1","0","1","0","0","2","0","1","","","","N","","","","","","","","","",""
"2009016774","","2","0","0","0","0","0","0","0","0","4","0","","02","1","2009","4","40.441377","-80.041213","","11","0","0","0","0","0","0","0","1","1","0","0","0","","","3","","1","","40 26:28.957","7","0","80 02:28.366","8","0","0","0","2301","0","0","0","N","0","0","0","6","02301","0","","1.0","","9","N","N","","0","","0","0","1","","3","Y","","3","3","1","0","0","3","0","2","0","3","","","","N","","","","","","","","","",""
"2009016775","","2","0","0","0","0","0","0","0","0","4","0","","02","1","2009","7","40.405662","-80.043512","","11","0","0","0","0","0","0","0","0","1","0","0","0","","","0","","0","","40 24:20.383","3","0","80 02:36.643","0","0","0","0","2301","0","0","0","N","0","0","0","2","02301","0","","1.0","","9","N","N","","0","","0","0","0","","0","N","","2","0","0","0","0","0","0","2","0","2","","","","N","","","","","","","","","",""
"2009016776","","1","0","0","0","0","0","0","0","0","0","0","","02","1","2009","4","40.406176","-80.033796","","11","0","0","0","0","0","0","0","0","","0","0","0","","","0","","2","","40 24:22.233","","0","80 02:01.665","0","0","0","0","2301","0","0","0","N","0","0","0","2","02301","0","","5.0","","7","N","N","","0","","0","0","0","","0","","","1","0","0","0","0","0","0","2","0","1","","","","N","","","","","","","","","",""
"2009016777","","1","0","0","0","0","0","0","0","0","0","0","","02","1","2009","4","40.437734","-80.023759","","11","0","0","0","1","0","0","0","0","","0","0","0","","","0","","1","","40 26:15.842","","0","80 01:25.532","0","0","0","0","2301","0","0","0","N","0","0","0","1","02301","0","","1.0","","7","N","N","","0","","0","0","0","","3","","","1","0","0","0","0","0","0","2","0","1","","","","N","","","","","","","","","",""
"2009016778","","0","0","0","0","0","0","0","0","0","8","0","","02","1","2009","5","40.37729","-80.004174","","11","0","0","0","0","0","1","0","0","","0","0","0","","","1","","2","","40 22:38.243","","0","80 00:15.028","4","0","0","0","2301","1","0","0","N","1","0","0","2","02301","1","","1.0","","1","Y","N","","1","","0","0","0","","3","","","2","1","0","0","0","0","0","2","0","1","","","","N","","","","","","","","","",""
"2009016779","","1","0","0","0","0","0","0","0","0","8","0","","02","1","2009","5","40.428699","-79.988542","","11","0","0","0","0","0","0","1","0","1","0","0","0","","","1","","1","","40 25:43.318","4","0","79 59:18.751","3","0","0","0","2301","1","0","0","N","1","0","0","3","02301","0","","1.0","","1","N","N","","0","","1","0","0","","2","N","","2","1","0","0","0","0","0","2","0","1","","","","N","","","","","","","","","",""
"2009016780","","1","0","0","0","0","0","0","0","0","1","0","","02","1","2009","5","40.387628","-79.984283","","11","0","0","0","0","0","0","0","0","","0","0","0","","","1","","0","","40 23:15.460","","0","79 59:03.418","4","0","0","0","2301","0","0","0","N","0","0","0","3","02301","1","","1.0","","9","N","N","","0","","0","0","1","","0","","","2","1","0","0","0","0","1","2","0","2","","","","N","","","","","","","","","",""
"2009016781","","2","0","0","0","0","0","0","0","0","1","0","","02","1","2009","3","40.4324","-79.9971","","11","0","0","0","0","2","0","0","0","1","0","0","0","","","2","","0","","40 25:56.640","2","4","79 59:49.560","8","0","0","0","2301","0","0","0","N","0","0","0","2","02301","0","","1.0","","6","N","N","","0","","0","0","0","","0","N","","2","2","0","0","0","2","0","2","0","2","","","","N","","","","","","","","","",""
"2009016782","","2","0","0","0","0","0","0","0","0","4","0","","02","1","2009","3","40.428658","-79.979132","","11","0","0","1","0","0","0","0","0","1","0","0","0","","","0","","1","","40 25:43.168","2","0","79 58:44.876","0","0","0","0","2301","0","0","0","N","0","0","0","4","02301","0","","1.0","","1","N","N","","0","","0","0","1","","3","N","","3","0","0","0","0","0","0","2","0","3","","","","N","","","","","","","","","",""
"2009016783","","2","0","0","0","0","0","0","0","0","2","0","","02","1","2009","5","40.433497","-80.00945","","11","0","0","0","0","0","0","0","0","2","0","0","0","","","3","","0","","40 26:00.588","6","0","80 00:34.019","8","0","0","0","2301","0","0","0","N","0","0","0","3","02301","0","","1.0","","2","N","N","","0","","0","0","0","","0","Y","","2","3","0","0","0","3","0","2","0","2","","","","N","","","","","","","","","",""
"2009016784","","1","0","0","0","0","0","0","0","0","4","0","","02","1","2009","5","40.414","-80.0096","","11","0","0","0","0","0","0","0","1","","0","0","0","","","0","","1","","40 24:50.400","","2","80 00:34.560","9","0","0","1","2301","0","0","0","N","0","0","0","2","02301","0","","1.0","","1","N","N","","0","","0","0","0","","2","","","2","0","0","0","0","0","1","2","0","2","","","","N","","","","","","","","","",""
"2009016785","","1","0","0","0","0","0","0","0","0","2","0","","02","1","2009","5","40.393108","-80.014906","","11","0","0","0","0","0","0","0","0","2","0","0","0","","","0","","0","","40 23:35.188","5","0","80 00:53.660","0","0","0","0","2301","0","0","0","N","0","0","0","4","02301","0","","1.0","","1","Y","N","","0","","0","0","0","","0","Y","","2","0","0","0","0","0","0","2","1","2","","","","N","","","","","","","","","",""
"2009016786","","3","0","0","0","0","0","0","0","0","7","0","","02","1","2009","6","40.401967","-80.000685","","11","0","1","0","0","0","0","0","0","1","0","0","0","","","1","","2","","40 24:07.081","2","0","80 00:02.465","3","0","0","0","2301","0","0","0","N","0","0","0","2","02301","0","","4.0","","1","N","N","","0","","1","0","0","","2","N","","4","1","0","0","0","0","0","2","1","4","","","","N","","","","","","","","","",""
"2009016787","","0","0","0","0","0","0","0","0","0","4","0","","02","1","2009","4","40.413","-80.01","","11","0","0","0","0","0","1","1","0","1","0","0","0","","","0","","1","","40 24:46.800","3","0","80 00:36.000","0","0","0","0","2301","0","0","0","N","0","0","0","5","02301","0","","1.0","","6","N","N","","0","","0","0","2","","2","N","","3","0","0","0","0","0","0","2","1","3","","","","N","","","","","","","","","",""
"2009016788","","1","0","0","0","0","0","0","0","0","7","0","","02","1","2009","4","40.420598","-79.982596","","11","0","0","0","0","0","0","0","0","","0","0","0","","","2","","0","","40 25:14.152","","0","79 58:57.345","4","0","0","0","2301","0","0","0","N","0","0","0","5","02301","2","","5.0","","2","N","N","","1","","0","0","0","","0","","","2","2","0","0","0","0","0","2","0","2","","","","N","","","","","","","","","",""
"2009016823","","1","0","0","0","0","0","0","0","0","4","0","","02","1","2009","2","40.410022","-79.875853","","11","0","0","1","0","0","0","0","0","2","0","0","0","","","0","","2","","40 24:36.079","6","0","79 52:33.070","0","0","0","0","2456","0","0","0","N","0","0","0","1","02456","0","","1.0","","9","N","N","","0","","0","0","0","","0","N","","2","0","0","0","0","0","0","2","1","2","","","","N","","","","","","","","","",""
"2009016826","","0","0","0","0","0","0","0","0","0","1","0","","02","1","2009","5","40.430616","-80.00225","","11","0","0","0","0","0","1","0","0","","0","0","0","","","1","","0","","40 25:50.217","","0","80 00:08.101","4","0","0","0","2301","0","0","0","N","0","0","0","2","02301","1","","1.0","","2","N","N","","0","","0","0","0","","0","","","2","1","0","0","0","0","0","2","2","2","","","","N","","","","","","","","","",""
"2009016827","","1","0","0","0","0","0","0","0","0","7","0","","02","1","2009","6","40.424915","-79.952098","","11","0","0","0","0","0","0","0","0","","0","0","0","","","0","","2","","40 25:29.695","","1","79 57:07.552","0","0","0","0","2301","0","0","0","N","0","0","0","1","02301","0","","5.0","","9","N","N","","0","","0","0","0","","0","","","1","0","0","0","0","0","0","2","0","1","","","","N","","","","","","","","","",""
"2009016829","","2","0","0","0","0","0","0","0","0","1","0","","02","1","2009","4","40.430463","-80.039386","","11","0","0","0","0","0","0","1","0","","0","0","0","","","1","","0","","40 25:49.668","","0","80 02:21.789","4","0","0","0","2301","0","0","0","N","0","0","0","3","02301","1","","1.0","","2","N","N","","0","","0","0","0","","0","","","2","1","0","0","0","0","0","2","0","2","","","","N","","","","","","","","","",""
"2009016830","","2","0","0","0","0","0","0","0","0","4","0","","02","1","2009","7","","","","11","0","0","0","0","0","0","0","0","","0","0","0","","","0","","0","","","","0","","0","0","0","0","2301","0","0","0","N","0","0","0","4","02301","0","","1.0","","1","N","N","","0","","0","0","0","","2","","","2","0","0","0","0","0","0","1","0","2","","","","N","","","","","","","","","",""
"2009016831","","1","0","0","0","0","0","0","0","0","7","0","","02","1","2009","1","40.449078","-79.929198","","11","0","0","0","0","0","0","0","0","","0","0","0","","","0","","0","","40 26:56.680","","0","79 55:45.112","0","0","0","0","2301","0","0","0","N","0","0","0","1","02301","0","","5.0","","7","N","N","","0","","0","0","0","","0","","","1","0","0","0","0","0","0","2","0","1","","","","N","","","","","","","","","",""
"2009016832","","2","0","0","0","0","0","0","0","0","4","0","","02","1","2009","3","40.432306","-79.918257","","11","0","0","0","0","0","0","0","0","2","0","0","0","","","0","","1","","40 25:56.301","6","0","79 55:05.725","0","0","0","0","2301","0","0","0","N","0","0","0","2","02301","0","","1.0","","1","N","N","","0","","0","0","0","","2","Y","","2","0","0","0","0","0","0","2","0","2","","","","N","","","","","","","","","",""
"2009016833","","1","0","0","0","0","0","0","0","0","4","0","","02","1","2009","5","40.45289","-79.920715","","11","0","0","0","0","0","1","0","0","","0","0","0","","","2","","1","","40 27:10.404","","0","79 55:14.574","4","0","0","0","2301","0","0","0","N","0","0","0","3","02301","2","","1.0","","1","N","N","","0","","0","0","1","","2","","","2","2","0","0","0","0","0","2","0","2","","","","N","","","","","","","","","",""
"2009016834","","2","0","0","0","0","0","0","0","0","1","0","","02","1","2009","5","40.4503","-79.9046","","11","0","0","0","0","0","0","1","0","","0","0","0","","","2","","0","","40 27:01.080","","0","79 54:16.560","4","0","0","0","2301","0","0","0","N","0","0","0","3","02301","1","","1.0","","1","N","N","","0","","0","0","0","","0","","","2","2","1","0","0","1","0","2","0","2","","","","N","","","","","","","","","",""
"2009016835","","1","0","0","0","0","0","0","0","0","4","0","","02","1","2009","5","40.451451","-79.90819","","11","0","0","0","0","0","1","0","0","","0","0","0","","","3","","1","","40 27:05.224","","0","79 54:29.484","2","0","0","0","2301","0","0","0","N","0","0","0","3","02301","0","","1.0","","1","N","N","","1","","1","1","0","","2","","","2","3","2","0","1","1","0","2","0","2","","","","N","","","","","","","","","",""
"2009016837","","1","0","0","0","0","0","0","0","0","99","0","","02","1","2009","4","40.458696","-79.888619","","11","0","0","0","0","0","0","0","0","","0","0","0","","","0","","2","","40 27:31.305","","0","79 53:19.028","0","0","0","0","2301","0","0","0","N","0","0","0","2","02301","0","","5.0","","2","N","N","","0","","0","0","0","","3","","","1","0","2","0","0","0","0","2","0","1","","","","N","","","","","","","","","",""
"2009016843","","2","0","0","0","0","0","0","0","0","5","0","","02","1","2009","2","40.456848","-79.975654","","11","0","0","0","0","0","0","0","0","","0","0","0","","","1","","1","","40 27:24.652","","0","79 58:32.354","8","0","0","0","2301","0","0","0","N","0","0","0","5","02301","0","","1.0","","1","N","N","","0","","0","0","0","","0","","","3","1","0","0","0","1","0","2","1","3","","","","N","","","","","","","","","",""
"2009016844","","1","0","0","0","0","0","0","0","0","0","0","","02","1","2009","6","40.3929","-79.9328","","11","0","0","0","0","0","0","0","0","3","0","0","0","","","1","","7","","40 23:34.440","4","2","79 55:58.080","8","0","0","0","2301","0","0","0","N","0","0","0","2","02301","0","","7.0","","7","N","N","","1","","0","0","0","","0","Y","","2","1","0","0","0","1","0","2","0","2","","","","N","","","","","","","","","",""
"2009016845","","1","0","0","0","0","0","0","0","0","4","0","","02","1","2009","6","40.3897","-79.9333","","11","0","0","0","0","0","0","0","1","2","0","0","0","","","2","","1","","40 23:22.920","4","0","79 55:59.880","8","0","0","0","2301","0","0","0","N","0","0","0","2","02301","0","","1.0","","9","N","N","","1","","0","0","0","","2","N","","2","2","0","0","0","2","0","2","0","2","","","","N","","","","","","","","","",""
"2009016846","","1","0","0","0","0","0","0","0","0","4","0","","02","1","2009","4","40.443997","-80.002735","","11","0","0","0","0","0","0","0","0","","0","0","0","","","0","","1","","40 26:38.389","","0","80 00:09.846","9","0","0","0","2301","0","0","0","N","0","0","0","2","02301","0","","1.0","","2","N","N","","0","","0","0","1","","2","","","2","0","0","0","0","0","1","2","0","2","","","","N","","","","","","","","","",""
"2009016847","","1","0","0","0","0","0","0","0","0","7","0","","02","1","2009","4","40.443882","-79.93881","","11","0","0","1","0","0","0","0","0","2","0","0","0","","","1","","5","","40 26:37.975","1","0","79 56:19.715","8","0","0","0","2301","0","0","0","N","0","0","0","2","02301","0","","4.0","","1","N","N","","0","","0","0","0","","2","Y","","1","1","0","0","0","1","0","2","0","1","","","","N","","","","","","","","","",""
"2009016848","","2","0","0","0","0","0","0","0","0","2","0","","02","1","2009","2","40.447137","-79.895168","","11","0","0","0","0","0","0","0","0","","0","0","0","","","1","","1","","40 26:49.694","","0","79 53:42.603","8","0","0","0","2301","0","0","0","N","0","0","0","3","02301","0","","1.0","","9","N","N","","0","","0","0","0","","2","","","2","1","0","0","0","1","0","2","0","2","","","","N","","","","","","","","","",""
"2009016849","","0","0","0","0","0","0","0","0","0","7","0","","02","1","2009","7","40.384327","-79.918444","","11","0","0","0","0","0","0","0","0","","0","0","0","","","0","","0","","40 23:03.577","","7","79 55:06.398","0","0","0","0","2301","0","0","0","N","0","0","0","1","02301","0","","5.0","","1","N","N","","0","","0","0","1","","0","","","1","0","0","0","0","0","0","2","0","1","","","","N","","","","","","","","","",""
"2009016864","","1","0","0","0","0","0","0","0","0","4","0","","02","1","2009","7","40.452117","-80.055267","","11","0","0","0","0","0","1","0","0","","0","0","0","","","1","","0","","40 27:07.622","","0","80 03:18.960","8","0","0","0","2301","0","0","0","N","0","0","0","2","02301","0","","1.0","","2","N","N","","1","","0","0","0","","0","","","2","1","0","0","0","1","0","2","0","2","","","","N","","","","","","","","","",""
"2009016865","","2","0","0","0","0","0","0","0","0","4","0","","02","1","2009","5","40.439032","-79.998133","","11","0","0","0","0","0","0","0","0","1","0","0","0","","","0","","1","","40 26:20.515","1","0","79 59:53.278","0","0","0","0","2301","0","0","0","N","0","0","0","2","02301","0","","1.0","","1","N","N","","0","","0","0","0","","2","N","","2","0","0","0","0","0","0","2","0","2","","","","N","","","","","","","","","",""
"2009016867","","1","0","0","0","0","0","0","0","0","1","0","","02","1","2009","1","40.461142","-79.94808","","11","0","0","0","0","0","1","0","0","","0","0","0","","","0","","1","","40 27:40.111","","0","79 56:53.088","0","0","0","0","2301","0","0","0","N","0","0","0","6","02301","0","","1.0","","6","N","N","","0","","0","0","2","","0","","","3","0","1","0","0","0","0","2","0","3","","","","N","","","","","","","","","",""
"2009016868","","2","0","0","0","0","0","0","0","0","4","0","","02","1","2009","2","40.453514","-79.978944","","11","0","0","0","0","0","0","0","0","1","0","0","0","","","1","","0","","40 27:12.650","2","0","79 58:44.198","4","0","0","0","2301","0","0","0","N","0","0","0","1","02301","1","","1.0","","1","N","N","","0","","0","0","0","","0","N","","2","1","1","0","0","0","0","2","0","2","","","","N","","","","","","","","","",""
"2009016869","","0","0","0","0","0","0","0","0","0","7","0","","02","1","2009","2","40.441188","-80.039909","","11","0","0","0","0","0","0","0","0","","0","0","0","","","1","","0","","40 26:28.276","","0","80 02:23.672","4","0","0","0","2301","0","0","0","N","0","0","0","1","02301","1","","5.0","","9","N","N","","0","","0","0","0","","0","","","1","1","0","0","0","0","0","2","1","1","","","","N","","","","","","","","","",""
"2009016870","","0","0","0","0","0","0","0","0","0","7","0","","02","1","2009","5","40.408114","-80.015161","","11","0","0","0","0","0","1","0","0","","0","0","0","","","0","","0","","40 24:29.210","","0","80 00:54.581","0","0","0","0","2301","0","0","0","N","0","0","0","1","02301","0","","4.0","","2","Y","","","0","","0","0","0","","0","","","1","0","0","0","0","0","0","2","1","1","","","","N","","","","","","","","","",""
"2009016920","","1","0","0","0","0","0","0","0","0","7","0","","02","1","2009","2","40.352507","-79.841605","","11","0","0","0","0","0","0","0","0","","0","0","0","","","0","","0","","40 21:09.024","","0","79 50:29.779","0","0","0","0","2304","0","0","0","N","0","0","0","1","02304","0","","2.0","","2","N","N","","0","","0","0","0","","0","","","1","0","1","0","0","0","0","2","0","1","","","","N","","","","","","","","","",""
"2009016921","","2","0","0","0","0","0","0","0","0","5","0","","02","1","2009","2","40.347395","-79.832379","","11","0","0","0","1","1","0","0","0","1","0","0","0","","","0","","0","","40 20:50.622","2","0","79 49:56.563","0","0","0","0","2304","0","0","0","N","0","0","0","3","02304","0","","1.0","","9","N","N","","0","","0","0","0","","0","N","","2","0","0","0","0","0","0","2","0","2","","","","N","","","","","","","","","",""
"2009016957","","1","0","0","0","0","0","0","0","0","7","0","","02","1","2009","4","","","","11","0","0","0","0","0","0","0","0","1","0","0","0","","","0","","0","","40 25:27.12","3","0","80 06:37.80","0","0","0","0","2102","0","0","0","N","0","0","0","1","68B04","0","","2.0","","1","N","N","","0","","0","0","0","","0","Y","","1","0","0","0","0","0","0","2","0","1","","","","N","","","","","","","","","",""
"2009016958","","0","0","0","0","0","0","0","0","0","7","0","50","02","1","2009","7","40.423937","-80.109326","","11","0","0","0","0","0","0","0","0","1","0","0","0","","","1","","7","","40 25:26.172","3","2","80 06:33.573","2","0","0","0","2102","0","0","0","Y","0","0","0","1","68B03","0","","2.0","","98","N","N","","0","","0","1","1","","8","N","","1","1","1","0","1","0","0","2","0","1","","","N","Y","4","1","N","N","N","N","N","Y","N",""
"2009016959","","1","0","0","0","0","0","0","0","0","7","0","","02","2","2009","2","40.411031","-80.074581","","11","0","0","0","0","0","0","1","0","1","0","0","0","","","1","","0","","40 24:39.711","1","0","80 04:28.490","4","0","0","0","2117","0","0","0","N","0","0","0","2","68B03","1","","3.0","","9","N","N","","0","","0","0","0","","0","N","","1","1","0","0","0","0","0","2","0","1","","","","N","","","","","","","","","",""
"2009017045","","0","0","0","0","0","0","0","0","0","8","0","","02","1","2009","2","40.454755","-79.932541","","11","0","0","0","0","0","0","0","0","","0","0","0","","","2","","1","","40 27:17.118","","0","79 55:57.147","8","0","0","0","2301","2","0","0","N","2","0","0","3","02301","0","","1.0","","6","N","N","","0","","0","0","1","","2","","","3","2","0","0","0","2","0","2","0","1","","","","N","","","","","","","","","",""
"2009017046","","1","0","0","0","0","0","0","0","0","7","0","","02","1","2009","2","40.353505","-79.837073","","11","0","0","0","0","0","0","0","0","","0","0","0","","","1","","2","","40 21:12.617","","0","79 50:13.464","8","0","0","0","2304","0","0","0","N","0","0","0","1","02304","0","","4.0","","9","N","N","","0","","0","0","0","","2","","","1","1","0","0","0","1","0","2","0","1","","","","N","","","","","","","","","",""
"2009017047","","2","0","0","0","0","0","0","0","0","6","0","","02","1","2009","5","40.463776","-79.982593","","11","0","0","0","0","0","1","0","0","","0","0","0","","","0","","2","","40 27:49.593","","0","79 58:57.334","0","0","0","0","2301","0","0","0","","0","0","0","2","02301","0","","1.0","","9","N","N","","0","","0","0","0","","0","","","2","0","0","0","0","0","0","2","0","2","","","","N","","","","","","","","","",""
"2009017048","","1","0","0","0","0","0","0","0","0","7","0","","02","1","2009","4","40.444999","-79.936339","","11","0","0","0","0","0","0","0","0","","0","0","0","","","1","","0","","40 26:41.996","","0","79 56:10.822","4","0","0","0","2301","0","0","0","N","0","0","0","1","02301","1","","5.0","","7","N","N","","0","","0","0","0","","0","","","1","1","0","0","0","0","0","2","0","1","","","","N","","","","","","","","","",""
"2009017049","","2","0","0","0","0","0","0","0","0","4","0","","02","1","2009","4","40.427988","-79.925575","","11","0","0","0","0","0","0","0","0","3","0","0","0","","","0","","2","","40 25:40.755","7","0","79 55:32.070","0","0","0","0","2301","0","0","0","N","0","0","0","2","02301","0","","1.0","","2","N","N","","0","","0","0","0","","0","Y","","2","0","0","0","0","0","0","2","0","2","","","","N","","","","","","","","","",""
"2009017050","","1","0","0","0","0","0","0","0","0","4","0","","02","1","2009","5","40.453032","-79.919682","","11","0","0","0","0","0","0","0","0","","0","0","0","","","0","","2","","40 27:10.915","","0","79 55:10.855","0","0","0","0","2301","0","0","0","N","0","0","0","2","02301","0","","1.0","","7","N","N","","0","","0","0","1","","3","","","2","0","1","0","0","0","0","2","0","2","","","","N","","","","","","","","","",""
"2009017051","","2","0","0","0","0","0","0","0","0","4","0","","02","1","2009","6","40.4392","-79.95664","","11","0","0","0","0","0","0","0","0","","0","0","0","","","0","","1","","40 26:21.120","","0","79 57:23.904","0","0","0","0","2301","0","0","0","N","0","0","0","3","02301","0","","1.0","","9","N","N","","0","","0","0","0","","3","","","2","0","0","0","0","0","0","2","0","2","","","","N","","","","","","","","","",""
"2009017052","","2","0","0","0","0","0","0","0","0","4","0","","02","1","2009","5","40.436801","-79.927708","","11","0","1","0","0","0","1","0","0","","0","0","0","","","0","","1","","40 26:12.483","","0","79 55:39.748","0","0","0","0","2301","0","0","0","N","0","0","0","3","02301","0","","1.0","","9","N","N","","0","","0","0","0","","0","","","2","0","0","0","0","0","0","2","0","2","","","","N","","","","","","","","","",""
"2009017053","","2","0","0","0","0","0","0","0","0","4","0","","02","1","2009","3","40.448865","-79.897017","","11","0","0","0","0","0","1","0","0","1","0","0","0","","","1","","0","","40 26:55.914","3","0","79 53:49.261","4","0","0","0","2301","0","0","0","N","0","0","0","2","02301","1","","1.0","","1","N","N","","0","","0","0","0","","0","N","","2","1","0","0","0","0","0","2","0","2","","","","N","","","","","","","","","",""
"2009017071","","0","0","0","0","0","0","0","0","0","7","0","","02","2","2009","3","40.471406","-79.73149","","11","0","0","0","0","0","1","0","0","4","0","0","0","","","1","","0","","40 28:17.062","5","0","79 43:53.365","8","0","0","0","2466","0","0","0","N","0","0","0","1","02466","0","","5.0","","9","N","N","","0","","0","0","0","","0","Y","","1","1","0","0","0","1","0","2","1","1","","","","N","","","","","","","","","",""
"2009017075","","1","0","0","0","0","0","0","0","0","1","0","","02","2","2009","6","40.4785","-79.9674","","11","0","0","0","0","0","0","0","0","2","0","0","0","","","0","","3","","40 28:42.600","1","2","79 58:02.640","0","0","0","0","2118","0","0","0","N","0","0","0","2","02118","0","","1.0","","1","N","N","","0","","0","0","0","","3","N","","2","0","0","0","0","0","0","2","1","2","","","","N","","","","","","","","","",""
"2009017081","","2","0","0","0","0","0","0","0","0","4","0","","02","1","2009","3","40.453987","-79.997852","","11","0","0","0","0","0","0","2","0","1","0","0","0","","","0","","1","","40 27:14.354","5","0","79 59:52.268","0","0","0","0","2301","0","0","0","N","0","0","0","3","02301","0","","1.0","","1","N","N","","0","","0","0","0","","2","N","","2","0","0","0","0","0","0","2","0","2","","","","N","","","","","","","","","",""
"2009017082","","2","0","0","0","0","0","0","0","0","4","0","","02","1","2009","5","40.496496","-79.925444","","11","0","0","0","0","0","1","0","0","","0","0","0","","","1","","1","","40 29:47.385","","0","79 55:31.598","4","0","0","0","2301","0","0","0","N","0","0","0","2","02301","1","","1.0","","1","N","N","","0","","0","0","0","","0","","","2","1","0","0","0","0","0","2","0","2","","","","N","","","","","","","","","",""
"2009017084","","1","0","0","0","0","0","0","0","0","7","0","","02","1","2009","1","40.61","-80.0533","","11","0","0","0","0","0","0","0","0","","0","0","0","","","0","","1","","40 36:36.000","","0","80 03:11.880","0","0","0","0","2108","0","0","0","N","0","0","0","1","02108","0","","4.0","","6","N","N","","0","","0","0","0","","2","","","2","0","0","0","0","0","0","2","0","1","","","","N","","","","","","","","","",""
"2009017092","","1","0","0","0","0","0","0","0","0","5","0","","02","2","2009","3","40.541748","-79.776066","","11","0","0","0","0","0","0","0","1","1","0","0","0","","","0","","0","","40 32:30.293","5","0","79 46:33.836","0","0","0","0","2462","0","0","0","N","0","0","0","1","02462","0","","6.0","","1","N","N","","0","","0","0","1","","2","N","","2","0","0","0","0","0","0","2","0","2","","","","N","","","","","","","","","",""
"2009017106","","1","0","0","0","0","0","0","0","0","4","0","","02","2","2009","6","40.581232","-79.778875","","11","0","0","0","0","0","2","0","0","2","0","0","0","","","0","","1","","40 34:52.435","7","0","79 46:43.951","0","0","0","0","2104","0","0","0","N","0","0","0","2","02104","0","","1.0","","1","N","N","","1","","0","0","0","","0","N","","2","0","0","0","0","0","0","2","0","2","","","","N","","","","","","","","","",""
"2009017109","","2","0","0","0","0","0","0","0","0","4","0","","02","2","2009","6","40.4458","-79.8538","","11","0","0","0","0","0","1","0","0","","0","0","0","","","0","","0","","40 26:44.880","","7","79 51:13.680","0","0","0","0","2419","0","0","0","N","0","0","0","2","02419","0","","1.0","","2","N","N","","0","","0","0","0","","0","","","2","0","0","0","0","0","0","2","0","2","","","","N","","","","","","","","","",""