"CRN","ARRIVAL_TM","AUTOMOBILE_COUNT","BELTED_DEATH_COUNT","BELTED_SUSP_SERIOUS_INJ_COUNT","BICYCLE_COUNT","BICYCLE_DEATH_COUNT","BICYCLE_SUSP_SERIOUS_INJ_COUNT","BUS_COUNT","CHLDPAS_DEATH_COUNT","CHLDPAS_SUSP_SERIOUS_INJ_COUNT","COLLISION_TYPE","COMM_VEH_COUNT","CONS_ZONE_SPD_LIM","COUNTY","CRASH_MONTH","CRASH_YEAR","DAY_OF_WEEK","DEC_LATITUDE","DEC_LONGITUDE","DISPATCH_TM","DISTRICT","DRIVER_COUNT_16YR","DRIVER_COUNT_17YR","DRIVER_COUNT_18YR","DRIVER_COUNT_19YR","DRIVER_COUNT_20YR","DRIVER_COUNT_50_64YR","DRIVER_COUNT_65_74YR","DRIVER_COUNT_75PLUS","EST_HRS_CLOSED","FATAL_COUNT","HEAVY_TRUCK_COUNT","HORSE_BUGGY_COUNT","HOUR_OF_DAY","ILLUMINATION","INJURY_COUNT","INTERSECTION_RELATED","INTERSECT_TYPE","LANE_CLOSED","LATITUDE","LN_CLOSE_DIR","LOCATION_TYPE","LONGITUDE","MAX_SEVERITY_LEVEL","MCYCLE_DEATH_COUNT","MCYCLE_SUSP_SERIOUS_INJ_COUNT","MOTORCYCLE_COUNT","MUNICIPALITY","NONMOTR_COUNT","NONMOTR_DEATH_COUNT","NONMOTR_SUSP_SERIOUS_INJ_COUNT","NTFY_HIWY_MAINT","PED_COUNT","PED_DEATH_COUNT","PED_SUSP_SERIOUS_INJ_COUNT","PERSON_COUNT","POLICE_AGCY","POSSIBLE_INJ_COUNT","RDWY_SURF_TYPE_CD","RELATION_TO_ROAD","ROADWAY_CLEARED","ROAD_CONDITION","SCH_BUS_IND","SCH_ZONE_IND","SECONDARY_CRASH","SMALL_TRUCK_COUNT","SPEC_JURIS_CD","SUSP_MINOR_INJ_COUNT","SUSP_SERIOUS_INJ_COUNT","SUV_COUNT","TCD_FUNC_CD","TCD_TYPE","TFC_DETOUR_IND","TIME_OF_DAY","TOTAL_UNITS","TOT_INJ_COUNT","UNBELTED_OCC_COUNT","UNB_DEATH_COUNT","UNB_SUSP_SERIOUS_INJ_COUNT","UNK_INJ_DEG_COUNT","UNK_INJ_PER_COUNT","URBAN_RURAL","VAN_COUNT","VEHICLE_COUNT","WEATHER1","WEATHER2","WORKERS_PRES","WORK_ZONE_IND","WORK_ZONE_LOC","WORK_ZONE_TYPE","WZ_CLOSE_DETOUR","WZ_FLAGGER","WZ_LAW_OFFCR_IND","WZ_LN_CLOSURE","WZ_MOVING","WZ_OTHER","WZ_SHLDER_MDN","WZ_WORKERS_INJ_KILLED"
"2009019658","","2","0","0","0","0","0","0","0","0","0","0","","02","1","2009","1","40.4505","-79.8681","","11","0","0","0","0","0","0","0","0","1","0","0","0","","","0","","0","","40 27:01.800","1","0","79 52:05.160","0","0","0","0","2301","0","0","0","","0","0","0","1","02301","0","","4.0","","2","N","N","","0","","0","0","0","","0","Y","","2","0","0","0","0","0","0","2","0","2","","","","N","","","","","","","","","",""
"2009019664","","0","0","0","0","0","0","0","0","0","7","0","","02","1","2009","7","40.461041","-79.932173","","11","0","0","0","0","0","0","0","0","2","0","0","0","","","0","","0","","40 27:39.748","5","0","79 55:55.824","0","0","0","0","2301","0","0","0","N","0","0","0","1","02301","0","","4.0","","7","N","N","","0","","0","0","1","","0","Y","","1","0","0","0","0","0","0","2","0","1","","","","N","","","","","","","","","",""
"2009019668","","1","0","0","0","0","0","0","0","0","7","0","","02","2","2009","6","40.401814","-80.067748","","11","0","0","0","0","0","1","0","0","","0","0","0","","","1","","1","","40 24:06.531","","0","80 04:03.893","4","0","0","0","2415","0","0","0","N","0","0","0","1","02415","1","","5.0","","1","N","N","","0","","0","0","0","","0","","","1","1","0","0","0","0","0","2","0","1","","","","N","","","","","","","","","",""
"2009019675","","2","0","0","0","0","0","0","0","0","7","0","","02","2","2009","5","40.386134","-79.821206","","11","0","0","0","0","0","0","0","1","","0","0","0","","","0","","10","","40 23:10.082","","7","79 49:16.341","0","0","0","0","2111","0","0","0","N","0","0","0","1","02111","0","","5.0","","1","N","N","","0","","0","0","0","","2","","","2","0","0","0","0","0","0","2","0","2","","","","N","","","","","","","","","",""
"2009019677","","1","0","0","0","0","0","0","0","0","1","1","","02","2","2009","3","40.3811","-80.0948","","11","0","0","0","0","0","0","0","0","","0","1","0","","","1","","1","","40 22:51.960","","0","80 05:41.280","4","0","0","0","2102","0","0","0","N","0","0","0","2","02102","1","","1.0","","9","N","N","","0","","0","0","0","","2","","","2","1","0","0","0","0","0","2","0","2","","","","N","","","","","","","","","",""
"2009019678","","0","0","0","0","0","0","0","0","0","1","2","","02","2","2009","6","40.544823","-80.193436","","11","0","0","0","0","0","1","1","0","1","0","1","0","","","1","","0","","40 32:41.361","2","7","80 11:36.371","8","0","0","0","2427","0","0","0","N","0","0","0","3","02427","0","","1.0","","1","N","N","","1","","0","0","0","","0","N","","3","1","0","0","0","1","0","2","1","3","","","","N","","","","","","","","","",""
"2009019685","","1","0","0","0","0","0","0","0","0","7","0","","02","2","2009","6","40.480802","-79.975574","","11","0","0","0","0","0","0","0","0","2","0","0","0","","","2","","2","","40 28:50.887","5","0","79 58:32.066","4","0","0","0","2445","0","0","0","N","0","0","0","3","02445","2","","5.0","","1","N","N","","0","","0","0","0","","3","Y","","1","2","3","0","0","0","0","2","0","1","","","","N","","","","","","","","","",""
"2009019686","","1","0","0","0","0","0","0","0","0","7","0","","02","2","2009","3","40.53154","-79.939524","","11","0","0","0","0","0","0","0","0","2","0","0","0","","","2","","0","","40 31:53.545","1","0","79 56:22.288","8","0","0","0","2118","0","0","0","N","0","0","0","2","02118","0","","5.0","","1","N","N","","0","","0","0","0","","0","Y","","1","2","0","0","0","2","0","2","0","1","","","","N","","","","","","","","","",""
"2009019690","","2","0","0","0","0","0","0","0","0","1","0","","02","2","2009","6","40.461313","-79.847853","","11","0","0","0","0","0","1","0","1","1","0","0","0","","","1","","2","","40 27:40.725","4","0","79 50:52.271","8","0","0","0","2113","0","0","0","N","0","0","0","2","02113","0","","1.0","","1","N","N","","0","","0","0","0","","0","N","","2","1","0","0","0","1","0","2","0","2","","","","N","","","","","","","","","",""
"2009019694","","1","0","0","0","0","0","0","0","0","4","0","","02","2","2009","5","40.536551","-80.184341","","11","0","0","0","0","1","0","0","0","1","0","0","0","","","0","","1","","40 32:11.582","2","3","80 11:03.626","0","0","0","0","2458","0","0","0","N","0","0","0","2","02458","0","","1.0","","1","N","N","","0","","0","0","1","","2","N","","2","0","0","0","0","0","0","2","0","2","","","","N","","","","","","","","","",""
"2009019745","","2","0","0","0","0","0","0","0","0","2","0","","02","2","2009","5","40.475529","-79.848494","","11","0","0","1","0","0","0","0","0","2","0","0","0","","","3","","2","","40 28:31.905","7","0","79 50:54.577","8","0","0","0","2113","0","0","0","N","0","0","0","3","02113","0","","1.0","","1","N","N","","0","","0","0","0","","0","Y","","2","3","0","0","0","3","0","2","0","2","","","","N","","","","","","","","","",""
"2009019769","","2","0","0","0","0","0","0","0","0","4","0","","02","2","2009","1","40.449706","-80.025099","","11","0","0","0","0","0","1","0","0","1","0","0","0","","","0","","1","","40 26:58.940","1","0","80 01:30.356","0","0","0","0","2301","0","0","0","N","0","0","0","6","02301","0","","1.0","","1","N","N","","0","","0","0","0","","2","N","","2","0","0","0","0","0","0","2","0","2","","","","N","","","","","","","","","",""
"2009019788","","0","0","0","0","0","0","0","0","0","0","0","","02","1","2009","4","40.449416","-79.831857","","11","0","0","0","0","0","0","0","0","1","0","0","0","","","0","","0","","40 26:57.898","5","0","79 49:54.685","0","0","0","0","2113","0","0","0","N","0","0","0","2","02113","0","","1.0","","9","N","N","","1","","0","0","0","","0","Y","","1","0","0","0","0","0","0","2","0","1","","05","","N","","","","","","","","","",""
"2009019792","","0","0","0","0","0","0","0","0","0","7","0","","02","1","2009","4","40.348029","-79.873343","","11","0","0","0","0","0","0","0","0","","0","0","0","","","0","","0","","40 20:52.903","","0","79 52:24.035","0","0","0","0","2304","0","0","0","N","0","0","0","1","02304","0","","4.0","","2","","N","","0","","0","0","1","","0","","","1","0","0","0","0","0","0","2","0","1","","","","N","","","","","","","","","",""
"2009019793","","1","0","0","0","0","0","0","0","0","7","0","","02","1","2009","3","40.3032","-79.8792","","11","0","0","0","0","0","0","0","0","2","0","0","0","","","1","","0","","40 18:11.520","6","0","79 52:45.120","4","0","0","0","2423","0","0","0","N","0","0","0","1","02304","1","","5.0","","1","N","N","","0","","0","0","0","","0","N","","1","1","1","0","0","0","0","2","0","1","","","","N","","","","","","","","","",""
"2009019795","","1","0","0","0","0","0","0","0","0","1","0","","02","2","2009","6","40.443547","-79.713514","","11","0","0","0","0","0","0","0","0","2","0","0","0","","","2","","0","","40 26:36.769","2","0","79 42:48.650","4","0","0","0","2466","0","0","0","N","0","0","0","3","02466","2","","1.0","","1","N","N","","0","","0","0","1","","0","Y","","2","2","0","0","0","0","0","2","0","2","","","","N","","","","","","","","","",""
"2009019798","","2","0","0","0","0","0","0","0","0","4","0","","02","2","2009","4","40.435694","-79.771067","","11","0","0","0","0","1","0","0","1","1","0","0","0","","","1","","0","","40 26:08.500","3","7","79 46:15.840","8","0","0","0","2446","0","0","0","N","0","0","0","2","02446","0","","1.0","","9","N","N","","0","","0","0","0","","2","N","","2","1","0","0","0","1","0","2","0","2","","","","N","","","","","","","","","",""
"2009019800","","2","0","0","0","0","0","0","0","0","4","0","","02","2","2009","5","40.3835","-80.0934","","11","0","0","0","0","0","1","0","0","","0","0","0","","","1","","0","","40 23:00.600","","7","80 05:36.240","8","0","0","0","2102","0","0","0","N","0","0","0","3","02102","0","","1.0","","1","N","N","","0","","0","0","0","","2","","","2","1","0","0","0","1","0","2","0","2","","","","N","","","","","","","","","",""
"2009019805","","0","0","0","0","0","0","0","0","0","7","0","","02","2","2009","4","40.244072","-79.838378","","11","0","0","0","0","0","1","0","0","3","0","0","0","","","0","","0","","40 14:38.659","2","0","79 50:18.160","0","0","0","0","2105","0","0","0","N","0","0","0","1","02105","0","","4.0","","1","N","N","","0","","0","0","1","","0","N","","1","0","0","0","0","0","0","1","0","1","","","","N","","","","","","","","","",""
"2009019809","","1","0","0","0","0","0","0","0","0","7","0","","02","2","2009","7","40.433564","-79.884315","","11","0","0","0","0","0","0","0","0","","0","0","0","","","1","","0","","40 26:00.832","","0","79 53:03.534","4","0","0","0","2426","0","0","0","N","0","0","0","1","02426","1","","5.0","","1","N","N","","0","","0","0","0","","0","","","1","1","1","0","0","0","0","2","0","1","","","","N","","","","","","","","","",""
"2009019812","","1","0","0","0","0","0","0","0","0","4","0","","02","2","2009","7","40.5097","-79.7636","","11","0","0","0","0","0","0","0","0","2","0","0","0","","","0","","0","","40 30:34.920","5","0","79 45:48.960","0","0","0","0","2466","0","0","0","N","0","0","0","1","02466","0","","5.0","","1","N","N","","0","","0","0","1","","0","N","","2","0","1","0","0","0","0","2","0","2","","","","N","","","","","","","","","",""
"2009019820","","2","0","0","0","0","0","0","0","0","4","0","","02","2","2009","1","40.465635","-79.955162","","11","0","0","0","0","0","0","0","0","","0","0","0","","","2","","1","","40 27:56.285","","0","79 57:18.583","4","0","0","0","2301","0","0","0","N","0","0","0","3","02301","1","","1.0","","9","N","N","","0","","0","0","0","","2","","","2","2","0","0","0","1","0","2","0","2","","","","N","","","","","","","","","",""
"2009019823","","1","0","0","0","0","0","0","0","0","7","0","","02","1","2009","4","40.3817","-79.9341","","11","0","0","0","0","0","0","0","0","","0","0","0","","","0","","0","","40 22:54.120","","0","79 56:02.760","0","0","0","0","2301","0","0","0","N","0","0","0","1","02301","0","","2.0","","2","N","N","","0","","0","0","0","","0","","","1","0","0","0","0","0","0","2","0","1","","","","N","","","","","","","","","",""
"2009019829","","1","0","0","0","0","0","0","0","0","4","0","","02","2","2009","6","40.584434","-79.950806","","11","0","0","0","0","0","0","0","1","1","0","0","0","","","1","","2","","40 35:03.962","1","0","79 57:02.901","4","0","0","0","2207","0","0","0","N","0","0","0","2","02207","1","","1.0","","1","N","N","","0","","0","0","1","","2","N","","2","1","0","0","0","0","0","2","0","2","","","","N","","","","","","","","","",""
"2009019881","","1","0","1","0","0","0","0","0","0","7","0","","02","2","2009","6","40.421984","-79.792194","","11","0","0","0","0","0","0","0","1","1","0","0","0","","","2","","0","","40 25:19.142","3","0","79 47:31.898","2","0","0","0","2446","0","0","0","N","0","0","0","2","02446","0","","2.0","","1","N","N","","0","","1","1","0","","0","N","","1","2","0","0","0","0","0","2","0","1","","","","N","","","","","","","","","",""
"2009019882","","1","0","0","0","0","0","0","0","0","1","0","","02","2","2009","5","40.4146","-79.8467","","11","0","0","0","0","0","0","1","0","1","0","0","0","","","1","","0","","40 24:52.560","4","0","79 50:48.120","4","0","0","0","2431","0","0","0","N","0","0","0","2","02431","1","","1.0","","1","N","N","","0","","0","0","1","","0","N","","2","1","1","0","0","0","0","2","0","2","","","","N","","","","","","","","","",""
"2009019886","","0","0","0","0","0","0","0","0","0","5","0","","02","2","2009","6","40.541228","-79.786426","","11","0","0","0","0","0","1","0","1","","0","0","0","","","0","","2","","40 32:28.419","","0","79 47:11.135","9","0","0","0","2462","0","0","0","N","0","0","0","2","02462","0","","1.0","","1","N","N","","2","","0","0","0","","3","","","2","0","0","0","0","0","1","2","0","2","","","","N","","","","","","","","","",""
"2009019903","","1","0","0","0","0","0","0","0","0","7","0","","02","2","2009","1","40.653909","-79.905861","","11","0","0","0","0","1","0","0","0","3","0","0","0","","","0","","0","","40 39:14.072","7","0","79 54:21.099","0","0","0","0","2220","0","0","0","N","0","0","0","1","02220","0","","5.0","","2","N","N","","0","","0","0","0","","0","Y","","1","0","0","0","0","0","0","1","0","1","","","","N","","","","","","","","","",""
"2009019906","","1","0","0","0","0","0","0","0","0","4","0","","02","2","2009","6","40.430529","-79.79243","","11","1","0","0","0","0","0","0","0","1","0","0","0","","","0","","2","","40 25:49.904","1","0","79 47:32.748","0","0","0","0","2446","0","0","0","N","0","0","0","6","02446","0","","1.0","","1","N","N","","0","","0","0","1","","2","N","","2","0","0","0","0","0","0","2","0","2","","","","N","","","","","","","","","",""
"2009019912","","2","0","0","0","0","0","0","0","0","1","0","","02","2","2009","7","40.339135","-79.968057","","11","0","0","0","0","0","2","1","0","","0","0","0","","","2","","0","","40 20:20.887","","0","79 58:05.006","8","0","0","0","2454","0","0","0","N","0","0","0","5","02454","0","","1.0","","9","N","N","","0","","0","0","0","","0","","","3","2","0","0","0","2","0","2","1","3","","","","N","","","","","","","","","",""
"2009019914","","3","0","0","0","0","0","0","0","0","1","0","","02","2","2009","7","40.434048","-79.745369","","11","0","0","0","0","0","1","1","0","","0","0","0","","","1","","2","","40 26:02.573","","0","79 44:43.327","4","0","0","0","2446","0","0","0","N","0","0","0","4","02446","1","","1.0","","9","N","N","","1","","0","0","0","","0","","","4","1","0","0","0","0","0","2","0","4","","","","N","","","","","","","","","",""
"2009019915","","2","0","0","0","0","0","0","0","0","4","0","","02","2","2009","4","40.393148","-79.805086","","11","0","0","0","0","0","0","1","0","2","0","0","0","","","0","","2","","40 23:35.332","1","3","79 48:18.311","0","0","0","0","2111","0","0","0","N","0","0","0","3","02111","0","","1.0","","1","N","N","","0","","0","0","0","","2","N","","2","0","0","0","0","0","0","2","0","2","","","","N","","","","","","","","","",""
"2009019916","","2","0","0","0","0","0","0","0","0","1","0","","02","2","2009","7","40.4235","-80.1064","","11","0","0","0","0","0","1","0","0","1","0","0","0","","","0","","0","","40 25:24.600","4","0","80 06:23.040","0","0","0","0","2446","0","0","0","N","0","0","0","7","02446","0","","1.0","","1","N","N","","0","","0","0","1","","2","Y","","3","0","0","0","0","0","0","2","0","3","","","","N","","","","","","","","","",""
"2009019917","","1","0","0","0","0","0","0","0","0","1","0","","02","2","2009","2","40.600357","-79.888678","","11","0","0","0","0","0","0","0","0","","0","0","0","","","0","","2","","40 36:01.286","","0","79 53:19.242","9","0","0","0","2220","0","0","0","N","0","0","0","2","02220","0","","1.0","","1","N","N","","0","","0","0","1","","0","","","2","0","0","0","0","0","2","2","0","2","","","","N","","","","","","","","","",""
"2009019932","","1","0","0","0","0","0","0","0","0","1","0","","02","2","2009","6","40.425733","-79.903926","","11","0","0","0","0","0","1","0","0","","0","0","0","","","1","","0","","40 25:32.638","","0","79 54:14.135","4","0","0","0","2301","0","0","0","N","0","0","0","5","68B03","1","","1.0","","1","N","N","","1","","0","0","1","","0","","","3","1","0","0","0","0","0","2","0","3","","","","N","","","","","","","","","",""
"2009019947","","1","0","0","0","0","0","0","0","0","0","0","","02","2","2009","6","40.5648","-79.957","","11","0","0","1","0","0","0","0","0","2","0","0","0","","","0","","0","","40 33:53.280","5","0","79 57:25.200","0","0","0","0","2207","0","0","0","N","0","0","0","2","02207","0","","1.0","","1","N","N","","0","","0","0","0","","0","N","","1","0","0","0","0","0","0","2","0","1","","","","N","","","","","","","","","",""
"2009019959","","2","0","0","0","0","0","0","0","0","1","0","","02","2","2009","7","40.63","-80.0571","","11","0","0","0","0","0","1","0","0","1","0","0","0","","","0","","0","","40 37:48.000","2","0","80 03:25.560","0","0","0","0","2216","0","0","0","N","0","0","0","6","02505","0","","1.0","","1","N","N","","0","","0","0","0","","0","N","","2","0","0","0","0","0","0","2","0","2","","","","N","","","","","","","","","",""
"2009019962","","2","0","0","0","0","0","0","0","0","1","0","","02","1","2009","4","40.368","-79.7797","","11","0","0","0","0","0","2","0","0","1","0","0","0","","","3","","0","","40 22:04.800","4","0","79 46:46.920","8","0","0","0","2111","0","0","0","N","0","0","0","5","02111","0","","1.0","","2","N","N","","1","","0","0","0","","2","N","","3","3","0","0","0","3","1","2","0","3","","","","N","","","","","","","","","",""
"2009019976","","0","0","0","0","0","0","0","0","0","7","0","","02","2","2009","7","40.216329","-79.844822","","11","0","0","0","0","0","0","0","0","1","0","0","0","","","0","","0","","40 12:58.784","3","3","79 50:41.358","0","0","0","0","2204","0","0","0","Y","0","0","0","1","02204","0","","2.0","","2","N","N","","0","","0","0","1","","0","N","","1","0","0","0","0","0","0","1","0","1","","","","N","","","","","","","","","",""
"2009019996","","0","0","0","0","0","0","0","0","0","7","0","","02","2","2009","5","40.6326","-79.9957","","11","0","0","0","0","0","0","0","0","2","0","0","0","","","1","","0","","40 37:57.360","6","0","79 59:44.520","3","0","0","0","2216","0","0","0","N","0","0","0","1","02505","0","","2.0","","1","N","N","","0","","1","0","1","","0","N","","2","1","0","0","0","0","0","1","0","1","","","","N","","","","","","","","","",""
"2009019999","","1","0","0","0","0","0","0","0","0","1","0","","02","2","2009","1","40.401991","-80.083079","","11","0","0","0","0","0","0","0","0","","0","0","0","","","0","","2","","40 24:07.168","","0","80 04:59.084","0","0","0","0","2415","0","0","0","N","0","0","0","2","02415","0","","1.0","","1","N","N","","0","","0","0","1","","3","","","2","0","0","0","0","0","0","2","0","2","","","","N","","","","","","","","","",""
"2009020000","","2","0","0","0","0","0","0","0","0","7","0","","02","2","2009","1","40.487588","-79.96239","","11","0","0","0","0","0","0","0","0","","0","0","0","","","0","","10","","40 29:15.316","","0","79 57:44.604","0","0","0","0","2118","0","0","0","N","0","0","0","2","02118","0","","4.0","","1","N","N","","0","","0","0","0","","0","","","2","0","0","0","0","0","0","2","0","2","","","","N","","","","","","","","","",""
"2009020011","","2","0","0","0","0","0","0","0","0","4","0","","02","2","2009","7","40.3207","-80.0869","","11","0","0","0","0","0","0","0","1","2","0","0","0","","","0","","2","","40 19:14.520","2","0","80 05:12.840","0","0","0","0","2123","0","0","0","N","0","0","0","2","02123","0","","1.0","","1","N","N","","0","","0","0","0","","3","N","","2","0","0","0","0","0","0","2","0","2","","","","N","","","","","","","","","",""
"2009020012","","3","0","0","0","0","0","0","0","0","1","0","","02","2","2009","7","40.4346","-79.7542","","11","0","1","0","0","0","1","0","0","1","0","0","0","","","2","","0","","40 26:04.560","2","0","79 45:15.120","4","0","0","0","2446","0","0","0","N","0","0","0","4","02446","2","","1.0","","9","N","N","","0","","0","0","0","","0","Y","","3","2","0","0","0","0","0","2","0","3","","","","N","","","","","","","","","",""
"2009020018","","3","0","0","0","0","0","0","0","0","1","0","","02","2","2009","5","40.312646","-79.938501","","11","0","0","0","0","0","0","0","1","2","0","0","0","","","5","","0","","40 18:45.524","2","0","79 56:18.604","3","0","0","0","2440","0","0","0","N","0","0","0","5","02440","3","","1.0","","1","N","N","","0","","2","0","0","","2","N","","4","5","1","0","0","0","0","2","1","4","","","","N","","","","","","","","","",""
"2009020032","","1","0","0","0","0","0","0","0","0","4","0","","02","2","2009","6","40.401814","-80.067748","","11","0","0","0","0","0","0","0","0","1","0","0","0","","","1","","1","","40 24:06.531","1","0","80 04:03.893","4","0","0","0","2415","0","0","0","Y","0","0","0","2","02415","1","","1.0","","1","N","N","","0","","0","0","1","","3","N","","2","1","1","0","0","0","0","2","0","2","","","","N","","","","","","","","","",""
"2009020035","","1","0","0","0","0","0","0","0","0","7","0","","02","2","2009","2","40.373397","-80.062549","","11","0","0","0","0","0","0","0","0","2","0","0","0","","","0","","2","","40 22:24.229","2","0","80 03:45.176","0","0","0","0","2109","0","0","0","N","0","0","0","1","02109","0","","2.0","","7","N","N","","0","","0","0","0","","0","N","","1","0","0","0","0","0","0","2","0","1","","","","N","","","","","","","","","",""
"2009020037","","1","0","0","0","0","0","0","0","0","4","0","","02","2","2009","5","40.500044","-80.221987","","11","0","0","0","0","0","1","0","0","","0","0","0","","","0","","1","","40 30:00.158","","0","80 13:19.152","9","0","0","0","2213","0","0","0","N","0","0","0","2","02501","0","","1.0","","1","N","N","","1","","0","0","0","","2","","","2","0","0","0","0","0","2","2","0","2","","","","N","","","","","","","","","",""
"2009020053","","3","0","0","0","0","0","0","0","0","1","0","","02","1","2009","6","40.427981","-79.926613","","11","0","0","0","0","0","0","0","0","","0","0","0","","","0","","0","","40 25:40.732","","4","79 55:35.806","0","0","0","0","2301","0","0","0","N","0","0","0","7","68B03","0","","1.0","","1","N","N","","0","","0","0","1","","0","","","4","0","0","0","0","0","0","2","0","4","","","","N","","","","","","","","","",""
"2009020054","","0","0","0","0","0","0","0","0","0","1","0","","02","1","2009","6","40.420008","-80.034297","","11","0","0","0","0","0","0","0","0","","0","0","0","","","0","","0","","40 25:12.029","","0","80 02:03.469","0","0","0","0","2301","0","0","0","N","0","0","0","2","68B03","0","","1.0","","1","N","N","","1","","0","0","0","","0","","","2","0","0","0","0","0","0","2","1","2","","","","N","","","","","","","","","",""
"2009020055","","2","0","0","0","0","0","0","0","0","1","0","","02","1","2009","5","40.427179","-80.030804","","11","0","0","0","1","0","0","0","0","","0","0","0","","","0","","0","","40 25:37.844","","0","80 01:50.894","0","0","0","0","2301","0","0","0","N","0","0","0","3","68B03","0","","1.0","","1","N","N","","0","","0","0","0","","0","","","2","0","0","0","0","0","0","2","0","2","","","","N","","","","","","","","","",""
"2009020069","","0","0","0","0","0","0","0","0","0","1","0","","02","2","2009","4","40.4947","-79.9061","","11","0","0","0","0","1","0","0","0","3","0","0","0","","","1","","0","","40 29:40.920","1","0","79 54:21.960","4","0","0","0","2401","0","0","0","N","0","0","0","5","68D02","1","","1.0","","1","N","N","","1","","0","0","2","","0","N","","3","1","0","0","0","0","0","2","0","3","","","","N","","","","","","","","","",""
"2009020149","","2","0","0","0","0","0","0","0","0","1","1","","02","2","2009","4","40.5549","-79.8444","","11","0","0","0","0","0","1","0","0","1","0","1","0","","","2","","0","","40 33:17.640","4","0","79 50:39.840","4","0","0","0","2208","0","0","0","N","0","0","0","3","68T02","2","","1.0","","9","N","N","","0","","0","0","0","","0","N","","3","2","0","0","0","0","0","2","0","3","","","","N","","","","","","","","","",""
"2009020169","","0","0","0","0","0","0","0","0","0","4","0","","02","2","2009","6","40.619537","-79.730455","","11","0","0","0","0","1","0","0","0","","0","0","0","","","0","","1","","40 37:10.334","","0","79 43:49.638","0","0","0","0","2106","0","0","0","N","0","0","0","2","02106","0","","1.0","","1","N","N","","1","","0","0","0","","0","","","2","0","0","0","0","0","0","2","1","2","","","","N","","","","","","","","","",""
"2009020297","","1","0","0","0","0","0","0","0","0","4","0","","02","2","2009","4","40.527836","-79.988864","","11","0","0","0","0","0","1","0","0","","0","0","0","","","0","","0","","40 31:40.210","","0","79 59:19.910","0","0","0","1","2116","0","0","0","N","0","0","0","2","02116","0","","1.0","","1","N","N","","0","","0","0","0","","0","","","2","0","0","0","0","0","0","2","0","2","","","","N","","","","","","","","","",""
"2009020301","","1","0","0","0","0","0","0","0","0","4","0","","02","2","2009","2","40.370168","-79.829174","","11","0","0","0","0","0","0","0","0","","0","0","0","","","0","","0","","40 22:12.604","","7","79 49:45.026","0","0","0","0","2111","0","0","0","N","0","0","0","2","02111","0","","1.0","","9","N","N","","1","","0","0","0","","0","","","2","0","0","0","0","0","0","2","0","2","","","","N","","","","","","","","","",""
"2009020304","","1","0","0","0","0","0","0","0","0","1","0","","02","2","2009","2","40.6159","-80.0937","","11","0","0","0","0","0","0","0","0","2","0","0","0","","","0","","0","","40 36:57.240","4","0","80 05:37.320","0","0","0","0","2212","0","0","0","N","0","0","0","3","02505","0","","1.0","","9","N","N","","0","","0","0","1","","2","N","","2","0","0","0","0","0","0","2","0","2","","","","N","","","","","","","","","",""
"2009020313","","0","0","0","0","0","0","0","0","0","7","0","","02","2","2009","1","40.64866","-79.748104","","11","0","0","0","0","0","0","0","0","","0","0","0","","","1","","1","","40 38:55.177","","0","79 44:53.174","3","0","0","0","2202","0","0","0","N","0","0","0","1","02202","0","","4.0","","1","N","N","","0","","1","0","1","","0","","","1","1","0","0","0","0","0","1","0","1","","","","N","","","","","","","","","",""
"2009020322","","2","0","0","0","0","0","0","0","0","1","0","","02","2","2009","2","40.477988","-79.758619","","11","0","0","0","0","0","1","0","0","","0","0","0","","","1","","0","","40 28:40.757","","0","79 45:31.028","4","0","0","0","2466","0","0","0","N","0","0","0","2","02466","1","","1.0","","1","N","N","","1","","0","0","0","","0","","","3","1","0","0","0","0","0","2","0","3","","","","N","","","","","","","","","",""
"2009020327","","1","0","0","0","0","0","0","0","0","7","0","","02","2","2009","7","40.451781","-80.165375","","11","0","0","0","0","0","0","0","0","2","0","0","0","","","0","","0","","40 27:06.411","2","0","80 09:55.349","0","0","0","0","2115","0","0","0","N","0","0","0","1","02115","0","","2.0","","1","N","N","","0","","0","0","0","","0","N","","1","0","1","0","0","0","0","2","0","1","","","","N","","","","","","","","","",""
"2009020346","","1","0","0","0","0","0","0","0","0","7","0","","02","1","2009","5","40.434371","-79.964856","","11","0","0","0","0","0","0","0","0","1","0","0","0","","","0","","0","","40 26:03.736","4","0","79 57:53.481","0","0","0","0","2301","0","0","0","N","0","0","0","2","68B03","0","","3.0","","1","N","N","","0","","0","0","0","","0","N","","1","0","0","0","0","0","0","2","0","1","","","","N","","","","","","","","","",""
"2009020347","","3","0","0","0","0","0","0","0","0","1","0","","02","2","2009","7","40.429173","-79.887965","","11","0","0","0","0","0","1","0","0","","0","0","0","","","2","","0","","40 25:45.024","","0","79 53:16.673","3","0","0","0","2426","0","0","0","N","0","0","0","5","68B03","1","","1.0","","9","N","N","","0","","1","0","0","","0","","","3","2","0","0","0","0","0","2","0","3","","","","N","","","","","","","","","",""
"2009020348","","0","0","0","0","0","0","0","0","0","7","0","","02","2","2009","1","40.530319","-80.272545","","11","0","0","0","0","0","0","0","0","3","0","0","0","","","0","","0","","40 31:49.147","1","0","80 16:21.163","0","0","0","0","2203","0","0","0","N","0","0","0","1","68B03","0","","4.0","","2","N","N","","1","","0","0","0","","0","N","","1","0","0","0","0","0","0","1","0","1","","","","N","","","","","","","","","",""