"CRN","ARRIVAL_TM","AUTOMOBILE_COUNT","BELTED_DEATH_COUNT","BELTED_SUSP_SERIOUS_INJ_COUNT","BICYCLE_COUNT","BICYCLE_DEATH_COUNT","BICYCLE_SUSP_SERIOUS_INJ_COUNT","BUS_COUNT","CHLDPAS_DEATH_COUNT","CHLDPAS_SUSP_SERIOUS_INJ_COUNT","COLLISION_TYPE","COMM_VEH_COUNT","CONS_ZONE_SPD_LIM","COUNTY","CRASH_MONTH","CRASH_YEAR","DAY_OF_WEEK","DEC_LATITUDE","DEC_LONGITUDE","DISPATCH_TM","DISTRICT","DRIVER_COUNT_16YR","DRIVER_COUNT_17YR","DRIVER_COUNT_18YR","DRIVER_COUNT_19YR","DRIVER_COUNT_20YR","DRIVER_COUNT_50_64YR","DRIVER_COUNT_65_74YR","DRIVER_COUNT_75PLUS","EST_HRS_CLOSED","FATAL_COUNT","HEAVY_TRUCK_COUNT","HORSE_BUGGY_COUNT","HOUR_OF_DAY","ILLUMINATION","INJURY_COUNT","INTERSECTION_RELATED","INTERSECT_TYPE","LANE_CLOSED","LATITUDE","LN_CLOSE_DIR","LOCATION_TYPE","LONGITUDE","MAX_SEVERITY_LEVEL","MCYCLE_DEATH_COUNT","MCYCLE_SUSP_SERIOUS_INJ_COUNT","MOTORCYCLE_COUNT","MUNICIPALITY","NONMOTR_COUNT","NONMOTR_DEATH_COUNT","NONMOTR_SUSP_SERIOUS_INJ_COUNT","NTFY_HIWY_MAINT","PED_COUNT","PED_DEATH_COUNT","PED_SUSP_SERIOUS_INJ_COUNT","PERSON_COUNT","POLICE_AGCY","POSSIBLE_INJ_COUNT","RDWY_SURF_TYPE_CD","RELATION_TO_ROAD","ROADWAY_CLEARED","ROAD_CONDITION","SCH_BUS_IND","SCH_ZONE_IND","SECONDARY_CRASH","SMALL_TRUCK_COUNT","SPEC_JURIS_CD","SUSP_MINOR_INJ_COUNT","SUSP_SERIOUS_INJ_COUNT","SUV_COUNT","TCD_FUNC_CD","TCD_TYPE","TFC_DETOUR_IND","TIME_OF_DAY","TOTAL_UNITS","TOT_INJ_COUNT","UNBELTED_OCC_COUNT","UNB_DEATH_COUNT","UNB_SUSP_SERIOUS_INJ_COUNT","UNK_INJ_DEG_COUNT","UNK_INJ_PER_COUNT","URBAN_RURAL","VAN_COUNT","VEHICLE_COUNT","WEATHER1","WEATHER2","WORKERS_PRES","WORK_ZONE_IND","WORK_ZONE_LOC","WORK_ZONE_TYPE","WZ_CLOSE_DETOUR","WZ_FLAGGER","WZ_LAW_OFFCR_IND","WZ_LN_CLOSURE","WZ_MOVING","WZ_OTHER","WZ_SHLDER_MDN","WZ_WORKERS_INJ_KILLED"
"2009020398","","1","0","0","0","0","0","0","0","0","2","0","","02","2","2009","2","40.437274","-79.770728","","11","0","0","0","0","0","0","0","0","1","0","0","0","","","4","","0","","40 26:14.188","1","0","79 46:14.620","4","0","0","0","2446","0","0","0","N","0","0","0","6","02446","2","","1.0","","1","N","N","","0","","0","0","1","","0","Y","","2","4","2","0","0","2","0","2","0","2","","","","N","","","","","","","","","",""
"2009020417","","0","0","0","0","0","0","0","0","0","7","0","","02","2","2009","2","40.2289","-79.8553","","11","0","0","0","0","0","1","0","0","2","0","0","0","","","0","","0","","40 13:44.040","2","0","79 51:19.080","0","0","0","0","2204","0","0","0","N","0","0","0","2","02204","0","","5.0","","2","N","N","","1","","0","0","0","","0","N","","1","0","0","0","0","0","0","1","0","1","","","","N","","","","","","","","","",""
"2009020532","","1","0","0","0","0","0","1","0","0","1","1","","02","2","2009","3","40.461613","-79.861108","","11","0","0","0","0","0","0","0","0","","0","0","0","","","0","","2","","40 27:41.805","","0","79 51:39.989","0","0","0","0","2113","0","0","0","N","0","0","0","22","02113","0","","1.0","","1","Y","N","","0","","0","0","0","","0","","","2","0","0","0","0","0","0","2","0","2","","","","N","","","","","","","","","",""
"2009020539","","1","0","0","0","0","0","0","0","0","1","0","","02","2","2009","3","40.570658","-79.95436","","11","0","0","0","0","0","1","0","0","","0","0","0","","","1","","0","","40 34:14.367","","7","79 57:15.695","8","0","0","0","2207","0","0","0","N","0","0","0","2","02207","0","","1.0","","1","N","N","","1","","0","0","0","","0","","","2","1","0","0","0","1","0","2","0","2","","","","N","","","","","","","","","",""
"2009020551","","0","0","0","0","0","0","0","0","0","7","0","","02","2","2009","3","40.341603","-79.985099","","11","0","0","0","0","0","0","0","0","1","0","0","0","","","1","","2","","40 20:29.770","2","0","79 59:06.356","8","0","0","0","2403","0","0","0","N","0","0","0","1","02403","0","","5.0","","1","N","N","","0","","0","0","1","","3","N","","1","1","0","0","0","1","0","2","0","1","","","","N","","","","","","","","","",""
"2009020572","","2","0","0","0","0","0","0","0","0","1","0","","02","2","2009","1","40.477634","-79.844131","","11","0","0","1","1","0","0","0","0","","0","0","0","","","0","","0","","40 28:39.483","","0","79 50:38.872","0","0","0","0","2113","0","0","0","N","0","0","0","5","02113","0","","1.0","","1","N","N","","0","","0","0","1","","0","","","3","0","0","0","0","0","0","2","0","3","","","","N","","","","","","","","","",""
"2009020580","","2","0","0","0","0","0","0","0","0","4","0","","02","2","2009","3","40.361385","-79.962281","","11","0","0","0","0","0","0","1","0","1","0","0","0","","","1","","2","","40 21:40.986","4","0","79 57:44.211","8","0","0","0","2403","0","0","0","N","0","0","0","2","02403","0","","1.0","","1","N","N","","0","","0","0","0","","3","N","","2","1","0","0","0","1","0","2","0","2","","","","N","","","","","","","","","",""
"2009020587","","3","0","0","0","0","0","0","0","0","4","0","","02","2","2009","3","40.560131","-79.959289","","11","0","0","0","0","0","0","1","0","","0","0","0","","","0","","0","","40 33:36.473","","7","79 57:33.441","0","0","0","0","2207","0","0","0","N","0","0","0","3","02207","0","","1.0","","1","N","N","","1","","0","0","0","","0","","","4","0","0","0","0","0","0","2","0","4","","","","N","","","","","","","","","",""
"2009020588","","2","0","0","0","0","0","0","0","0","4","0","","02","2","2009","5","40.39347","-79.806341","","11","0","0","0","0","0","0","0","0","","0","0","0","","","0","","5","","40 23:36.493","","0","79 48:22.829","9","0","0","0","2111","0","0","0","N","0","0","0","3","02111","0","","1.0","","1","N","N","","0","","0","0","0","","0","","","2","0","0","0","0","0","1","2","0","2","","","","N","","","","","","","","","",""
"2009020593","","0","0","0","0","0","0","0","0","0","7","0","","02","2","2009","3","40.432849","-80.097551","","11","0","0","1","0","0","0","0","0","2","0","0","0","","","0","","0","","40 25:58.255","5","0","80 05:51.184","0","0","0","0","2115","0","0","0","N","0","0","0","3","02115","0","","4.0","","98","N","N","","0","","0","0","1","","0","Y","","1","0","0","0","0","0","0","2","0","1","","","","N","","","","","","","","","",""
"2009020594","","3","0","0","0","0","0","0","0","0","1","0","","02","2","2009","6","40.3257","-80.0495","","11","1","0","0","0","0","1","0","0","","0","0","0","","","1","","0","","40 19:32.520","","0","80 02:58.200","4","0","0","0","2407","0","0","0","N","0","0","0","3","02407","1","","1.0","","1","N","N","","0","","0","0","0","","0","","","3","1","0","0","0","0","0","2","0","3","","","","N","","","","","","","","","",""
"2009020595","","2","0","0","0","0","0","0","0","0","1","0","","02","2","2009","7","40.5674","-80.2127","","11","0","1","0","1","0","1","0","0","","0","0","0","","","0","","1","","40 34:02.640","","0","80 12:45.720","0","0","0","0","2458","0","0","0","N","0","0","0","3","02458","0","","1.0","","1","N","N","","1","","0","0","0","","2","","","3","0","0","0","0","0","0","2","0","3","","","","N","","","","","","","","","",""
"2009020624","","1","0","0","0","0","0","0","0","0","7","0","","02","1","2009","1","40.509186","-80.047421","","11","0","0","0","0","0","0","0","0","","0","0","0","","","0","","0","","40 30:33.071","","0","80 02:50.715","0","0","0","0","2116","0","0","0","Y","0","0","0","1","68B03","0","","2.0","","7","N","N","","0","","0","0","0","","0","","","1","0","0","0","0","0","0","2","0","1","","","","N","","","","","","","","","",""
"2009020625","","0","0","0","0","0","0","0","0","0","7","0","","02","1","2009","1","40.5021","-79.8622","","11","0","0","0","0","0","1","0","0","","0","0","0","","","0","","0","","40 30:07.560","","2","79 51:43.920","0","0","0","0","2115","0","0","0","N","0","0","0","1","68B03","0","","2.0","","7","N","N","","0","","0","0","0","","0","","","1","0","0","0","0","0","0","2","1","1","","","","N","","","","","","","","","",""
"2009020626","","0","0","0","0","0","0","0","0","0","1","1","","02","1","2009","1","40.463253","-79.999867","","11","0","0","0","0","0","1","0","0","","0","1","0","","","4","","0","","40 27:47.709","","0","79 59:59.522","3","0","0","0","2301","0","0","0","N","0","0","0","5","68B03","3","","1.0","","7","N","N","","0","","1","0","1","","0","","","2","4","0","0","0","0","0","2","0","2","","","","N","","","","","","","","","",""
"2009020628","","1","0","0","0","0","0","0","0","0","7","0","","02","2","2009","6","40.63914","-80.09763","","11","0","0","0","0","0","0","0","0","","0","0","0","","","0","","0","","40 38:20.905","","0","80 05:51.469","0","0","0","0","2212","0","0","0","N","0","0","0","1","68B03","0","","4.0","","1","N","N","","0","","0","0","0","","0","","","1","0","0","0","0","0","0","2","0","1","","","","N","","","","","","","","","",""
"2009020629","","0","0","0","0","0","0","0","0","0","7","0","","02","2","2009","1","40.5963","-80.0938","","11","0","0","0","0","0","0","0","0","","0","0","0","","","0","","0","","40 35:46.680","","0","80 05:37.680","0","0","0","0","2481","0","0","0","N","0","0","0","2","68B03","0","","4.0","","2","N","N","","0","","0","0","1","","0","","","1","0","0","0","0","0","0","2","0","1","","","","N","","","","","","","","","",""
"2009020630","","0","0","0","0","0","0","0","0","0","0","0","","02","2","2009","2","40.4529","-80.1121","","11","0","0","0","0","0","0","0","0","","0","0","0","","","0","","0","","40 27:10.440","","2","80 06:43.560","0","0","0","0","2115","0","0","0","N","0","0","0","1","68B03","0","","4.0","","2","N","N","","0","","0","0","1","","0","","","1","0","0","0","0","0","0","2","0","1","","","","N","","","","","","","","","",""
"2009020631","","2","0","0","0","0","0","0","0","0","1","0","","02","2","2009","2","40.4282","-79.8914","","11","0","0","0","0","0","1","0","0","","0","0","0","","","1","","0","","40 25:41.520","","2","79 53:29.040","3","0","0","0","2426","0","0","0","N","0","0","0","2","68B03","0","","1.0","","1","N","N","","0","","1","0","0","","0","","","2","1","0","0","0","0","0","2","0","2","","","","N","","","","","","","","","",""
"2009020678","","2","0","0","0","0","0","0","0","0","1","0","","02","2","2009","3","40.450889","-79.713535","","11","0","0","0","0","0","0","0","0","","0","0","0","","","1","","0","","40 27:03.200","","0","79 42:48.727","4","0","0","0","2466","0","0","0","N","0","0","0","2","02466","1","","1.0","","1","N","N","","0","","0","0","0","","2","","","2","1","0","0","0","0","0","2","0","2","","","","N","","","","","","","","","",""
"2009020679","","2","0","0","0","0","0","0","0","0","4","0","","02","2","2009","3","40.33258","-79.945988","","11","0","0","0","0","0","1","0","0","1","0","0","0","","","0","","0","","40 19:57.287","1","7","79 56:45.555","0","0","0","0","2454","0","0","0","N","0","0","0","5","02454","0","","1.0","","1","N","N","","0","","0","0","0","","2","N","","2","0","0","0","0","0","0","2","0","2","","","","N","","","","","","","","","",""
"2009020685","","1","0","0","0","0","0","0","0","0","7","0","","02","2","2009","7","40.417743","-80.045352","","11","0","0","0","0","0","0","0","0","2","0","0","0","","","1","","2","","40 25:03.876","2","0","80 02:43.268","8","0","0","0","2435","0","0","0","N","0","0","0","1","02435","0","","5.0","","1","N","N","","0","","0","0","0","","3","N","","1","1","0","0","0","1","0","2","0","1","","","","N","","","","","","","","","",""
"2009020691","","1","0","0","0","0","0","0","0","0","7","0","","02","2","2009","3","40.437096","-80.286341","","11","0","0","0","1","0","0","0","0","","0","0","0","","","0","","0","","40 26:13.545","","1","80 17:10.827","0","0","0","0","2203","0","0","0","N","0","0","0","2","02203","0","","2.0","","1","N","N","","0","","0","0","0","","0","","","1","0","0","0","0","0","0","1","0","1","","","","N","","","","","","","","","",""
"2009020695","","1","0","0","0","0","0","0","0","0","7","0","","02","2","2009","7","40.523503","-80.26885","","11","0","0","0","0","0","0","0","0","","0","0","0","","","1","","0","","40 31:24.610","","0","80 16:07.860","3","0","0","0","2203","0","0","0","N","0","0","0","1","02203","0","","5.0","","7","N","N","","0","","1","0","0","","0","","","1","1","0","0","0","0","0","2","0","1","","","","N","","","","","","","","","",""
"2009020696","","1","0","0","0","0","0","0","0","0","7","0","","02","2","2009","2","40.489668","-80.334241","","11","0","0","0","0","0","0","0","0","","0","0","0","","","0","","0","","40 29:22.805","","0","80 20:03.267","0","0","0","0","2203","0","0","0","N","0","0","0","1","02203","0","","5.0","","2","N","N","","0","","0","0","0","","0","","","1","0","0","0","0","0","0","1","0","1","","","","N","","","","","","","","","",""
"2009020706","","1","0","0","0","0","0","0","0","0","7","0","","02","1","2009","3","40.477668","-79.799707","","11","0","0","0","0","0","0","0","0","","0","0","0","","","1","","0","","40 28:39.604","","1","79 47:58.944","4","0","0","0","2113","0","0","0","N","0","0","0","1","02113","1","","2.0","","7","N","N","","0","","0","0","0","","0","","","1","1","0","0","0","0","0","2","0","1","","","","N","","","","","","","","","",""
"2009020707","","1","0","0","0","0","0","0","0","0","7","0","","02","1","2009","2","40.4932","-79.8105","","11","0","0","0","0","0","0","1","0","1","0","0","0","","","0","","0","","40 29:35.520","1","0","79 48:37.800","0","0","0","0","2113","0","0","0","N","0","0","0","2","02113","0","","4.0","","1","N","N","","0","","0","0","0","","0","N","","1","0","0","0","0","0","0","2","0","1","","","","N","","","","","","","","","",""
"2009020803","","1","0","0","0","0","0","0","0","0","7","0","","02","2","2009","4","40.5779","-79.8322","","11","0","0","0","0","0","0","0","0","1","0","0","0","","","0","","0","","40 34:40.440","3","0","79 49:55.920","0","0","0","0","2208","0","0","0","N","0","0","0","1","02208","0","","2.0","","2","N","N","","0","","0","0","0","","0","Y","","1","0","0","0","0","0","0","1","0","1","","","","N","","","","","","","","","",""
"2009020817","","1","0","0","0","0","0","0","0","0","7","0","","02","2","2009","3","40.599647","-79.950435","","11","0","0","0","0","0","0","0","0","","0","0","0","","","0","","0","","40 35:58.729","","0","79 57:01.566","0","0","0","0","2207","0","0","0","N","0","0","0","1","02207","0","","5.0","","1","N","N","","0","","0","0","0","","0","","","1","0","0","0","0","0","0","2","0","1","","","","N","","","","","","","","","",""
"2009020821","","1","0","0","0","0","0","0","0","0","7","0","","02","2","2009","4","40.480611","-79.781883","","11","0","0","0","0","0","0","0","0","","0","0","0","","","1","","0","","40 28:50.199","","0","79 46:54.778","3","0","0","0","2113","0","0","0","N","0","0","0","1","02113","0","","5.0","","9","N","N","","0","","1","0","0","","0","","","1","1","1","0","0","0","0","2","0","1","","","","N","","","","","","","","","",""
"2009020827","","2","0","0","0","0","0","0","0","0","2","0","","02","2","2009","3","40.530563","-80.010477","","11","0","0","0","0","1","0","0","0","","0","0","0","","","0","","0","","40 31:50.025","","0","80 00:37.717","0","0","0","0","2116","0","0","0","N","0","0","0","2","02116","0","","1.0","","1","N","N","","0","","0","0","0","","0","","","2","0","0","0","0","0","0","2","0","2","","","","N","","","","","","","","","",""
"2009020838","","0","0","0","0","0","0","0","0","0","7","0","","02","1","2009","4","40.508977","-80.238502","","11","0","0","0","0","0","1","0","0","","0","0","0","","","0","","3","","40 30:32.316","","0","80 14:18.608","0","0","0","0","2213","0","0","0","N","0","0","0","2","02213","0","","2.0","","7","N","N","","1","","0","0","0","","0","","","1","0","0","0","0","0","0","2","0","1","","","","N","","","","","","","","","",""
"2009020839","","0","0","0","0","0","0","0","0","0","7","0","","02","2","2009","7","40.293","-80.0308","","11","0","0","0","0","0","0","1","0","","0","0","0","","","1","","2","","40 17:34.800","","0","80 01:50.880","4","0","0","0","2407","0","0","0","Y","0","0","0","1","02407","1","","4.0","","2","N","N","","0","","0","0","1","","2","","","1","1","0","0","0","0","0","2","0","1","","","","N","","","","","","","","","",""
"2009020840","","2","0","0","0","0","0","0","0","0","4","0","","02","2","2009","2","40.2869","-80.0237","","11","0","0","0","0","1","0","0","0","","0","0","0","","","1","","0","","40 17:12.840","","0","80 01:25.320","4","0","0","0","2407","0","0","0","N","0","0","0","3","02407","1","","1.0","","1","N","N","","0","","0","0","0","","0","","","2","1","0","0","0","0","0","2","0","2","","","","N","","","","","","","","","",""
"2009020893","","0","0","0","0","0","0","0","0","0","7","0","","02","2","2009","2","40.4306","-80.262","","11","0","0","0","0","0","0","0","0","","0","0","0","","","0","","0","","40 25:50.160","","0","80 15:43.200","0","0","0","0","2214","0","0","0","N","0","0","0","1","68B03","0","","2.0","","2","N","N","","0","","0","0","1","","0","","","1","0","0","0","0","0","0","2","0","1","","","","N","","","","","","","","","",""
"2009020894","","1","0","0","0","0","0","0","0","0","7","0","","02","2","2009","2","40.502073","-80.135997","","11","0","0","0","0","0","0","0","0","","0","0","0","","","1","","0","","40 30:07.464","","0","80 08:09.588","4","0","0","0","2115","0","0","0","Y","0","0","0","1","68B03","1","","2.0","","2","N","N","","0","","0","0","0","","0","","","1","1","0","0","0","0","0","2","0","1","","","","N","","","","","","","","","",""
"2009020954","","2","0","0","0","0","0","1","0","0","1","1","","02","2","2009","4","40.418363","-79.956872","","11","0","0","0","0","0","1","0","0","","0","0","0","","","2","","0","","40 25:06.108","","0","79 57:24.739","4","0","0","0","2301","0","0","0","N","0","0","0","16","02503","2","","1.0","","9","N","N","","0","","0","0","0","","0","","","3","2","0","0","0","0","0","2","0","3","","","","N","","","","","","","","","",""
"2009020983","","0","0","0","0","0","0","0","0","0","7","0","","02","2","2009","5","40.543563","-79.988854","","11","0","0","0","0","0","0","0","0","1","0","0","0","","","2","","0","","40 32:36.825","6","0","79 59:19.875","4","0","0","0","2116","0","0","0","N","0","0","0","2","02116","1","","2.0","","1","N","N","","0","","0","0","1","","0","N","","1","2","0","0","0","1","0","2","0","1","","","","N","","","","","","","","","",""
"2009021177","","1","0","0","0","0","0","0","0","0","4","0","","02","2","2009","2","40.43112","-79.815374","","11","0","0","0","0","0","0","0","0","","0","0","0","","","0","","0","","40 25:52.033","","7","79 48:55.348","0","0","0","0","2124","0","0","0","N","0","0","0","5","02124","0","","1.0","","1","N","N","","0","","0","0","1","","0","","","2","0","0","0","0","0","0","2","0","2","","","","N","","","","","","","","","",""
"2009021209","","0","0","0","0","0","0","0","0","0","1","0","","02","1","2009","7","40.607701","-79.762968","","11","0","0","0","0","0","0","0","1","","0","0","0","","","0","","0","","40 36:27.723","","0","79 45:46.686","0","0","0","0","2464","0","0","0","N","0","0","0","2","68D02","0","","1.0","","2","N","N","","1","","0","0","1","","0","","","2","0","0","0","0","0","0","2","0","2","","","","N","","","","","","","","","",""
"2009021210","","2","0","0","0","0","0","0","0","0","1","0","","02","2","2009","2","40.5641","-79.7997","","11","0","0","0","0","0","0","0","0","","0","0","0","","","0","","0","","40 33:50.760","","2","79 47:58.920","0","0","0","0","2206","0","0","0","N","0","0","0","2","68D02","0","","1.0","","1","N","N","","0","","0","0","0","","8","","","2","0","1","0","0","0","0","2","0","2","","","","N","","","","","","","","","",""
"2009021325","","1","0","0","0","0","0","0","0","0","1","0","","02","2","2009","5","40.430158","-79.785908","","11","0","0","0","0","0","0","0","0","1","0","0","0","","","4","","0","","40 25:48.570","3","7","79 47:09.270","8","0","0","0","2446","0","0","0","N","0","0","0","4","02446","0","","1.0","","2","N","N","","0","","0","0","1","","2","N","","2","4","0","0","0","4","0","2","0","2","","","","N","","","","","","","","","",""
"2009021386","","2","0","0","0","0","0","0","0","0","2","0","","02","2","2009","5","40.545843","-79.945822","","11","0","0","0","0","0","0","0","0","1","0","0","0","","","1","","0","","40 32:45.034","2","0","79 56:44.959","3","0","0","0","2118","0","0","0","N","0","0","0","5","02118","0","","1.0","","7","N","N","","0","","1","0","0","","0","N","","2","1","0","0","0","0","0","2","0","2","","","","N","","","","","","","","","",""
"2009021400","","1","0","0","0","0","0","0","0","0","2","0","","02","2","2009","5","40.5503","-79.7581","","11","0","0","0","0","0","0","0","0","1","0","0","0","","","1","","2","","40 33:01.080","2","0","79 45:29.160","4","0","0","0","2466","0","0","0","N","0","0","0","3","02466","1","","1.0","","2","N","N","","1","","0","0","0","","3","N","","2","1","0","0","0","0","0","2","0","2","","","","N","","","","","","","","","",""
"2009021411","","2","0","0","0","0","0","0","0","0","7","0","","02","2","2009","5","40.461169","-79.759625","","11","0","0","0","0","0","1","0","0","2","0","0","0","","","0","","0","","40 27:40.208","3","0","79 45:34.651","0","0","0","0","2466","0","0","0","N","0","0","0","2","02466","0","","5.0","","7","N","N","","0","","0","0","0","","0","Y","","2","0","0","0","0","0","0","2","0","2","","","","N","","","","","","","","","",""
"2009021414","","0","0","0","0","0","0","0","0","0","7","0","","02","2","2009","5","40.540013","-79.891849","","11","0","0","0","0","0","1","0","0","","0","0","0","","","0","","0","","40 32:24.046","","0","79 53:30.656","0","0","0","0","2432","0","0","0","N","0","0","0","1","02432","0","","5.0","","2","N","N","","0","","0","0","1","","0","","","1","0","0","0","0","0","0","2","0","1","","","","N","","","","","","","","","",""
"2009021438","","0","0","0","0","0","0","0","0","0","7","0","","02","2","2009","5","40.6522","-80.1151","","11","0","0","0","0","0","0","0","0","","0","0","0","","","0","","0","","40 39:07.920","","0","80 06:54.360","0","0","0","0","2212","0","0","0","N","0","0","0","1","02505","0","","5.0","","7","N","N","","1","","0","0","0","","0","","","1","0","0","0","0","0","0","2","0","1","","","","N","","","","","","","","","",""
"2009021470","","2","0","0","0","0","0","0","0","0","4","0","","02","2","2009","4","40.489349","-79.778258","","11","0","0","0","0","0","1","0","0","","0","0","0","","","3","","1","","40 29:21.657","","0","79 46:41.730","4","0","0","0","2466","0","0","0","N","0","0","0","4","02466","3","","1.0","","9","N","N","","0","","0","0","0","","3","","","2","3","0","0","0","0","0","2","0","2","","","","N","","","","","","","","","",""
"2009021471","","1","0","0","0","0","0","0","0","0","7","0","","02","2","2009","4","40.653898","-79.759291","","11","0","0","0","1","0","0","0","0","1","0","0","0","","","0","","0","","40 39:14.032","5","0","79 45:33.448","0","0","0","0","2202","0","0","0","N","0","0","0","1","02202","0","","5.0","","2","N","N","","0","","0","0","0","","0","N","","1","0","0","0","0","0","0","1","0","1","","","","N","","","","","","","","","",""
"2009021478","","0","0","0","0","0","0","0","0","0","7","0","","02","2","2009","5","40.552415","-79.934734","","11","0","0","0","0","0","0","0","0","1","0","0","0","","","0","","0","","40 33:08.693","6","0","79 56:05.044","0","0","0","0","2209","0","0","0","N","0","0","0","1","02209","0","","2.0","","7","N","N","","0","","0","0","1","","0","N","","1","0","0","0","0","0","0","2","0","1","","","","N","","","","","","","","","",""
"2009021479","","2","0","0","0","0","0","0","0","0","1","0","","02","2","2009","5","40.551703","-79.929393","","11","0","0","0","0","0","0","0","0","","0","0","0","","","0","","0","","40 33:06.130","","0","79 55:45.814","0","0","0","0","2209","0","0","0","N","0","0","0","2","02209","0","","1.0","","7","N","N","","0","","0","0","0","","0","","","2","0","0","0","0","0","0","2","0","2","","","","N","","","","","","","","","",""
"2009021480","","2","0","0","0","0","0","0","0","0","4","0","","02","2","2009","4","40.521174","-80.173678","","11","0","0","0","0","0","1","0","0","","0","0","0","","","1","","1","","40 31:16.227","","0","80 10:25.240","4","0","0","0","2420","0","0","0","N","0","0","0","2","02420","1","","1.0","","1","N","N","","0","","0","0","0","","3","","","2","1","0","0","0","0","0","2","0","2","","","","N","","","","","","","","","",""
"2009021529","","1","0","0","0","0","0","0","0","0","7","0","","02","1","2009","6","40.407794","-80.107872","","11","0","0","0","0","0","0","0","0","","0","0","0","","","0","","0","","40 24:28.059","","0","80 06:28.339","0","0","0","0","2102","0","0","0","N","0","0","0","1","68B03","0","","3.0","","9","N","N","","0","","0","0","0","","0","","","1","0","0","0","0","0","0","2","0","1","","","","N","","","","","","","","","",""
"2009021530","","2","0","0","0","0","0","0","0","0","1","0","","02","2","2009","6","40.4206","-80.0464","","11","0","0","1","0","0","0","0","0","1","0","0","0","","","1","","6","","40 25:14.160","1","2","80 02:47.040","4","0","0","0","2435","0","0","0","N","0","0","0","2","68B03","1","","1.0","","1","N","N","","0","","0","0","0","","0","N","","2","1","0","0","0","0","0","2","0","2","","","","N","","","","","","","","","",""
"2009021531","","0","0","0","0","0","0","0","0","0","7","0","","02","2","2009","3","40.517034","-80.133181","","11","0","0","0","0","0","0","0","0","1","0","0","0","","","0","","0","","40 31:01.322","1","0","80 07:59.450","0","0","0","0","2434","0","0","0","N","0","0","0","1","68B03","0","","3.0","","1","N","N","","1","","0","0","0","","0","N","","1","0","0","0","0","0","0","2","0","1","","","","N","","","","","","","","","",""
"2009021546","","2","0","0","0","0","0","0","0","0","1","0","","02","2","2009","5","40.6","-79.9474","","11","0","0","0","0","0","0","0","0","","0","0","0","","","1","","0","","40 36:00.000","","0","79 56:50.640","8","0","0","0","2207","0","0","0","N","0","0","0","2","02207","0","","1.0","","1","N","N","","0","","0","0","0","","0","","","2","1","0","0","0","1","0","2","0","2","","","","N","","","","","","","","","",""
"2009021596","","2","0","0","0","0","0","0","0","0","6","0","","02","2","2009","5","40.518597","-79.84303","","11","1","0","0","0","0","0","0","0","","0","0","0","","","1","","0","","40 31:06.948","","99","79 50:34.909","4","0","0","0","2451","0","0","0","N","0","0","0","2","02451","1","","1.0","","7","N","N","","0","","0","0","0","","0","","","2","1","0","0","0","0","0","2","0","2","","","","N","","","","","","","","","",""
"2009021608","","2","0","0","0","0","0","0","0","0","2","0","","02","2","2009","5","40.433969","-79.883829","","11","0","0","0","0","0","0","1","0","1","0","0","0","","","0","","1","","40 26:02.288","5","0","79 53:01.784","0","0","0","0","2426","0","0","0","N","0","0","0","2","02426","0","","1.0","","1","N","N","","0","","0","0","0","","3","Y","","2","0","0","0","0","0","0","2","0","2","","","","N","","","","","","","","","",""
"2009021624","","2","0","0","0","0","0","0","0","0","4","0","","02","2","2009","5","40.519573","-80.014591","","11","0","0","0","0","0","1","0","0","1","0","0","0","","","0","","2","","40 31:10.462","6","0","80 00:52.528","0","0","0","0","2116","0","0","0","N","0","0","0","2","02116","0","","1.0","","7","N","N","","0","","0","0","0","","3","N","","2","0","0","0","0","0","0","2","0","2","","","","N","","","","","","","","","",""
"2009021653","","0","0","0","0","0","0","0","0","0","7","0","","02","1","2009","4","40.3527","-80.1424","","11","0","0","0","0","0","0","0","0","2","0","0","0","","","0","","0","","40 21:09.720","3","0","80 08:32.640","0","0","0","0","2119","0","0","0","Y","0","0","0","1","02119","0","","2.0","","2","N","N","","0","","0","0","1","","0","N","","1","0","0","0","0","0","0","2","0","1","","05","","N","","","","","","","","","",""
"2009021654","","0","0","0","0","0","0","0","0","0","7","0","","02","1","2009","6","40.3562","-80.1187","","11","0","0","0","0","0","0","0","0","","0","0","0","","","0","","0","","40 21:22.320","","0","80 07:07.320","0","0","0","0","2119","0","0","0","N","0","0","0","1","02119","0","","3.0","","7","N","N","","1","","0","0","0","","0","","","1","0","0","0","0","0","0","2","0","1","","","","N","","","","","","","","","",""
"2009021690","","2","0","0","0","0","0","0","0","0","4","0","","02","1","2009","6","40.4869","-79.916","","11","0","0","0","0","0","0","0","0","","0","0","0","","","2","","6","","40 29:12.840","","2","79 54:57.600","4","0","0","0","2301","0","0","0","N","0","0","0","3","02301","1","","7.0","","1","N","N","","0","","0","0","0","","0","","","2","2","0","0","0","1","0","2","0","2","","","","N","","","","","","","","","",""
"2009021691","","1","0","0","0","0","0","0","0","0","1","0","","02","1","2009","7","40.465597","-79.92939","","11","0","0","0","0","0","0","0","0","","0","0","0","","","2","","2","","40 27:56.149","","0","79 55:45.804","4","0","0","0","2301","0","0","0","N","0","0","0","2","02301","2","","2.0","","1","N","N","","0","","0","0","1","","0","","","2","2","2","0","0","0","0","2","0","2","","","","N","","","","","","","","","",""
"2009021701","","1","0","0","0","0","0","0","0","0","4","0","","02","1","2009","3","40.464484","-79.930088","","11","0","0","0","0","0","1","0","0","","0","0","0","","","0","","1","","40 27:52.142","","0","79 55:48.316","9","0","0","0","2301","0","0","0","N","0","0","0","2","02301","0","","1.0","","1","N","N","","0","","0","0","0","","0","","","2","0","0","0","0","0","1","2","1","2","","","","N","","","","","","","","","",""