"CRN","ARRIVAL_TM","AUTOMOBILE_COUNT","BELTED_DEATH_COUNT","BELTED_SUSP_SERIOUS_INJ_COUNT","BICYCLE_COUNT","BICYCLE_DEATH_COUNT","BICYCLE_SUSP_SERIOUS_INJ_COUNT","BUS_COUNT","CHLDPAS_DEATH_COUNT","CHLDPAS_SUSP_SERIOUS_INJ_COUNT","COLLISION_TYPE","COMM_VEH_COUNT","CONS_ZONE_SPD_LIM","COUNTY","CRASH_MONTH","CRASH_YEAR","DAY_OF_WEEK","DEC_LATITUDE","DEC_LONGITUDE","DISPATCH_TM","DISTRICT","DRIVER_COUNT_16YR","DRIVER_COUNT_17YR","DRIVER_COUNT_18YR","DRIVER_COUNT_19YR","DRIVER_COUNT_20YR","DRIVER_COUNT_50_64YR","DRIVER_COUNT_65_74YR","DRIVER_COUNT_75PLUS","EST_HRS_CLOSED","FATAL_COUNT","HEAVY_TRUCK_COUNT","HORSE_BUGGY_COUNT","HOUR_OF_DAY","ILLUMINATION","INJURY_COUNT","INTERSECTION_RELATED","INTERSECT_TYPE","LANE_CLOSED","LATITUDE","LN_CLOSE_DIR","LOCATION_TYPE","LONGITUDE","MAX_SEVERITY_LEVEL","MCYCLE_DEATH_COUNT","MCYCLE_SUSP_SERIOUS_INJ_COUNT","MOTORCYCLE_COUNT","MUNICIPALITY","NONMOTR_COUNT","NONMOTR_DEATH_COUNT","NONMOTR_SUSP_SERIOUS_INJ_COUNT","NTFY_HIWY_MAINT","PED_COUNT","PED_DEATH_COUNT","PED_SUSP_SERIOUS_INJ_COUNT","PERSON_COUNT","POLICE_AGCY","POSSIBLE_INJ_COUNT","RDWY_SURF_TYPE_CD","RELATION_TO_ROAD","ROADWAY_CLEARED","ROAD_CONDITION","SCH_BUS_IND","SCH_ZONE_IND","SECONDARY_CRASH","SMALL_TRUCK_COUNT","SPEC_JURIS_CD","SUSP_MINOR_INJ_COUNT","SUSP_SERIOUS_INJ_COUNT","SUV_COUNT","TCD_FUNC_CD","TCD_TYPE","TFC_DETOUR_IND","TIME_OF_DAY","TOTAL_UNITS","TOT_INJ_COUNT","UNBELTED_OCC_COUNT","UNB_DEATH_COUNT","UNB_SUSP_SERIOUS_INJ_COUNT","UNK_INJ_DEG_COUNT","UNK_INJ_PER_COUNT","URBAN_RURAL","VAN_COUNT","VEHICLE_COUNT","WEATHER1","WEATHER2","WORKERS_PRES","WORK_ZONE_IND","WORK_ZONE_LOC","WORK_ZONE_TYPE","WZ_CLOSE_DETOUR","WZ_FLAGGER","WZ_LAW_OFFCR_IND","WZ_LN_CLOSURE","WZ_MOVING","WZ_OTHER","WZ_SHLDER_MDN","WZ_WORKERS_INJ_KILLED"
"2009021702","","1","0","0","0","0","0","0","0","0","8","0","","02","1","2009","6","40.4545","-79.8818","","11","0","0","0","0","0","0","0","0","","0","0","0","","","1","","0","","40 27:16.200","","0","79 52:54.480","4","0","0","0","2301","1","0","0","N","1","0","0","2","02301","1","","1.0","","9","N","Y","","0","","0","0","0","","0","","","2","1","0","0","0","0","0","2","0","1","","","","N","","","","","","","","","",""
"2009021703","","2","0","0","0","0","0","0","0","0","4","0","","02","1","2009","6","40.459987","-79.925013","","11","0","0","0","0","0","1","0","0","","0","0","0","","","0","","0","","40 27:35.954","","0","79 55:30.047","0","0","0","0","2301","0","0","0","N","0","0","0","2","02301","0","","1.0","","9","N","N","","0","","0","0","0","","0","","","2","0","0","0","0","0","0","2","0","2","","","","N","","","","","","","","","",""
"2009021728","","1","0","0","0","0","0","0","0","0","4","0","","02","2","2009","5","40.474142","-80.063815","","11","0","0","0","0","0","1","0","0","","0","0","0","","","0","","0","","40 28:26.912","","0","80 03:49.735","0","0","0","0","2444","0","0","0","","0","0","0","3","02444","0","","1.0","","1","N","N","","0","","0","0","1","","0","","","2","0","0","0","0","0","0","2","0","2","","","","N","","","","","","","","","",""
"2009021822","","1","0","0","0","0","0","0","0","0","0","0","","02","2","2009","1","40.453414","-80.211699","","11","0","0","0","0","0","0","0","0","1","0","0","0","","","0","","0","","40 27:12.290","6","0","80 12:42.116","0","0","0","0","2214","0","0","0","N","0","0","0","1","02214","0","","1.0","","2","N","N","","0","","0","0","0","","0","Y","","1","0","0","0","0","0","0","2","0","1","","","","N","","","","","","","","","",""
"2009021858","","1","0","0","0","0","0","0","0","0","7","0","","02","1","2009","3","40.6676","-79.8334","","11","0","0","0","0","0","0","0","0","","0","0","0","","","1","","0","","40 40:03.360","","0","79 50:00.240","4","0","0","0","2220","0","0","0","N","0","0","0","1","02220","1","","2.0","","7","N","N","","0","","0","0","0","","0","","","1","1","0","0","0","0","0","1","0","1","","","","N","","","","","","","","","",""
"2009021925","","1","0","0","0","0","0","0","0","0","1","0","","02","2","2009","4","40.484395","-80.040399","","11","0","0","0","0","0","1","0","0","","0","0","0","","","1","","3","","40 29:03.822","","0","80 02:25.436","8","0","0","0","2301","0","0","0","N","0","0","0","4","02301","0","","1.0","","1","N","N","","0","","0","0","1","","2","","","2","1","0","0","0","1","0","2","0","2","","","","N","","","","","","","","","",""
"2009022080","","1","0","0","0","0","0","0","0","0","1","1","","02","2","2009","5","40.427346","-79.916352","","11","0","0","0","1","0","0","0","0","","0","1","0","","","0","","0","","40 25:38.445","","0","79 54:58.868","0","0","0","0","2301","0","0","0","N","0","0","0","3","02301","0","","1.0","","1","N","N","","0","","0","0","0","","0","","","2","0","0","0","0","0","0","2","0","2","","","","N","","","","","","","","","",""
"2009022081","","1","0","0","0","0","0","0","0","0","4","0","","02","2","2009","5","40.439147","-79.962119","","11","0","0","0","0","0","0","0","0","2","0","0","0","","","0","","2","","40 26:20.929","3","0","79 57:43.628","0","0","0","0","2301","0","0","0","","0","0","0","2","02301","0","","1.0","","1","N","N","","0","","0","0","1","","2","N","","2","0","0","0","0","0","0","2","0","2","","","","N","","","","","","","","","",""
"2009022082","","1","0","0","0","0","0","0","0","0","1","0","","02","2","2009","5","40.450915","-79.954954","","11","0","0","0","0","0","1","0","0","","0","0","0","","","0","","1","","40 27:03.294","","0","79 57:17.834","0","0","0","0","2301","0","0","0","N","0","0","0","2","02301","0","","1.0","","1","N","N","","1","","0","0","0","","2","","","2","0","0","0","0","0","0","2","0","2","","","","N","","","","","","","","","",""
"2009022083","","1","0","0","0","0","0","0","0","0","0","0","","02","2","2009","6","40.427151","-79.954964","","11","0","0","0","0","0","1","0","0","","0","0","0","","","0","","5","","40 25:37.742","","0","79 57:17.870","0","0","0","0","2301","0","0","0","N","0","0","0","1","02301","0","","1.0","","1","N","N","","0","","0","0","0","","2","","","1","0","0","0","0","0","0","2","0","1","","","","N","","","","","","","","","",""
"2009022084","","1","0","0","0","0","0","0","0","0","7","0","","02","2","2009","1","40.3929","-79.9328","","11","0","0","0","0","0","0","0","0","2","0","0","0","","","1","","7","","40 23:34.440","1","2","79 55:58.080","8","0","0","0","2301","0","0","0","N","0","0","0","1","02301","0","","5.0","","1","N","N","","0","","0","0","0","","0","Y","","1","1","0","0","0","1","0","2","0","1","","","","N","","","","","","","","","",""
"2009022085","","1","0","0","0","0","0","0","0","0","4","0","","02","2","2009","7","40.453376","-79.980689","","11","0","0","0","0","0","1","0","0","","0","0","0","","","0","","1","","40 27:12.153","","0","79 58:50.480","0","0","0","0","2301","0","0","0","N","0","0","0","2","02301","0","","1.0","","1","N","N","","0","","0","0","1","","3","","","2","0","0","0","0","0","0","2","0","2","","","","N","","","","","","","","","",""
"2009022091","","1","0","0","0","0","0","0","0","0","7","0","","02","2","2009","3","40.44751","-80.233391","","11","0","0","0","0","0","1","0","0","2","0","0","0","","","1","","0","","40 26:51.037","1","0","80 14:00.209","2","0","0","0","2214","0","0","0","N","0","0","0","1","02214","0","","4.0","","1","N","N","","0","","0","1","0","","0","N","","1","1","1","0","1","0","0","2","0","1","","","","N","","","","","","","","","",""
"2009022092","","0","0","0","0","0","0","0","0","0","4","0","","02","1","2009","4","","","","11","0","0","0","0","0","1","0","0","1","0","0","0","","","0","","2","","","2","0","","0","0","0","0","2214","0","0","0","N","0","0","0","3","02214","0","","1.0","","7","N","N","","1","","0","0","1","","3","N","","2","0","0","0","0","0","0","1","0","2","","","","N","","","","","","","","","",""
"2009022093","","1","0","0","0","0","0","0","0","0","7","0","","02","2","2009","3","40.424359","-80.213819","","11","0","0","0","0","0","0","0","0","1","0","0","0","","","0","","0","","40 25:27.694","1","0","80 12:49.748","0","0","0","0","2214","0","0","0","","0","0","0","1","02214","0","","2.0","","1","N","N","","0","","0","0","0","","0","N","","1","0","0","0","0","0","0","1","0","1","","","","N","","","","","","","","","",""
"2009022095","","0","0","0","0","0","0","0","0","0","4","0","","02","2","2009","5","40.450596","-80.174227","","11","0","0","0","0","0","0","0","0","","0","0","0","","","2","","1","","40 27:02.145","","0","80 10:27.217","4","0","0","0","2214","0","0","0","N","0","0","0","5","02214","2","","1.0","","1","N","N","","0","","0","0","2","","2","","","2","2","0","0","0","0","0","2","0","2","","","","N","","","","","","","","","",""
"2009022096","","1","0","0","0","0","0","0","0","0","4","0","","02","2","2009","5","40.441505","-80.23924","","11","0","0","0","0","1","0","0","0","","0","0","0","","","0","","0","","40 26:29.419","","7","80 14:21.264","0","0","0","0","2214","0","0","0","N","0","0","0","2","02214","0","","1.0","","1","N","N","","0","","0","0","1","","3","","","2","0","1","0","0","0","0","2","0","2","","","","N","","","","","","","","","",""
"2009022148","","1","0","0","0","0","0","0","0","0","2","0","","02","2","2009","7","40.437839","-79.998873","","11","0","0","0","0","0","2","0","0","","0","0","0","","","0","","1","","40 26:16.220","","0","79 59:55.942","0","0","0","0","2301","0","0","0","","0","0","0","2","02301","0","","1.0","","1","N","N","","1","","0","0","0","","3","","","2","0","0","0","0","0","0","2","0","2","","","","N","","","","","","","","","",""
"2009022149","","0","0","0","0","0","0","0","0","0","7","0","","02","2","2009","3","40.433181","-80.004052","","11","0","0","0","0","1","0","0","0","","0","0","0","","","0","","0","","40 25:59.452","","0","80 00:14.588","0","0","0","0","2301","0","0","0","N","0","0","0","1","02301","0","","4.0","","2","N","N","","1","","0","0","0","","0","","","1","0","0","0","0","0","0","2","0","1","","","","N","","","","","","","","","",""
"2009022150","","1","0","0","0","0","0","0","0","0","8","0","","02","2","2009","4","40.440711","-80.00043","","11","0","0","0","0","0","0","0","0","","0","0","0","","","1","","2","","40 26:26.559","","0","80 00:01.548","4","0","0","0","2301","1","0","0","N","1","0","0","2","02301","1","","1.0","","1","N","N","","0","","0","0","0","","2","","","2","1","0","0","0","0","0","2","0","1","","","","N","","","","","","","","","",""
"2009022151","","1","0","0","0","0","0","0","0","0","7","0","","02","2","2009","5","40.467556","-79.963717","","11","0","0","0","0","0","0","0","0","","0","0","0","","","0","","0","","40 28:03.200","","0","79 57:49.381","0","0","0","0","2301","0","0","0","N","0","0","0","1","02301","0","","5.0","","7","N","N","","0","","0","0","0","","0","","","1","0","0","0","0","0","0","2","0","1","","","","N","","","","","","","","","",""
"2009022152","","3","0","0","0","0","0","0","0","0","1","0","","02","2","2009","5","40.443636","-79.998655","","11","0","0","0","0","0","0","0","0","1","0","0","0","","","2","","0","","40 26:37.089","4","0","79 59:55.158","2","0","0","0","2301","0","0","0","","0","0","0","2","02301","0","","6.0","","1","N","N","","0","","1","1","0","","0","N","","4","2","2","0","1","0","0","2","1","4","","","","N","","","","","","","","","",""
"2009022153","","2","0","0","0","0","0","0","0","0","4","0","","02","2","2009","3","40.43811","-79.99567","","11","0","0","0","0","0","0","0","0","","0","0","0","","","0","","3","","40 26:17.196","","7","79 59:44.412","0","0","0","0","2301","0","0","0","N","0","0","0","2","02301","0","","1.0","","1","N","N","","0","","0","0","0","","0","","","2","0","0","0","0","0","0","2","0","2","","","","N","","","","","","","","","",""
"2009022154","","1","0","0","0","0","0","0","0","0","8","0","","02","2","2009","5","40.448807","-79.987516","","11","0","0","0","0","0","0","0","0","","0","0","0","","","1","","1","","40 26:55.705","","0","79 59:15.056","8","0","0","0","2301","1","0","0","N","1","0","0","2","02301","0","","1.0","","1","N","N","","0","","0","0","0","","2","","","2","1","0","0","0","1","0","2","0","1","","","","N","","","","","","","","","",""
"2009022155","","0","0","0","0","0","0","0","0","0","4","0","","02","2","2009","2","40.45259","-79.910391","","11","0","0","0","0","0","1","0","0","","0","0","0","","","1","","1","","40 27:09.324","","1","79 54:37.408","8","0","0","0","2301","0","0","0","N","0","0","0","3","02301","0","","1.0","","1","N","N","","0","","0","0","1","","2","","","2","1","0","0","0","1","0","2","1","2","","","","N","","","","","","","","","",""
"2009022156","","2","0","0","0","0","0","0","0","0","4","0","","02","2","2009","2","40.442016","-79.927166","","11","0","0","0","0","0","1","0","0","2","0","0","0","","","0","","2","","40 26:31.257","6","7","79 55:37.797","0","0","0","0","2301","0","0","0","N","0","0","0","2","02301","0","","1.0","","9","N","N","","0","","0","0","0","","0","Y","","2","0","0","0","0","0","0","2","0","2","","","","N","","","","","","","","","",""
"2009022157","","1","0","0","0","0","0","0","0","0","8","0","","02","2","2009","3","40.423223","-79.928693","","11","0","0","0","0","0","0","0","0","","0","0","0","","","1","","1","","40 25:23.602","","0","79 55:43.294","8","0","0","0","2301","1","0","0","N","1","0","0","3","02301","0","","1.0","","9","N","N","","0","","0","0","0","","2","","","2","1","0","0","0","1","0","2","0","1","","","","N","","","","","","","","","",""
"2009022158","","0","0","0","0","0","0","0","0","0","8","0","","02","2","2009","3","40.447708","-79.938872","","11","0","0","0","0","0","1","0","0","","0","0","0","","","1","","2","","40 26:51.748","","0","79 56:19.939","4","0","0","0","2301","1","0","0","N","1","0","0","2","02301","1","","1.0","","2","N","N","","0","","0","0","1","","2","","","2","1","0","0","0","0","0","2","0","1","","","","N","","","","","","","","","",""
"2009022159","","1","0","0","0","0","0","0","0","0","8","0","","02","2","2009","4","40.442225","-79.957896","","11","0","0","0","0","0","0","0","0","","0","0","0","","","1","","2","","40 26:32.010","","0","79 57:28.425","4","0","0","0","2301","1","0","0","","1","0","0","2","02301","1","","1.0","","9","","","","0","","0","0","0","","2","","","2","1","0","0","0","0","0","2","0","1","","","","N","","","","","","","","","",""
"2009022160","","1","0","0","0","0","0","0","0","0","4","0","","02","2","2009","3","40.447287","-79.944189","","11","0","0","0","0","0","0","0","0","2","0","0","0","","","0","","2","","40 26:50.233","3","0","79 56:39.080","0","0","0","0","2301","0","0","0","N","0","0","0","2","02301","0","","1.0","","1","N","N","","0","","0","0","1","","0","N","","2","0","0","0","0","0","0","2","0","2","","","","N","","","","","","","","","",""
"2009022170","","1","0","0","0","0","0","0","0","0","7","0","","02","2","2009","5","40.398262","-80.026291","","11","0","0","0","0","0","0","0","0","1","0","0","0","","","1","","0","","40 23:53.742","2","0","80 01:34.648","4","0","0","0","2301","0","0","0","N","0","0","0","1","02301","1","","5.0","","1","N","N","","0","","0","0","0","","0","N","","1","1","1","0","0","0","0","2","0","1","","","","N","","","","","","","","","",""
"2009022171","","0","0","0","0","0","0","0","0","0","4","0","","02","1","2009","5","40.410664","-80.02185","","11","0","0","0","0","0","1","0","0","","0","0","0","","","0","","5","","40 24:38.390","","0","80 01:18.660","0","0","0","0","2301","0","0","0","N","0","0","0","2","02301","0","","1.0","","9","N","N","","0","","0","0","2","","3","","","2","0","0","0","0","0","0","2","0","2","","","","N","","","","","","","","","",""
"2009022210","","1","0","0","0","0","0","0","0","0","4","0","","02","2","2009","2","40.397428","-80.018701","","11","0","0","0","0","0","0","0","0","","0","0","0","","","0","","1","","40 23:50.740","","0","80 01:07.323","0","0","0","0","2301","0","0","0","N","0","0","0","2","02301","0","","1.0","","9","N","N","","1","","0","0","0","","3","","","2","0","0","0","0","0","0","2","0","2","","","","N","","","","","","","","","",""
"2009022211","","3","0","0","0","0","0","0","0","0","1","0","","02","1","2009","5","40.421569","-80.029724","","11","0","0","0","0","0","1","0","0","","0","0","0","","","0","","0","","40 25:17.648","","0","80 01:47.006","9","0","0","0","2301","0","0","0","N","0","0","0","4","02301","0","","1.0","","1","N","N","","0","","0","0","1","","0","","","4","0","0","0","0","0","1","2","0","4","","","","N","","","","","","","","","",""
"2009022223","","2","0","0","0","0","0","0","0","0","4","0","","02","2","2009","1","40.402796","-79.992461","","11","0","0","0","0","0","0","0","0","","0","0","0","","","0","","0","","40 24:10.065","","0","79 59:32.859","9","0","0","0","2301","0","0","0","N","0","0","0","1","02301","0","","2.0","","1","N","N","","0","","0","0","0","","0","","","2","0","0","0","0","0","1","2","0","2","","","","N","","","","","","","","","",""
"2009022224","","2","0","0","0","0","0","0","0","0","1","0","","02","2","2009","1","40.396207","-79.986398","","11","0","0","0","0","1","0","0","0","1","0","0","0","","","1","","0","","40 23:46.345","1","0","79 59:11.032","4","0","0","0","2301","0","0","0","N","0","0","0","1","02301","1","","6.0","","1","N","N","","1","","0","0","0","","0","N","","3","1","0","0","0","0","0","2","0","3","","","","N","","","","","","","","","",""
"2009022225","","1","0","0","0","0","0","0","0","0","1","0","","02","1","2009","5","40.459997","-79.945927","","11","0","0","0","0","0","1","0","0","","0","0","0","","","2","","1","","40 27:35.989","","0","79 56:45.337","4","0","0","0","2301","0","0","0","N","0","0","0","2","02301","1","","1.0","","2","N","N","","0","","0","0","1","","2","","","2","2","0","0","0","1","0","2","0","2","","","","N","","","","","","","","","",""
"2009022226","","1","0","0","0","0","0","0","0","0","7","0","","02","1","2009","7","40.470551","-79.945871","","11","0","0","0","0","0","1","0","0","","0","0","0","","","0","","0","","40 28:13.984","","0","79 56:45.136","0","0","0","0","2301","0","0","0","N","0","0","0","1","02301","0","","2.0","","2","N","N","","0","","0","0","0","","0","","","1","0","0","0","0","0","0","2","0","1","","","","N","","","","","","","","","",""
"2009022227","","2","0","0","0","0","0","0","0","0","4","0","","02","2","2009","3","40.457636","-79.936344","","11","0","0","0","0","0","1","0","0","2","0","0","0","","","0","","1","","40 27:27.490","3","0","79 56:10.838","0","0","0","0","2301","0","0","0","N","0","0","0","2","02301","0","","1.0","","1","N","N","","0","","0","0","0","","2","N","","2","0","0","0","0","0","0","2","0","2","","","","N","","","","","","","","","",""
"2009022228","","1","0","0","0","0","0","0","0","0","1","0","","02","2","2009","2","40.481342","-79.937749","","11","0","0","0","0","0","0","0","0","1","0","0","0","","","2","","0","","40 28:52.831","1","0","79 56:15.896","8","0","0","0","2301","0","0","0","N","0","0","0","3","02301","0","","1.0","","1","N","N","","0","","0","0","1","","0","N","","2","2","2","0","0","2","0","2","0","2","","","","N","","","","","","","","","",""
"2009022229","","1","0","0","0","0","0","0","0","0","4","0","","02","2","2009","3","40.461561","-79.922082","","11","0","0","0","0","0","0","0","0","","0","0","0","","","0","","1","","40 27:41.621","","0","79 55:19.496","0","0","0","0","2301","0","0","0","","0","0","0","2","02301","0","","1.0","","9","","","","0","","0","0","1","","2","","","2","0","0","0","0","0","0","2","0","2","","","","N","","","","","","","","","",""
"2009022230","","1","0","0","0","0","0","0","0","0","4","0","","02","1","2009","4","40.3771","-79.9267","","11","0","0","0","0","0","1","0","0","1","0","0","0","","","1","","0","","40 22:37.560","2","0","79 55:36.120","4","0","0","0","2301","0","0","0","N","0","0","0","2","02301","1","","1.0","","9","N","N","","0","","0","0","1","","0","N","","2","1","0","0","0","0","0","2","0","2","","","","N","","","","","","","","","",""
"2009022231","","2","0","0","0","0","0","0","0","0","4","0","","02","1","2009","6","40.409235","-80.032159","","11","0","0","0","0","0","1","0","0","","0","0","0","","","0","","1","","40 24:33.247","","0","80 01:55.774","0","0","0","0","2301","0","0","0","N","0","0","0","2","02301","0","","1.0","","6","N","N","","0","","0","0","0","","3","","","2","0","0","0","0","0","0","2","0","2","","","","N","","","","","","","","","",""
"2009022232","","1","0","0","0","0","0","0","0","0","4","0","","02","2","2009","1","40.41326","-79.992963","","11","0","0","0","0","0","0","0","0","","0","0","0","","","0","","2","","40 24:47.736","","0","79 59:34.666","0","0","0","0","2301","0","0","0","N","0","0","0","1","02301","0","","1.0","","1","N","N","","1","","0","0","0","","3","","","2","0","1","0","0","0","0","2","0","2","","","","N","","","","","","","","","",""
"2009022233","","1","0","0","0","0","0","0","0","0","8","0","","02","2","2009","5","40.429459","-79.988632","","11","0","0","0","0","0","1","0","0","","0","0","0","","","1","","1","","40 25:46.052","","0","79 59:19.075","4","0","0","0","2301","1","0","0","N","1","0","0","2","02301","1","","1.0","","1","N","N","","0","","0","0","0","","2","","","2","1","0","0","0","0","0","2","0","1","","","","N","","","","","","","","","",""
"2009022234","","2","0","0","0","0","0","0","0","0","1","0","","02","2","2009","6","40.3816","-79.9979","","11","0","0","0","0","0","1","0","0","","0","0","0","","","2","","0","","40 22:53.760","","0","79 59:52.440","8","0","0","0","2301","0","0","0","N","0","0","0","3","02301","0","","1.0","","1","N","N","","1","","0","0","0","","0","","","3","2","0","0","0","2","0","2","0","3","","","","N","","","","","","","","","",""
"2009022235","","1","0","0","0","0","0","0","0","0","4","0","","02","2","2009","6","40.396218","-79.998194","","11","0","0","0","0","0","1","0","0","1","0","0","0","","","0","","1","","40 23:46.385","5","0","79 59:53.499","0","0","0","0","2301","0","0","0","N","0","0","0","3","02301","0","","1.0","","1","N","N","","1","","0","0","0","","2","N","","2","0","0","0","0","0","0","2","0","2","","","","N","","","","","","","","","",""
"2009022236","","1","0","0","0","0","0","0","0","0","4","0","","02","1","2009","6","40.428774","-79.985283","","11","0","0","0","1","0","0","0","0","","0","0","0","","","0","","1","","40 25:43.587","","0","79 59:07.020","0","0","0","0","2301","0","0","0","N","0","0","0","4","02301","0","","1.0","","2","N","N","","1","","0","0","0","","2","","","2","0","0","0","0","0","0","2","0","2","","","","N","","","","","","","","","",""
"2009022237","","1","0","0","0","0","0","0","0","0","0","0","","02","1","2009","6","40.426624","-79.987849","","11","0","0","0","0","0","0","0","0","1","0","0","0","","","0","","0","","40 25:35.846","3","0","79 59:16.258","0","0","0","0","2301","0","0","0","N","0","0","0","1","02301","0","","1.0","","1","N","N","","0","","0","0","0","","0","N","","1","0","0","0","0","0","0","2","0","1","","","","N","","","","","","","","","",""
"2009022238","","2","0","0","0","0","0","0","0","0","1","0","","02","2","2009","3","40.421792","-79.993676","","11","0","0","0","0","0","1","0","1","","0","0","0","","","2","","0","","40 25:18.451","","0","79 59:37.233","8","0","0","0","2301","0","0","0","N","0","0","0","4","02301","0","","1.0","","1","N","N","","0","","0","0","0","","0","","","2","2","0","0","0","2","0","2","0","2","","","","N","","","","","","","","","",""
"2009022239","","1","0","0","0","0","0","0","0","0","1","0","","02","2","2009","7","40.387032","-79.983334","","11","0","0","0","0","0","0","0","0","","0","0","0","","","0","","2","","40 23:13.315","","0","79 59:00.002","0","0","0","0","2301","0","0","0","N","0","0","0","3","02301","0","","1.0","","9","N","N","","0","","0","0","1","","0","","","2","0","0","0","0","0","0","2","0","2","","","","N","","","","","","","","","",""
"2009022247","","1","0","0","0","0","0","0","0","0","4","0","","02","2","2009","3","","","","11","0","0","0","0","0","1","0","0","1","0","0","0","","","0","","2","","","5","0","","0","0","0","0","2447","0","0","0","N","0","0","0","2","02447","0","","1.0","","1","N","N","","0","","0","0","1","","3","Y","","2","0","0","0","0","0","0","1","0","2","","","","N","","","","","","","","","",""
"2009022271","","0","0","0","0","0","0","0","0","0","7","0","","02","1","2009","7","40.3996","-79.8783","","11","0","0","0","0","0","0","0","0","2","0","0","0","","","1","","0","","40 23:58.560","2","0","79 52:41.880","8","0","0","0","2473","0","0","0","N","0","0","0","1","02473","0","","4.0","","6","N","N","","0","","0","0","1","","0","N","","1","1","0","0","0","1","0","2","0","1","","","","N","","","","","","","","","",""
"2009022272","","2","0","0","0","0","0","0","0","0","4","0","","02","1","2009","5","40.391812","-79.885176","","11","0","0","0","0","1","0","0","0","1","0","0","0","","","0","","1","","40 23:30.523","6","0","79 53:06.633","0","0","0","0","2473","0","0","0","N","0","0","0","2","02473","0","","1.0","","1","N","N","","0","","0","0","0","","3","Y","","2","0","0","0","0","0","0","2","0","2","","","","N","","","","","","","","","",""
"2009022274","","0","0","0","0","0","0","0","0","0","7","0","","02","2","2009","1","40.462422","-80.051589","","11","0","0","0","0","0","0","0","0","9","0","0","0","","","1","","0","","40 27:44.718","4","0","80 03:05.722","8","0","0","0","2301","0","0","0","N","0","0","0","1","02301","0","","2.0","","1","N","N","","0","","0","0","0","","0","N","","1","1","0","0","0","1","0","2","1","1","","","","N","","","","","","","","","",""
"2009022275","","2","0","0","0","0","0","0","0","0","4","0","","02","2","2009","1","40.454","-79.9533","","11","0","0","0","0","0","0","0","0","","0","0","0","","","0","","2","","40 27:14.400","","0","79 57:11.880","0","0","0","0","2301","0","0","0","N","0","0","0","6","02301","0","","1.0","","1","N","N","","0","","0","0","0","","2","","","2","0","0","0","0","0","0","2","0","2","","","","N","","","","","","","","","",""
"2009022291","","2","0","0","0","0","0","0","0","0","1","0","","02","2","2009","5","40.452918","-79.979822","","11","0","0","0","0","0","1","0","0","","0","0","0","","","0","","0","","40 27:10.504","","0","79 58:47.359","0","0","0","0","2301","0","0","0","N","0","0","0","2","02301","0","","1.0","","1","N","N","","0","","0","0","0","","0","","","2","0","0","0","0","0","0","2","0","2","","","","N","","","","","","","","","",""
"2009022292","","1","0","0","0","0","0","0","0","0","7","0","","02","2","2009","5","40.462612","-80.008969","","11","0","0","0","0","0","0","0","0","2","0","0","0","","","0","","0","","40 27:45.403","1","0","80 00:32.289","0","0","0","0","2301","0","0","0","N","0","0","0","1","02301","0","","5.0","","1","N","N","","0","","0","0","0","","0","N","","1","0","0","0","0","0","0","2","0","1","","","","N","","","","","","","","","",""
"2009022318","","1","0","0","0","0","0","0","0","0","4","0","","02","2","2009","5","40.625719","-79.926838","","11","0","0","0","0","0","0","0","0","","0","0","0","","","0","","2","","40 37:32.587","","0","79 55:36.618","0","0","0","0","2217","0","0","0","N","0","0","0","2","02505","0","","1.0","","6","N","N","","0","","0","0","1","","3","","","2","0","0","0","0","0","0","2","0","2","","","","N","","","","","","","","","",""
"2009022329","","1","0","0","0","0","0","0","0","0","7","0","","02","1","2009","1","40.3348","-79.9359","","11","0","0","0","0","0","0","0","0","","0","0","0","","","0","","0","","40 20:05.280","","4","79 56:09.240","0","0","0","0","2473","0","0","0","N","0","0","0","1","02473","0","","3.0","","7","N","N","","0","","0","0","0","","0","","","1","0","0","0","0","0","0","2","0","1","","","","N","","","","","","","","","",""
"2009022462","","0","0","0","0","0","0","0","0","0","7","1","","02","2","2009","3","40.5293","-79.8215","","11","0","0","0","0","0","1","0","0","","0","1","0","","","0","","0","","40 31:45.480","","0","79 49:17.400","0","0","0","0","2466","0","0","0","N","0","0","0","1","68T02","0","","4.0","","1","N","N","","0","","0","0","0","","0","","","1","0","0","0","0","0","0","1","0","1","","","","N","","","","","","","","","",""
"2009022464","","2","0","0","0","0","0","0","0","0","1","0","","02","2","2009","1","40.447378","-79.989878","","11","0","0","0","0","0","0","0","0","2","0","0","0","","","1","","0","","40 26:50.560","4","0","79 59:23.560","4","0","0","0","2301","0","0","0","N","0","0","0","5","02301","1","","1.0","","1","N","N","","0","","0","0","0","","0","N","","2","1","0","0","0","0","0","2","0","2","","","","N","","","","","","","","","",""
"2009022465","","3","0","0","0","0","0","0","0","0","1","0","","02","2","2009","3","40.429564","-79.997478","","11","0","0","0","0","0","0","0","0","2","0","0","0","","","0","","0","","40 25:46.430","6","0","79 59:50.920","0","0","0","0","2301","0","0","0","N","0","0","0","4","02301","0","","6.0","","2","N","N","","0","","0","0","1","","0","Y","","4","0","0","0","0","0","0","2","0","4","","","","N","","","","","","","","","",""