"CRN","ARRIVAL_TM","AUTOMOBILE_COUNT","BELTED_DEATH_COUNT","BELTED_SUSP_SERIOUS_INJ_COUNT","BICYCLE_COUNT","BICYCLE_DEATH_COUNT","BICYCLE_SUSP_SERIOUS_INJ_COUNT","BUS_COUNT","CHLDPAS_DEATH_COUNT","CHLDPAS_SUSP_SERIOUS_INJ_COUNT","COLLISION_TYPE","COMM_VEH_COUNT","CONS_ZONE_SPD_LIM","COUNTY","CRASH_MONTH","CRASH_YEAR","DAY_OF_WEEK","DEC_LATITUDE","DEC_LONGITUDE","DISPATCH_TM","DISTRICT","DRIVER_COUNT_16YR","DRIVER_COUNT_17YR","DRIVER_COUNT_18YR","DRIVER_COUNT_19YR","DRIVER_COUNT_20YR","DRIVER_COUNT_50_64YR","DRIVER_COUNT_65_74YR","DRIVER_COUNT_75PLUS","EST_HRS_CLOSED","FATAL_COUNT","HEAVY_TRUCK_COUNT","HORSE_BUGGY_COUNT","HOUR_OF_DAY","ILLUMINATION","INJURY_COUNT","INTERSECTION_RELATED","INTERSECT_TYPE","LANE_CLOSED","LATITUDE","LN_CLOSE_DIR","LOCATION_TYPE","LONGITUDE","MAX_SEVERITY_LEVEL","MCYCLE_DEATH_COUNT","MCYCLE_SUSP_SERIOUS_INJ_COUNT","MOTORCYCLE_COUNT","MUNICIPALITY","NONMOTR_COUNT","NONMOTR_DEATH_COUNT","NONMOTR_SUSP_SERIOUS_INJ_COUNT","NTFY_HIWY_MAINT","PED_COUNT","PED_DEATH_COUNT","PED_SUSP_SERIOUS_INJ_COUNT","PERSON_COUNT","POLICE_AGCY","POSSIBLE_INJ_COUNT","RDWY_SURF_TYPE_CD","RELATION_TO_ROAD","ROADWAY_CLEARED","ROAD_CONDITION","SCH_BUS_IND","SCH_ZONE_IND","SECONDARY_CRASH","SMALL_TRUCK_COUNT","SPEC_JURIS_CD","SUSP_MINOR_INJ_COUNT","SUSP_SERIOUS_INJ_COUNT","SUV_COUNT","TCD_FUNC_CD","TCD_TYPE","TFC_DETOUR_IND","TIME_OF_DAY","TOTAL_UNITS","TOT_INJ_COUNT","UNBELTED_OCC_COUNT","UNB_DEATH_COUNT","UNB_SUSP_SERIOUS_INJ_COUNT","UNK_INJ_DEG_COUNT","UNK_INJ_PER_COUNT","URBAN_RURAL","VAN_COUNT","VEHICLE_COUNT","WEATHER1","WEATHER2","WORKERS_PRES","WORK_ZONE_IND","WORK_ZONE_LOC","WORK_ZONE_TYPE","WZ_CLOSE_DETOUR","WZ_FLAGGER","WZ_LAW_OFFCR_IND","WZ_LN_CLOSURE","WZ_MOVING","WZ_OTHER","WZ_SHLDER_MDN","WZ_WORKERS_INJ_KILLED"
"2009022466","","1","0","0","0","0","0","0","0","0","8","0","","02","2","2009","3","40.437496","-80.017691","","11","0","0","0","0","0","0","0","0","3","0","0","0","","","2","","2","","40 26:14.985","7","0","80 01:03.687","2","0","0","0","2301","1","0","1","N","1","0","1","2","02301","1","","1.0","","1","N","N","","0","","0","1","0","","0","Y","","2","2","0","0","0","0","0","2","0","1","","","","N","","","","","","","","","",""
"2009022468","","0","0","0","0","0","0","0","0","0","7","0","","02","1","2009","6","40.466584","-80.034605","","11","0","0","0","0","0","0","0","0","","0","0","0","","","1","","3","","40 27:59.702","","0","80 02:04.577","4","0","0","0","2301","0","0","0","N","0","0","0","3","02301","1","","4.0","","9","N","N","","1","","0","0","0","","0","","","1","1","0","0","0","0","0","2","0","1","","","","N","","","","","","","","","",""
"2009022505","","1","0","0","0","0","0","0","0","0","7","0","","02","2","2009","5","40.64138","-79.938314","","11","0","0","0","0","0","0","0","0","","0","0","0","","","0","","0","","40 38:28.968","","0","79 56:17.931","0","0","0","0","2217","0","0","0","N","0","0","0","1","02505","0","","2.0","","7","N","N","","0","","0","0","0","","0","","","1","0","0","0","0","0","0","2","0","1","","","","N","","","","","","","","","",""
"2009022512","","1","0","0","0","0","0","0","0","0","4","0","","02","2","2009","5","40.628169","-79.931559","","11","1","0","0","0","0","0","0","0","","0","0","0","","","1","","0","","40 37:41.409","","0","79 55:53.612","8","0","0","0","2217","0","0","0","N","0","0","0","3","02505","0","","1.0","","9","N","N","","0","","0","0","1","","0","","","2","1","0","0","0","1","0","2","0","2","","","","N","","","","","","","","","",""
"2009022520","","1","0","0","0","0","0","0","0","0","4","0","","02","2","2009","6","40.461138","-79.812565","","11","0","0","0","0","0","0","1","0","","0","0","0","","","0","","0","","40 27:40.096","","0","79 48:45.234","0","0","0","0","2113","0","0","0","N","0","0","0","2","02113","0","","1.0","","1","N","N","","0","","0","0","0","","0","","","2","0","0","0","0","0","0","2","1","2","","","","N","","","","","","","","","",""
"2009022522","","1","0","0","0","0","0","0","0","0","4","0","","02","2","2009","5","40.645394","-80.054516","","11","0","0","0","0","0","0","0","0","","0","0","0","","","0","","2","","40 38:43.418","","0","80 03:16.259","0","0","0","0","2216","0","0","0","N","0","0","0","2","02505","0","","1.0","","7","N","N","","0","","0","0","1","","0","","","2","0","0","0","0","0","0","2","0","2","","","","N","","","","","","","","","",""
"2009022528","","3","0","0","0","0","0","0","0","0","4","0","","02","2","2009","6","40.3302","-79.9454","","11","0","0","1","0","0","1","1","0","1","0","0","0","","","0","","0","","40 19:48.720","5","0","79 56:43.440","0","0","0","0","2454","0","0","0","N","0","0","0","7","02454","0","","1.0","","1","N","N","","1","","0","0","0","","2","Y","","4","0","0","0","0","0","0","2","0","4","","","","N","","","","","","","","","",""
"2009022551","","2","0","0","0","0","0","0","0","0","4","0","","02","1","2009","6","40.3972","-80.0659","","11","0","0","0","0","0","0","0","0","1","0","0","0","","","0","","0","","40 23:49.920","2","0","80 03:57.240","0","0","0","0","2117","0","0","0","N","0","0","0","2","02117","0","","1.0","","1","N","N","","0","","0","0","0","","0","N","","2","0","0","0","0","0","0","2","0","2","","","","N","","","","","","","","","",""
"2009022556","","3","0","0","0","0","0","0","0","0","4","0","","02","2","2009","3","40.390669","-80.074579","","11","0","0","0","0","1","2","0","0","","0","0","0","","","0","","5","","40 23:26.409","","0","80 04:28.483","0","0","0","0","2117","0","0","0","N","0","0","0","4","02117","0","","1.0","","1","N","N","","0","","0","0","0","","2","","","4","0","0","0","0","0","0","2","0","3","","","","N","","","","","","","","","",""
"2009022566","","2","0","0","0","0","0","0","0","0","99","0","","02","2","2009","6","40.591258","-79.947984","","11","0","0","0","0","1","2","0","0","","0","0","0","","","0","","1","","40 35:28.528","","0","79 56:52.743","0","0","0","0","2207","0","0","0","N","0","0","0","3","02207","0","","1.0","","1","N","N","","1","","0","0","0","","2","","","3","0","1","0","0","0","0","2","0","3","","","","N","","","","","","","","","",""
"2009022568","","2","0","0","0","0","0","0","0","0","4","0","","02","2","2009","6","40.333333","-79.984297","","11","0","0","0","0","0","1","0","0","1","0","0","0","","","1","","2","","40 19:59.997","4","0","79 59:03.470","4","0","0","0","2454","0","0","0","N","0","0","0","2","02454","1","","1.0","","1","N","N","","0","","0","0","0","","3","N","","2","1","0","0","0","0","0","2","0","2","","","","N","","","","","","","","","",""
"2009022573","","0","0","0","0","0","0","0","0","0","7","0","","02","2","2009","5","40.5083","-80.1697","","11","0","0","0","0","0","0","0","0","","0","0","0","","","0","","2","","40 30:29.880","","0","80 10:10.920","0","0","0","0","2213","0","0","0","N","0","0","0","1","02213","0","","4.0","","7","N","N","","0","","0","0","1","","0","","","1","0","0","0","0","0","0","2","0","1","","","","N","","","","","","","","","",""
"2009022574","","0","0","0","0","0","0","0","0","0","7","0","","02","2","2009","1","40.5344","-80.1935","","11","0","0","0","0","0","0","0","0","","0","0","0","","","0","","0","","40 32:03.840","","0","80 11:36.600","0","0","0","0","2213","0","0","0","N","0","0","0","1","02213","0","","3.0","","7","N","N","","0","","0","0","1","","0","","","1","0","0","0","0","0","0","2","0","1","","","","N","","","","","","","","","",""
"2009022575","","1","0","0","0","0","0","0","0","0","4","0","","02","2","2009","5","40.51307","-80.233346","","11","0","0","0","0","0","1","0","0","2","0","0","0","","","1","","10","","40 30:47.053","4","0","80 14:00.046","4","0","0","0","2213","0","0","0","Y","0","0","0","2","02213","1","","1.0","","7","N","N","","0","","0","0","0","","3","N","","2","1","0","0","0","0","0","2","1","2","","","","N","","","","","","","","","",""
"2009022576","","1","0","0","0","0","0","0","0","0","4","0","","02","2","2009","6","40.3183","-80.0881","","11","0","0","0","0","0","0","0","0","","0","0","0","","","0","","0","","40 19:05.880","","0","80 05:17.160","0","0","0","0","2422","0","0","0","N","0","0","0","2","02422","0","","1.0","","1","N","N","","0","","0","0","1","","0","","","2","0","0","0","0","0","0","2","0","2","","","","N","","","","","","","","","",""
"2009022602","","2","0","0","0","0","0","0","0","0","1","0","","02","1","2009","4","40.436859","-80.211726","","11","0","0","0","0","0","1","0","0","2","0","0","0","","","1","","0","","40 26:12.694","4","3","80 12:42.213","3","0","0","0","2214","0","0","0","N","0","0","0","4","68B03","0","","1.0","","7","N","N","","1","","1","0","0","","0","N","","3","1","0","0","0","0","0","2","0","3","","","","N","","","","","","","","","",""
"2009022603","","1","0","0","0","0","0","0","0","0","7","0","","02","1","2009","3","40.432615","-80.140326","","11","0","0","0","0","0","0","0","0","","0","0","0","","","0","","0","","40 25:57.413","","0","80 08:25.173","0","0","0","0","2115","0","0","0","N","0","0","0","1","68B03","0","","3.0","","6","N","N","","0","","0","0","0","","0","","","1","0","0","0","0","0","0","2","0","1","","","","N","","","","","","","","","",""
"2009022604","","1","0","0","0","0","0","0","0","0","2","0","","02","1","2009","6","40.422774","-80.03042","","11","0","0","0","0","0","1","0","0","3","0","0","0","","","2","","0","","40 25:21.986","1","0","80 01:49.513","2","0","0","0","2301","0","0","0","N","0","0","0","2","68B03","0","","1.0","","1","N","N","","0","","0","1","0","","0","N","","2","2","0","0","0","1","0","2","1","2","","","","N","","","","","","","","","",""
"2009022605","","2","0","0","0","0","0","0","0","0","1","0","","02","1","2009","6","40.4401","-80.1881","","11","0","0","0","0","0","1","0","0","","0","0","0","","","0","","0","","40 26:24.360","","2","80 11:17.160","0","0","0","0","2214","0","0","0","N","0","0","0","2","68B03","0","","1.0","","7","N","N","","0","","0","0","0","","4","","","2","0","0","0","0","0","0","2","0","2","","","","N","","","","","","","","","",""
"2009022606","","2","0","0","0","0","0","0","0","0","1","0","","02","2","2009","3","40.429675","-80.134124","","11","0","0","1","0","0","0","0","0","1","0","0","0","","","0","","0","","40 25:46.831","3","0","80 08:02.847","0","0","0","0","2102","0","0","0","N","0","0","0","3","68B04","0","","1.0","","1","N","N","","1","","0","0","0","","0","Y","","3","0","0","0","0","0","0","2","0","3","","","","N","","","","","","","","","",""
"2009022608","","1","0","0","0","0","0","0","0","0","7","0","","02","2","2009","5","40.512981","-80.278465","","11","0","0","0","0","0","0","0","0","3","0","0","0","","","0","","0","","40 30:46.731","2","0","80 16:42.475","0","0","0","0","2203","0","0","0","Y","0","0","0","1","68B03","0","","5.0","","2","N","N","","0","","0","0","0","","0","N","","1","0","0","0","0","0","0","2","0","1","","","","N","","","","","","","","","",""
"2009022610","","0","0","0","0","0","0","0","0","0","1","0","","02","2","2009","5","","","","11","0","0","0","0","0","0","0","0","","0","0","0","","","0","","0","","40 25:28.92","","0","80 06:46.44","9","0","0","0","2102","0","0","0","N","0","0","0","3","68B03","0","","1.0","","9","N","N","","1","","0","0","1","","0","","","3","0","0","0","0","0","1","2","0","3","","","","N","","","","","","","","","",""
"2009022671","","1","0","0","0","0","0","0","0","0","7","0","","02","2","2009","4","40.474068","-80.034913","","11","0","0","0","0","0","0","0","0","","0","0","0","","","0","","0","","40 28:26.644","","0","80 02:05.686","9","0","0","0","2301","0","0","0","N","0","0","0","1","02301","0","","4.0","","9","N","N","","0","","0","0","0","","0","","","1","0","0","0","0","0","1","2","0","1","","","","N","","","","","","","","","",""
"2009022732","","0","0","0","0","0","0","0","0","0","0","0","","02","2","2009","1","40.4372","-79.9987","","11","0","0","0","0","0","0","0","0","","0","0","0","","","0","","7","","40 26:13.920","","2","79 59:55.320","0","0","0","0","2301","0","0","0","N","0","0","0","1","02301","0","","2.0","","1","N","N","","0","","0","0","1","","0","","","2","0","0","0","0","0","0","2","0","1","","","","N","","","","","","","","","",""
"2009022743","","2","0","0","0","0","0","0","0","0","1","0","","02","2","2009","6","40.633387","-80.059475","","11","0","1","0","0","0","0","0","0","2","0","0","0","","","0","","1","","40 38:00.194","1","0","80 03:34.110","0","0","0","0","2216","0","0","0","N","0","0","0","5","02505","0","","1.0","","1","N","N","","0","","0","0","2","","2","N","","4","0","0","0","0","0","0","2","0","4","","","","N","","","","","","","","","",""
"2009022744","","1","0","0","0","0","0","0","0","0","1","0","","02","2","2009","6","40.376591","-80.047105","","11","0","0","0","0","0","0","1","0","2","0","0","0","","","2","","2","","40 22:35.729","2","0","80 02:49.577","4","0","0","0","2109","0","0","0","N","0","0","0","3","02109","2","","1.0","","1","N","N","","0","","0","0","1","","0","N","","2","2","0","0","0","0","0","2","0","2","","","","N","","","","","","","","","",""
"2009022749","","2","0","0","0","0","0","0","0","0","4","0","","02","2","2009","6","40.3925","-80.0623","","11","0","0","0","0","0","1","0","0","","0","0","0","","","1","","0","","40 23:33.000","","0","80 03:44.280","8","0","0","0","2117","0","0","0","N","0","0","0","3","02117","0","","1.0","","1","N","N","","0","","0","0","0","","0","","","2","1","0","0","0","1","0","2","0","2","","","","N","","","","","","","","","",""
"2009022753","","1","0","0","0","0","0","0","0","0","7","0","","02","2","2009","7","40.5833","-79.8265","","11","0","0","0","0","0","0","0","0","","0","0","0","","","0","","0","","40 34:59.880","","7","79 49:35.400","0","0","0","0","2220","0","0","0","N","0","0","0","1","02220","0","","5.0","","1","N","N","","0","","0","0","0","","0","","","1","0","0","0","0","0","0","2","0","1","","","","N","","","","","","","","","",""
"2009022754","","1","0","0","0","0","0","0","0","0","7","0","","02","2","2009","7","40.5872","-79.9992","","11","0","0","0","0","0","0","0","0","","0","0","0","","","1","","0","","40 35:13.920","","0","79 59:57.120","3","0","0","0","2216","0","0","0","N","0","0","0","2","02505","0","","5.0","","1","N","N","","0","","1","0","0","","0","","","1","1","0","0","0","0","1","1","0","1","","","","N","","","","","","","","","",""
"2009022758","","2","0","0","0","0","0","0","0","0","4","0","","02","2","2009","7","40.558214","-79.959018","","11","0","0","0","0","0","0","0","0","2","0","0","0","","","1","","2","","40 33:29.570","1","0","79 57:32.465","4","0","0","0","2207","0","0","0","N","0","0","0","2","02207","1","","1.0","","1","N","N","","0","","0","0","0","","0","N","","2","1","0","0","0","0","0","2","0","2","","","","N","","","","","","","","","",""
"2009022779","","1","0","0","0","0","0","0","0","0","7","0","","02","2","2009","2","40.396839","-80.007383","","11","0","0","0","0","0","0","0","0","1","0","0","0","","","0","","0","","40 23:48.620","6","0","80 00:26.578","0","0","0","0","2301","0","0","0","","0","0","0","1","02301","0","","2.0","","2","","","","0","","0","0","0","","0","N","","1","0","0","0","0","0","0","2","0","1","","","","N","","","","","","","","","",""
"2009022780","","2","0","0","0","0","0","0","0","0","1","0","","02","2","2009","3","40.5868","-80.045389","","11","0","0","0","0","0","0","0","1","","0","0","0","","","1","","0","","40 35:12.479","","7","80 02:43.402","8","0","0","0","2108","0","0","0","N","0","0","0","4","02108","0","","1.0","","9","N","N","","0","","0","0","1","","0","","","3","1","0","0","0","1","0","2","0","3","","","","N","","","","","","","","","",""
"2009022781","","2","0","0","0","0","0","0","0","0","1","0","","02","2","2009","5","40.594595","-79.994617","","11","0","0","0","0","0","1","1","0","1","0","0","0","","","2","","0","","40 35:40.543","3","7","79 59:40.622","4","0","0","0","2108","0","0","0","","0","0","0","2","02108","2","","1.0","","1","","","","0","","0","0","0","","0","N","","2","2","1","0","0","0","0","2","0","2","","","","N","","","","","","","","","",""
"2009022782","","1","0","0","0","0","0","0","0","0","2","0","","02","2","2009","1","40.586795","-80.045021","","11","0","0","0","0","0","1","0","0","2","0","0","0","","","2","","1","","40 35:12.462","2","0","80 02:42.075","4","0","0","0","2108","0","0","0","N","0","0","0","3","02108","1","","1.0","","1","N","N","","0","","0","0","1","","2","Y","","2","2","0","0","0","1","0","2","0","2","","","","N","","","","","","","","","",""
"2009022783","","3","0","0","0","0","0","0","0","0","5","0","","02","2","2009","2","40.609849","-80.053228","","11","0","0","0","0","0","2","0","0","2","0","0","0","","","2","","0","","40 36:35.455","5","7","80 03:11.620","4","0","0","0","2108","0","0","0","N","0","0","0","8","02108","2","","1.0","","1","N","N","","1","","0","0","0","","2","N","","4","2","0","0","0","0","0","2","0","4","","","","N","","","","","","","","","",""
"2009022784","","1","0","0","0","0","0","0","0","0","1","0","","02","2","2009","7","40.448227","-79.986908","","11","0","0","0","0","0","0","0","0","1","0","0","0","","","0","","2","","40 26:53.617","4","0","79 59:12.868","0","0","0","0","2301","0","0","0","N","0","0","0","5","02301","0","","1.0","","1","N","N","","0","","0","0","1","","2","N","","2","0","0","0","0","0","0","2","0","2","","","","N","","","","","","","","","",""
"2009022791","","2","0","0","0","0","0","0","0","0","4","0","","02","1","2009","6","40.4359","-79.9595","","11","0","0","0","0","0","0","1","0","1","0","0","0","","","0","","0","","40 26:09.240","3","0","79 57:34.200","0","0","0","0","2301","0","0","0","N","0","0","0","3","02301","0","","1.0","","2","N","N","","0","","0","0","0","","0","N","","2","0","0","0","0","0","0","2","0","2","","","","N","","","","","","","","","",""
"2009022792","","0","0","0","0","0","0","0","0","0","0","0","","02","2","2009","1","40.396231","-79.987432","","11","0","0","0","0","0","0","0","0","1","0","0","0","","","1","","2","","40 23:46.431","1","0","79 59:14.755","4","0","0","0","2301","0","0","0","N","0","0","0","1","02301","1","","1.0","","1","N","N","","0","","0","0","1","","0","N","","1","1","1","0","0","0","0","2","0","1","","","","N","","","","","","","","","",""
"2009022793","","1","0","0","0","0","0","0","0","0","7","0","","02","1","2009","3","40.415213","-80.023082","","11","0","0","0","0","0","0","0","0","1","0","0","0","","","0","","0","","40 24:54.766","6","0","80 01:23.095","0","0","0","0","2301","0","0","0","N","0","0","0","1","02301","0","","4.0","","2","N","N","","0","","0","0","0","","0","Y","","1","0","0","0","0","0","0","2","0","1","","","","N","","","","","","","","","",""
"2009022797","","1","0","0","0","0","0","0","0","0","7","0","","02","1","2009","1","40.4749","-79.781","","11","0","1","0","0","0","0","0","0","1","0","0","0","","","0","","0","","40 28:29.640","5","0","79 46:51.600","0","0","0","0","2113","0","0","0","N","0","0","0","2","02113","0","","4.0","","7","N","N","","0","","0","0","0","","0","N","","1","0","0","0","0","0","0","2","0","1","","","","N","","","","","","","","","",""
"2009022935","","0","0","0","0","0","0","0","0","0","7","0","","02","2","2009","6","40.6679","-80.0203","","11","0","0","0","0","0","0","0","0","1","0","0","0","","","0","","0","","40 40:04.440","6","0","80 01:13.080","0","0","0","0","2216","0","0","0","N","0","0","0","2","02505","0","","5.0","","7","N","N","","0","","0","0","1","","0","N","","1","0","0","0","0","0","0","2","0","1","","","","N","","","","","","","","","",""
"2009022938","","2","0","0","0","0","0","0","0","0","1","0","","02","2","2009","6","40.346601","-79.79259","","11","0","0","1","0","0","0","1","0","1","0","0","0","","","1","","2","","40 20:47.763","2","0","79 47:33.325","4","0","0","0","2477","0","0","0","N","0","0","0","4","02477","1","","1.0","","1","N","N","","0","","0","0","0","","9","N","","2","1","0","0","0","0","0","2","0","2","","","","N","","","","","","","","","",""
"2009022941","","0","0","0","0","0","0","0","0","0","1","0","","02","2","2009","5","40.6219","-80.0722","","11","0","0","0","0","0","0","0","0","2","0","0","0","","","2","","0","","40 37:18.840","6","0","80 04:19.920","4","0","0","0","2216","0","0","0","N","0","0","0","3","02505","2","","1.0","","7","N","N","","1","","0","0","1","","0","N","","2","2","0","0","0","0","0","2","0","2","","","","N","","","","","","","","","",""
"2009022944","","2","0","0","0","0","0","0","0","0","7","0","","02","2","2009","5","40.637822","-80.095367","","11","0","0","0","0","0","0","0","1","","0","0","0","","","0","","0","","40 38:16.159","","0","80 05:43.321","0","0","0","0","2412","0","0","0","N","0","0","0","2","02505","0","","5.0","","7","N","N","","0","","0","0","0","","0","","","2","0","0","0","0","0","0","2","0","2","","","","N","","","","","","","","","",""
"2009022952","","1","0","0","0","0","0","0","0","0","1","0","","02","2","2009","7","40.4528","-79.826","","11","0","0","0","0","0","2","0","0","","0","0","0","","","0","","2","","40 27:10.080","","0","79 49:33.600","0","0","0","0","2113","0","0","0","N","0","0","0","2","02113","0","","1.0","","1","N","N","","0","","0","0","1","","3","","","2","0","0","0","0","0","0","2","0","2","","","","N","","","","","","","","","",""
"2009022953","","1","0","0","0","0","0","0","0","0","0","0","","02","2","2009","6","40.308709","-79.912795","","11","0","0","0","0","0","0","0","0","2","0","0","0","","","1","","2","","40 18:31.352","5","0","79 54:46.062","4","0","0","0","2440","0","0","0","Y","0","0","0","2","02440","1","","5.0","","1","N","N","","0","","0","0","1","","3","N","","2","1","2","0","0","0","0","2","0","2","","","","N","","","","","","","","","",""
"2009022965","","1","0","0","0","0","0","0","0","0","4","0","","02","2","2009","7","40.4388","-79.7669","","11","0","0","0","0","0","1","0","0","","0","0","0","","","0","","0","","40 26:19.680","","0","79 46:00.840","0","0","0","0","2446","0","0","0","N","0","0","0","3","02446","0","","1.0","","1","N","N","","0","","0","0","0","","0","","","2","0","0","0","0","0","0","2","1","2","","","","N","","","","","","","","","",""
"2009022966","","1","0","0","0","0","0","0","0","0","1","0","","02","2","2009","6","40.4873","-80.0769","","11","0","0","0","0","0","0","0","0","","0","0","0","","","0","","0","","40 29:14.280","","0","80 04:36.840","0","0","0","0","2122","0","0","0","N","0","0","0","2","02122","0","","1.0","","1","N","N","","0","","0","0","1","","0","","","2","0","0","0","0","0","0","2","0","2","","","","N","","","","","","","","","",""
"2009022985","","1","0","0","0","0","0","0","0","0","7","0","","02","2","2009","1","40.420673","-80.031858","","11","0","0","0","0","0","0","0","0","","0","0","0","","","1","","0","","40 25:14.424","","0","80 01:54.688","4","0","0","0","2301","0","0","0","N","0","0","0","1","68B03","1","","2.0","","1","N","N","","0","","0","0","0","","0","","","1","1","0","0","0","0","0","2","0","1","","","","N","","","","","","","","","",""
"2009022986","","2","0","0","0","0","0","0","0","0","1","0","","02","2","2009","6","40.439773","-80.009838","","11","0","0","0","0","2","0","0","0","3","0","0","0","","","2","","3","","40 26:23.181","2","2","80 00:35.415","4","0","0","0","2301","0","0","0","N","0","0","0","4","68B03","2","","1.0","","1","N","N","","0","","0","0","0","","4","N","","2","2","0","0","0","0","0","2","0","2","","","","N","","","","","","","","","",""
"2009022987","","1","0","0","0","0","0","0","0","0","1","0","","02","2","2009","3","40.440589","-80.156193","","11","0","0","1","0","0","0","0","0","1","0","0","0","","","0","","0","","40 26:26.120","3","0","80 09:22.296","0","0","0","0","2115","0","0","0","N","0","0","0","5","68B03","0","","1.0","","9","N","N","","0","","0","0","1","","0","N","","2","0","0","0","0","0","0","2","0","2","","","","N","","","","","","","","","",""
"2009022996","","0","0","0","0","0","0","0","0","0","99","0","","02","2","2009","1","40.503614","-79.860542","","11","0","0","0","0","0","0","0","0","","0","0","0","","","0","","0","","40 30:13.011","","0","79 51:37.951","0","0","0","0","2112","0","0","0","N","0","0","0","1","68D02","0","","1.0","","1","N","N","","0","","0","0","1","","0","","","1","0","0","0","0","0","0","2","0","1","","","","N","","","","","","","","","",""
"2009023049","","1","0","0","0","0","0","0","0","0","4","0","","02","2","2009","7","40.56495","-79.956914","","11","1","0","0","0","0","1","0","0","2","0","0","0","","","0","","2","","40 33:53.820","5","0","79 57:24.892","0","0","0","0","2207","0","0","0","N","0","0","0","10","02207","0","","1.0","","1","N","N","","0","","0","0","2","","3","N","","3","0","0","0","0","0","0","2","0","3","","","","N","","","","","","","","","",""
"2009023056","","1","0","0","0","0","0","0","0","0","7","0","","02","2","2009","7","40.388695","-79.830309","","11","0","0","0","0","0","0","0","0","","0","0","0","","","0","","2","","40 23:19.302","","0","79 49:49.113","0","0","0","0","2111","0","0","0","N","0","0","0","1","02111","0","","4.0","","1","N","N","","0","","0","0","0","","2","","","1","0","0","0","0","0","0","2","0","1","","","","N","","","","","","","","","",""
"2009023057","","0","0","0","0","0","0","0","0","0","7","0","","02","2","2009","7","40.289545","-79.888373","","11","0","0","0","0","0","0","0","0","4","0","0","0","","","1","","0","","40 17:22.362","3","0","79 53:18.142","4","0","0","0","2302","0","0","0","N","0","0","0","1","02302","1","","5.0","","1","N","N","","1","","0","0","0","","0","Y","","1","1","1","0","0","0","0","2","0","1","","","","N","","","","","","","","","",""
"2009023058","","2","0","0","0","0","0","0","0","0","7","0","","02","2","2009","7","40.441931","-79.766553","","11","0","0","0","0","0","0","0","0","1","0","0","0","","","1","","0","","40 26:30.950","1","0","79 45:59.590","8","0","0","0","2446","0","0","0","N","0","0","0","1","02446","0","","4.0","","1","N","N","","0","","0","0","1","","0","N","","3","1","1","0","0","1","0","2","0","3","","","","N","","","","","","","","","",""
"2009023069","","0","0","0","0","0","0","0","0","0","7","0","","02","2","2009","7","40.5016","-80.0755","","11","0","0","0","0","0","0","0","0","","0","0","0","","","0","","0","","40 30:05.760","","0","80 04:31.800","0","0","0","0","2402","0","0","0","Y","0","0","0","1","02402","0","","2.0","","1","N","N","","0","","0","0","1","","0","","","1","0","0","0","0","0","0","2","0","1","","","","N","","","","","","","","","",""
"2009023071","","1","0","0","0","0","0","0","0","0","7","0","","02","2","2009","1","40.4306","-79.8389","","11","0","0","0","0","0","0","0","0","","0","0","0","","","0","","0","","40 25:50.160","","0","79 50:20.040","0","0","0","0","2113","0","0","0","N","0","0","0","4","02113","0","","5.0","","7","N","N","","0","","0","0","0","","0","","","1","0","0","0","0","0","0","2","0","1","","","","N","","","","","","","","","",""
"2009023072","","2","0","0","0","0","0","0","0","0","4","0","","02","2","2009","1","40.534035","-80.019122","","11","0","0","0","0","1","0","0","0","","0","0","0","","","1","","1","","40 32:02.526","","0","80 01:08.839","4","0","0","0","2116","0","0","0","N","0","0","0","5","02116","1","","1.0","","7","N","N","","0","","0","0","0","","0","","","2","1","3","0","0","0","0","2","0","2","","","","N","","","","","","","","","",""
"2009023078","","1","0","0","0","0","0","0","0","0","4","0","","02","2","2009","5","40.547224","-79.966605","","11","0","0","0","0","0","0","0","0","1","0","0","0","","","2","","0","","40 32:50.006","3","0","79 57:59.778","4","0","0","0","2118","0","0","0","N","0","0","0","2","02118","2","","1.0","","7","N","N","","0","","0","0","1","","0","N","","2","2","1","0","0","0","0","2","0","2","","","","N","","","","","","","","","",""
"2009023079","","2","0","0","0","0","0","0","0","0","1","0","","02","2","2009","7","40.346988","-80.054955","","11","0","0","0","0","0","0","0","0","","0","0","0","","","0","","1","","40 20:49.158","","0","80 03:17.838","0","0","0","0","2123","0","0","0","N","0","0","0","3","02123","0","","1.0","","1","N","N","","0","","0","0","0","","2","","","2","0","1","0","0","0","0","2","0","2","","","","N","","","","","","","","","",""
"2009023083","","2","0","0","0","0","0","0","0","0","1","0","","02","2","2009","5","40.4968","-79.9373","","11","0","0","0","0","0","0","0","0","","0","0","0","","","0","","6","","40 29:48.480","","2","79 56:14.280","0","0","0","0","2430","0","0","0","N","0","0","0","2","02430","0","","1.0","","1","N","N","","0","","0","0","0","","0","","","2","0","0","0","0","0","0","2","0","2","","","","N","","","","","","","","","",""
"2009023091","","1","0","0","0","0","0","0","0","0","5","0","","02","2","2009","2","40.504712","-80.009377","","11","0","0","0","1","0","0","0","0","","0","0","0","","","3","","0","","40 30:16.963","","0","80 00:33.756","4","0","0","0","2116","0","0","0","N","0","0","0","4","02116","3","","1.0","","1","N","N","","0","","0","0","1","","0","","","2","3","0","0","0","0","0","2","0","2","","","","N","","","","","","","","","",""
"2009023095","","1","0","0","0","0","0","0","0","0","7","0","","02","2","2009","1","40.6315","-79.9901","","11","0","0","0","0","0","1","0","0","2","0","0","0","","","0","","0","","40 37:53.400","3","0","79 59:24.360","0","0","0","0","2216","0","0","0","Y","0","0","0","2","02505","0","","5.0","","2","N","N","","0","","0","0","0","","0","N","","1","0","0","0","0","0","0","1","0","1","","","","N","","","","","","","","","",""