"CRN","ARRIVAL_TM","AUTOMOBILE_COUNT","BELTED_DEATH_COUNT","BELTED_SUSP_SERIOUS_INJ_COUNT","BICYCLE_COUNT","BICYCLE_DEATH_COUNT","BICYCLE_SUSP_SERIOUS_INJ_COUNT","BUS_COUNT","CHLDPAS_DEATH_COUNT","CHLDPAS_SUSP_SERIOUS_INJ_COUNT","COLLISION_TYPE","COMM_VEH_COUNT","CONS_ZONE_SPD_LIM","COUNTY","CRASH_MONTH","CRASH_YEAR","DAY_OF_WEEK","DEC_LATITUDE","DEC_LONGITUDE","DISPATCH_TM","DISTRICT","DRIVER_COUNT_16YR","DRIVER_COUNT_17YR","DRIVER_COUNT_18YR","DRIVER_COUNT_19YR","DRIVER_COUNT_20YR","DRIVER_COUNT_50_64YR","DRIVER_COUNT_65_74YR","DRIVER_COUNT_75PLUS","EST_HRS_CLOSED","FATAL_COUNT","HEAVY_TRUCK_COUNT","HORSE_BUGGY_COUNT","HOUR_OF_DAY","ILLUMINATION","INJURY_COUNT","INTERSECTION_RELATED","INTERSECT_TYPE","LANE_CLOSED","LATITUDE","LN_CLOSE_DIR","LOCATION_TYPE","LONGITUDE","MAX_SEVERITY_LEVEL","MCYCLE_DEATH_COUNT","MCYCLE_SUSP_SERIOUS_INJ_COUNT","MOTORCYCLE_COUNT","MUNICIPALITY","NONMOTR_COUNT","NONMOTR_DEATH_COUNT","NONMOTR_SUSP_SERIOUS_INJ_COUNT","NTFY_HIWY_MAINT","PED_COUNT","PED_DEATH_COUNT","PED_SUSP_SERIOUS_INJ_COUNT","PERSON_COUNT","POLICE_AGCY","POSSIBLE_INJ_COUNT","RDWY_SURF_TYPE_CD","RELATION_TO_ROAD","ROADWAY_CLEARED","ROAD_CONDITION","SCH_BUS_IND","SCH_ZONE_IND","SECONDARY_CRASH","SMALL_TRUCK_COUNT","SPEC_JURIS_CD","SUSP_MINOR_INJ_COUNT","SUSP_SERIOUS_INJ_COUNT","SUV_COUNT","TCD_FUNC_CD","TCD_TYPE","TFC_DETOUR_IND","TIME_OF_DAY","TOTAL_UNITS","TOT_INJ_COUNT","UNBELTED_OCC_COUNT","UNB_DEATH_COUNT","UNB_SUSP_SERIOUS_INJ_COUNT","UNK_INJ_DEG_COUNT","UNK_INJ_PER_COUNT","URBAN_RURAL","VAN_COUNT","VEHICLE_COUNT","WEATHER1","WEATHER2","WORKERS_PRES","WORK_ZONE_IND","WORK_ZONE_LOC","WORK_ZONE_TYPE","WZ_CLOSE_DETOUR","WZ_FLAGGER","WZ_LAW_OFFCR_IND","WZ_LN_CLOSURE","WZ_MOVING","WZ_OTHER","WZ_SHLDER_MDN","WZ_WORKERS_INJ_KILLED"
"2009026771","","1","0","0","0","0","0","0","0","0","7","0","","02","3","2009","1","40.497235","-80.176162","","11","0","1","0","0","0","0","0","0","","0","0","0","","","1","","0","","40 29:50.046","","0","80 10:34.183","4","0","0","0","2213","0","0","0","N","0","0","0","1","02213","1","","4.0","","1","N","N","","0","","0","0","0","","0","","","1","1","0","0","0","0","0","2","0","1","","","","N","","","","","","","","","",""
"2009026772","","1","0","0","0","0","0","0","0","0","7","0","","02","2","2009","1","40.5433","-80.2121","","11","0","0","0","0","0","1","0","0","2","0","0","0","","","0","","0","","40 32:35.880","2","0","80 12:43.560","0","0","0","0","2213","0","0","0","N","0","0","0","1","02213","0","","2.0","","7","N","N","","0","","0","0","0","","0","Y","","1","0","1","0","0","0","0","2","0","1","","","","N","","","","","","","","","",""
"2009026817","","0","0","0","0","0","0","0","0","0","4","0","","02","2","2009","2","40.396993","-80.02334","","11","0","0","0","0","0","0","0","0","","0","0","0","","","1","","2","","40 23:49.174","","0","80 01:24.024","8","0","0","1","2301","0","0","0","N","0","0","0","3","02301","0","","1.0","","1","N","N","","1","","0","0","0","","0","","","2","1","0","0","0","1","0","2","0","2","","","","N","","","","","","","","","",""
"2009026827","","2","0","0","0","0","0","0","0","0","4","0","","02","2","2009","4","40.449819","-79.929656","","11","0","0","0","0","0","0","0","1","1","0","0","0","","","1","","1","","40 26:59.348","3","0","79 55:46.761","4","0","0","0","2301","0","0","0","N","0","0","0","3","02301","1","","1.0","","9","N","N","","0","","0","0","0","","2","N","","2","1","0","0","0","0","0","2","0","2","","","","N","","","","","","","","","",""
"2009026829","","2","0","0","0","0","0","0","0","0","4","0","","02","2","2009","6","40.463335","-79.912343","","11","0","0","0","0","0","1","0","0","","0","0","0","","","0","","1","","40 27:48.006","","0","79 54:44.434","0","0","0","0","2301","0","0","0","N","0","0","0","2","02301","0","","1.0","","1","N","N","","0","","0","0","0","","2","","","2","0","0","0","0","0","0","2","0","2","","","","N","","","","","","","","","",""
"2009026845","","1","0","0","0","0","0","0","0","0","1","1","","02","2","2009","5","40.457109","-79.986239","","11","0","0","0","0","0","1","0","0","1","0","1","0","","","1","","0","","40 27:25.594","5","0","79 59:10.459","8","0","0","0","2301","0","0","0","N","0","0","0","2","02301","0","","1.0","","1","N","N","","0","","0","0","0","","0","N","","2","1","0","0","0","1","0","2","0","2","","","","N","","","","","","","","","",""
"2009026881","","1","0","0","0","0","0","0","0","0","2","0","","02","2","2009","3","40.454367","-79.977746","","11","0","0","0","0","0","1","0","0","2","0","0","0","","","1","","1","","40 27:15.721","4","0","79 58:39.885","3","0","0","0","2301","0","0","0","N","0","0","0","2","02301","0","","1.0","","1","N","N","","1","","1","0","0","","2","Y","","2","1","0","0","0","0","0","2","0","2","","","","N","","","","","","","","","",""
"2009026893","","1","0","0","0","0","0","1","0","0","4","1","","02","2","2009","6","40.468825","-79.908786","","11","0","0","0","0","0","2","0","0","","0","0","0","","","0","","0","","40 28:07.770","","0","79 54:31.631","0","0","0","0","2301","0","0","0","N","0","0","0","2","02301","0","","1.0","","1","N","N","","0","","0","0","0","","0","","","2","0","0","0","0","0","0","2","0","2","","","","N","","","","","","","","","",""
"2009026917","","2","0","0","0","0","0","0","0","0","1","0","","02","2","2009","7","40.4959","-80.0672","","11","0","0","0","0","0","1","0","0","","0","0","0","","","1","","0","","40 29:45.240","","0","80 04:01.920","4","0","0","0","2402","0","0","0","N","0","0","0","3","02402","1","","1.0","","1","N","N","","0","","0","0","0","","0","","","2","1","0","0","0","0","0","2","0","2","","","","N","","","","","","","","","",""
"2009026919","","2","0","0","0","0","0","0","0","0","1","0","","02","3","2009","2","40.6307","-80.0575","","11","0","1","1","0","0","0","0","0","","0","0","0","","","0","","0","","40 37:50.520","","0","80 03:27.000","0","0","0","0","2216","0","0","0","N","0","0","0","4","02505","0","","1.0","","1","N","N","","0","","0","0","1","","0","","","4","0","0","0","0","0","0","2","1","4","","","","N","","","","","","","","","",""
"2009026927","","1","0","1","0","0","0","0","0","0","4","0","","02","2","2009","4","40.398706","-79.885374","","11","0","0","0","0","0","1","1","0","2","0","0","0","","","2","","1","","40 23:55.340","3","0","79 53:07.347","2","0","0","0","2475","0","0","0","N","0","0","0","6","02475","1","","1.0","","1","N","N","","0","","0","1","0","","3","N","","2","2","0","0","0","0","0","2","1","2","","","","N","","","","","","","","","",""
"2009026937","","1","0","0","0","0","0","0","0","0","7","0","","02","3","2009","3","40.5196","-80.0146","","11","0","0","0","0","0","0","0","0","","0","0","0","","","1","","10","","40 31:10.560","","7","80 00:52.560","2","0","0","0","2116","0","0","0","N","0","0","0","1","02116","0","","9.0","","1","N","N","","0","","0","1","0","","0","","","1","1","1","0","1","0","0","2","0","1","","","","N","","","","","","","","","",""
"2009026940","","0","0","0","0","0","0","0","0","0","7","0","","02","3","2009","3","40.3799","-80.0524","","11","0","0","0","0","0","0","0","0","2","0","0","0","","","0","","0","","40 22:47.640","2","0","80 03:08.640","0","0","0","0","2109","0","0","0","N","0","0","0","1","02109","0","","2.0","","1","N","N","","0","","0","0","1","","0","N","","1","0","0","0","0","0","0","2","0","1","","","","N","","","","","","","","","",""
"2009026953","","1","0","0","0","0","0","0","0","0","2","0","","02","2","2009","1","40.460336","-80.013204","","11","0","0","0","0","0","0","0","0","","0","0","0","","","2","","0","","40 27:37.209","","0","80 00:47.534","4","0","0","0","2301","0","0","0","N","0","0","0","6","02301","2","","1.0","","1","N","N","","0","","0","0","1","","0","","","2","2","0","0","0","0","0","2","0","2","","","","N","","","","","","","","","",""
"2009026963","","0","0","0","0","0","0","0","0","0","1","0","","02","2","2009","7","40.484","-79.9073","","11","0","0","1","0","0","0","0","0","","0","0","0","","","0","","0","","40 29:02.400","","0","79 54:26.280","9","0","0","0","2301","0","0","0","N","0","0","0","2","02301","0","","1.0","","1","N","N","","0","","0","0","1","","0","","","2","0","0","0","0","0","1","2","0","2","","","","N","","","","","","","","","",""
"2009026971","","1","0","0","0","0","0","0","0","0","7","0","","02","2","2009","2","40.383847","-79.97749","","11","0","0","0","0","0","1","0","0","1","0","0","0","","","1","","2","","40 23:01.849","1","0","79 58:38.964","8","0","0","0","2301","0","0","0","N","0","0","0","1","02301","0","","2.0","","1","N","N","","0","","0","0","0","","0","N","","1","1","0","0","0","1","0","2","0","1","","","","N","","","","","","","","","",""
"2009027003","","1","0","0","0","0","0","0","0","0","2","0","","02","3","2009","2","40.350408","-79.816673","","11","0","0","0","0","0","0","1","0","1","0","1","0","","","1","","0","","40 21:01.468","4","0","79 49:00.022","4","0","0","0","2477","0","0","0","","0","0","0","1","02477","1","","4.0","","1","N","","","0","","0","0","0","","0","N","","2","1","1","0","0","0","0","2","0","2","","","","N","","","","","","","","","",""
"2009027007","","2","0","0","0","0","0","0","0","0","1","0","","02","3","2009","3","40.53","-79.7851","","11","0","0","0","0","0","0","0","1","","0","0","0","","","0","","0","","40 31:48.000","","0","79 47:06.360","0","0","0","0","2466","0","0","0","N","0","0","0","2","02466","0","","1.0","","1","N","N","","0","","0","0","0","","0","","","2","0","1","0","0","0","0","1","0","2","","","","N","","","","","","","","","",""
"2009027026","","2","0","0","0","0","0","0","0","0","7","0","","02","2","2009","6","40.5214","-79.8526","","11","0","0","0","0","0","1","0","0","1","0","0","0","","","0","","6","","40 31:17.040","1","2","79 51:09.360","0","0","0","0","2118","0","0","0","N","0","0","0","2","02118","0","","2.0","","1","N","N","","0","","0","0","0","","0","N","","2","0","0","0","0","0","0","2","0","2","","","","N","","","","","","","","","",""
"2009027042","","0","0","0","0","0","0","0","0","0","7","0","","02","3","2009","3","40.4961","-79.8344","","11","0","1","0","0","0","0","0","0","1","0","0","0","","","1","","0","","40 29:45.960","2","0","79 50:03.840","4","0","0","0","2113","0","0","0","N","0","0","0","2","02113","1","","5.0","","1","N","N","","0","","0","0","1","","0","N","","1","1","0","0","0","0","0","2","0","1","","","","N","","","","","","","","","",""
"2009027045","","1","0","0","0","0","0","0","0","0","7","0","","02","3","2009","2","40.3638","-79.843","","11","0","0","0","0","0","0","0","0","","0","0","0","","","0","","2","","40 21:49.680","","2","79 50:34.800","0","0","0","0","2303","0","0","0","N","0","0","0","1","02303","0","","3.0","","1","N","N","","0","","0","0","0","","0","","","1","0","0","0","0","0","0","2","0","1","","","","N","","","","","","","","","",""
"2009027046","","1","0","0","0","0","0","0","0","0","7","0","","02","2","2009","1","40.478939","-79.967344","","11","0","0","0","0","0","0","0","0","2","0","0","0","","","0","","0","","40 28:44.181","1","0","79 58:02.438","0","0","0","0","2118","0","0","0","Y","0","0","0","1","02118","0","","3.0","","7","N","N","","0","","0","0","0","","3","N","","1","0","0","0","0","0","0","2","0","1","","","","N","","","","","","","","","",""
"2009027057","","2","0","0","0","0","0","0","0","0","4","0","","02","3","2009","3","40.353117","-79.997811","","11","0","0","0","0","1","0","0","1","1","0","0","0","","","0","","1","","40 21:11.221","4","0","79 59:52.119","0","0","0","0","2476","0","0","0","N","0","0","0","2","02476","0","","1.0","","1","N","N","","0","","0","0","0","","0","N","","2","0","0","0","0","0","0","2","0","2","","","","N","","","","","","","","","",""
"2009027058","","1","0","0","0","0","0","0","0","0","7","0","","02","2","2009","7","40.302501","-79.973675","","11","0","0","0","0","0","0","0","0","2","0","0","0","","","1","","0","","40 18:09.005","5","0","79 58:25.229","8","0","0","0","2440","0","0","0","N","0","0","0","1","02440","0","","5.0","","1","N","N","","0","","0","0","0","","0","Y","","1","1","0","0","0","1","0","2","0","1","","","","N","","","","","","","","","",""
"2009027068","","1","0","0","0","0","0","0","0","0","8","0","","02","3","2009","2","40.400176","-80.082773","","11","0","0","0","0","0","0","0","0","","0","0","0","","","1","","1","","40 24:00.633","","0","80 04:57.983","4","0","0","0","2415","1","0","0","N","1","0","0","1","02415","1","","1.0","","1","N","N","","0","","0","0","0","","0","","","2","1","0","0","0","0","0","2","0","1","","","","N","","","","","","","","","",""
"2009027069","","2","0","0","0","0","0","0","0","0","1","0","","02","3","2009","3","40.364736","-80.048104","","11","0","0","0","0","0","1","1","0","1","0","0","0","","","0","","1","","40 21:53.049","1","0","80 02:53.176","0","0","0","0","2109","0","0","0","N","0","0","0","2","02109","0","","1.0","","1","N","N","","0","","0","0","0","","2","N","","2","0","0","0","0","0","0","2","0","2","","","","N","","","","","","","","","",""
"2009027073","","1","0","0","0","0","0","0","0","0","7","0","","02","3","2009","3","40.376434","-79.893086","","11","0","0","0","0","0","0","0","0","","0","0","0","","","0","","0","","40 22:35.161","","7","79 53:35.111","0","0","0","0","2448","0","0","0","N","0","0","0","1","02448","0","","5.0","","1","N","N","","0","","0","0","0","","0","","","1","0","0","0","0","0","0","2","0","1","","","","N","","","","","","","","","",""
"2009027076","","2","0","0","0","0","0","0","0","0","4","0","","02","2","2009","1","40.4452","-80.1505","","11","0","0","0","0","0","0","0","0","","0","0","0","","","0","","0","","40 26:42.720","","7","80 09:01.800","0","0","0","0","2115","0","0","0","N","0","0","0","2","02115","0","","1.0","","7","N","N","","0","","0","0","0","","0","","","2","0","0","0","0","0","0","2","0","2","","","","N","","","","","","","","","",""
"2009027134","","2","0","0","0","0","0","0","0","0","5","0","","02","3","2009","3","40.548568","-79.877212","","11","0","1","0","0","0","0","1","0","1","0","0","0","","","0","","2","","40 32:54.844","4","0","79 52:37.963","0","0","0","0","2432","0","0","0","N","0","0","0","2","02432","0","","1.0","","1","N","N","","0","","0","0","0","","0","N","","2","0","0","0","0","0","0","2","0","2","","","","N","","","","","","","","","",""
"2009027147","","0","0","0","0","0","0","0","0","0","4","0","","02","3","2009","3","40.642171","-79.938472","","11","0","0","0","0","0","2","0","0","","0","0","0","","","0","","1","","40 38:31.817","","0","79 56:18.498","0","0","0","0","2217","0","0","0","N","0","0","0","2","02505","0","","1.0","","1","N","N","","1","","0","0","0","","2","","","2","0","0","0","0","0","0","2","1","2","","","","N","","","","","","","","","",""
"2009027158","","1","0","0","0","0","0","0","0","0","1","0","","02","2","2009","6","40.285585","-79.998356","","11","0","0","0","0","0","1","0","0","1","0","0","0","","","1","","0","","40 17:08.105","1","0","79 59:54.080","4","0","0","0","2219","0","0","0","N","0","0","0","2","02219","1","","1.0","","9","N","N","","0","","0","0","1","","0","N","","2","1","0","0","0","0","0","2","0","2","","","","N","","","","","","","","","",""
"2009027163","","2","0","0","0","0","0","0","0","0","1","0","","02","2","2009","6","40.3296","-80.0234","","11","0","0","0","0","0","1","0","0","","0","0","0","","","1","","0","","40 19:46.560","","0","80 01:24.240","4","0","0","0","2407","0","0","0","N","0","0","0","2","02407","1","","1.0","","1","N","N","","0","","0","0","0","","0","","","2","1","0","0","0","0","0","2","0","2","","","","N","","","","","","","","","",""
"2009027164","","1","0","0","0","0","0","0","0","0","1","0","","02","3","2009","3","40.3275","-80.0415","","11","0","0","0","0","0","0","0","0","","0","0","0","","","1","","0","","40 19:39.000","","0","80 02:29.400","4","0","0","0","2407","0","0","0","N","0","0","0","3","02407","1","","1.0","","1","N","N","","0","","0","0","1","","2","","","2","1","0","0","0","0","0","2","0","2","","","","N","","","","","","","","","",""
"2009027200","","1","0","0","0","0","0","0","0","0","7","0","","02","1","2009","6","40.435008","-80.144976","","11","0","0","0","0","0","0","0","0","","0","0","0","","","1","","0","","40 26:06.030","","0","80 08:41.914","8","0","0","0","2115","0","0","0","N","0","0","0","1","68B03","0","","3.0","","9","N","N","","0","","0","0","0","","0","","","2","1","0","0","0","1","0","2","0","1","","","","N","","","","","","","","","",""
"2009027201","","1","0","0","0","0","0","0","0","0","7","0","","02","2","2009","3","40.425446","-79.907327","","11","0","0","0","0","0","1","0","0","","0","0","0","","","1","","0","","40 25:31.604","","0","79 54:26.378","3","0","0","0","2301","0","0","0","N","0","0","0","2","68B03","0","","3.0","","1","N","N","","0","","1","0","0","","0","","","1","1","0","0","0","0","0","2","0","1","","","","N","","","","","","","","","",""
"2009027202","","2","0","0","0","0","0","0","0","0","1","0","","02","2","2009","3","40.589429","-80.098028","","11","0","0","0","0","0","0","0","0","","0","0","0","","","0","","0","","40 35:21.946","","0","80 05:52.901","0","0","0","0","2481","0","0","0","N","0","0","0","2","68B03","0","","1.0","","9","N","N","","0","","0","0","0","","0","","","2","0","0","0","0","0","0","2","0","2","","","","N","","","","","","","","","",""
"2009027203","","0","0","0","0","0","0","0","0","0","5","0","","02","2","2009","2","40.378114","-80.099879","","11","0","0","0","0","0","0","0","0","","0","0","0","","","0","","0","","40 22:41.212","","0","80 05:59.564","0","0","0","0","2102","0","0","0","N","0","0","0","2","68B03","0","","1.0","","1","N","N","","0","","0","0","2","","0","","","2","0","0","0","0","0","0","2","0","2","","","","N","","","","","","","","","",""
"2009027232","","1","0","0","0","0","0","0","0","0","5","1","","02","2","2009","4","40.493911","-79.909214","","11","0","0","0","0","0","0","0","0","2","0","1","0","","","0","","6","","40 29:38.080","2","8","79 54:33.169","0","0","0","0","2112","0","0","0","N","0","0","0","2","68D02","0","","1.0","","1","N","N","","0","","0","0","0","","3","N","","2","0","0","0","0","0","0","2","0","2","","","","N","","","","","","","","","",""
"2009027475","","2","0","0","0","0","0","0","0","0","1","0","","02","2","2009","7","40.4959","-80.0672","","11","0","0","0","0","0","0","1","0","","0","0","0","","","1","","0","","40 29:45.240","","0","80 04:01.920","8","0","0","0","2402","0","0","0","N","0","0","0","2","02402","0","","1.0","","1","N","N","","0","","0","0","0","","0","","","2","1","0","0","0","1","0","2","0","2","","","","N","","","","","","","","","",""
"2009027481","","2","0","0","0","0","0","0","0","0","4","0","","02","3","2009","3","40.46781","-79.865278","","11","0","0","0","0","0","0","1","0","2","0","0","0","","","2","","2","","40 28:04.115","1","0","79 51:55.000","8","0","0","0","2113","0","0","0","N","0","0","0","4","02113","0","","1.0","","1","N","N","","0","","0","0","0","","3","N","","2","2","1","0","0","2","0","2","0","2","","","","N","","","","","","","","","",""
"2009027490","","2","0","0","0","0","0","0","0","0","4","0","","02","3","2009","4","40.380673","-79.861142","","11","0","0","1","0","0","0","1","0","1","0","0","0","","","0","","1","","40 22:50.421","4","0","79 51:40.111","0","0","0","0","2303","0","0","0","N","0","0","0","3","02303","0","","1.0","","1","N","N","","0","","0","0","0","","3","N","","2","0","0","0","0","0","0","2","0","2","","","","N","","","","","","","","","",""
"2009027511","","1","0","0","0","0","0","0","0","0","1","0","","02","3","2009","4","40.623193","-79.923149","","11","0","0","1","0","0","0","0","1","","0","0","0","","","0","","1","","40 37:23.493","","0","79 55:23.335","0","0","0","0","2217","0","0","0","N","0","0","0","2","02505","0","","1.0","","1","N","N","","0","","0","0","1","","2","","","2","0","0","0","0","0","0","2","0","2","","","","N","","","","","","","","","",""
"2009027522","","1","0","0","0","0","0","0","0","0","4","0","","02","2","2009","4","40.3081","-80.0328","","11","0","0","0","0","0","0","0","0","","0","0","0","","","0","","1","","40 18:29.160","","0","80 01:58.080","0","0","0","0","2407","0","0","0","N","0","0","0","2","02407","0","","1.0","","1","N","N","","0","","0","0","0","","2","","","2","0","0","0","0","0","0","2","1","2","","","","N","","","","","","","","","",""
"2009027523","","1","0","0","0","0","0","0","0","0","4","0","","02","2","2009","5","40.345134","-80.027362","","11","0","0","0","0","1","0","1","0","","0","0","0","","","1","","1","","40 20:42.484","","0","80 01:38.504","4","0","0","0","2407","0","0","0","N","0","0","0","3","02407","1","","1.0","","1","N","N","","0","","0","0","0","","2","","","2","1","0","0","0","0","0","2","1","2","","","","N","","","","","","","","","",""
"2009027541","","0","0","0","0","0","0","0","0","0","7","1","","02","1","2009","4","40.50923","-80.136163","","11","0","0","0","0","0","0","0","0","","0","1","0","","","0","","0","","40 30:33.229","","3","80 08:10.187","0","0","0","0","2115","0","0","0","N","0","0","0","1","68B03","0","","2.0","","7","N","N","","0","","0","0","0","","0","","","1","0","0","0","0","0","0","2","0","1","","","","N","","","","","","","","","",""
"2009027542","","2","0","0","0","0","0","0","0","0","1","1","","02","2","2009","7","40.430232","-80.027227","","11","0","0","0","0","0","1","0","0","1","0","1","0","","","0","","0","","40 25:48.836","1","0","80 01:38.016","0","0","0","0","2301","0","0","0","N","0","0","0","5","68B04","0","","1.0","","1","N","N","","0","","0","0","0","","0","Y","","3","0","0","0","0","0","0","2","0","3","","","","N","","","","","","","","","",""
"2009027543","","0","0","0","0","0","0","0","0","0","7","1","","02","2","2009","2","40.4432","-80.0057","","11","0","0","0","0","0","0","0","0","","0","1","0","","","0","","3","","40 26:35.520","","2","80 00:20.520","0","0","0","0","2301","0","0","0","N","0","0","0","1","68B03","0","","7.0","","1","N","N","","0","","0","0","0","","0","","","1","0","0","0","0","0","0","2","0","1","","","","N","","","","","","","","","",""
"2009027544","","3","0","0","0","0","0","0","0","0","1","0","","02","3","2009","3","40.444357","-80.009186","","11","0","0","0","0","0","1","0","0","2","0","0","0","","","0","","0","","40 26:39.686","1","3","80 00:33.070","0","0","0","0","2301","0","0","0","N","0","0","0","3","68B03","0","","1.0","","1","N","N","","0","","0","0","0","","0","N","","3","0","0","0","0","0","0","2","0","3","","","","N","","","","","","","","","",""
"2009027603","","2","0","0","0","0","0","0","0","0","1","0","","02","3","2009","4","40.42227","-79.854438","","11","0","0","0","0","0","0","0","0","1","0","0","0","","","0","","1","","40 25:20.171","4","0","79 51:15.976","0","0","0","0","2431","0","0","0","N","0","0","0","5","02431","0","","1.0","","1","N","N","","0","","0","0","0","","0","N","","3","0","0","0","0","0","0","2","0","2","","","","N","","","","","","","","","",""
"2009027604","","2","0","0","0","0","0","0","0","0","2","0","","02","3","2009","4","40.336532","-79.971538","","11","0","0","0","0","0","0","1","0","2","0","0","0","","","3","","2","","40 20:11.516","3","0","79 58:17.535","8","0","0","0","2454","0","0","0","N","0","0","0","3","02454","0","","1.0","","1","N","N","","0","","0","0","0","","2","Y","","2","3","0","0","0","3","0","2","0","2","","","","N","","","","","","","","","",""
"2009027606","","1","0","0","0","0","0","0","0","0","7","0","","02","3","2009","4","40.460891","-79.872138","","11","0","0","0","0","0","0","0","0","4","0","0","0","","","0","","0","","40 27:39.208","6","0","79 52:19.695","0","0","0","0","2113","0","0","0","N","0","0","0","1","02113","0","","5.0","","1","N","N","","0","","0","0","0","","0","Y","","1","0","1","0","0","0","0","2","0","1","","","","N","","","","","","","","","",""
"2009027608","","2","0","0","0","0","0","0","0","0","1","0","","02","3","2009","4","40.392798","-79.819134","","11","0","0","0","0","1","0","0","0","2","0","0","0","","","1","","2","","40 23:34.072","1","0","79 49:08.882","4","0","0","0","2111","0","0","0","N","0","0","0","2","02111","1","","1.0","","1","N","N","","0","","0","0","0","","0","N","","2","1","0","0","0","0","0","2","0","2","","","","N","","","","","","","","","",""
"2009027620","","0","0","0","0","0","0","0","0","0","7","0","","02","3","2009","2","40.469345","-79.823689","","11","0","1","0","0","0","0","0","0","","0","0","0","","","0","","2","","40 28:09.641","","0","79 49:25.280","0","0","0","0","2113","0","0","0","N","0","0","0","2","02113","0","","2.0","","1","N","N","","0","","0","0","0","","0","","","1","0","0","0","0","0","0","2","1","1","","","","N","","","","","","","","","",""
"2009027626","","1","0","0","0","0","0","0","0","0","7","0","","02","3","2009","5","40.4053","-80.0744","","11","0","0","0","0","0","0","0","0","","0","0","0","","","0","","2","","40 24:19.080","","0","80 04:27.840","0","0","0","0","2415","0","0","0","N","0","0","0","1","02415","0","","5.0","","1","N","N","","0","","0","0","0","","0","","","1","0","0","0","0","0","0","2","0","1","","","","N","","","","","","","","","",""
"2009027634","","0","0","0","0","0","0","0","0","0","4","0","","02","3","2009","4","40.626669","-79.721387","","11","0","0","0","0","0","2","0","0","","0","0","0","","","0","","1","","40 37:36.007","","0","79 43:16.993","0","0","0","0","2106","0","0","0","N","0","0","0","3","02106","0","","1.0","","1","N","N","","2","","0","0","1","","2","","","3","0","0","0","0","0","0","2","0","3","","","","N","","","","","","","","","",""
"2009027657","","0","0","0","0","0","0","0","0","0","7","0","","02","2","2009","1","40.497392","-80.280387","","11","0","0","0","0","0","0","0","0","","0","0","0","","","0","","0","","40 29:50.612","","0","80 16:49.392","0","0","0","0","2203","0","0","0","Y","0","0","0","1","68B03","0","","2.0","","2","N","N","","1","","0","0","0","","0","","","1","0","1","0","0","0","0","2","0","1","","","","N","","","","","","","","","",""
"2009027658","","2","0","0","0","0","0","0","0","0","1","0","","02","2","2009","1","40.4613","-80.1923","","11","0","0","0","0","0","0","0","0","1","0","0","0","","","1","","0","","40 27:40.680","1","0","80 11:32.280","4","0","0","0","2213","0","0","0","N","0","0","0","2","68B03","1","","1.0","","7","N","N","","0","","0","0","0","","0","N","","2","1","0","0","0","0","0","2","0","2","","","","N","","","","","","","","","",""
"2009027659","","1","0","0","0","0","0","0","0","0","7","0","","02","2","2009","4","","","","11","0","0","0","0","0","1","0","0","1","0","0","0","","","1","","0","","40 25:29.28","3","0","80 06:50.04","4","0","0","0","2102","0","0","0","Y","0","0","0","1","68B03","1","","7.0","","1","N","N","","0","","0","0","0","","0","Y","","1","1","1","0","0","0","0","2","0","1","","","","N","","","","","","","","","",""
"2009027660","","1","0","0","0","0","0","0","0","0","1","0","","02","2","2009","4","40.6501","-80.094","","11","0","0","0","0","0","1","0","0","2","0","0","0","","","1","","7","","40 39:00.360","1","2","80 05:38.400","8","0","0","0","2212","0","0","0","N","0","0","0","2","68B03","0","","1.0","","1","N","N","","0","","0","0","1","","2","N","","2","1","1","0","0","1","0","2","0","2","","","","N","","","","","","","","","",""
"2009027661","","1","0","0","0","0","0","0","0","0","7","0","50","02","3","2009","1","","","","11","0","0","0","0","0","1","0","0","1","0","0","0","","","0","","0","","40 25:31.08","3","0","80 07:20.28","0","0","0","0","2102","0","0","0","N","0","0","0","1","68B03","0","","4.0","","1","N","N","","0","","0","0","0","","8","N","","1","0","0","0","0","0","0","2","0","1","","","N","Y","4","1","N","N","N","N","N","Y","Y",""
"2009027784","","2","0","0","0","0","0","0","0","0","5","0","","02","3","2009","4","40.367125","-80.222018","","11","0","0","1","0","0","0","0","0","","0","0","0","","","0","","3","","40 22:01.651","","0","80 13:19.265","0","0","0","0","2490","0","0","0","N","0","0","0","6","62422","0","","5.0","","1","N","N","","0","","0","0","0","","0","","","2","0","2","0","0","0","0","1","0","2","","","","N","","","","","","","","","",""
"2009027786","","2","0","0","0","0","0","0","0","0","4","0","","02","3","2009","5","40.399","-80.1039","","11","0","0","0","0","0","0","1","0","1","0","0","0","","","1","","2","","40 23:56.400","2","0","80 06:14.040","8","0","0","0","2102","0","0","0","","0","0","0","2","02102","0","","1.0","","1","N","Y","","0","","0","0","0","","3","Y","","2","1","0","0","0","1","0","2","0","2","","","","N","","","","","","","","","",""
"2009027790","","1","0","0","0","0","0","0","0","0","2","0","","02","3","2009","4","40.460691","-79.740919","","11","0","1","0","0","0","1","0","0","","0","0","0","","","0","","3","","40 27:38.487","","0","79 44:27.308","0","0","0","0","2466","0","0","0","N","0","0","0","3","02466","0","","1.0","","1","N","N","","0","","0","0","1","","3","","","2","0","0","0","0","0","0","2","0","2","","","","N","","","","","","","","","",""
"2009027793","","1","0","0","0","0","0","0","0","0","7","0","","02","3","2009","3","40.273449","-79.80279","","11","0","0","0","0","0","0","0","0","3","0","0","0","","","1","","0","","40 16:24.416","3","0","79 48:10.044","8","0","0","0","2105","0","0","0","N","0","0","0","1","02105","0","","5.0","","1","N","N","","0","","0","0","0","","0","N","","1","1","1","0","0","1","0","2","0","1","","","","N","","","","","","","","","",""