"CRN","ARRIVAL_TM","AUTOMOBILE_COUNT","BELTED_DEATH_COUNT","BELTED_SUSP_SERIOUS_INJ_COUNT","BICYCLE_COUNT","BICYCLE_DEATH_COUNT","BICYCLE_SUSP_SERIOUS_INJ_COUNT","BUS_COUNT","CHLDPAS_DEATH_COUNT","CHLDPAS_SUSP_SERIOUS_INJ_COUNT","COLLISION_TYPE","COMM_VEH_COUNT","CONS_ZONE_SPD_LIM","COUNTY","CRASH_MONTH","CRASH_YEAR","DAY_OF_WEEK","DEC_LATITUDE","DEC_LONGITUDE","DISPATCH_TM","DISTRICT","DRIVER_COUNT_16YR","DRIVER_COUNT_17YR","DRIVER_COUNT_18YR","DRIVER_COUNT_19YR","DRIVER_COUNT_20YR","DRIVER_COUNT_50_64YR","DRIVER_COUNT_65_74YR","DRIVER_COUNT_75PLUS","EST_HRS_CLOSED","FATAL_COUNT","HEAVY_TRUCK_COUNT","HORSE_BUGGY_COUNT","HOUR_OF_DAY","ILLUMINATION","INJURY_COUNT","INTERSECTION_RELATED","INTERSECT_TYPE","LANE_CLOSED","LATITUDE","LN_CLOSE_DIR","LOCATION_TYPE","LONGITUDE","MAX_SEVERITY_LEVEL","MCYCLE_DEATH_COUNT","MCYCLE_SUSP_SERIOUS_INJ_COUNT","MOTORCYCLE_COUNT","MUNICIPALITY","NONMOTR_COUNT","NONMOTR_DEATH_COUNT","NONMOTR_SUSP_SERIOUS_INJ_COUNT","NTFY_HIWY_MAINT","PED_COUNT","PED_DEATH_COUNT","PED_SUSP_SERIOUS_INJ_COUNT","PERSON_COUNT","POLICE_AGCY","POSSIBLE_INJ_COUNT","RDWY_SURF_TYPE_CD","RELATION_TO_ROAD","ROADWAY_CLEARED","ROAD_CONDITION","SCH_BUS_IND","SCH_ZONE_IND","SECONDARY_CRASH","SMALL_TRUCK_COUNT","SPEC_JURIS_CD","SUSP_MINOR_INJ_COUNT","SUSP_SERIOUS_INJ_COUNT","SUV_COUNT","TCD_FUNC_CD","TCD_TYPE","TFC_DETOUR_IND","TIME_OF_DAY","TOTAL_UNITS","TOT_INJ_COUNT","UNBELTED_OCC_COUNT","UNB_DEATH_COUNT","UNB_SUSP_SERIOUS_INJ_COUNT","UNK_INJ_DEG_COUNT","UNK_INJ_PER_COUNT","URBAN_RURAL","VAN_COUNT","VEHICLE_COUNT","WEATHER1","WEATHER2","WORKERS_PRES","WORK_ZONE_IND","WORK_ZONE_LOC","WORK_ZONE_TYPE","WZ_CLOSE_DETOUR","WZ_FLAGGER","WZ_LAW_OFFCR_IND","WZ_LN_CLOSURE","WZ_MOVING","WZ_OTHER","WZ_SHLDER_MDN","WZ_WORKERS_INJ_KILLED"
"2009027813","","2","0","0","0","0","0","0","0","0","4","0","","02","3","2009","5","40.3388","-79.9546","","11","0","0","0","1","0","1","0","0","1","0","0","0","","","3","","0","","40 20:19.680","1","0","79 57:16.560","8","0","0","0","2454","0","0","0","N","0","0","0","3","02454","0","","1.0","","1","N","N","","0","","0","0","0","","0","N","","2","3","1","0","0","3","0","2","0","2","","","","N","","","","","","","","","",""
"2009027814","","1","0","0","0","0","0","0","0","0","2","0","","02","3","2009","4","40.537398","-80.186064","","11","0","0","0","0","0","0","0","0","","0","0","0","","","2","","1","","40 32:14.634","","0","80 11:09.830","8","0","0","0","2458","0","0","0","N","0","0","0","2","02458","0","","1.0","","1","N","N","","0","","0","0","0","","2","","","2","2","1","0","0","2","0","2","1","2","","","","N","","","","","","","","","",""
"2009027903","","1","0","0","0","0","0","0","0","0","8","0","","02","3","2009","5","40.338309","-79.953008","","11","0","0","0","0","0","0","0","0","1","0","0","0","","","1","","0","","40 20:17.912","1","0","79 57:10.828","8","0","0","0","2454","1","0","0","N","1","0","0","3","02454","0","","1.0","","1","N","N","","0","","0","0","0","","0","Y","","2","1","0","0","0","1","0","2","0","1","","","","N","","","","","","","","","",""
"2009027912","","1","0","0","0","0","0","0","0","0","2","0","","02","3","2009","4","40.4601","-79.772","","11","0","0","0","0","0","0","0","0","","0","0","0","","","0","","0","","40 27:36.360","","0","79 46:19.200","0","0","0","0","2113","0","0","0","N","0","0","0","2","02113","0","","1.0","","1","Y","N","","0","","0","0","0","","0","","","2","0","0","0","0","0","0","2","1","2","","","","N","","","","","","","","","",""
"2009027919","","1","0","0","0","0","0","0","0","0","4","0","","02","3","2009","5","","","","11","0","0","0","0","0","1","0","0","2","0","0","0","","","1","","1","","","7","0","","3","0","0","0","2220","0","0","0","N","0","0","0","2","02220","0","","1.0","","1","N","N","","0","","1","0","1","","4","Y","","2","1","0","0","0","0","0","1","0","2","","","","N","","","","","","","","","",""
"2009027923","","1","0","0","0","0","0","0","0","0","4","0","","02","2","2009","2","40.340027","-79.82677","","11","0","0","0","0","0","0","0","0","1","0","0","0","","","1","","1","","40 20:24.097","1","0","79 49:36.372","4","0","0","0","2304","0","0","0","N","0","0","0","2","02304","1","","1.0","","2","N","N","","1","","0","0","0","","2","N","","2","1","0","0","0","0","0","2","0","2","","","","N","","","","","","","","","",""
"2009027924","","3","0","0","0","0","0","0","0","0","6","0","","02","2","2009","1","40.455939","-80.001073","","11","0","0","0","0","0","0","0","0","","0","0","0","","","0","","0","","40 27:21.380","","0","80 00:03.862","9","0","0","0","2301","0","0","0","N","0","0","0","1","02301","0","","6.0","","7","N","N","","0","","0","0","0","","0","","","4","0","0","0","0","0","1","2","0","4","","","","N","","","","","","","","","",""
"2009027925","","1","0","0","0","0","0","0","0","0","7","0","","02","2","2009","1","40.437051","-80.039683","","11","0","0","0","0","0","0","0","0","","0","0","0","","","1","","0","","40 26:13.382","","0","80 02:22.859","4","0","0","0","2301","0","0","0","N","0","0","0","1","02301","1","","4.0","","1","N","N","","0","","0","0","0","","0","","","1","1","0","0","0","0","0","2","0","1","","","","N","","","","","","","","","",""
"2009027926","","1","0","0","0","0","0","0","0","0","7","0","","02","2","2009","2","40.418517","-80.014968","","11","0","0","0","0","0","0","0","0","1","0","0","0","","","0","","0","","40 25:06.660","1","0","80 00:53.883","0","0","0","0","2301","0","0","0","N","0","0","0","1","02301","0","","3.0","","2","N","N","","0","","0","0","0","","0","N","","1","0","0","0","0","0","0","2","0","1","","","","N","","","","","","","","","",""
"2009027930","","1","0","0","0","0","0","0","0","0","7","0","","02","2","2009","1","40.356058","-79.899435","","11","0","0","0","0","0","0","1","0","","0","0","0","","","1","","3","","40 21:21.810","","0","79 53:57.967","3","0","0","0","2423","0","0","0","N","0","0","0","1","02304","0","","5.0","","1","N","N","","0","","1","0","0","","2","","","1","1","0","0","0","0","0","2","0","1","","","","N","","","","","","","","","",""
"2009027937","","1","0","0","0","0","0","0","0","0","7","0","","02","2","2009","3","","","","11","0","0","0","0","0","0","0","0","","0","0","0","","","0","","0","","","","0","","0","0","0","0","2304","0","0","0","","0","0","0","1","02304","0","","4.0","","9","N","N","","0","","0","0","0","","0","","","1","0","0","0","0","0","0","1","0","1","","","","N","","","","","","","","","",""
"2009027954","","2","0","0","0","0","0","0","0","0","4","0","","02","2","2009","6","40.440425","-79.994868","","11","0","0","0","0","0","0","0","0","1","0","0","0","","","0","","1","","40 26:25.530","2","0","79 59:41.524","0","0","0","0","2301","0","0","0","N","0","0","0","2","02301","0","","1.0","","1","N","N","","0","","0","0","0","","2","N","","2","0","0","0","0","0","0","2","0","2","","","","N","","","","","","","","","",""
"2009027978","","0","0","0","0","0","0","0","0","0","6","0","","02","2","2009","7","40.464794","-79.979884","","11","0","0","0","0","0","0","0","0","","0","0","0","","","0","","1","","40 27:53.259","","0","79 58:47.582","0","0","0","0","2301","0","0","0","N","0","0","0","2","02301","0","","1.0","","1","N","N","","0","","0","0","2","","2","","","2","0","0","0","0","0","0","2","0","2","","","","N","","","","","","","","","",""
"2009027983","","0","0","0","0","0","0","0","0","0","2","0","","02","2","2009","4","40.463992","-79.930355","","11","0","0","0","0","1","0","0","0","","0","0","0","","","0","","0","","40 27:50.372","","0","79 55:49.279","0","0","0","0","2301","0","0","0","N","0","0","0","3","02301","0","","1.0","","1","N","N","","1","","0","0","1","","0","","","2","0","0","0","0","0","0","2","0","2","","","","N","","","","","","","","","",""
"2009027984","","1","0","0","0","0","0","0","0","0","4","0","","02","2","2009","6","40.46586","-79.922782","","11","0","0","0","0","0","0","0","0","","0","0","0","","","1","","1","","40 27:57.096","","0","79 55:22.015","8","0","0","0","2301","0","0","0","N","0","0","0","2","02301","0","","1.0","","1","N","N","","0","","0","0","0","","2","","","2","1","0","0","0","1","0","2","1","2","","","","N","","","","","","","","","",""
"2009027996","","5","0","0","0","0","0","0","0","0","5","0","","02","2","2009","7","40.5846","-80.2085","","11","0","0","0","0","0","0","0","0","","0","0","0","","","0","","0","","40 35:04.560","","0","80 12:30.600","9","0","0","0","2107","0","0","0","N","0","0","0","1","02107","0","","2.0","","1","N","N","","0","","0","0","1","","0","","","6","0","0","0","0","0","1","2","0","6","","","","N","","","","","","","","","",""
"2009028036","","1","0","0","0","0","0","0","0","0","7","0","","02","2","2009","2","40.4494","-80.0039","","11","0","0","0","0","1","0","0","0","","0","0","0","","","0","","0","","40 26:57.840","","0","80 00:14.040","0","0","0","0","2301","0","0","0","N","0","0","0","2","02301","0","","4.0","","2","N","N","","0","","0","0","0","","0","","","1","0","0","0","0","0","0","2","0","1","","","","N","","","","","","","","","",""
"2009028037","","2","0","0","0","0","0","0","0","0","99","0","","02","2","2009","3","40.456134","-79.991193","","11","0","0","0","0","0","1","0","0","3","0","0","0","","","2","","0","","40 27:22.083","1","7","79 59:28.296","8","0","0","0","2301","0","0","0","N","0","0","0","3","02301","0","","1.0","","1","N","N","","0","","0","0","0","","0","N","","2","2","0","0","0","2","0","2","0","2","","","","N","","","","","","","","","",""
"2009028038","","1","0","0","0","0","0","0","0","0","7","0","","02","2","2009","3","40.459064","-80.006841","","11","0","0","0","0","0","0","0","0","","0","0","0","","","0","","3","","40 27:32.630","","0","80 00:24.627","9","0","0","0","2301","0","0","0","N","0","0","0","1","02301","0","","2.0","","1","N","N","","0","","0","0","0","","0","","","1","0","0","0","0","0","1","2","0","1","","","","N","","","","","","","","","",""
"2009028039","","0","0","0","0","0","0","0","0","0","7","0","","02","2","2009","3","40.456","-80.029","","11","0","0","0","0","0","0","0","0","","0","0","0","","","0","","0","","40 27:21.600","","1","80 01:44.400","0","0","0","0","2301","0","0","0","N","0","0","0","1","02301","0","","5.0","","1","N","N","","0","","0","0","0","","2","","","1","0","0","0","0","0","0","2","1","1","","","","N","","","","","","","","","",""
"2009028040","","1","0","0","0","0","0","0","0","0","1","0","","02","2","2009","5","40.4544","-79.9954","","11","0","0","0","0","0","0","0","0","2","0","0","0","","","0","","0","","40 27:15.840","2","0","79 59:43.440","0","0","0","0","2301","0","0","0","N","0","0","0","2","02301","0","","1.0","","1","N","N","","1","","0","0","0","","0","N","","2","0","0","0","0","0","0","2","0","2","","","","N","","","","","","","","","",""
"2009028078","","1","0","0","0","0","0","0","0","0","1","0","","02","2","2009","1","40.428114","-79.926438","","11","0","0","0","0","0","0","0","0","2","0","0","0","","","0","","0","","40 25:41.211","4","4","79 55:35.175","0","0","0","0","2301","0","0","0","N","0","0","0","3","02301","0","","1.0","","1","N","N","","1","","0","0","0","","0","Y","","2","0","0","0","0","0","0","2","0","2","","","","N","","","","","","","","","",""
"2009028079","","0","0","0","0","0","0","0","0","0","4","0","","02","2","2009","4","40.455718","-79.938468","","11","0","0","0","0","0","0","0","0","","0","0","0","","","2","","0","","40 27:20.584","","7","79 56:18.484","4","0","0","0","2301","0","0","0","N","0","0","0","2","02301","2","","1.0","","9","N","N","","1","","0","0","1","","0","","","2","2","0","0","0","0","0","2","0","2","","","","N","","","","","","","","","",""
"2009028080","","1","0","0","0","0","0","0","0","0","4","0","","02","2","2009","1","40.4676","-79.9637","","11","0","0","0","0","0","0","0","1","","0","0","0","","","1","","1","","40 28:03.360","","0","79 57:49.320","8","0","0","0","2301","0","0","0","N","0","0","0","3","02301","0","","1.0","","9","N","N","","0","","0","0","1","","0","","","2","1","0","0","0","1","0","2","0","2","","","","N","","","","","","","","","",""
"2009028081","","1","0","0","0","0","0","0","0","0","4","0","","02","2","2009","6","40.4635","-80.0569","","11","0","0","0","0","0","0","1","0","","0","0","0","","","0","","0","","40 27:48.600","","7","80 03:24.840","0","0","0","0","2301","0","0","0","N","0","0","0","2","02301","0","","1.0","","1","N","N","","1","","0","0","0","","0","","","2","0","0","0","0","0","0","2","0","2","","","","N","","","","","","","","","",""
"2009028087","","2","0","0","0","0","0","0","0","0","4","0","","02","2","2009","2","40.5709","-80.0371","","11","0","0","0","0","1","0","0","0","1","0","0","0","","","0","","0","","40 34:15.240","5","0","80 02:13.560","0","0","0","0","2108","0","0","0","N","0","0","0","2","02108","0","","1.0","","1","N","N","","0","","0","0","0","","0","N","","2","0","0","0","0","0","0","2","0","2","","","","N","","","","","","","","","",""
"2009028088","","2","0","0","0","0","0","0","0","0","1","0","15","02","2","2009","4","40.558915","-79.999242","","11","0","0","0","0","0","1","0","0","1","0","0","0","","","0","","0","","40 33:32.094","3","0","79 59:57.271","0","0","0","0","2108","0","0","0","N","0","0","0","3","02108","0","","1.0","","9","N","N","","0","","0","0","0","","0","N","","2","0","0","0","0","0","0","2","0","2","","","Y","Y","2","3","U","Y","N","Y","U","U","Y",""
"2009028089","","1","0","0","0","0","0","0","0","0","7","0","","02","2","2009","5","40.560957","-80.04553","","11","0","0","0","0","0","0","0","0","1","0","0","0","","","0","","2","","40 33:39.445","1","0","80 02:43.908","0","0","0","0","2108","0","0","0","","0","0","0","1","02108","0","","4.0","","2","N","N","","0","","0","0","0","","3","N","","1","0","0","0","0","0","0","2","0","1","","","","N","","","","","","","","","",""
"2009028090","","1","0","0","0","0","0","0","0","0","7","0","","02","2","2009","1","40.5767","-80.0133","","11","0","0","0","0","0","0","0","0","","0","0","0","","","0","","0","","40 34:36.120","","0","80 00:47.880","0","0","0","0","2108","0","0","0","N","0","0","0","2","02108","0","","5.0","","7","N","N","","0","","0","0","0","","0","","","1","0","0","0","0","0","0","2","0","1","","","","N","","","","","","","","","",""
"2009028091","","1","0","0","0","0","0","0","0","0","4","0","","02","2","2009","2","40.439929","-79.998337","","11","0","0","0","0","0","0","0","0","2","0","0","0","","","0","","0","","40 26:23.744","4","0","79 59:54.013","0","0","0","0","2301","0","0","0","N","0","0","0","1","02301","0","","1.0","","9","N","N","","0","","0","0","0","","0","N","","2","0","0","0","0","0","0","2","0","2","","","","N","","","","","","","","","",""
"2009028092","","3","0","0","0","0","0","0","0","0","4","0","","02","2","2009","5","40.461313","-79.934164","","11","0","0","0","0","0","0","0","0","3","0","0","0","","","1","","1","","40 27:40.726","7","0","79 56:02.990","4","0","0","0","2301","0","0","0","N","0","0","0","2","02301","1","","1.0","","9","N","N","","0","","0","0","0","","3","Y","","3","1","0","0","0","0","1","2","0","3","","","","N","","","","","","","","","",""
"2009028100","","1","0","0","0","0","0","0","0","0","7","0","","02","2","2009","7","40.4462","-79.9879","","11","0","0","0","0","0","0","0","0","4","0","0","0","","","1","","0","","40 26:46.320","4","0","79 59:16.440","2","0","0","0","2301","0","0","0","N","0","0","0","1","02301","0","","1.0","","1","N","N","","0","","0","1","0","","0","Y","","1","1","1","0","1","0","0","2","0","1","","","","N","","","","","","","","","",""
"2009028101","","1","0","0","0","0","0","0","0","0","7","0","","02","2","2009","1","40.449145","-79.973725","","11","0","0","0","0","0","0","0","0","9","0","0","0","","","0","","0","","40 26:56.922","5","0","79 58:25.410","9","0","0","0","2301","0","0","0","N","0","0","0","1","02501","0","","5.0","","2","N","N","","0","","0","0","0","","0","Y","","1","0","0","0","0","0","1","2","0","1","","","","N","","","","","","","","","",""
"2009028102","","1","0","0","0","0","0","0","0","0","7","0","","02","2","2009","6","","","","11","0","0","0","0","0","0","0","0","","0","0","0","","","0","","0","","","","0","","0","0","0","0","2301","0","0","0","N","0","0","0","1","02301","0","","1.0","","1","N","N","","0","","0","0","0","","0","","","1","0","0","0","0","0","0","1","0","1","","","","N","","","","","","","","","",""
"2009028103","","1","0","0","0","0","0","0","0","0","1","0","","02","2","2009","2","40.398325","-80.026131","","11","0","0","0","0","0","0","0","0","","0","0","0","","","2","","1","","40 23:53.970","","0","80 01:34.071","4","0","0","0","2301","0","0","0","N","0","0","0","2","02301","2","","1.0","","2","N","N","","1","","0","0","0","","2","","","2","2","0","0","0","0","0","2","0","2","","","","N","","","","","","","","","",""
"2009028104","","1","0","0","0","0","0","0","0","0","7","0","","02","1","2009","4","40.404023","-80.033399","","11","0","0","0","0","0","0","0","0","3","0","0","0","","","0","","10","","40 24:14.482","7","0","80 02:00.236","0","0","0","0","2301","0","0","0","Y","0","0","0","1","02301","0","","5.0","","2","N","N","","0","","0","0","0","","0","Y","","1","0","0","0","0","0","0","2","0","1","","","","N","","","","","","","","","",""
"2009028105","","1","0","0","0","0","0","0","0","0","7","0","","02","2","2009","7","40.454466","-79.97757","","11","0","0","0","0","0","0","0","0","","0","0","0","","","0","","0","","40 27:16.079","","0","79 58:39.252","0","0","0","0","2301","0","0","0","N","0","0","0","2","02302","0","","4.0","","9","N","N","","0","","0","0","0","","0","","","1","0","0","0","0","0","0","2","0","1","","","","N","","","","","","","","","",""
"2009028106","","1","0","0","0","0","0","0","0","0","4","0","","02","2","2009","6","40.457842","-79.974246","","11","0","0","0","0","0","0","0","0","","0","0","0","","","0","","1","","40 27:28.231","","0","79 58:27.285","0","0","0","0","2301","0","0","0","N","0","0","0","0","02301","0","","1.0","","1","N","N","","0","","0","0","1","","0","","","3","0","0","0","0","0","0","2","0","3","","","","N","","","","","","","","","",""
"2009028107","","1","0","0","0","0","0","0","0","0","8","0","","02","2","2009","1","40.443463","-79.999367","","11","0","0","0","0","0","0","0","0","1","0","0","0","","","1","","2","","40 26:36.467","3","0","79 59:57.722","4","0","0","0","2301","1","0","0","N","1","0","0","3","02301","1","","1.0","","1","N","N","","0","","0","0","0","","0","N","","2","1","0","0","0","0","2","2","0","1","","","","N","","","","","","","","","",""
"2009028108","","1","0","0","0","0","0","0","0","0","8","0","","02","2","2009","4","40.439983","-79.994174","","11","0","0","0","0","0","0","0","0","","0","0","0","","","1","","2","","40 26:23.940","","0","79 59:39.025","8","0","0","0","2301","1","0","0","N","1","0","0","2","02301","0","","1.0","","9","N","N","","0","","0","0","0","","2","","","2","1","0","0","0","1","0","2","0","1","","","","N","","","","","","","","","",""
"2009028109","","1","0","0","0","0","0","0","0","0","4","0","","02","2","2009","4","40.448227","-79.986908","","11","0","0","0","0","0","0","0","0","","0","0","0","","","1","","2","","40 26:53.617","","0","79 59:12.868","4","0","0","0","2301","0","0","0","N","0","0","0","2","02301","1","","1.0","","9","N","N","","0","","0","0","0","","2","","","2","1","0","0","0","0","0","2","1","2","","","","N","","","","","","","","","",""
"2009028110","","1","0","0","0","0","0","0","0","0","4","0","","02","2","2009","2","40.437839","-79.998873","","11","0","0","0","0","0","0","0","0","","0","0","0","","","0","","1","","40 26:16.220","","0","79 59:55.942","0","0","0","0","2301","0","0","0","N","0","0","0","2","02301","0","","1.0","","1","N","N","","1","","0","0","0","","3","","","2","0","0","0","0","0","0","2","0","2","","","","N","","","","","","","","","",""
"2009028111","","0","0","0","0","0","0","0","0","0","5","0","","02","2","2009","5","40.462679","-79.96719","","11","0","0","0","0","0","1","1","0","","0","0","0","","","1","","3","","40 27:45.643","","0","79 58:01.884","4","0","0","0","2301","0","0","0","N","0","0","0","3","02301","1","","1.0","","9","Y","N","","0","","0","0","1","","2","","","2","1","1","0","0","0","0","2","1","2","","","","N","","","","","","","","","",""
"2009028112","","1","0","0","0","0","0","0","0","0","7","0","","02","2","2009","7","40.46189","-79.968302","","11","0","0","0","0","0","0","0","0","","0","0","0","","","1","","0","","40 27:42.803","","0","79 58:05.886","3","0","0","0","2301","0","0","0","N","0","0","0","1","02301","0","","4.0","","1","N","N","","0","","1","0","0","","0","","","1","1","0","0","0","0","0","2","0","1","","","","N","","","","","","","","","",""
"2009028113","","2","0","0","0","0","0","0","0","0","4","0","","02","2","2009","4","40.456462","-79.909809","","11","0","0","0","0","0","1","0","0","","0","0","0","","","0","","2","","40 27:23.262","","0","79 54:35.311","0","0","0","0","2301","0","0","0","N","0","0","0","2","02301","0","","1.0","","9","N","N","","0","","0","0","0","","3","","","2","0","0","0","0","0","0","2","0","2","","","","N","","","","","","","","","",""
"2009028114","","2","0","0","0","0","0","0","0","0","4","0","","02","2","2009","5","40.448031","-79.894553","","11","0","0","0","0","0","0","0","0","","0","0","0","","","1","","1","","40 26:52.911","","0","79 53:40.390","4","0","0","0","2301","0","0","0","N","0","0","0","2","02301","1","","1.0","","9","N","N","","0","","0","0","0","","2","","","2","1","0","0","0","0","0","2","0","2","","","","N","","","","","","","","","",""
"2009028115","","1","0","0","0","0","0","0","0","0","7","0","","02","2","2009","5","40.451293","-79.954074","","11","0","0","0","0","0","0","0","0","","0","0","0","","","0","","2","","40 27:04.654","","0","79 57:14.666","0","0","0","0","2301","0","0","0","N","0","0","0","1","02301","0","","5.0","","1","N","N","","0","","0","0","0","","3","","","1","0","0","0","0","0","0","2","0","1","","","","N","","","","","","","","","",""
"2009028116","","1","0","0","0","0","0","0","0","0","7","0","","02","2","2009","1","40.449594","-79.902473","","11","0","0","0","0","0","0","0","0","1","0","0","0","","","1","","2","","40 26:58.538","1","0","79 54:08.902","4","0","0","0","2301","0","0","0","N","0","0","0","1","02301","1","","2.0","","7","N","N","","0","","0","0","0","","0","N","","1","1","0","0","0","0","0","2","0","1","","","","N","","","","","","","","","",""
"2009028117","","1","0","0","0","0","0","0","0","0","4","0","","02","2","2009","2","40.454755","-79.932541","","11","0","0","0","0","0","0","0","0","","0","0","0","","","1","","1","","40 27:17.118","","0","79 55:57.147","4","0","0","0","2301","0","0","0","N","0","0","0","2","02301","1","","1.0","","1","N","N","","0","","0","0","1","","2","","","2","1","0","0","0","0","0","2","0","2","","","","N","","","","","","","","","",""
"2009028118","","0","0","0","0","0","0","0","0","0","99","0","","02","2","2009","7","40.419067","-79.926108","","11","0","0","0","0","0","0","0","0","","0","0","0","","","2","","2","","40 25:08.641","","0","79 55:33.988","3","0","0","0","2301","0","0","0","N","0","0","0","4","02301","1","","1.0","","1","N","N","","1","","1","0","1","","3","","","2","2","0","0","0","0","0","2","0","2","","","","N","","","","","","","","","",""
"2009028119","","1","0","0","0","0","0","0","0","0","2","0","","02","2","2009","6","40.457186","-79.934018","","11","0","0","0","0","0","1","0","0","","0","0","0","","","2","","0","","40 27:25.869","","0","79 56:02.464","4","0","0","0","2301","0","0","0","N","0","0","0","3","02301","2","","1.0","","1","N","N","","0","","0","0","0","","2","","","2","2","0","0","0","0","0","2","1","2","","","","N","","","","","","","","","",""
"2009028120","","1","0","0","0","0","0","0","0","0","4","0","","02","2","2009","2","40.447062","-79.947299","","11","0","0","0","0","0","0","0","0","","0","0","0","","","1","","1","","40 26:49.423","","0","79 56:50.276","4","0","0","0","2301","0","0","0","N","0","0","0","5","02301","1","","1.0","","1","N","N","","1","","0","0","0","","2","","","2","1","0","0","0","0","0","2","0","2","","","","N","","","","","","","","","",""
"2009028142","","1","0","0","0","0","0","0","0","0","7","0","","02","2","2009","7","40.4314","-80.0269","","11","0","0","0","0","0","0","0","0","","0","0","0","","","0","","0","","40 25:53.040","","2","80 01:36.840","0","0","0","0","2301","0","0","0","N","0","0","0","1","02301","0","","2.0","","2","N","N","","0","","0","0","0","","0","","","1","0","0","0","0","0","0","2","0","1","","","","N","","","","","","","","","",""
"2009028144","","0","0","0","0","0","0","0","0","0","6","0","","02","2","2009","6","40.459174","-79.890794","","11","0","0","0","0","0","1","0","0","","0","0","0","","","0","","0","","40 27:33.026","","0","79 53:26.858","0","0","0","0","2301","0","0","0","N","0","0","0","1","02301","0","","1.0","","1","N","N","","0","","0","0","2","","0","","","2","0","0","0","0","0","0","2","0","2","","","","N","","","","","","","","","",""
"2009028145","","1","0","0","0","0","0","0","0","0","4","0","","02","2","2009","5","40.4358","-79.9623","","11","0","0","0","0","0","0","0","0","1","0","0","0","","","1","","1","","40 26:08.880","6","0","79 57:44.280","4","0","0","0","2301","0","0","0","N","0","0","0","2","02301","1","","1.0","","1","N","N","","1","","0","0","0","","3","N","","2","1","0","0","0","0","0","2","0","2","","","","N","","","","","","","","","",""
"2009028146","","0","0","0","0","0","0","0","0","0","7","0","","02","2","2009","1","40.453019","-80.039479","","11","0","0","0","0","0","0","0","0","","0","0","0","","","3","","0","","40 27:10.868","","0","80 02:22.125","2","0","0","0","2301","0","0","0","N","0","0","0","3","02301","0","","2.0","","6","N","N","","0","","1","1","1","","0","","","1","3","2","0","1","1","0","2","0","1","","","","N","","","","","","","","","",""
"2009028147","","0","0","0","0","0","0","0","0","0","7","0","35","02","2","2009","3","40.441994","-80.030242","","11","0","0","0","0","0","1","0","0","","0","0","0","","","0","","0","","40 26:31.180","","0","80 01:48.870","0","0","0","0","2301","0","0","0","N","0","0","0","1","02301","0","","1.0","","1","N","N","","0","","0","0","1","","8","","","2","0","0","0","0","0","0","2","0","1","","","Y","Y","2","1","U","U","N","U","U","U","Y",""
"2009028148","","0","0","0","0","0","0","0","0","0","7","0","","02","2","2009","5","40.44297","-80.025048","","11","0","0","0","0","0","0","0","0","","0","0","0","","","0","","10","","40 26:34.691","","0","80 01:30.174","9","0","0","0","2301","0","0","0","N","0","0","0","1","02301","0","","3.0","","9","N","N","","0","","0","0","1","","0","","","1","0","0","0","0","0","1","2","0","1","","","","N","","","","","","","","","",""
"2009028149","","1","0","0","0","0","0","0","0","0","7","0","","02","2","2009","6","40.416109","-80.029737","","11","0","0","0","0","0","0","0","0","","0","0","0","","","1","","0","","40 24:57.993","","0","80 01:47.053","4","0","0","0","2301","0","0","0","N","0","0","0","1","02301","1","","2.0","","9","N","N","","0","","0","0","0","","0","","","1","1","0","0","0","0","0","2","0","1","","","","N","","","","","","","","","",""
"2009028150","","1","0","0","0","0","0","0","0","0","7","0","","02","2","2009","6","40.435357","-80.01287","","11","0","0","0","0","0","0","0","0","1","0","0","0","","","0","","0","","40 26:07.285","3","0","80 00:46.332","0","0","0","0","2301","0","0","0","N","0","0","0","2","02301","0","","2.0","","9","N","N","","0","","0","0","0","","2","N","","1","0","0","0","0","0","0","2","0","1","","","","N","","","","","","","","","",""
"2009028151","","1","0","0","0","0","0","0","0","0","1","0","","02","2","2009","7","40.435457","-79.911639","","11","0","0","0","0","0","0","0","0","1","0","0","0","","","0","","0","","40 26:07.645","1","0","79 54:41.900","0","0","0","0","2301","0","0","0","N","0","0","0","3","02301","0","","1.0","","1","N","N","","0","","0","0","1","","0","N","","2","0","0","0","0","0","0","2","0","2","","","","N","","","","","","","","","",""
"2009028152","","3","0","0","0","0","0","0","0","0","1","0","","02","2","2009","5","40.4306","-79.9983","","11","0","0","0","0","0","0","0","0","2","0","0","0","","","2","","0","","40 25:50.160","2","0","79 59:53.880","4","0","0","0","2301","0","0","0","Y","0","0","0","5","02301","1","","1.0","","1","N","N","","0","","0","0","0","","0","Y","","3","2","0","0","0","1","0","2","0","3","","","","N","","","","","","","","","",""
"2009028153","","1","0","0","0","0","0","0","0","0","7","0","","02","2","2009","5","40.483331","-80.025622","","11","0","0","1","0","0","0","0","0","","0","0","0","","","1","","0","","40 28:59.991","","0","80 01:32.239","3","0","0","0","2301","0","0","0","N","0","0","0","2","02301","0","","2.0","","1","N","N","","0","","1","0","0","","0","","","1","1","2","0","0","0","0","2","0","1","","","","N","","","","","","","","","",""