"CRN","ARRIVAL_TM","AUTOMOBILE_COUNT","BELTED_DEATH_COUNT","BELTED_SUSP_SERIOUS_INJ_COUNT","BICYCLE_COUNT","BICYCLE_DEATH_COUNT","BICYCLE_SUSP_SERIOUS_INJ_COUNT","BUS_COUNT","CHLDPAS_DEATH_COUNT","CHLDPAS_SUSP_SERIOUS_INJ_COUNT","COLLISION_TYPE","COMM_VEH_COUNT","CONS_ZONE_SPD_LIM","COUNTY","CRASH_MONTH","CRASH_YEAR","DAY_OF_WEEK","DEC_LATITUDE","DEC_LONGITUDE","DISPATCH_TM","DISTRICT","DRIVER_COUNT_16YR","DRIVER_COUNT_17YR","DRIVER_COUNT_18YR","DRIVER_COUNT_19YR","DRIVER_COUNT_20YR","DRIVER_COUNT_50_64YR","DRIVER_COUNT_65_74YR","DRIVER_COUNT_75PLUS","EST_HRS_CLOSED","FATAL_COUNT","HEAVY_TRUCK_COUNT","HORSE_BUGGY_COUNT","HOUR_OF_DAY","ILLUMINATION","INJURY_COUNT","INTERSECTION_RELATED","INTERSECT_TYPE","LANE_CLOSED","LATITUDE","LN_CLOSE_DIR","LOCATION_TYPE","LONGITUDE","MAX_SEVERITY_LEVEL","MCYCLE_DEATH_COUNT","MCYCLE_SUSP_SERIOUS_INJ_COUNT","MOTORCYCLE_COUNT","MUNICIPALITY","NONMOTR_COUNT","NONMOTR_DEATH_COUNT","NONMOTR_SUSP_SERIOUS_INJ_COUNT","NTFY_HIWY_MAINT","PED_COUNT","PED_DEATH_COUNT","PED_SUSP_SERIOUS_INJ_COUNT","PERSON_COUNT","POLICE_AGCY","POSSIBLE_INJ_COUNT","RDWY_SURF_TYPE_CD","RELATION_TO_ROAD","ROADWAY_CLEARED","ROAD_CONDITION","SCH_BUS_IND","SCH_ZONE_IND","SECONDARY_CRASH","SMALL_TRUCK_COUNT","SPEC_JURIS_CD","SUSP_MINOR_INJ_COUNT","SUSP_SERIOUS_INJ_COUNT","SUV_COUNT","TCD_FUNC_CD","TCD_TYPE","TFC_DETOUR_IND","TIME_OF_DAY","TOTAL_UNITS","TOT_INJ_COUNT","UNBELTED_OCC_COUNT","UNB_DEATH_COUNT","UNB_SUSP_SERIOUS_INJ_COUNT","UNK_INJ_DEG_COUNT","UNK_INJ_PER_COUNT","URBAN_RURAL","VAN_COUNT","VEHICLE_COUNT","WEATHER1","WEATHER2","WORKERS_PRES","WORK_ZONE_IND","WORK_ZONE_LOC","WORK_ZONE_TYPE","WZ_CLOSE_DETOUR","WZ_FLAGGER","WZ_LAW_OFFCR_IND","WZ_LN_CLOSURE","WZ_MOVING","WZ_OTHER","WZ_SHLDER_MDN","WZ_WORKERS_INJ_KILLED"
"2009028154","","1","0","0","0","0","0","0","0","0","2","0","","02","2","2009","7","40.426227","-79.96752","","11","0","1","0","1","0","0","0","0","","0","0","0","","","1","","1","","40 25:34.417","","0","79 58:03.072","4","0","0","0","2301","0","0","0","N","0","0","0","3","02301","1","","1.0","","1","N","N","","0","","0","0","0","","3","","","2","1","0","0","0","0","0","2","1","2","","","","N","","","","","","","","","",""
"2009028155","","1","0","0","0","0","0","0","0","0","4","0","","02","2","2009","1","40.4394","-80.0164","","11","0","0","0","0","0","2","0","0","","0","0","0","","","0","","0","","40 26:21.840","","0","80 00:59.040","0","0","0","0","2301","0","0","0","N","0","0","0","2","02301","0","","1.0","","9","N","","","0","","0","0","1","","0","","","2","0","0","0","0","0","0","2","0","2","","","","N","","","","","","","","","",""
"2009028156","","0","0","0","0","0","0","0","0","0","8","0","","02","2","2009","5","40.39461","-79.986533","","11","0","0","0","0","0","0","0","0","","0","0","0","","","1","","2","","40 23:40.596","","0","79 59:11.518","4","0","0","0","2301","1","0","0","N","1","0","0","2","02301","1","","1.0","","7","N","N","","1","","0","0","0","","0","","","2","1","0","0","0","0","0","2","0","1","","","","N","","","","","","","","","",""
"2009028157","","1","0","0","0","0","0","0","0","0","7","0","","02","2","2009","6","40.42642","-79.993297","","11","0","0","0","0","0","0","0","0","","0","0","0","","","0","","0","","40 25:35.112","","0","79 59:35.869","0","0","0","0","2301","0","0","0","N","0","0","0","3","02301","0","","4.0","","2","N","N","","0","","0","0","0","","0","","","1","0","0","0","0","0","0","2","0","1","","","","N","","","","","","","","","",""
"2009028158","","1","0","0","0","0","0","0","0","0","2","0","","02","2","2009","1","40.4276","-79.9691","","11","0","0","0","0","0","0","0","0","","0","0","0","","","0","","0","","40 25:39.360","","0","79 58:08.760","9","0","0","0","2301","0","0","0","N","0","0","0","1","02301","0","","6.0","","2","N","N","","0","","0","0","0","","0","","","2","0","0","0","0","0","1","2","1","2","","","","N","","","","","","","","","",""
"2009028159","","1","0","0","0","0","0","0","0","0","4","0","","02","2","2009","2","40.417165","-79.977595","","11","0","0","0","0","0","0","0","0","2","0","0","0","","","0","","2","","40 25:01.794","6","0","79 58:39.342","0","0","0","0","2301","0","0","0","N","0","0","0","7","02301","0","","1.0","","1","Y","N","","0","","0","0","0","","0","Y","","2","0","1","0","0","0","0","2","1","2","","","","N","","","","","","","","","",""
"2009028171","","1","0","0","0","0","0","0","0","0","4","0","","02","2","2009","4","40.451832","-79.943353","","11","0","0","0","0","0","0","1","0","","0","0","0","","","2","","1","","40 27:06.595","","0","79 56:36.070","4","0","0","0","2301","0","0","0","N","0","0","0","4","02301","2","","1.0","","9","N","N","","0","","0","0","1","","2","","","2","2","0","0","0","0","0","2","0","2","","","","N","","","","","","","","","",""
"2009028172","","1","0","0","0","0","0","0","0","0","4","0","","02","2","2009","6","40.429868","-79.9997","","11","0","0","0","0","0","2","0","0","1","0","0","0","","","0","","0","","40 25:47.523","2","0","79 59:58.919","0","0","0","0","2301","0","0","0","N","0","0","0","2","02301","0","","1.0","","9","N","N","","0","","0","0","1","","0","Y","","2","0","0","0","0","0","0","2","0","2","","","","N","","","","","","","","","",""
"2009028173","","1","0","0","0","0","0","0","0","0","1","0","","02","2","2009","6","40.416923","-80.014421","","11","0","0","1","0","0","0","0","0","","0","0","0","","","0","","2","","40 25:00.922","","0","80 00:51.917","0","0","0","0","2301","0","0","0","N","0","0","0","2","02301","0","","1.0","","1","N","N","","1","","0","0","0","","2","","","2","0","0","0","0","0","0","2","0","2","","","","N","","","","","","","","","",""
"2009028174","","1","0","0","0","0","0","0","0","0","1","0","","02","2","2009","6","40.415774","-80.030015","","11","0","0","0","0","0","1","0","0","1","0","0","0","","","0","","2","","40 24:56.786","2","0","80 01:48.054","0","0","0","0","2301","0","0","0","N","0","0","0","3","02301","0","","1.0","","1","N","N","","0","","0","0","1","","2","N","","2","0","0","0","0","0","0","2","0","2","","","","N","","","","","","","","","",""
"2009028175","","0","0","0","0","0","0","0","0","0","2","0","","02","2","2009","6","40.412618","-80.010319","","11","0","0","0","0","0","1","0","0","","0","0","0","","","0","","2","","40 24:45.423","","0","80 00:37.148","0","0","0","0","2301","0","0","0","N","0","0","0","2","02301","0","","1.0","","1","N","N","","1","","0","0","1","","2","","","2","0","0","0","0","0","0","2","0","2","","","","N","","","","","","","","","",""
"2009028176","","1","0","0","0","0","0","0","0","0","2","0","","02","2","2009","6","40.423717","-79.961989","","11","0","0","0","0","0","0","0","0","2","0","0","0","","","2","","0","","40 25:25.380","6","0","79 57:43.162","8","0","0","0","2301","0","0","0","N","0","0","0","3","02301","0","","1.0","","1","N","N","","1","","0","0","0","","0","Y","","2","2","0","0","0","2","0","2","0","2","","","","N","","","","","","","","","",""
"2009028192","","1","0","0","0","0","0","0","0","0","7","0","","02","2","2009","6","40.4528","-80.0393","","11","0","0","0","0","0","0","0","0","","0","0","0","","","0","","0","","40 27:10.080","","0","80 02:21.480","0","0","0","0","2301","0","0","0","","0","0","0","1","02301","0","","1.0","","2","N","N","","0","","0","0","0","","0","","","1","0","0","0","0","0","0","2","0","1","","","","N","","","","","","","","","",""
"2009028203","","2","0","0","0","0","0","0","0","0","7","0","","02","2","2009","2","40.353348","-79.837215","","11","0","0","0","0","0","0","0","1","2","0","0","0","","","0","","0","","40 21:12.054","7","0","79 50:13.975","0","0","0","0","2304","0","0","0","","0","0","0","3","02304","0","","2.0","","6","","","","0","","0","0","0","","0","Y","","2","0","0","0","0","0","0","2","0","2","","","","N","","","","","","","","","",""
"2009028228","","0","0","0","1","0","0","0","0","0","8","0","","02","2","2009","2","","","","11","0","0","0","0","0","1","0","0","","0","0","0","","","1","","0","","","","0","","8","0","0","0","2461","1","0","0","N","0","0","0","2","02461","0","","1.0","","1","N","N","","0","","0","0","1","","0","","","2","1","0","0","0","1","1","1","0","1","","","","N","","","","","","","","","",""
"2009028240","","1","0","0","0","0","0","0","0","0","1","0","","02","2","2009","6","40.429844","-79.874631","","11","0","0","0","0","0","0","0","0","2","0","0","0","","","3","","0","","40 25:47.438","3","0","79 52:28.670","3","0","0","0","2426","0","0","0","N","0","0","0","3","68B03","1","","1.0","","1","N","N","","1","","2","0","0","","0","N","","2","3","0","0","0","0","0","2","0","2","","","","N","","","","","","","","","",""
"2009028318","","0","0","0","0","0","0","0","0","0","4","0","","02","3","2009","6","40.300429","-79.876781","","11","0","0","0","0","0","0","0","0","1","0","0","0","","","0","","0","","40 18:01.546","5","0","79 52:36.413","0","0","0","0","2302","0","0","0","N","0","0","0","2","02302","0","","1.0","","1","N","N","","2","","0","0","0","","0","N","","2","0","0","0","0","0","0","2","0","2","","","","N","","","","","","","","","",""
"2009028319","","2","0","0","0","0","0","0","0","0","2","0","","02","2","2009","7","40.664948","-79.703784","","11","0","0","0","0","0","0","0","0","3","0","0","0","","","4","","1","","40 39:53.811","5","0","79 42:13.623","2","0","0","0","2106","0","0","0","N","0","0","0","4","02501","2","","1.0","","1","N","N","","0","","1","1","0","","2","Y","","2","4","1","0","1","0","0","1","0","2","","","","N","","","","","","","","","",""
"2009028321","","1","0","0","0","0","0","0","0","0","1","0","","02","3","2009","6","40.503863","-79.948785","","11","0","0","0","0","0","2","0","0","","0","0","0","","","0","","3","","40 30:13.908","","0","79 56:55.627","0","0","0","0","2430","0","0","0","N","0","0","0","2","02430","0","","1.0","","1","N","N","","0","","0","0","1","","3","","","2","0","0","0","0","0","0","2","0","2","","","","N","","","","","","","","","",""
"2009028327","","0","0","0","0","0","0","0","0","0","7","0","","02","3","2009","4","40.510547","-80.016369","","11","0","0","0","0","0","0","0","0","2","0","0","0","","","1","","0","","40 30:37.970","6","0","80 00:58.930","8","0","0","0","2116","0","0","0","N","0","0","0","1","02116","0","","5.0","","1","N","N","","0","","0","0","0","","0","Y","","1","1","1","0","0","1","0","2","1","1","","","","N","","","","","","","","","",""
"2009028335","","1","0","0","0","0","0","0","0","0","7","0","","02","2","2009","5","40.6557","-79.7886","","11","0","0","0","0","0","0","0","0","","0","0","0","","","0","","0","","40 39:20.520","","0","79 47:18.960","0","0","0","0","2202","0","0","0","N","0","0","0","1","02202","0","","4.0","","7","N","N","","0","","0","0","0","","0","","","1","0","0","0","0","0","0","1","0","1","","","","N","","","","","","","","","",""
"2009028343","","1","0","0","0","0","0","0","0","0","7","0","","02","2","2009","3","40.536069","-80.044015","","11","0","0","0","0","0","0","0","0","","0","0","0","","","0","","0","","40 32:09.848","","0","80 02:38.454","0","0","0","0","2116","0","0","0","N","0","0","0","1","02116","0","","2.0","","1","N","N","","0","","0","0","0","","0","","","1","0","0","0","0","0","0","2","0","1","","","","N","","","","","","","","","",""
"2009028371","","2","0","0","0","0","0","0","0","0","1","0","","02","2","2009","6","40.444157","-79.767306","","11","0","0","0","0","0","1","0","0","","0","0","0","","","1","","0","","40 26:38.965","","0","79 46:02.301","3","0","0","0","2446","0","0","0","N","0","0","0","2","68B03","0","","1.0","","7","N","N","","0","","1","0","0","","0","","","2","1","0","0","0","0","0","2","0","2","","","","N","","","","","","","","","",""
"2009028372","","1","0","0","0","0","0","0","0","0","7","0","","02","3","2009","5","40.5935","-80.0959","","11","0","0","0","0","0","0","0","0","","0","0","0","","","0","","0","","40 35:36.600","","0","80 05:45.240","0","0","0","0","2481","0","0","0","Y","0","0","0","1","68B03","0","","4.0","","1","N","N","","0","","0","0","0","","0","","","1","0","0","0","0","0","0","2","0","1","","","","N","","","","","","","","","",""
"2009028434","","0","0","0","0","0","0","0","0","0","7","0","","02","2","2009","1","","","","11","0","0","0","0","0","0","0","0","","0","0","0","","","0","","0","","","","0","","0","0","0","0","2301","0","0","0","N","0","0","0","1","02301","0","","4.0","","2","N","N","","1","","0","0","0","","0","","","1","0","1","0","0","0","0","1","0","1","","","","N","","","","","","","","","",""
"2009028435","","1","0","0","0","0","0","0","0","0","7","0","","02","2","2009","1","40.4475","-79.9906","","11","0","0","0","0","0","0","0","0","","0","0","0","","","0","","0","","40 26:51.000","","2","79 59:26.160","9","0","0","0","2301","0","0","0","N","0","0","0","1","02301","0","","2.0","","9","N","N","","0","","0","0","0","","0","","","1","0","0","0","0","0","1","2","0","1","","","","N","","","","","","","","","",""
"2009028439","","2","0","0","0","0","0","0","0","0","4","0","","02","2","2009","4","40.454007","-79.885643","","11","0","0","0","0","0","1","0","0","","0","0","0","","","0","","1","","40 27:14.426","","0","79 53:08.314","0","0","0","0","2301","0","0","0","N","0","0","0","2","02301","0","","1.0","","9","","N","","0","","0","0","0","","2","","","2","0","0","0","0","0","0","2","0","2","","","","N","","","","","","","","","",""
"2009028457","","1","0","0","0","0","0","0","0","0","7","0","","02","3","2009","5","40.504263","-79.724484","","11","0","0","0","1","0","0","0","0","2","0","0","0","","","0","","0","","40 30:15.345","1","0","79 43:28.141","0","0","0","0","2466","0","0","0","N","0","0","0","1","02466","0","","2.0","","1","N","N","","0","","0","0","0","","0","N","","1","0","0","0","0","0","0","2","0","1","","","","N","","","","","","","","","",""
"2009028550","","1","0","0","0","0","0","0","0","0","1","0","","02","3","2009","7","40.4451","-79.8282","","11","0","0","0","0","0","0","1","0","1","0","0","0","","","0","","0","","40 26:42.360","2","0","79 49:41.520","0","0","0","0","2113","0","0","0","N","0","0","0","2","02113","0","","1.0","","1","N","N","","0","","0","0","1","","0","N","","2","0","1","0","0","0","0","2","0","2","","","","N","","","","","","","","","",""
"2009028551","","1","0","0","0","0","0","0","0","0","4","0","","02","3","2009","5","40.66723","-80.09864","","11","0","0","0","0","0","1","0","0","2","0","0","0","","","1","","0","","40 40:02.028","5","0","80 05:55.104","4","0","0","0","2212","0","0","0","N","0","0","0","2","02505","1","","1.0","","1","N","N","","1","","0","0","0","","0","N","","2","1","0","0","0","0","0","2","0","2","","","","N","","","","","","","","","",""
"2009028553","","1","0","0","0","0","0","0","0","0","4","0","","02","3","2009","5","40.547103","-80.036454","","11","0","0","0","0","0","0","0","0","1","0","0","0","","","0","","0","","40 32:49.572","1","0","80 02:11.234","0","0","0","0","2116","0","0","0","N","0","0","0","3","02116","0","","1.0","","1","N","","","1","","0","0","0","","8","Y","","2","0","0","0","0","0","0","2","0","2","","","","N","","","","","","","","","",""
"2009028555","","3","0","0","0","0","0","0","0","0","1","0","","02","3","2009","7","40.370404","-80.031963","","11","0","0","0","0","0","2","0","0","2","0","0","0","","","3","","2","","40 22:13.454","2","0","80 01:55.065","3","0","0","0","2109","0","0","0","N","0","0","0","5","02109","2","","1.0","","1","N","N","","0","","1","0","0","","0","N","","4","3","0","0","0","0","0","2","1","4","","","","N","","","","","","","","","",""
"2009028558","","2","0","0","0","0","0","0","0","0","1","0","","02","2","2009","7","40.530541","-80.010984","","11","0","0","1","0","0","0","0","0","","0","0","0","","","1","","0","","40 31:49.948","","0","80 00:39.542","8","0","0","0","2116","0","0","0","N","0","0","0","3","02116","0","","1.0","","1","N","N","","0","","0","0","0","","0","","","2","1","0","0","0","1","0","2","0","2","","","","N","","","","","","","","","",""
"2009028566","","2","0","0","0","0","0","0","0","0","1","0","","02","3","2009","2","40.53006","-80.009324","","11","0","0","0","0","0","1","0","0","","0","0","0","","","1","","0","","40 31:48.215","","0","80 00:33.568","8","0","0","0","2116","0","0","0","N","0","0","0","3","02116","0","","1.0","","1","N","N","","0","","0","0","0","","0","","","2","1","0","0","0","1","0","2","0","2","","","","N","","","","","","","","","",""
"2009028570","","1","0","0","0","0","0","0","0","0","4","0","","02","3","2009","6","40.304959","-79.933938","","11","0","0","0","0","1","0","0","0","","0","0","0","","","3","","2","","40 18:17.851","","0","79 56:02.175","4","0","0","0","2440","0","0","0","N","0","0","0","7","02440","3","","1.0","","1","N","N","","1","","0","0","0","","0","","","2","3","0","0","0","0","0","2","0","2","","","","N","","","","","","","","","",""
"2009028571","","2","0","0","0","0","0","0","0","0","4","0","","02","3","2009","7","40.33708","-79.809473","","11","0","0","0","0","0","0","1","0","1","0","0","0","","","1","","2","","40 20:13.487","1","0","79 48:34.102","8","0","0","0","2477","0","0","0","N","0","0","0","2","02477","0","","1.0","","1","N","N","","0","","0","0","0","","3","N","","2","1","0","0","0","1","0","2","0","2","","","","N","","","","","","","","","",""
"2009028578","","1","0","0","0","0","0","0","0","0","4","0","","02","3","2009","6","40.516886","-79.894028","","11","0","1","0","0","0","0","0","0","","0","0","0","","","0","","3","","40 31:00.788","","0","79 53:38.499","0","0","0","0","2432","0","0","0","N","0","0","0","3","02432","0","","1.0","","1","N","N","","0","","0","0","1","","3","","","2","0","0","0","0","0","0","2","0","2","","","","N","","","","","","","","","",""
"2009028584","","0","0","0","0","0","0","0","0","0","7","0","","02","3","2009","6","40.381589","-79.811392","","11","0","0","0","0","0","0","0","0","1","0","0","0","","","0","","0","","40 22:53.720","5","0","79 48:41.011","0","0","0","0","2424","0","0","0","N","0","0","0","2","02424","0","","5.0","","1","N","N","","1","","0","0","0","","0","Y","","1","0","0","0","0","0","0","2","0","1","","","","N","","","","","","","","","",""
"2009028587","","1","0","0","0","0","0","0","0","0","1","0","","02","3","2009","4","40.379793","-79.808308","","11","0","0","0","0","0","0","0","0","1","0","0","0","","","0","","2","","40 22:47.253","5","0","79 48:29.908","9","0","0","0","2424","0","0","0","N","0","0","0","2","02424","0","","1.0","","1","N","N","","0","","0","0","1","","2","Y","","2","0","1","0","0","0","1","2","0","2","","","","N","","","","","","","","","",""
"2009028597","","1","0","0","0","0","0","0","0","0","7","0","","02","2","2009","5","40.414224","-79.901165","","11","0","0","0","0","0","0","0","0","","0","0","0","","","0","","0","","40 24:51.206","","0","79 54:04.194","0","0","0","0","2448","0","0","0","N","0","0","0","1","02448","0","","2.0","","1","N","N","","0","","0","0","0","","0","","","1","0","0","0","0","0","0","2","0","1","","","","N","","","","","","","","","",""
"2009028599","","0","0","0","0","0","0","0","0","0","1","0","","02","3","2009","5","40.4385","-79.743","","11","0","0","0","0","0","1","0","0","","0","0","0","","","2","","0","","40 26:18.600","","0","79 44:34.800","4","0","0","0","2446","0","0","0","N","0","0","0","2","02446","2","","1.0","","1","N","N","","0","","0","0","1","","0","","","2","2","0","0","0","0","0","2","1","2","","","","N","","","","","","","","","",""
"2009028600","","1","0","0","0","0","0","0","0","0","4","0","","02","3","2009","7","40.369951","-80.032738","","11","0","0","0","0","0","0","0","0","","0","0","0","","","0","","9","","40 22:11.823","","0","80 01:57.857","0","0","0","0","2416","0","0","0","","0","0","0","1","02503","0","","1.0","","1","","","","0","","0","0","0","","5","","","2","0","0","0","0","0","0","2","0","1","","","","N","","","","","","","","","",""
"2009028613","","1","0","0","0","0","0","0","0","0","4","0","","02","3","2009","6","40.450193","-80.107667","","11","0","0","0","0","0","1","0","0","","0","0","0","","","0","","10","","40 27:00.694","","0","80 06:27.601","0","0","0","0","2126","0","0","0","N","0","0","0","3","02126","0","","1.0","","1","N","N","","0","","0","0","0","","3","","","2","0","0","0","0","0","0","2","1","2","","","","N","","","","","","","","","",""
"2009028620","","0","0","0","0","0","0","0","0","0","7","0","","02","3","2009","1","40.352173","-79.977658","","11","0","0","0","0","0","1","0","0","1","0","0","0","","","0","","2","","40 21:07.822","2","0","79 58:39.568","0","0","0","0","2476","0","0","0","N","0","0","0","1","02476","0","","5.0","","9","N","N","","0","","0","0","0","","2","N","","1","0","0","0","0","0","0","2","1","1","","","","N","","","","","","","","","",""
"2009028622","","2","0","0","0","0","0","0","0","0","1","0","","02","3","2009","6","40.4971","-79.9337","","11","0","0","0","0","0","0","0","0","1","0","0","0","","","0","","0","","40 29:49.560","1","0","79 56:01.320","9","0","0","0","2430","0","0","0","N","0","0","0","3","02430","0","","1.0","","1","N","N","","0","","0","0","0","","0","N","","2","0","0","0","0","0","1","2","0","2","","","","N","","","","","","","","","",""
"2009028629","","3","0","0","0","0","0","0","0","0","5","0","","02","3","2009","5","40.512","-79.7911","","11","0","0","0","0","0","0","0","0","","0","0","0","","","0","","0","","40 30:43.200","","0","79 47:27.960","0","0","0","0","2113","0","0","0","N","0","0","0","1","02113","0","","4.0","","1","N","N","","0","","0","0","0","","0","","","3","0","1","0","0","0","0","2","0","3","","","","N","","","","","","","","","",""
"2009028638","","2","0","0","0","0","0","0","0","0","1","0","","02","3","2009","3","40.437297","-79.775953","","11","0","0","0","0","0","0","0","0","1","0","0","0","","","0","","0","","40 26:14.270","3","0","79 46:33.430","0","0","0","0","2446","0","0","0","N","0","0","0","3","02446","0","","1.0","","1","N","N","","0","","0","0","0","","0","N","","2","0","0","0","0","0","0","2","0","2","","","","N","","","","","","","","","",""
"2009028639","","4","0","0","0","0","0","0","0","0","1","0","","02","3","2009","6","40.438961","-80.072971","","11","0","0","0","0","0","0","0","0","","0","0","0","","","2","","1","","40 26:20.261","","0","80 04:22.696","8","0","0","0","2421","0","0","0","N","0","0","0","6","02421","0","","1.0","","1","N","N","","0","","0","0","0","","2","","","4","2","1","0","0","2","0","2","0","4","","","","N","","","","","","","","","",""
"2009028650","","0","0","0","0","0","0","0","0","0","1","0","","02","3","2009","7","40.434036","-79.732328","","11","0","0","0","0","0","1","1","0","1","0","0","0","","","0","","0","","40 26:02.531","4","0","79 43:56.379","0","0","0","0","2446","0","0","0","N","0","0","0","3","02446","0","","1.0","","1","N","N","","2","","0","0","0","","2","N","","2","0","1","0","0","0","0","2","0","2","","","","N","","","","","","","","","",""
"2009028657","","1","0","0","0","0","0","0","0","0","7","0","","02","3","2009","7","40.66033","-80.123674","","11","0","0","0","0","0","0","0","0","2","0","0","0","","","0","","0","","40 39:37.187","6","0","80 07:25.225","0","0","0","0","2212","0","0","0","N","0","0","0","1","02505","0","","5.0","","1","N","N","","0","","0","0","0","","0","N","","1","0","0","0","0","0","0","1","0","1","","","","N","","","","","","","","","",""
"2009028660","","1","0","0","0","0","0","0","0","0","7","0","","02","3","2009","7","40.5246","-79.8278","","11","0","0","0","0","0","0","0","0","1","0","0","0","","","1","","0","","40 31:28.560","6","0","79 49:40.080","3","0","0","0","2466","0","0","0","N","0","0","0","1","02466","0","","5.0","","1","N","N","","0","","1","0","0","","0","N","","1","1","0","0","0","0","0","2","0","1","","","","N","","","","","","","","","",""
"2009028663","","2","0","0","0","0","0","0","0","0","4","0","","02","3","2009","1","40.3865","-80.0923","","11","0","0","0","0","0","0","0","0","","0","0","0","","","0","","0","","40 23:11.400","","7","80 05:32.280","0","0","0","0","2102","0","0","0","N","0","0","0","5","02102","0","","1.0","","1","N","N","","0","","0","0","0","","2","","","2","0","0","0","0","0","0","2","0","2","","","","N","","","","","","","","","",""
"2009028665","","0","0","0","0","0","0","0","0","0","1","0","","02","3","2009","4","40.5293","-79.85","","11","0","0","0","0","0","1","0","0","2","0","0","0","","","0","","0","","40 31:45.480","2","0","79 51:00.000","0","0","0","0","2208","0","0","0","N","0","0","0","2","02208","0","","1.0","","1","N","N","","2","","0","0","0","","0","N","","2","0","0","0","0","0","0","2","0","2","","","","N","","","","","","","","","",""
"2009028680","","1","0","0","0","0","0","0","0","0","1","1","","02","3","2009","2","40.428886","-79.931195","","11","0","0","0","0","0","0","0","0","","0","1","0","","","0","","0","","40 25:43.989","","0","79 55:52.302","0","0","0","0","2301","0","0","0","N","0","0","0","2","68B03","0","","1.0","","1","N","N","","0","","0","0","0","","0","","","2","0","1","0","0","0","0","2","0","2","","","","N","","","","","","","","","",""
"2009028795","","3","0","0","0","0","0","0","0","0","1","0","","02","3","2009","5","40.474612","-80.074081","","11","0","0","0","0","0","0","0","0","","0","0","0","","","0","","0","","40 28:28.603","","0","80 04:26.691","9","0","0","0","2122","0","0","0","N","0","0","0","4","02122","0","","6.0","","1","N","N","","0","","0","0","0","","0","","","3","0","0","0","0","0","1","2","0","3","","","","N","","","","","","","","","",""
"2009028818","","0","0","0","0","0","0","0","0","0","7","1","","02","1","2009","6","40.454124","-80.111122","","11","0","0","0","0","0","1","0","0","","0","1","0","","","0","","0","","40 27:14.845","","0","80 06:40.040","0","0","0","0","2115","0","0","0","N","0","0","0","1","68B03","0","","4.0","","9","N","N","","0","","0","0","0","","0","","","1","0","0","0","0","0","0","2","0","1","","","","N","","","","","","","","","",""
"2009028901","","0","0","0","0","0","0","0","0","0","7","0","","02","2","2009","2","40.466349","-80.000287","","11","0","0","0","0","0","1","0","0","","0","0","0","","","1","","0","","40 27:58.857","","0","80 00:01.033","4","0","0","0","2301","0","0","0","N","0","0","0","1","02301","1","","3.0","","2","N","N","","1","","0","0","0","","0","","","1","1","0","0","0","0","0","2","0","1","","","","N","","","","","","","","","",""
"2009028904","","0","0","0","0","0","0","0","0","0","7","0","","02","3","2009","2","40.5806","-80.0378","","11","0","0","0","0","0","0","1","0","","0","0","0","","","0","","1","","40 34:50.160","","0","80 02:16.080","0","0","0","0","2216","0","0","0","N","0","0","0","1","02505","0","","5.0","","1","N","N","","0","","0","0","0","","2","","","1","0","0","0","0","0","0","2","1","1","","","","N","","","","","","","","","",""
"2009028911","","2","0","0","0","0","0","0","0","0","2","0","","02","3","2009","2","40.4386","-79.769","","11","0","0","0","0","0","0","0","0","","0","0","0","","","2","","2","","40 26:18.960","","0","79 46:08.400","4","0","0","0","2446","0","0","0","N","0","0","0","2","02446","2","","1.0","","1","N","N","","0","","0","0","0","","3","","","2","2","0","0","0","0","0","2","0","2","","","","N","","","","","","","","","",""
"2009028927","","1","0","0","0","0","0","0","0","0","2","0","","02","3","2009","5","40.279","-79.9054","","11","0","0","0","1","0","1","0","0","2","0","0","0","","","4","","7","","40 16:44.400","6","2","79 54:19.440","8","0","0","0","2440","0","0","0","N","0","0","0","4","02440","0","","1.0","","1","N","N","","0","","0","0","1","","8","Y","","2","4","2","0","0","4","0","2","0","2","","","","N","","","","","","","","","",""
"2009028934","","2","0","0","0","0","0","0","0","0","4","0","","02","3","2009","7","40.448512","-80.162664","","11","0","0","0","0","0","0","0","0","","0","0","0","","","0","","0","","40 26:54.643","","7","80 09:45.589","0","0","0","0","2115","0","0","0","N","0","0","0","5","02115","0","","1.0","","1","N","N","","0","","0","0","1","","3","","","3","0","0","0","0","0","0","2","0","3","","","","N","","","","","","","","","",""
"2009028935","","1","0","0","0","0","0","0","0","0","4","0","","02","3","2009","1","40.452835","-80.170468","","11","0","0","0","0","0","2","0","0","1","0","0","0","","","1","","0","","40 27:10.206","2","7","80 10:13.683","3","0","0","0","2115","0","0","0","N","0","0","0","3","02115","0","","1.0","","9","N","N","","0","","1","0","1","","3","N","","2","1","0","0","0","0","0","2","0","2","","","","N","","","","","","","","","",""
"2009028936","","0","0","0","0","0","0","0","0","0","4","0","","02","3","2009","6","40.3576","-80.0161","","11","0","0","0","0","0","0","0","0","","0","0","0","","","1","","2","","40 21:27.360","","0","80 00:57.960","8","0","0","0","2407","0","0","0","N","0","0","0","2","02407","0","","1.0","","1","N","N","","0","","0","0","1","","3","","","2","1","0","0","0","1","0","2","1","2","","","","N","","","","","","","","","",""
"2009028937","","3","0","0","0","0","0","0","0","0","1","0","","02","3","2009","3","40.3255","-80.0501","","11","0","0","0","0","0","2","0","0","","0","0","0","","","1","","0","","40 19:31.800","","0","80 03:00.360","4","0","0","0","2407","0","0","0","N","0","0","0","4","02407","1","","1.0","","1","N","N","","0","","0","0","1","","0","","","4","1","0","0","0","0","0","2","0","4","","","","N","","","","","","","","","",""