"CRN","ARRIVAL_TM","AUTOMOBILE_COUNT","BELTED_DEATH_COUNT","BELTED_SUSP_SERIOUS_INJ_COUNT","BICYCLE_COUNT","BICYCLE_DEATH_COUNT","BICYCLE_SUSP_SERIOUS_INJ_COUNT","BUS_COUNT","CHLDPAS_DEATH_COUNT","CHLDPAS_SUSP_SERIOUS_INJ_COUNT","COLLISION_TYPE","COMM_VEH_COUNT","CONS_ZONE_SPD_LIM","COUNTY","CRASH_MONTH","CRASH_YEAR","DAY_OF_WEEK","DEC_LATITUDE","DEC_LONGITUDE","DISPATCH_TM","DISTRICT","DRIVER_COUNT_16YR","DRIVER_COUNT_17YR","DRIVER_COUNT_18YR","DRIVER_COUNT_19YR","DRIVER_COUNT_20YR","DRIVER_COUNT_50_64YR","DRIVER_COUNT_65_74YR","DRIVER_COUNT_75PLUS","EST_HRS_CLOSED","FATAL_COUNT","HEAVY_TRUCK_COUNT","HORSE_BUGGY_COUNT","HOUR_OF_DAY","ILLUMINATION","INJURY_COUNT","INTERSECTION_RELATED","INTERSECT_TYPE","LANE_CLOSED","LATITUDE","LN_CLOSE_DIR","LOCATION_TYPE","LONGITUDE","MAX_SEVERITY_LEVEL","MCYCLE_DEATH_COUNT","MCYCLE_SUSP_SERIOUS_INJ_COUNT","MOTORCYCLE_COUNT","MUNICIPALITY","NONMOTR_COUNT","NONMOTR_DEATH_COUNT","NONMOTR_SUSP_SERIOUS_INJ_COUNT","NTFY_HIWY_MAINT","PED_COUNT","PED_DEATH_COUNT","PED_SUSP_SERIOUS_INJ_COUNT","PERSON_COUNT","POLICE_AGCY","POSSIBLE_INJ_COUNT","RDWY_SURF_TYPE_CD","RELATION_TO_ROAD","ROADWAY_CLEARED","ROAD_CONDITION","SCH_BUS_IND","SCH_ZONE_IND","SECONDARY_CRASH","SMALL_TRUCK_COUNT","SPEC_JURIS_CD","SUSP_MINOR_INJ_COUNT","SUSP_SERIOUS_INJ_COUNT","SUV_COUNT","TCD_FUNC_CD","TCD_TYPE","TFC_DETOUR_IND","TIME_OF_DAY","TOTAL_UNITS","TOT_INJ_COUNT","UNBELTED_OCC_COUNT","UNB_DEATH_COUNT","UNB_SUSP_SERIOUS_INJ_COUNT","UNK_INJ_DEG_COUNT","UNK_INJ_PER_COUNT","URBAN_RURAL","VAN_COUNT","VEHICLE_COUNT","WEATHER1","WEATHER2","WORKERS_PRES","WORK_ZONE_IND","WORK_ZONE_LOC","WORK_ZONE_TYPE","WZ_CLOSE_DETOUR","WZ_FLAGGER","WZ_LAW_OFFCR_IND","WZ_LN_CLOSURE","WZ_MOVING","WZ_OTHER","WZ_SHLDER_MDN","WZ_WORKERS_INJ_KILLED"
"2009029020","","2","0","0","0","0","0","0","0","0","4","0","","02","3","2009","2","40.6132","-79.9562","","11","0","0","1","0","0","0","0","2","2","0","0","0","","","3","","1","","40 36:47.520","6","0","79 57:22.320","4","0","0","0","2207","0","0","0","N","0","0","0","4","02207","1","","1.0","","1","N","N","","0","","0","0","1","","3","Y","","3","3","0","0","0","2","0","2","0","3","","","","N","","","","","","","","","",""
"2009029021","","1","0","0","0","0","0","0","0","0","4","0","","02","3","2009","6","40.634703","-79.939679","","11","0","0","0","0","0","0","0","0","1","0","0","0","","","0","","1","","40 38:04.929","3","0","79 56:22.843","0","0","0","0","2217","0","0","0","N","0","0","0","4","02505","0","","1.0","","1","N","N","","0","","0","0","1","","2","N","","2","0","0","0","0","0","0","2","0","2","","","","N","","","","","","","","","",""
"2009029026","","3","0","0","0","0","0","0","0","0","1","0","","02","3","2009","2","40.5299","-80.035","","11","0","0","0","0","0","0","0","0","","0","0","0","","","1","","0","","40 31:47.640","","0","80 02:06.000","4","0","0","0","2474","0","0","0","N","0","0","0","4","02474","1","","1.0","","1","N","N","","0","","0","0","0","","0","","","3","1","0","0","0","0","0","2","0","3","","","","N","","","","","","","","","",""
"2009029031","","0","0","0","0","0","0","0","0","0","1","0","","02","3","2009","2","40.480409","-79.836732","","11","0","0","0","0","0","0","0","0","2","0","0","0","","","1","","0","","40 28:49.473","6","0","79 50:12.235","3","0","0","0","2113","0","0","0","N","0","0","0","1","02113","0","","5.0","","1","N","N","","2","","1","0","0","","0","Y","","2","1","1","0","0","0","0","2","0","2","","","","N","","","","","","","","","",""
"2009029037","","1","0","0","0","0","0","0","0","0","1","0","","02","3","2009","4","40.641292","-80.066233","","11","0","0","0","0","0","2","0","0","1","0","0","0","","","0","","0","","40 38:28.650","1","0","80 03:58.439","0","0","0","0","2216","0","0","0","N","0","0","0","5","02505","0","","1.0","","1","N","N","","0","","0","0","2","","0","N","","4","0","0","0","0","0","0","2","1","4","","","","N","","","","","","","","","",""
"2009029038","","1","0","0","0","0","0","0","0","0","1","0","","02","3","2009","2","40.3958","-80.0864","","11","0","0","0","0","0","1","0","0","1","0","0","0","","","1","","0","","40 23:44.880","1","0","80 05:11.040","4","0","0","0","2102","0","0","0","N","0","0","0","2","02102","1","","1.0","","1","N","N","","0","","0","0","1","","0","N","","2","1","0","0","0","0","0","2","0","2","","","","N","","","","","","","","","",""
"2009029047","","1","0","0","0","0","0","0","0","0","7","0","","02","3","2009","3","40.36783","-79.830831","","11","0","0","0","0","1","0","0","0","","0","0","0","","","2","","0","","40 22:04.189","","0","79 49:50.992","4","0","0","0","2111","0","0","0","N","0","0","0","2","02111","2","","5.0","","1","N","N","","0","","0","0","0","","0","","","1","2","0","0","0","0","0","2","0","1","","","","N","","","","","","","","","",""
"2009029052","","1","0","0","0","0","0","0","0","0","7","0","","02","3","2009","1","40.408312","-79.890116","","11","0","0","0","0","0","0","0","0","","0","0","0","","","0","","0","","40 24:29.923","","0","79 53:24.417","0","0","0","0","2448","0","0","0","N","0","0","0","6","02448","0","","2.0","","9","N","N","","0","","0","0","0","","0","","","1","0","3","0","0","0","0","2","0","1","","","","N","","","","","","","","","",""
"2009029061","","0","0","0","0","0","0","0","0","0","7","0","","02","2","2009","2","40.4456","-80.0096","","11","0","0","0","0","0","0","0","0","","0","0","0","","","0","","0","","40 26:44.160","","0","80 00:34.560","0","0","0","0","2301","0","0","0","N","0","0","0","1","02301","0","","2.0","","2","N","N","","1","","0","0","0","","0","","","1","0","0","0","0","0","0","2","0","1","","","","N","","","","","","","","","",""
"2009029071","","1","0","0","0","0","0","0","0","0","7","0","","02","1","2009","4","40.3737","-79.8448","","11","0","0","1","0","0","0","0","0","2","0","0","0","","","1","","2","","40 22:25.320","2","0","79 50:41.280","3","0","0","0","2473","0","0","0","N","0","0","0","1","02473","0","","4.0","","1","N","N","","0","","1","0","0","","0","N","","1","1","0","0","0","0","0","2","0","1","","","","N","","","","","","","","","",""
"2009029080","","2","0","0","0","0","0","0","0","0","1","0","","02","3","2009","7","40.594622","-80.100223","","11","0","0","0","1","0","0","0","0","","0","0","0","","","0","","2","","40 35:40.639","","0","80 06:00.801","0","0","0","0","2481","0","0","0","N","0","0","0","2","02481","0","","1.0","","1","N","","","0","","0","0","0","","0","","","2","0","0","0","0","0","0","2","0","2","","","","N","","","","","","","","","",""
"2009029092","","2","0","0","0","0","0","0","0","0","1","0","","02","2","2009","6","40.431529","-80.024883","","11","0","0","0","0","1","0","0","0","","0","0","0","","","1","","0","","40 25:53.504","","0","80 01:29.577","8","0","0","0","2301","0","0","0","N","0","0","0","4","68B03","0","","1.0","","1","N","N","","1","","0","0","0","","0","","","3","1","0","0","0","1","0","2","0","3","","","","N","","","","","","","","","",""
"2009029157","","1","0","0","0","0","0","0","0","0","7","0","","02","1","2009","4","40.6132","-79.9557","","11","0","0","0","1","0","0","0","0","","0","0","0","","","0","","0","","40 36:47.520","","0","79 57:20.520","0","0","0","0","2207","0","0","0","N","0","0","0","1","68T02","0","","3.0","","6","N","N","","0","","0","0","0","","0","","","1","0","0","0","0","0","0","2","0","1","","","","N","","","","","","","","","",""
"2009029158","","0","0","0","0","0","0","0","0","0","99","0","","02","3","2009","5","40.6554","-80.0728","","11","0","0","0","0","0","0","0","0","","0","0","0","","","0","","0","","40 39:19.440","","0","80 04:22.080","0","0","0","0","2212","0","0","0","N","0","0","0","1","68T02","0","","1.0","","1","N","N","","0","","0","0","1","","0","","","1","0","0","0","0","0","0","2","0","1","","","","N","","","","","","","","","",""
"2009029208","","1","0","0","0","0","0","0","0","0","4","0","","02","3","2009","3","40.387589","-80.090909","","11","0","0","0","0","0","0","0","0","","0","0","0","","","0","","1","","40 23:15.322","","0","80 05:27.271","0","0","0","0","2437","0","0","0","N","0","0","0","2","02437","0","","1.0","","1","N","N","","1","","0","0","0","","2","","","2","0","0","0","0","0","0","2","0","2","","","","N","","","","","","","","","",""
"2009029253","","3","0","0","0","0","0","0","0","0","4","0","","02","3","2009","5","40.527917","-80.017686","","11","0","0","1","0","0","1","0","0","1","0","0","0","","","0","","2","","40 31:40.500","7","0","80 01:03.670","0","0","0","0","2116","0","0","0","N","0","0","0","3","02116","0","","1.0","","1","N","N","","0","","0","0","0","","3","Y","","3","0","1","0","0","0","0","2","0","3","","","","N","","","","","","","","","",""
"2009029272","","1","0","0","0","0","0","0","0","0","4","0","","02","3","2009","2","40.397503","-79.79933","","11","0","0","0","0","1","0","0","0","","0","0","0","","","1","","1","","40 23:51.010","","0","79 47:57.588","4","0","0","0","2446","0","0","0","N","0","0","0","3","02446","1","","1.0","","1","N","N","","1","","0","0","0","","3","","","2","1","0","0","0","0","0","2","0","2","","","","N","","","","","","","","","",""
"2009029301","","0","0","0","0","0","0","0","0","0","2","0","","02","3","2009","3","40.513896","-80.030041","","11","0","0","0","0","0","0","0","0","1","0","0","0","","","1","","2","","40 30:50.027","1","0","80 01:48.149","8","0","0","0","2474","0","0","0","N","0","0","0","3","02474","0","","1.0","","1","N","N","","1","","0","0","1","","2","N","","2","1","0","0","0","1","0","2","0","2","","","","N","","","","","","","","","",""
"2009029303","","1","0","0","0","0","0","0","0","0","4","0","","02","2","2009","1","40.366","-79.9494","","11","0","0","0","0","0","2","0","0","","0","0","0","","","2","","2","","40 21:57.600","","0","79 56:57.840","8","0","0","0","2403","0","0","0","N","0","0","0","2","02403","0","","1.0","","1","N","N","","1","","0","0","0","","3","","","2","2","0","0","0","2","0","2","0","2","","","","N","","","","","","","","","",""
"2009029309","","0","0","0","0","0","0","0","0","0","7","0","","02","2","2009","6","40.409486","-79.756194","","11","0","0","0","0","0","1","0","0","1","0","0","0","","","0","","0","","40 24:34.149","5","0","79 45:22.297","0","0","0","0","2446","0","0","0","N","0","0","0","1","02446","0","","5.0","","1","N","N","","0","","0","0","1","","0","Y","","1","0","1","0","0","0","0","2","0","1","","","","N","","","","","","","","","",""
"2009029313","","0","0","0","0","0","0","0","0","0","4","0","","02","3","2009","2","40.438869","-79.760496","","11","0","0","0","0","0","1","0","0","1","0","0","0","","","2","","1","","40 26:19.929","4","0","79 45:37.786","4","0","0","0","2446","0","0","0","N","0","0","0","3","02446","1","","1.0","","1","N","N","","0","","0","0","2","","2","N","","2","2","0","0","0","1","0","2","0","2","","","","N","","","","","","","","","",""
"2009029314","","0","0","0","0","0","0","0","0","0","1","0","","02","3","2009","2","40.3556","-79.9796","","11","0","0","0","0","0","1","0","0","","0","0","0","","","0","","1","","40 21:20.160","","0","79 58:46.560","0","0","0","0","2476","0","0","0","N","0","0","0","2","02476","0","","1.0","","1","N","N","","1","","0","0","0","","2","","","2","0","0","0","0","0","0","2","1","2","","","","N","","","","","","","","","",""
"2009029328","","1","0","0","0","0","0","0","0","0","1","0","","02","3","2009","3","40.407764","-79.891709","","11","0","0","0","0","1","1","0","0","","0","0","0","","","0","","2","","40 24:27.949","","0","79 53:30.154","0","0","0","0","2448","0","0","0","N","0","0","0","4","02448","0","","1.0","","1","N","N","","0","","0","0","1","","0","","","2","0","1","0","0","0","0","2","0","2","","","","N","","","","","","","","","",""
"2009029329","","2","0","0","0","0","0","0","0","0","4","0","","02","3","2009","5","40.5188","-80.2187","","11","0","0","1","0","0","1","0","0","1","0","0","0","","","0","","0","","40 31:07.680","5","0","80 13:07.320","0","0","0","0","2213","0","0","0","N","0","0","0","2","02213","0","","1.0","","1","N","N","","0","","0","0","0","","0","N","","2","0","0","0","0","0","0","2","0","2","","","","N","","","","","","","","","",""
"2009029330","","1","0","0","0","0","0","0","0","0","4","0","","02","3","2009","4","40.31238","-80.018144","","11","0","0","0","0","0","1","0","0","1","0","0","0","","","1","","2","","40 18:44.569","1","0","80 01:05.318","8","0","0","0","2407","0","0","0","N","0","0","0","2","02407","0","","1.0","","1","N","N","","0","","0","0","1","","3","N","","3","1","0","0","0","1","0","2","0","2","","","","N","","","","","","","","","",""
"2009029364","","0","0","0","0","0","0","0","0","0","7","0","","02","2","2009","1","40.4381","-80.1958","","11","0","0","0","0","0","0","0","0","","0","0","0","","","0","","0","","40 26:17.160","","0","80 11:44.880","0","0","0","0","2214","0","0","0","N","0","0","0","1","68B03","0","","2.0","","7","N","N","","0","","0","0","1","","0","","","1","0","0","0","0","0","0","2","0","1","","","","N","","","","","","","","","",""
"2009029365","","1","0","0","0","0","0","0","0","0","7","0","","02","3","2009","1","40.439754","-80.154567","","11","0","0","0","0","0","0","0","0","1","0","0","0","","","1","","0","","40 26:23.116","3","0","80 09:16.440","4","0","0","0","2115","0","0","0","N","0","0","0","1","68B03","1","","3.0","","1","N","N","","0","","0","0","0","","0","N","","1","1","0","0","0","0","0","2","0","1","","","","N","","","","","","","","","",""
"2009029427","","0","0","0","0","0","0","0","0","0","0","0","","02","3","2009","1","40.315053","-79.814437","","11","0","0","0","0","0","0","0","0","","0","0","0","","","0","","0","","40 18:54.190","","0","79 48:51.973","9","0","0","0","2105","0","0","0","N","0","0","0","2","02105","0","","5.0","","9","N","N","","1","","0","0","0","","0","","","1","0","0","0","0","0","1","2","0","1","","","","N","","","","","","","","","",""
"2009029432","","2","0","0","0","0","0","0","0","0","4","0","","02","3","2009","1","40.451155","-80.250577","","11","0","0","0","0","0","0","0","0","","0","0","0","","","0","","2","","40 27:04.158","","0","80 15:02.077","0","0","0","0","2203","0","0","0","N","0","0","0","2","02203","0","","1.0","","9","N","N","","0","","0","0","0","","3","","","2","0","0","0","0","0","0","2","0","2","","","","N","","","","","","","","","",""
"2009029433","","0","0","0","0","0","0","0","0","0","1","0","","02","3","2009","3","40.465625","-79.825133","","11","0","0","0","0","0","0","0","1","","0","0","0","","","1","","5","","40 27:56.249","","0","79 49:30.480","8","0","0","0","2113","0","0","0","N","0","0","0","2","02113","0","","1.0","","1","N","N","","0","","0","0","2","","2","","","2","1","0","0","0","1","0","2","0","2","","","","N","","","","","","","","","",""
"2009029439","","2","0","0","0","0","0","0","0","0","1","0","","02","3","2009","3","40.468349","-79.824689","","11","0","0","0","0","0","1","1","0","2","0","0","0","","","0","","2","","40 28:06.058","1","0","79 49:28.882","0","0","0","0","2113","0","0","0","N","0","0","0","2","02113","0","","1.0","","1","N","N","","0","","0","0","0","","2","N","","2","0","0","0","0","0","0","2","0","2","","","","N","","","","","","","","","",""
"2009029453","","1","0","0","0","0","0","0","0","0","7","0","","02","3","2009","2","40.410883","-80.069938","","11","0","0","0","0","0","0","0","0","1","0","0","0","","","0","","0","","40 24:39.178","1","0","80 04:11.778","0","0","0","0","2435","0","0","0","N","0","0","0","2","68B03","0","","3.0","","1","N","N","","0","","0","0","0","","0","N","","1","0","2","0","0","0","0","2","0","1","","","","N","","","","","","","","","",""
"2009029524","","1","0","0","0","0","0","0","0","0","0","0","","02","3","2009","1","40.6435","-80.0246","","11","0","0","0","0","0","0","0","0","2","0","0","0","","","1","","0","","40 38:36.600","4","0","80 01:28.560","8","0","0","0","2216","0","0","0","N","0","0","0","1","68T02","0","","4.0","","8","N","N","","0","","0","0","0","","0","N","","1","1","0","0","0","1","0","2","0","1","","05","","N","","","","","","","","","",""
"2009029525","","1","0","0","0","0","0","0","0","0","99","0","","02","3","2009","2","40.6592","-80.087","","11","0","0","0","0","0","1","0","0","","0","0","0","","","0","","0","","40 39:33.120","","0","80 05:13.200","0","0","0","0","2212","0","0","0","N","0","0","0","1","68T02","0","","1.0","","1","N","N","","0","","0","0","0","","0","","","1","0","0","0","0","0","0","2","0","1","","","","N","","","","","","","","","",""
"2009029526","","0","0","0","0","0","0","0","0","0","0","0","","02","3","2009","2","40.563","-79.8516","","11","0","0","0","1","0","0","0","0","","0","0","0","","","0","","0","","40 33:46.800","","0","79 51:05.760","0","0","0","0","2209","0","0","0","N","0","0","0","1","68T02","0","","1.0","","1","N","N","","0","","0","0","1","","0","","","1","0","0","0","0","0","0","2","0","1","","","","N","","","","","","","","","",""
"2009029558","","1","0","0","0","0","0","0","0","0","1","0","","02","3","2009","6","40.352121","-80.059484","","11","0","0","0","0","0","1","0","0","1","0","0","0","","","1","","0","","40 21:07.635","1","0","80 03:34.142","8","0","0","0","2123","0","0","0","N","0","0","0","2","02123","0","","1.0","","1","N","N","","0","","0","0","1","","0","N","","2","1","0","0","0","1","0","2","0","2","","","","N","","","","","","","","","",""
"2009029565","","1","0","0","0","0","0","0","0","0","8","0","","02","3","2009","4","40.463782","-80.022721","","11","0","0","0","0","0","0","0","0","","0","0","0","","","1","","2","","40 27:49.615","","0","80 01:21.795","4","0","0","0","2301","1","0","0","N","1","0","0","2","02301","1","","1.0","","1","Y","Y","","0","","0","0","0","","3","","","2","1","0","0","0","0","0","2","0","1","","","","N","","","","","","","","","",""
"2009029589","","0","0","0","0","0","0","0","0","0","2","0","","02","3","2009","3","40.5903","-79.7511","","11","0","0","0","0","1","1","0","0","","0","1","0","","","1","","1","","40 35:25.080","","0","79 45:03.960","8","0","0","0","2464","0","0","0","N","0","0","0","2","64305","0","","1.0","","1","N","N","","0","","0","0","1","","2","","","2","1","1","0","0","1","0","2","0","2","","","","N","","","","","","","","","",""
"2009029604","","1","0","0","0","0","0","0","0","0","1","0","","02","3","2009","4","40.337466","-79.808755","","11","0","0","0","0","0","0","1","0","","0","0","0","","","1","","1","","40 20:14.877","","0","79 48:31.517","4","0","0","1","2477","0","0","0","N","0","0","0","2","02477","1","","1.0","","1","N","N","","0","","0","0","0","","2","","","2","1","0","0","0","0","0","2","0","2","","","","N","","","","","","","","","",""
"2009029610","","1","0","0","0","0","0","0","0","0","1","1","","02","3","2009","3","40.475403","-79.970191","","11","0","0","0","0","0","0","0","0","2","0","0","0","","","1","","0","","40 28:31.449","2","0","79 58:12.689","4","0","0","0","2445","0","0","0","N","0","0","0","2","02445","1","","1.0","","1","N","N","","0","","0","0","0","","0","N","","2","1","0","0","0","0","0","2","0","2","","","","N","","","","","","","","","",""
"2009029645","","1","0","0","0","0","0","0","0","0","7","0","","02","2","2009","3","40.420323","-80.037704","","11","0","0","0","0","0","0","0","0","1","0","0","0","","","0","","0","","40 25:13.164","1","0","80 02:15.735","0","0","0","0","2301","0","0","0","N","0","0","0","1","68B03","0","","4.0","","9","N","N","","0","","0","0","0","","0","N","","1","0","0","0","0","0","0","2","0","1","","","","N","","","","","","","","","",""
"2009029646","","1","0","0","0","0","0","0","0","0","7","0","","02","2","2009","2","40.429715","-79.885379","","11","0","0","0","0","0","0","0","0","1","0","0","0","","","0","","0","","40 25:46.974","4","0","79 53:07.365","0","0","0","0","2426","0","0","0","N","0","0","0","1","68B03","0","","2.0","","7","N","N","","0","","0","0","0","","0","N","","1","0","0","0","0","0","0","2","0","1","","","","N","","","","","","","","","",""
"2009029647","","1","0","0","0","0","0","0","0","0","1","0","","02","2","2009","6","40.428887","-79.932615","","11","0","0","0","0","0","0","0","0","","0","0","0","","","0","","0","","40 25:43.994","","0","79 55:57.415","0","0","0","0","2426","0","0","0","N","0","0","0","3","68B04","0","","1.0","","1","N","N","","1","","0","0","1","","0","","","3","0","0","0","0","0","0","2","0","3","","","","N","","","","","","","","","",""
"2009029684","","1","0","0","0","0","0","0","0","0","7","0","","02","3","2009","2","40.6577","-80.0837","","11","0","0","0","0","0","0","0","0","","0","0","0","","","0","","0","","40 39:27.720","","0","80 05:01.320","0","0","0","0","2212","0","0","0","N","0","0","0","1","68T02","0","","3.0","","9","N","N","","0","","0","0","0","","0","","","1","0","0","0","0","0","0","2","0","1","","","","N","","","","","","","","","",""
"2009029685","","1","0","0","0","0","0","0","0","0","7","0","","02","3","2009","1","40.6444","-80.0317","","11","0","0","1","0","0","0","0","0","1","0","0","0","","","1","","0","","40 38:39.840","4","0","80 01:54.120","4","0","0","0","2216","0","0","0","N","0","0","0","1","68T02","1","","3.0","","9","N","N","","0","","0","0","0","","0","N","","1","1","0","0","0","0","0","2","0","1","","","","N","","","","","","","","","",""
"2009029686","","1","0","0","0","0","0","0","0","0","1","0","","02","3","2009","1","40.6435","-80.0246","","11","0","0","1","0","0","0","0","0","2","0","0","0","","","1","","0","","40 38:36.600","4","0","80 01:28.560","4","0","0","0","2216","0","0","0","N","0","0","0","4","68T02","1","","1.0","","9","N","N","","0","","0","0","1","","0","N","","2","1","0","0","0","0","0","2","0","2","","","","N","","","","","","","","","",""
"2009029691","","0","0","0","0","0","0","0","0","0","4","0","","02","2","2009","7","40.5439","-80.0359","","11","0","0","0","0","0","1","0","0","2","0","0","0","","","0","","1","","40 32:38.040","1","0","80 02:09.240","0","0","0","0","2116","0","0","0","N","0","0","0","2","02116","0","","1.0","","1","N","N","","0","","0","0","1","","0","Y","","2","0","0","0","0","0","0","2","1","2","","","","N","","","","","","","","","",""
"2009029696","","1","0","0","0","0","0","0","0","0","1","0","","02","2","2009","4","40.5507","-80.0193","","11","0","0","0","0","0","0","1","0","","0","0","0","","","0","","0","","40 33:02.520","","0","80 01:09.480","0","0","0","0","2116","0","0","0","N","0","0","0","3","02116","0","","1.0","","1","N","N","","0","","0","0","0","","0","","","2","0","0","0","0","0","0","2","1","2","","","","N","","","","","","","","","",""
"2009029711","","1","0","0","0","0","0","0","0","0","7","0","","02","3","2009","7","40.529943","-80.085561","","11","0","0","0","0","0","0","0","0","2","0","0","0","","","0","","0","","40 31:47.793","2","0","80 05:08.021","0","0","0","0","2215","0","0","0","N","0","0","0","1","02215","0","","4.0","","1","N","N","","0","","0","0","0","","0","N","","1","0","0","0","0","0","0","2","0","1","","","","N","","","","","","","","","",""
"2009029716","","0","0","0","0","0","0","0","0","0","4","0","","02","3","2009","4","40.449156","-79.762252","","11","0","0","0","0","0","0","0","0","","0","0","0","","","0","","5","","40 26:56.961","","0","79 45:44.107","0","0","0","0","2446","0","0","0","N","0","0","0","2","02446","0","","1.0","","1","N","N","","0","","0","0","2","","3","","","2","0","0","0","0","0","0","2","0","2","","","","N","","","","","","","","","",""
"2009029739","","0","0","0","0","0","0","0","0","0","7","0","","02","2","2009","7","40.3517","-79.8632","","11","0","0","0","1","0","0","0","0","","0","0","0","","","1","","1","","40 21:06.120","","0","79 51:47.520","4","0","0","0","2304","0","0","0","N","0","0","0","1","02304","1","","5.0","","1","N","N","","0","","0","0","1","","0","","","1","1","0","0","0","0","0","2","0","1","","","","N","","","","","","","","","",""
"2009029740","","1","0","0","0","0","0","0","0","0","1","0","","02","2","2009","4","40.326","-79.8395","","11","0","0","0","0","0","0","1","1","1","0","0","0","","","1","","0","","40 19:33.600","1","0","79 50:22.200","8","0","0","0","2304","0","0","0","N","0","0","0","2","02304","0","","1.0","","1","N","N","","1","","0","0","0","","0","Y","","2","1","0","0","0","1","0","2","0","2","","","","N","","","","","","","","","",""
"2009029790","","0","0","0","0","0","0","0","0","0","7","1","","02","2","2009","4","40.361","-80.1274","","11","0","0","0","0","0","0","0","0","","0","1","0","","","0","","0","","40 21:39.600","","0","80 07:38.640","9","0","0","0","2119","0","0","0","N","0","0","0","1","02119","0","","5.0","","3","N","N","","0","","0","0","0","","8","","","1","0","0","0","0","0","1","2","0","1","","","","N","","","","","","","","","",""
"2009029791","","0","0","0","0","0","0","0","0","0","7","0","","02","2","2009","2","40.3397","-80.1772","","11","0","0","0","0","0","0","1","0","3","0","0","0","","","1","","9","","40 20:22.920","3","0","80 10:37.920","4","0","0","0","2119","0","0","0","N","0","0","0","1","02119","1","","5.0","","1","N","N","","1","","0","0","0","","5","N","","1","1","0","0","0","0","0","2","0","1","","","","N","","","","","","","","","",""
"2009029792","","1","0","0","0","0","0","0","0","0","1","0","","02","2","2009","5","40.33909","-80.12589","","11","0","0","1","0","0","0","0","0","2","0","0","0","","","2","","2","","40 20:20.723","1","0","80 07:33.205","8","0","0","0","2119","0","0","0","N","0","0","0","2","02119","0","","1.0","","1","N","N","","0","","0","0","1","","0","N","","2","2","0","0","0","2","0","2","0","2","","","","N","","","","","","","","","",""
"2009029793","","1","0","0","0","0","0","0","0","0","7","0","","02","2","2009","1","40.3919","-80.1831","","11","0","0","1","0","0","0","0","0","2","0","0","0","","","1","","2","","40 23:30.840","1","0","80 10:59.160","4","0","0","0","2119","0","0","0","Y","0","0","0","1","02119","1","","2.0","","2","N","N","","0","","0","0","0","","0","N","","1","1","0","0","0","0","0","1","0","1","","","","N","","","","","","","","","",""
"2009029794","","1","0","0","0","0","0","0","0","0","7","0","","02","2","2009","4","40.3502","-80.148","","11","0","1","0","0","0","0","0","0","","0","0","0","","","0","","0","","40 21:00.720","","0","80 08:52.800","0","0","0","0","2119","0","0","0","N","0","0","0","3","02119","0","","5.0","","1","N","N","","0","","0","0","0","","0","","","1","0","0","0","0","0","0","2","0","1","","","","N","","","","","","","","","",""
"2009029820","","1","0","0","0","0","0","0","0","0","7","0","","02","2","2009","7","40.463311","-79.967373","","11","0","0","0","0","0","0","0","0","1","0","0","0","","","1","","0","","40 27:47.921","6","0","79 58:02.542","8","0","0","0","2301","0","0","0","N","0","0","0","1","02301","0","","5.0","","1","N","N","","0","","0","0","0","","0","Y","","1","1","0","0","0","1","0","2","0","1","","","","N","","","","","","","","","",""
"2009029838","","1","0","0","0","0","0","0","0","0","4","0","","02","2","2009","3","40.47152","-79.926282","","11","0","0","0","0","0","1","0","0","","0","0","0","","","0","","1","","40 28:17.472","","0","79 55:34.615","0","0","0","0","2301","0","0","0","N","0","0","0","2","02301","0","","1.0","","1","N","N","","1","","0","0","0","","2","","","2","0","2","0","0","0","0","2","0","2","","","","N","","","","","","","","","",""
"2009029839","","1","0","0","0","0","0","0","0","0","4","0","","02","2","2009","3","40.4557","-79.9429","","11","0","0","0","0","0","0","0","0","9","0","0","0","","","0","","2","","40 27:20.520","7","0","79 56:34.440","0","0","0","0","2301","0","0","0","N","0","0","0","3","02301","0","","1.0","","1","N","N","","1","","0","0","0","","0","N","","2","0","0","0","0","0","0","2","0","2","","","","N","","","","","","","","","",""
"2009029840","","1","0","0","0","0","0","0","0","0","7","0","","02","2","2009","6","40.470048","-79.946427","","11","0","0","0","0","0","1","0","0","","0","0","0","","","0","","0","","40 28:12.172","","0","79 56:47.137","0","0","0","0","2301","0","0","0","N","0","0","0","1","02301","0","","2.0","","9","N","N","","0","","0","0","0","","0","","","1","0","0","0","0","0","0","2","0","1","","","","N","","","","","","","","","",""
"2009029841","","0","0","0","0","0","0","0","0","0","4","0","","02","1","2009","3","40.6522","-79.8413","","11","0","0","0","0","0","0","0","1","1","0","0","0","","","0","","2","","40 39:07.920","2","0","79 50:28.680","0","0","0","0","2220","0","0","0","N","0","0","0","2","02220","0","","1.0","","1","N","N","","0","","0","0","0","","3","Y","","2","0","0","0","0","0","0","1","2","2","","","","N","","","","","","","","","",""
"2009029855","","0","0","0","0","0","0","0","0","0","7","0","","02","2","2009","4","40.4921","-79.9093","","11","0","0","0","0","0","0","1","0","2","0","0","0","","","0","","0","","40 29:31.560","2","0","79 54:33.480","0","0","0","0","2112","0","0","0","Y","0","0","0","1","02112","0","","1.0","","9","N","N","","0","","0","0","1","","0","N","","1","0","0","0","0","0","0","2","0","1","","","","N","","","","","","","","","",""