"CRN","ARRIVAL_TM","AUTOMOBILE_COUNT","BELTED_DEATH_COUNT","BELTED_SUSP_SERIOUS_INJ_COUNT","BICYCLE_COUNT","BICYCLE_DEATH_COUNT","BICYCLE_SUSP_SERIOUS_INJ_COUNT","BUS_COUNT","CHLDPAS_DEATH_COUNT","CHLDPAS_SUSP_SERIOUS_INJ_COUNT","COLLISION_TYPE","COMM_VEH_COUNT","CONS_ZONE_SPD_LIM","COUNTY","CRASH_MONTH","CRASH_YEAR","DAY_OF_WEEK","DEC_LATITUDE","DEC_LONGITUDE","DISPATCH_TM","DISTRICT","DRIVER_COUNT_16YR","DRIVER_COUNT_17YR","DRIVER_COUNT_18YR","DRIVER_COUNT_19YR","DRIVER_COUNT_20YR","DRIVER_COUNT_50_64YR","DRIVER_COUNT_65_74YR","DRIVER_COUNT_75PLUS","EST_HRS_CLOSED","FATAL_COUNT","HEAVY_TRUCK_COUNT","HORSE_BUGGY_COUNT","HOUR_OF_DAY","ILLUMINATION","INJURY_COUNT","INTERSECTION_RELATED","INTERSECT_TYPE","LANE_CLOSED","LATITUDE","LN_CLOSE_DIR","LOCATION_TYPE","LONGITUDE","MAX_SEVERITY_LEVEL","MCYCLE_DEATH_COUNT","MCYCLE_SUSP_SERIOUS_INJ_COUNT","MOTORCYCLE_COUNT","MUNICIPALITY","NONMOTR_COUNT","NONMOTR_DEATH_COUNT","NONMOTR_SUSP_SERIOUS_INJ_COUNT","NTFY_HIWY_MAINT","PED_COUNT","PED_DEATH_COUNT","PED_SUSP_SERIOUS_INJ_COUNT","PERSON_COUNT","POLICE_AGCY","POSSIBLE_INJ_COUNT","RDWY_SURF_TYPE_CD","RELATION_TO_ROAD","ROADWAY_CLEARED","ROAD_CONDITION","SCH_BUS_IND","SCH_ZONE_IND","SECONDARY_CRASH","SMALL_TRUCK_COUNT","SPEC_JURIS_CD","SUSP_MINOR_INJ_COUNT","SUSP_SERIOUS_INJ_COUNT","SUV_COUNT","TCD_FUNC_CD","TCD_TYPE","TFC_DETOUR_IND","TIME_OF_DAY","TOTAL_UNITS","TOT_INJ_COUNT","UNBELTED_OCC_COUNT","UNB_DEATH_COUNT","UNB_SUSP_SERIOUS_INJ_COUNT","UNK_INJ_DEG_COUNT","UNK_INJ_PER_COUNT","URBAN_RURAL","VAN_COUNT","VEHICLE_COUNT","WEATHER1","WEATHER2","WORKERS_PRES","WORK_ZONE_IND","WORK_ZONE_LOC","WORK_ZONE_TYPE","WZ_CLOSE_DETOUR","WZ_FLAGGER","WZ_LAW_OFFCR_IND","WZ_LN_CLOSURE","WZ_MOVING","WZ_OTHER","WZ_SHLDER_MDN","WZ_WORKERS_INJ_KILLED"
"2009034085","","1","0","0","0","0","0","0","0","0","1","0","","02","3","2009","7","40.434172","-80.019968","","11","0","0","0","0","0","1","0","0","","0","0","0","","","0","","0","","40 26:03.019","","4","80 01:11.886","0","0","0","0","2301","0","0","0","N","0","0","0","3","68B03","0","","1.0","","1","N","N","","0","","0","0","0","","0","","","2","0","0","0","0","0","0","2","1","2","","","","N","","","","","","","","","",""
"2009034087","","1","0","0","0","0","0","0","0","0","7","0","45","02","3","2009","1","40.495","-79.9072","","11","0","0","0","0","0","0","0","0","","0","0","0","","","1","","0","","40 29:42.000","","0","79 54:25.920","4","0","0","0","2112","0","0","0","N","0","0","0","1","68D02","1","","3.0","","1","N","N","","0","","0","0","0","","1","","","1","1","0","0","0","0","0","2","0","1","","","N","Y","4","2","N","N","N","N","N","N","Y",""
"2009034139","","0","0","0","0","0","0","0","0","0","2","0","","02","3","2009","4","40.427499","-79.751215","","11","0","0","0","0","0","0","0","0","","0","0","0","","","1","","2","","40 25:38.996","","0","79 45:04.374","8","0","0","0","2446","0","0","0","N","0","0","0","3","02446","0","","1.0","","1","N","N","","0","","0","0","0","","2","","","2","1","0","0","0","1","0","2","2","2","","","","N","","","","","","","","","",""
"2009034143","","2","0","0","0","0","0","0","0","0","1","0","","02","3","2009","3","40.400572","-80.082842","","11","0","0","0","0","0","0","2","0","1","0","0","0","","","0","","5","","40 24:02.059","1","0","80 04:58.232","0","0","0","0","2415","0","0","0","N","0","0","0","2","02415","0","","1.0","","1","N","N","","0","","0","0","0","","0","Y","","2","0","0","0","0","0","0","2","0","2","","","","N","","","","","","","","","",""
"2009034155","","1","0","0","0","0","0","0","0","0","4","0","","02","3","2009","4","40.5974","-79.9475","","11","0","0","0","0","0","0","0","1","1","0","0","0","","","1","","0","","40 35:50.640","5","0","79 56:51.000","4","0","0","0","2207","0","0","0","N","0","0","0","2","02207","1","","1.0","","1","N","N","","0","","0","0","1","","0","N","","2","1","0","0","0","0","0","2","0","2","","","","N","","","","","","","","","",""
"2009034156","","1","0","0","0","0","0","0","0","0","1","0","","02","3","2009","4","40.3552","-80.0502","","11","0","0","0","0","0","0","1","0","","0","0","0","","","1","","1","","40 21:18.720","","0","80 03:00.720","4","0","0","0","2109","0","0","0","N","0","0","0","2","02109","1","","1.0","","1","N","N","","0","","0","0","1","","2","","","2","1","0","0","0","0","0","2","0","2","","","","N","","","","","","","","","",""
"2009034158","","0","0","0","0","0","0","0","0","0","1","0","","02","3","2009","4","40.3866","-79.827","","11","0","0","0","0","0","2","0","0","1","0","0","0","","","0","","0","","40 23:11.760","4","0","79 49:37.200","0","0","0","0","2111","0","0","0","N","0","0","0","4","02111","0","","1.0","","9","N","N","","1","","0","0","1","","0","N","","3","0","1","0","0","0","0","2","1","3","","","","N","","","","","","","","","",""
"2009034161","","2","0","0","0","0","0","0","0","0","4","0","","02","3","2009","6","40.4091","-79.9029","","11","1","0","0","0","0","1","0","0","1","0","0","0","","","0","","0","","40 24:32.760","3","7","79 54:10.440","0","0","0","0","2448","0","0","0","N","0","0","0","3","02448","0","","1.0","","1","N","N","","0","","0","0","0","","0","N","","2","0","2","0","0","0","0","2","0","2","","","","N","","","","","","","","","",""
"2009034162","","0","0","0","0","0","0","0","0","0","7","0","","02","3","2009","7","40.54669","-79.779379","","11","0","0","0","0","0","1","0","0","","0","0","0","","","1","","10","","40 32:48.084","","0","79 46:45.764","8","0","0","0","2462","0","0","0","N","0","0","0","1","02462","0","","5.0","","1","N","N","","0","","0","0","1","","0","","","1","1","1","0","0","1","0","2","0","1","","","","N","","","","","","","","","",""
"2009034168","","1","0","0","0","0","0","0","0","0","4","0","","02","3","2009","4","40.3321","-79.9459","","11","0","0","0","0","0","0","0","0","1","0","0","0","","","0","","0","","40 19:55.560","2","0","79 56:45.240","0","0","0","0","2454","0","0","0","N","0","0","0","2","02454","0","","1.0","","9","N","N","","1","","0","0","0","","3","N","","2","0","0","0","0","0","0","2","0","2","","","","N","","","","","","","","","",""
"2009034175","","1","0","0","0","0","0","0","0","0","7","0","","02","3","2009","1","40.482","-79.8265","","11","0","0","0","0","0","0","0","0","","0","0","0","","","0","","0","","40 28:55.200","","0","79 49:35.400","0","0","0","0","2113","0","0","0","N","0","0","0","1","02113","0","","2.0","","1","N","N","","0","","0","0","0","","0","","","1","0","0","0","0","0","0","2","0","1","","","","N","","","","","","","","","",""
"2009034177","","1","0","0","0","0","0","0","0","0","4","0","","02","3","2009","4","40.477598","-79.842736","","11","0","0","0","0","0","1","0","0","2","0","0","0","","","0","","1","","40 28:39.352","6","0","79 50:33.849","0","0","0","0","2113","0","0","0","N","0","0","0","4","02113","0","","1.0","","9","N","N","","1","","0","0","1","","3","Y","","3","0","0","0","0","0","0","2","0","3","","","","N","","","","","","","","","",""
"2009034180","","0","0","0","0","0","0","0","0","0","4","0","","02","3","2009","3","40.463634","-79.810359","","11","0","0","0","1","0","0","0","0","","0","0","0","","","0","","2","","40 27:49.082","","0","79 48:37.292","0","0","0","0","2113","0","0","0","N","0","0","0","5","02113","0","","1.0","","1","N","N","","0","","0","0","1","","0","","","2","0","0","0","0","0","0","2","0","2","","","","N","","","","","","","","","",""
"2009034182","","2","0","0","0","0","0","0","0","0","1","0","","02","3","2009","4","40.3551","-79.9792","","11","0","0","0","0","0","0","0","1","","0","0","0","","","0","","0","","40 21:18.360","","0","79 58:45.120","0","0","0","0","2476","0","0","0","N","0","0","0","2","02476","0","","1.0","","9","N","N","","0","","0","0","0","","2","","","2","0","2","0","0","0","0","2","0","2","","","","N","","","","","","","","","",""
"2009034184","","2","0","0","0","0","0","0","0","0","4","0","","02","3","2009","4","40.4388","-79.7669","","11","0","0","1","0","0","0","0","0","2","0","0","0","","","0","","0","","40 26:19.680","3","0","79 46:00.840","0","0","0","0","2446","0","0","0","N","0","0","0","2","02446","0","","1.0","","9","N","N","","0","","0","0","0","","0","N","","2","0","0","0","0","0","0","2","0","2","","","","N","","","","","","","","","",""
"2009034186","","1","0","0","0","0","0","0","0","0","7","0","","02","3","2009","3","40.5091","-80.0912","","11","0","0","0","0","0","0","0","0","","0","0","0","","","1","","0","","40 30:32.760","","0","80 05:28.320","4","0","0","0","2429","0","0","0","N","0","0","0","1","02215","1","","2.0","","1","N","N","","0","","0","0","0","","0","","","1","1","0","0","0","0","0","2","0","1","","","","N","","","","","","","","","",""
"2009034188","","0","0","0","0","0","0","0","0","0","4","0","","02","3","2009","7","40.513762","-80.156181","","11","0","0","0","0","0","0","1","0","2","0","0","0","","","3","","1","","40 30:49.543","6","0","80 09:22.252","4","0","0","0","2420","0","0","0","N","0","0","0","4","02420","3","","1.0","","9","N","N","","2","","0","0","0","","2","Y","","2","3","0","0","0","0","0","2","0","2","","","","N","","","","","","","","","",""
"2009034283","","1","0","0","0","0","0","0","0","0","7","0","","02","3","2009","4","40.4892","-79.8203","","11","0","0","1","0","0","0","0","0","1","0","0","0","","","0","","0","","40 29:21.120","5","0","79 49:13.080","0","0","0","0","2113","0","0","0","Y","0","0","0","2","02113","0","","2.0","","9","N","N","","0","","0","0","0","","0","N","","1","0","0","0","0","0","0","2","0","1","","","","N","","","","","","","","","",""
"2009034291","","0","0","0","0","0","0","0","0","0","7","0","","02","3","2009","4","40.611972","-79.897676","","11","0","0","0","0","0","0","0","0","2","0","0","0","","","1","","0","","40 36:43.098","6","0","79 53:51.635","3","0","0","0","2220","0","0","0","N","0","0","0","1","02220","0","","2.0","","9","N","N","","0","","1","0","1","","0","Y","","1","1","0","0","0","0","0","2","0","1","","","","N","","","","","","","","","",""
"2009034307","","3","0","0","0","0","0","0","0","0","1","0","","02","3","2009","4","40.4957","-79.945","","11","0","0","0","0","0","1","0","0","1","0","0","0","","","2","","0","","40 29:44.520","1","0","79 56:42.000","4","0","0","0","2430","0","0","0","N","0","0","0","4","02430","2","","1.0","","9","N","N","","0","","0","0","0","","0","N","","3","2","0","0","0","0","0","2","0","3","","","","N","","","","","","","","","",""
"2009034316","","1","0","0","0","0","0","0","0","0","7","0","","02","3","2009","2","40.3424","-79.9649","","11","0","0","0","0","0","1","0","0","","0","0","0","","","0","","7","","40 20:32.640","","2","79 57:53.640","0","0","0","0","2454","0","0","0","N","0","0","0","2","02454","0","","3.0","","1","N","N","","0","","0","0","0","","0","","","1","0","0","0","0","0","0","2","0","1","","","","N","","","","","","","","","",""
"2009034330","","1","0","0","0","0","0","0","0","0","7","0","","02","3","2009","1","40.541758","-79.839646","","11","0","0","0","0","0","0","0","0","","0","0","0","","","0","","0","","40 32:30.329","","0","79 50:22.724","0","0","0","0","2208","0","0","0","N","0","0","0","1","68D02","0","","5.0","","9","N","N","","0","","0","0","0","","0","","","1","0","0","0","0","0","0","2","0","1","","05","","N","","","","","","","","","",""
"2009034398","","1","0","0","0","0","0","0","0","0","7","0","","02","3","2009","4","40.4309","-79.7443","","11","0","0","0","0","0","0","0","0","1","0","0","0","","","1","","10","","40 25:51.240","3","2","79 44:39.480","4","0","0","0","2446","0","0","0","Y","0","0","0","1","68T09","1","","2.0","","1","N","N","","0","","0","0","0","","0","Y","","1","1","0","0","0","0","0","2","0","1","","","","N","","","","","","","","","",""
"2009034406","","1","0","0","0","0","0","0","0","0","7","0","","02","3","2009","1","40.35918","-80.075892","","11","0","0","0","0","0","0","0","0","","0","0","0","","","0","","0","","40 21:33.048","","0","80 04:33.211","0","0","0","0","2123","0","0","0","N","0","0","0","1","02123","0","","2.0","","1","N","N","","0","","0","0","0","","0","","","1","0","0","0","0","0","0","2","0","1","","","","N","","","","","","","","","",""
"2009034409","","1","0","0","0","0","0","0","0","0","2","0","","02","3","2009","5","40.475102","-80.095863","","11","0","0","0","0","0","0","0","0","","0","0","0","","","1","","2","","40 28:30.367","","0","80 05:45.106","4","0","0","0","2126","0","0","0","N","0","0","0","4","02126","1","","1.0","","9","N","N","","0","","0","0","0","","3","","","2","1","0","0","0","0","0","2","1","2","","","","N","","","","","","","","","",""
"2009034450","","2","0","0","0","0","0","0","0","0","1","0","","02","3","2009","3","40.419587","-80.05164","","11","0","0","0","0","0","0","0","0","2","0","0","0","","","2","","0","","40 25:10.514","1","0","80 03:05.905","4","0","0","0","2435","0","0","0","N","0","0","0","2","68B03","2","","1.0","","1","N","N","","0","","0","0","0","","0","N","","2","2","0","0","0","0","0","2","0","2","","","","N","","","","","","","","","",""
"2009034451","","1","0","0","0","0","0","0","0","0","1","0","","02","3","2009","4","40.420018","-80.050579","","11","0","0","0","0","0","1","0","0","","0","0","0","","","0","","6","","40 25:12.066","","2","80 03:02.085","0","0","0","0","2435","0","0","0","N","0","0","0","3","68B03","0","","1.0","","9","N","N","","0","","0","0","0","","3","","","2","0","0","0","0","0","0","2","1","2","","","","N","","","","","","","","","",""
"2009034504","","0","0","0","0","0","0","0","0","0","1","0","","02","3","2009","5","40.333166","-79.953941","","11","0","0","0","0","0","2","0","0","1","0","0","0","","","1","","5","","40 19:59.397","4","0","79 57:14.187","8","0","0","0","2454","0","0","0","N","0","0","0","2","02454","0","","1.0","","9","N","N","","0","","0","0","2","","3","N","","2","1","0","0","0","1","0","2","0","2","","","","N","","","","","","","","","",""
"2009034508","","2","0","0","0","0","0","0","0","0","1","0","","02","3","2009","5","40.351455","-79.821343","","11","0","0","0","0","0","1","0","0","","0","0","0","","","2","","0","","40 21:05.239","","0","79 49:16.833","8","0","0","0","2477","0","0","0","N","0","0","0","3","02477","0","","1.0","","1","N","N","","0","","0","0","1","","0","","","3","2","0","0","0","2","0","2","0","3","","","","N","","","","","","","","","",""
"2009034511","","0","0","0","0","0","0","0","0","0","7","0","","02","3","2009","5","40.4629","-79.7272","","11","0","0","0","0","0","0","0","0","3","0","0","0","","","1","","0","","40 27:46.440","1","0","79 43:37.920","8","0","0","0","2466","0","0","0","N","0","0","0","1","02466","0","","5.0","","1","N","N","","0","","0","0","1","","0","Y","","1","1","0","0","0","1","0","2","0","1","","","","N","","","","","","","","","",""
"2009034513","","0","0","0","0","0","0","0","0","0","7","0","","02","3","2009","6","40.4342","-79.751","","11","0","0","0","0","0","0","0","0","1","0","0","0","","","1","","0","","40 26:03.120","7","0","79 45:03.600","3","0","0","0","2446","0","0","0","N","0","0","0","1","02446","0","","2.0","","1","N","N","","0","","1","0","1","","0","N","","1","1","0","0","0","0","0","2","0","1","","","","N","","","","","","","","","",""
"2009034518","","1","0","0","0","0","0","0","0","0","1","0","","02","3","2009","3","40.369994","-80.170857","","11","0","1","0","0","0","0","0","0","2","0","0","0","","","0","","0","","40 22:11.978","2","0","80 10:15.084","0","0","0","0","2119","0","0","0","N","0","0","0","3","02119","0","","1.0","","1","N","N","","0","","0","0","1","","0","N","","2","0","0","0","0","0","0","2","0","2","","","","N","","","","","","","","","",""
"2009034538","","1","0","0","0","0","0","0","0","0","7","0","","02","2","2009","4","40.455447","-79.883331","","11","0","0","0","0","1","0","0","0","1","0","0","0","","","1","","2","","40 27:19.610","3","1","79 52:59.992","2","0","0","0","2301","0","0","0","N","0","0","0","3","02301","0","","5.0","","1","N","N","","0","","0","1","0","","2","Y","","1","1","1","0","1","0","0","2","0","1","","","","N","","","","","","","","","",""
"2009034539","","1","0","0","0","0","0","0","0","0","6","0","","02","2","2009","7","40.468756","-79.896053","","11","0","0","0","0","0","1","0","1","","0","0","0","","","0","","1","","40 28:07.521","","0","79 53:45.790","0","0","0","0","2301","0","0","0","N","0","0","0","4","02301","0","","1.0","","1","N","N","","0","","0","0","1","","0","","","2","0","0","0","0","0","0","2","0","2","","","","N","","","","","","","","","",""
"2009034540","","2","0","0","0","0","0","0","0","0","4","0","","02","3","2009","3","40.465072","-79.946499","","11","0","0","0","0","0","0","1","1","","0","0","0","","","0","","1","","40 27:54.259","","0","79 56:47.396","9","0","0","0","2301","0","0","0","N","0","0","0","2","02301","0","","1.0","","1","N","N","","0","","0","0","0","","3","","","2","0","0","0","0","0","2","2","0","2","","","","N","","","","","","","","","",""
"2009034541","","0","0","0","0","0","0","0","0","0","1","0","","02","3","2009","2","40.45833","-79.960859","","11","0","0","0","0","0","0","0","0","2","0","0","0","","","0","","1","","40 27:29.988","1","0","79 57:39.092","9","0","0","0","2301","0","0","0","N","0","0","0","1","02301","0","","2.0","","9","N","N","","1","","0","0","1","","0","N","","2","0","0","0","0","0","1","2","0","2","","","","N","","","","","","","","","",""
"2009034542","","2","0","0","0","0","0","0","0","0","4","0","","02","3","2009","3","40.470881","-79.927312","","11","0","0","0","0","0","2","0","0","","0","0","0","","","0","","1","","40 28:15.171","","0","79 55:38.323","0","0","0","0","2301","0","0","0","N","0","0","0","2","02301","0","","1.0","","1","N","N","","0","","0","0","0","","0","","","2","0","2","0","0","0","0","2","0","2","","","","N","","","","","","","","","",""
"2009034543","","1","0","0","0","0","0","0","0","0","7","0","","02","3","2009","3","40.472784","-79.890088","","11","0","0","0","0","0","0","1","0","","0","0","0","","","0","","0","","40 28:22.022","","0","79 53:24.316","0","0","0","0","2301","0","0","0","N","0","0","0","1","02301","0","","5.0","","1","N","N","","0","","0","0","0","","0","","","1","0","0","0","0","0","0","2","0","1","","","","N","","","","","","","","","",""
"2009034546","","1","0","0","0","0","0","0","0","0","1","0","","02","3","2009","5","40.485941","-79.912171","","11","0","0","0","0","0","0","0","0","","0","0","0","","","0","","0","","40 29:09.388","","0","79 54:43.815","0","0","0","0","2301","0","0","0","N","0","0","0","2","02301","0","","1.0","","1","N","N","","0","","0","0","0","","0","","","2","0","0","0","0","0","0","2","1","2","","","","N","","","","","","","","","",""
"2009034547","","1","0","0","0","0","0","0","0","0","7","0","","02","3","2009","5","40.462849","-79.925416","","11","0","0","0","0","0","0","0","0","","0","0","0","","","0","","0","","40 27:46.257","","0","79 55:31.498","0","0","0","0","2301","0","0","0","N","0","0","0","1","02301","0","","5.0","","1","N","N","","0","","0","0","0","","0","","","1","0","0","0","0","0","0","2","0","1","","","","N","","","","","","","","","",""
"2009034548","","0","0","0","0","0","0","0","0","0","4","0","","02","3","2009","7","40.45601","-79.947616","","11","0","0","0","0","0","1","0","0","","0","0","0","","","1","","1","","40 27:21.636","","0","79 56:51.417","4","0","0","0","2301","0","0","0","N","0","0","0","2","02301","1","","1.0","","1","N","N","","0","","0","0","1","","3","","","2","1","0","0","0","0","1","2","1","2","","","","N","","","","","","","","","",""
"2009034569","","2","0","0","0","0","0","0","0","0","6","0","","02","3","2009","6","40.577849","-80.220346","","11","0","0","0","0","0","0","0","0","","0","0","0","","","0","","1","","40 34:40.255","","0","80 13:13.246","0","0","0","0","2441","0","0","0","N","0","0","0","2","02441","0","","1.0","","1","N","N","","0","","0","0","0","","3","","","2","0","0","0","0","0","0","2","0","2","","","","N","","","","","","","","","",""
"2009034583","","1","0","0","0","0","0","0","0","0","4","0","","02","2","2009","5","40.3564","-80.1191","","11","0","0","0","0","0","0","0","0","","0","0","0","","","1","","2","","40 21:23.040","","2","80 07:08.760","4","0","0","0","2119","0","0","0","N","0","0","0","4","02119","1","","1.0","","1","N","N","","1","","0","0","0","","2","","","2","1","0","0","0","0","0","2","0","2","","","","N","","","","","","","","","",""
"2009034585","","0","0","0","0","0","0","0","0","0","1","0","","02","3","2009","3","40.4365","-80.1915","","11","0","0","0","0","0","0","0","0","","0","0","0","","","0","","0","","40 26:11.400","","0","80 11:29.400","0","0","0","0","2214","0","0","0","N","0","0","0","2","02214","0","","1.0","","1","N","N","","0","","0","0","1","","0","","","2","0","0","0","0","0","0","2","1","2","","","","N","","","","","","","","","",""
"2009034610","","1","0","0","0","0","0","0","0","0","7","0","","02","1","2009","3","40.6016","-79.888","","11","0","0","0","0","0","0","0","0","","0","0","0","","","0","","0","","40 36:05.760","","0","79 53:16.800","0","0","0","0","2220","0","0","0","N","0","0","0","1","02220","0","","2.0","","2","N","N","","0","","0","0","0","","0","","","1","0","0","0","0","0","0","1","0","1","","","","N","","","","","","","","","",""
"2009034611","","1","0","0","0","0","0","0","0","0","7","0","","02","2","2009","5","40.650492","-79.859458","","11","0","0","0","0","0","0","0","0","","0","0","0","","","0","","0","","40 39:01.771","","0","79 51:34.048","9","0","0","0","2220","0","0","0","N","0","0","0","1","02220","0","","2.0","","1","N","N","","0","","0","0","0","","0","","","1","0","0","0","0","0","1","1","0","1","","","","N","","","","","","","","","",""
"2009034612","","1","0","0","0","0","0","0","0","0","7","0","","02","2","2009","7","40.6578","-79.8361","","11","0","0","0","0","0","0","0","0","3","0","0","0","","","0","","0","","40 39:28.080","5","0","79 50:09.960","0","0","0","0","2220","0","0","0","Y","0","0","0","1","02220","0","","4.0","","2","N","N","","0","","0","0","0","","0","Y","","1","0","0","0","0","0","0","1","0","1","","","","N","","","","","","","","","",""
"2009034613","","1","0","0","0","0","0","0","0","0","7","0","","02","2","2009","4","40.6016","-79.8977","","11","0","0","0","0","0","0","0","0","1","0","0","0","","","0","","0","","40 36:05.760","5","0","79 53:51.720","0","0","0","0","2220","0","0","0","N","0","0","0","1","02220","0","","2.0","","2","N","N","","0","","0","0","0","","0","N","","1","0","0","0","0","0","0","2","0","1","","","","N","","","","","","","","","",""
"2009034636","","1","0","0","0","0","0","0","0","0","5","1","25","02","3","2009","4","40.495741","-79.938799","","11","0","0","0","1","0","0","0","0","","0","1","0","","","0","","0","","40 29:44.669","","0","79 56:19.677","0","0","0","0","2461","0","0","0","N","0","0","0","3","02461","0","","1.0","","1","N","N","","0","","0","0","0","","3","","","2","0","0","0","0","0","0","2","0","2","","","Y","Y","4","1","U","U","N","U","U","Y","U",""
"2009034764","","2","0","0","0","0","0","0","0","0","1","0","","02","3","2009","1","40.4597","-79.9072","","11","0","0","0","0","0","0","1","0","","0","0","0","","","0","","2","","40 27:34.920","","0","79 54:25.920","0","0","0","0","2301","0","0","0","N","0","0","0","2","02301","0","","1.0","","1","N","N","","0","","0","0","0","","0","","","2","0","0","0","0","0","0","2","0","2","","","","N","","","","","","","","","",""
"2009034766","","1","0","0","0","0","0","0","0","0","6","0","","02","3","2009","5","40.392094","-80.014629","","11","0","0","0","0","0","0","0","0","","0","0","0","","","0","","0","","40 23:31.538","","0","80 00:52.664","0","0","0","0","2301","0","0","0","N","0","0","0","2","02301","0","","1.0","","1","N","N","","0","","0","0","1","","0","","","2","0","0","0","0","0","0","2","0","2","","","","N","","","","","","","","","",""
"2009034787","","0","0","0","0","0","0","0","0","0","7","0","","02","3","2009","5","40.455584","-79.966241","","11","0","0","0","0","0","1","0","0","1","0","0","0","","","1","","3","","40 27:20.104","5","0","79 57:58.469","3","0","0","0","2301","0","0","0","N","0","0","0","2","02301","0","","5.0","","1","N","N","","0","","1","0","0","","2","Y","","1","1","0","0","0","0","0","2","1","1","","","","N","","","","","","","","","",""
"2009034788","","1","0","0","0","0","0","0","0","0","5","1","","02","3","2009","6","40.4347","-79.9955","","11","0","0","0","0","0","1","0","0","","0","1","0","","","0","","2","","40 26:04.920","","0","79 59:43.800","0","0","0","0","2301","0","0","0","N","0","0","0","3","02301","0","","1.0","","1","N","N","","0","","0","0","0","","0","","","2","0","0","0","0","0","0","2","0","2","","","","N","","","","","","","","","",""
"2009034789","","1","0","0","0","0","0","0","0","0","1","0","","02","3","2009","4","40.400319","-80.027021","","11","0","0","0","0","0","0","0","1","","0","0","0","","","0","","2","","40 24:01.148","","0","80 01:37.275","0","0","0","0","2301","0","0","0","N","0","0","0","1","02301","0","","1.0","","1","N","N","","1","","0","0","0","","3","","","2","0","0","0","0","0","0","2","0","2","","","","N","","","","","","","","","",""
"2009034790","","2","0","0","0","0","0","0","0","0","2","0","","02","3","2009","7","40.400795","-80.031768","","11","0","0","0","0","0","0","1","0","","0","0","0","","","0","","5","","40 24:02.862","","0","80 01:54.365","0","0","0","0","2301","0","0","0","N","0","0","0","3","02301","0","","1.0","","1","N","N","","0","","0","0","0","","3","","","2","0","0","0","0","0","0","2","0","2","","","","N","","","","","","","","","",""
"2009034791","","0","0","0","0","0","0","0","0","0","4","1","","02","3","2009","3","40.437872","-79.979502","","11","0","0","0","0","0","0","0","0","","0","1","0","","","3","","2","","40 26:16.339","","0","79 58:46.207","8","0","0","0","2301","0","0","0","N","0","0","0","3","02301","0","","1.0","","1","N","N","","1","","0","0","0","","0","","","2","3","0","0","0","3","0","2","0","2","","","","N","","","","","","","","","",""
"2009034792","","1","0","0","0","0","0","0","0","0","8","0","","02","3","2009","5","40.443716","-79.998347","","11","0","0","0","0","0","0","0","0","","0","0","0","","","1","","1","","40 26:37.377","","0","79 59:54.050","3","0","0","0","2301","1","0","0","N","1","0","0","2","02301","0","","1.0","","1","N","N","","0","","1","0","0","","2","","","2","1","0","0","0","0","1","2","0","1","","","","N","","","","","","","","","",""
"2009034793","","2","0","0","0","0","0","0","0","0","4","0","","02","3","2009","6","40.449027","-79.951897","","11","0","0","0","0","0","0","0","0","","0","0","0","","","0","","1","","40 26:56.497","","0","79 57:06.829","0","0","0","0","2301","0","0","0","N","0","0","0","3","02301","0","","1.0","","1","N","N","","0","","0","0","0","","3","","","2","0","0","0","0","0","0","2","0","2","","","","N","","","","","","","","","",""
"2009034794","","2","0","0","0","0","0","0","0","0","1","0","","02","3","2009","2","40.429688","-79.957001","","11","0","0","0","0","0","0","1","0","","0","0","0","","","0","","6","","40 25:46.875","","2","79 57:25.204","0","0","0","0","2301","0","0","0","N","0","0","0","4","02301","0","","1.0","","1","N","N","","0","","0","0","0","","4","","","2","0","0","0","0","0","0","2","0","2","","","","N","","","","","","","","","",""
"2009034795","","0","0","0","0","0","0","0","0","0","4","0","","02","3","2009","5","40.419699","-79.928258","","11","0","0","0","0","1","1","0","0","","0","0","0","","","1","","2","","40 25:10.916","","0","79 55:41.728","4","0","0","0","2301","0","0","0","N","0","0","0","5","02301","1","","1.0","","1","N","N","","1","","0","0","0","","0","","","2","1","0","0","0","0","0","2","1","2","","","","N","","","","","","","","","",""
"2009034796","","2","0","0","0","0","0","0","0","0","4","0","","02","3","2009","7","40.4111","-79.940291","","11","0","0","0","0","0","0","0","0","","0","0","0","","","0","","0","","40 24:39.960","","0","79 56:25.047","9","0","0","0","2301","0","0","0","N","0","0","0","2","02301","0","","6.0","","1","N","N","","0","","0","0","0","","0","","","2","0","0","0","0","0","2","2","0","2","","","","N","","","","","","","","","",""
"2009034797","","3","0","0","0","0","0","0","0","0","1","0","","02","3","2009","3","40.424085","-79.970016","","11","0","0","0","0","0","0","1","0","","0","0","0","","","1","","2","","40 25:26.706","","0","79 58:12.057","8","0","0","0","2301","0","0","0","N","0","0","0","2","02301","0","","1.0","","9","N","N","","0","","0","0","0","","3","","","3","1","0","0","0","1","0","2","0","3","","","","N","","","","","","","","","",""
"2009034829","","3","0","0","0","0","0","0","0","0","1","0","","02","3","2009","5","40.4011","-80.0429","","11","0","0","0","0","0","1","0","1","2","0","0","0","","","1","","0","","40 24:03.960","2","0","80 02:34.440","4","0","0","0","2301","0","0","0","N","0","0","0","4","02301","1","","1.0","","1","N","N","","0","","0","0","0","","0","N","","3","1","0","0","0","0","0","2","0","3","","","","N","","","","","","","","","",""