"CRN","ARRIVAL_TM","AUTOMOBILE_COUNT","BELTED_DEATH_COUNT","BELTED_SUSP_SERIOUS_INJ_COUNT","BICYCLE_COUNT","BICYCLE_DEATH_COUNT","BICYCLE_SUSP_SERIOUS_INJ_COUNT","BUS_COUNT","CHLDPAS_DEATH_COUNT","CHLDPAS_SUSP_SERIOUS_INJ_COUNT","COLLISION_TYPE","COMM_VEH_COUNT","CONS_ZONE_SPD_LIM","COUNTY","CRASH_MONTH","CRASH_YEAR","DAY_OF_WEEK","DEC_LATITUDE","DEC_LONGITUDE","DISPATCH_TM","DISTRICT","DRIVER_COUNT_16YR","DRIVER_COUNT_17YR","DRIVER_COUNT_18YR","DRIVER_COUNT_19YR","DRIVER_COUNT_20YR","DRIVER_COUNT_50_64YR","DRIVER_COUNT_65_74YR","DRIVER_COUNT_75PLUS","EST_HRS_CLOSED","FATAL_COUNT","HEAVY_TRUCK_COUNT","HORSE_BUGGY_COUNT","HOUR_OF_DAY","ILLUMINATION","INJURY_COUNT","INTERSECTION_RELATED","INTERSECT_TYPE","LANE_CLOSED","LATITUDE","LN_CLOSE_DIR","LOCATION_TYPE","LONGITUDE","MAX_SEVERITY_LEVEL","MCYCLE_DEATH_COUNT","MCYCLE_SUSP_SERIOUS_INJ_COUNT","MOTORCYCLE_COUNT","MUNICIPALITY","NONMOTR_COUNT","NONMOTR_DEATH_COUNT","NONMOTR_SUSP_SERIOUS_INJ_COUNT","NTFY_HIWY_MAINT","PED_COUNT","PED_DEATH_COUNT","PED_SUSP_SERIOUS_INJ_COUNT","PERSON_COUNT","POLICE_AGCY","POSSIBLE_INJ_COUNT","RDWY_SURF_TYPE_CD","RELATION_TO_ROAD","ROADWAY_CLEARED","ROAD_CONDITION","SCH_BUS_IND","SCH_ZONE_IND","SECONDARY_CRASH","SMALL_TRUCK_COUNT","SPEC_JURIS_CD","SUSP_MINOR_INJ_COUNT","SUSP_SERIOUS_INJ_COUNT","SUV_COUNT","TCD_FUNC_CD","TCD_TYPE","TFC_DETOUR_IND","TIME_OF_DAY","TOTAL_UNITS","TOT_INJ_COUNT","UNBELTED_OCC_COUNT","UNB_DEATH_COUNT","UNB_SUSP_SERIOUS_INJ_COUNT","UNK_INJ_DEG_COUNT","UNK_INJ_PER_COUNT","URBAN_RURAL","VAN_COUNT","VEHICLE_COUNT","WEATHER1","WEATHER2","WORKERS_PRES","WORK_ZONE_IND","WORK_ZONE_LOC","WORK_ZONE_TYPE","WZ_CLOSE_DETOUR","WZ_FLAGGER","WZ_LAW_OFFCR_IND","WZ_LN_CLOSURE","WZ_MOVING","WZ_OTHER","WZ_SHLDER_MDN","WZ_WORKERS_INJ_KILLED"
"2009037000","","0","0","0","0","0","0","0","0","0","8","0","","02","3","2009","3","40.440508","-79.989318","1935","11","0","0","0","0","0","0","1","0","","0","0","0","","","1","","10","","40 26:25.828","","7","79 59:21.544","8","0","0","0","2301","1","0","0","N","1","0","0","3","02301","0","","1.0","","1","N","N","","0","","0","0","1","","0","","","2","1","0","0","0","1","0","2","0","1","","","","N","","","","","","","","","",""
"2009037001","","3","0","0","0","0","0","0","0","0","6","0","","02","3","2009","6","40.43638","-80.001146","0051","11","0","0","0","3","0","0","0","0","2","0","0","0","","","0","","1","","40 26:10.967","5","3","80 00:04.127","0","0","0","0","2301","0","0","0","N","0","0","0","6","02301","0","","1.0","","1","N","N","","0","","0","0","0","","2","Y","","3","0","6","0","0","0","0","2","0","3","","","","N","","","","","","","","","",""
"2009037003","","0","0","0","0","0","0","0","0","0","0","0","","02","3","2009","6","40.462037","-79.962033","0245","11","0","0","0","0","0","0","0","0","","0","0","0","","","1","","2","","40 27:43.333","","0","79 57:43.318","4","0","0","1","2301","0","0","0","N","0","0","0","1","02301","1","","1.0","","1","N","N","","0","","0","0","0","","0","","","1","1","0","0","0","0","0","2","0","1","","","","N","","","","","","","","","",""
"2009037004","","1","0","0","0","0","0","0","0","0","1","0","","02","3","2009","6","40.462661","-79.967202","0741","11","0","0","0","0","0","0","0","0","","0","0","0","","","0","","1","","40 27:45.580","","0","79 58:01.926","0","0","0","0","2301","0","0","0","N","0","0","0","2","02301","0","","1.0","","1","N","N","","0","","0","0","1","","2","","","2","0","0","0","0","0","0","2","0","2","","","","N","","","","","","","","","",""
"2009037005","","1","0","0","0","0","0","0","0","0","7","0","","02","3","2009","6","40.439774","-79.973025","2330","11","0","0","0","0","0","0","0","0","","0","0","0","","","1","","0","","40 26:23.188","","0","79 58:22.891","4","0","0","0","2301","0","0","0","N","0","0","0","1","02301","1","","5.0","","1","N","N","","0","","0","0","0","","0","","","1","1","0","0","0","0","0","2","0","1","","","","N","","","","","","","","","",""
"2009037007","","1","0","0","0","0","0","0","0","0","7","0","","02","3","2009","2","40.405741","-79.945655","1917","11","0","0","0","0","1","0","0","0","1","0","0","0","","","0","","0","","40 24:20.667","1","0","79 56:44.358","0","0","0","0","2301","0","0","0","N","0","0","0","2","02301","0","","5.0","","1","N","N","","0","","0","0","0","","0","N","","1","0","2","0","0","0","0","2","0","1","","","","N","","","","","","","","","",""
"2009037052","","2","0","0","0","0","0","0","0","0","4","0","","02","3","2009","2","40.450556","-80.174336","1729","11","0","0","0","0","1","0","0","0","","0","0","0","","","1","","1","","40 27:02.000","","0","80 10:27.610","4","0","0","0","2214","0","0","0","N","0","0","0","2","68B03","1","","1.0","","1","N","N","","0","","0","0","0","","2","","","2","1","0","0","0","0","0","2","0","2","","","","N","","","","","","","","","",""
"2009037053","","0","0","0","0","0","0","0","0","0","7","0","","02","4","2009","4","","","1943","11","0","0","1","0","0","0","0","0","","0","0","0","","","1","","7","","40 27:29.52","","2","80 11:18.96","4","0","0","0","2213","0","0","0","N","0","0","0","1","68B03","1","","7.0","","1","N","N","","0","","0","0","1","","0","","","1","1","0","0","0","0","0","2","0","1","","","","N","","","","","","","","","",""
"2009037089","","2","0","0","0","0","0","0","0","0","4","0","","02","3","2009","3","40.3499","-79.8647","2111","11","0","0","0","1","0","0","0","0","","0","0","0","","","0","","1","","40 20:59.640","","0","79 51:52.920","9","0","0","0","2304","0","0","0","N","0","0","0","8","02304","0","","1.0","","1","N","N","","0","","0","0","0","","3","","","2","0","0","0","0","0","1","2","0","2","","","","N","","","","","","","","","",""
"2009037090","","1","0","0","0","0","0","0","0","0","1","0","","02","3","2009","5","40.438034","-79.920617","1026","11","0","0","0","0","0","1","0","0","","0","0","0","","","1","","0","","40 26:16.922","","0","79 55:14.221","4","0","0","0","2301","0","0","0","N","0","0","0","2","02301","1","","1.0","","1","N","N","","0","","0","0","0","","0","","","2","1","0","0","0","0","0","2","1","2","","","","N","","","","","","","","","",""
"2009037106","","0","0","0","0","0","0","0","0","0","8","1","","02","3","2009","5","40.43805","-79.993342","1259","11","0","0","0","0","0","0","0","0","","0","0","0","","","1","","1","","40 26:16.980","","0","79 59:36.031","3","0","0","0","2301","1","0","0","N","1","0","0","3","02508","0","","1.0","","1","N","N","","0","","1","0","0","","3","","","2","1","0","0","0","0","0","2","1","1","","","","N","","","","","","","","","",""
"2009037107","","1","0","0","0","0","0","0","0","0","4","0","","02","3","2009","4","40.35122","-79.863185","0657","11","0","0","0","0","0","0","0","0","","0","0","0","","","2","","1","","40 21:04.392","","0","79 51:47.466","8","0","0","0","2304","0","0","0","N","0","0","0","4","02304","0","","1.0","","1","N","N","","0","","0","0","0","","3","","","2","2","0","0","0","2","0","2","1","2","","","","N","","","","","","","","","",""
"2009037108","","2","0","0","0","0","0","0","0","0","4","0","","02","3","2009","4","40.343592","-79.836536","1847","11","0","1","0","0","0","0","0","0","2","0","0","0","","","0","","2","","40 20:36.931","1","0","79 50:11.529","0","0","0","0","2304","0","0","0","N","0","0","0","2","02301","0","","1.0","","1","N","N","","0","","0","0","0","","0","N","","2","0","0","0","0","0","0","2","0","2","","","","N","","","","","","","","","",""
"2009037109","","2","0","0","0","0","0","0","0","0","5","0","","02","3","2009","5","40.342893","-79.846571","0141","11","0","0","0","0","0","0","0","0","","0","0","0","","","0","","0","","40 20:34.414","","0","79 50:47.657","9","0","0","0","2304","0","0","0","N","0","0","0","1","02304","0","","1.0","","1","N","N","","1","","0","0","0","","0","","","3","0","0","0","0","0","1","2","0","3","","","","N","","","","","","","","","",""
"2009037110","","0","0","0","0","0","0","0","0","0","7","0","","02","3","2009","3","40.3499","-79.8856","2038","11","0","0","0","0","0","0","0","0","4","0","0","0","","","0","","0","","40 20:59.640","6","0","79 53:08.160","0","0","0","0","2304","0","0","0","N","0","0","0","2","02304","0","","2.0","","1","N","N","","1","","0","0","0","","0","Y","","1","0","2","0","0","0","0","2","0","1","","","","N","","","","","","","","","",""
"2009037115","","0","0","0","0","0","0","0","0","0","0","0","","02","3","2009","4","40.296041","-79.845411","0021","11","0","0","0","0","0","1","0","0","","0","0","0","","","0","","0","","40 17:45.747","","0","79 50:43.481","0","0","0","0","2443","0","0","0","N","0","0","0","1","02443","0","","1.0","","1","N","N","","1","","0","0","0","","0","","","1","0","1","0","0","0","0","1","0","1","","","","N","","","","","","","","","",""
"2009037116","","1","0","0","0","0","0","0","0","0","7","0","","02","3","2009","6","40.2951","-79.8308","1527","11","0","0","0","0","0","0","1","0","1","0","0","0","","","0","","0","","40 17:42.360","7","0","79 49:50.880","0","0","0","0","2443","0","0","0","N","0","0","0","1","02443","0","","2.0","","1","N","N","","0","","0","0","0","","0","N","","1","0","0","0","0","0","0","2","0","1","","","","N","","","","","","","","","",""
"2009037157","","1","0","0","0","0","0","1","0","0","4","1","","02","3","2009","5","40.455899","-80.0165","0758","11","0","0","0","0","0","0","0","0","","0","0","0","","","0","","2","","40 27:21.236","","0","80 00:59.400","0","0","0","0","2301","0","0","0","N","0","0","0","2","02301","0","","1.0","","1","Y","N","","0","","0","0","0","","2","","","2","0","0","0","0","0","0","2","0","2","","","","N","","","","","","","","","",""
"2009037165","","2","0","0","0","0","0","0","0","0","4","0","","02","4","2009","5","40.396195","-80.023707","1247","11","0","0","0","0","0","0","0","0","","0","0","0","","","1","","1","","40 23:46.302","","0","80 01:25.345","4","0","0","0","2301","0","0","0","N","0","0","0","3","02301","1","","1.0","","1","N","N","","0","","0","0","0","","2","","","2","1","0","0","0","0","0","2","0","2","","","","N","","","","","","","","","",""
"2009037166","","1","0","0","0","0","0","0","0","0","4","0","","02","3","2009","3","40.521444","-79.959624","1425","11","0","0","0","0","0","1","0","1","1","0","0","0","","","2","","1","","40 31:17.200","7","0","79 57:34.646","8","0","0","0","2118","0","0","0","N","0","0","0","4","02118","0","","1.0","","1","N","N","","1","","0","0","0","","3","Y","","2","2","0","0","0","2","0","2","0","2","","","","N","","","","","","","","","",""
"2009037171","","2","0","0","0","0","0","0","0","0","1","0","","02","4","2009","6","40.536461","-79.849484","1023","11","0","0","0","0","0","0","1","0","1","0","0","0","","","0","","0","","40 32:11.260","4","0","79 50:58.144","0","0","0","0","2208","0","0","0","N","0","0","0","4","02208","0","","1.0","","9","N","N","","0","","0","0","0","","0","N","","2","0","0","0","0","0","0","2","0","2","","","","N","","","","","","","","","",""
"2009037175","","2","0","0","0","0","0","0","0","0","1","0","","02","4","2009","5","40.498586","-80.061839","0819","11","0","0","0","0","0","0","1","0","","0","0","0","","","1","","1","","40 29:54.909","","0","80 03:42.620","4","0","0","0","2402","0","0","0","N","0","0","0","2","02402","1","","1.0","","1","N","N","","0","","0","0","0","","2","","","2","1","0","0","0","0","0","2","0","2","","","","N","","","","","","","","","",""
"2009037177","","1","0","0","0","0","0","0","0","0","0","0","","02","4","2009","6","40.427921","-79.916101","0902","11","0","0","0","0","0","0","0","0","","0","0","0","","","0","","1","","40 25:40.515","","0","79 54:57.964","0","0","0","0","2301","0","0","0","N","0","0","0","1","02301","0","","1.0","","9","N","N","","0","","0","0","0","","2","","","1","0","0","0","0","0","0","2","0","1","","","","N","","","","","","","","","",""
"2009037190","","1","0","0","0","0","0","0","0","0","4","0","","02","4","2009","6","40.459749","-79.873883","1313","11","0","0","0","0","0","0","0","0","2","0","0","0","","","1","","2","","40 27:35.097","4","0","79 52:25.979","3","0","0","0","2113","0","0","0","N","0","0","0","2","02113","0","","1.0","","9","N","N","","1","","1","0","0","","2","N","","2","1","1","0","0","0","1","2","0","2","","","","N","","","","","","","","","",""
"2009037192","","2","0","0","0","0","0","0","0","0","1","0","","02","1","2009","2","40.472445","-80.014154","0406","11","0","0","0","0","0","0","0","0","","0","0","0","","","1","","0","","40 28:20.802","","0","80 00:50.953","8","0","0","0","2449","0","0","0","Y","0","0","0","1","02449","0","","4.0","","1","","","","0","","0","0","1","","0","","","4","1","0","0","0","1","0","2","1","4","","","","N","","","","","","","","","",""
"2009037199","","2","0","0","0","0","0","0","0","0","4","0","","02","3","2009","6","40.427681","-79.727323","1627","11","0","0","0","0","1","0","1","0","1","0","0","0","","","0","","0","","40 25:39.653","3","0","79 43:38.361","0","0","0","0","2446","0","0","0","N","0","0","0","3","02446","0","","1.0","","1","N","N","","0","","0","0","0","","0","N","","2","0","3","0","0","0","0","2","0","2","","","","N","","","","","","","","","",""
"2009037205","","2","0","0","0","0","0","0","0","0","4","0","","02","4","2009","5","40.2171","-79.8425","1345","11","0","0","0","0","0","0","0","1","1","0","0","0","","","0","","1","","40 13:01.560","4","8","79 50:33.000","0","0","0","0","2204","0","0","0","N","0","0","0","3","02204","0","","1.0","","1","N","N","","0","","0","0","0","","3","N","","2","0","0","0","0","0","0","2","0","2","","","","N","","","","","","","","","",""
"2009037209","","1","0","0","0","0","0","0","0","0","1","0","","02","4","2009","6","40.667591","-80.096614","1448","11","0","0","0","0","1","1","0","0","","0","0","0","","","0","","0","","40 40:03.329","","0","80 05:47.812","0","0","0","0","2212","0","0","0","N","0","0","0","2","02505","0","","1.0","","9","N","N","","1","","0","0","0","","0","","","2","0","0","0","0","0","0","2","0","2","","","","N","","","","","","","","","",""
"2009037214","","1","0","0","0","0","0","0","0","0","2","0","","02","4","2009","6","40.5882","-79.75","1510","11","0","0","0","0","0","0","1","0","","0","0","0","","","0","","1","","40 35:17.520","","0","79 45:00.000","0","0","0","0","2464","0","0","0","N","0","0","0","2","64305","0","","1.0","","9","N","N","","0","","0","0","1","","0","","","2","0","0","0","0","0","0","2","0","2","","","","N","","","","","","","","","",""
"2009037215","","2","0","0","0","0","0","0","0","0","1","0","15","02","4","2009","6","40.3949","-79.8386","1613","11","0","0","0","0","0","1","0","0","1","0","0","0","","","1","","0","","40 23:41.640","3","0","79 50:18.960","4","0","0","0","2425","0","0","0","N","0","0","0","4","02425","1","","1.0","","9","N","N","","0","","0","0","1","","2","N","","3","1","0","0","0","0","0","2","0","3","","","N","Y","3","2","","","N","Y","","","",""
"2009037217","","1","0","0","0","0","0","0","0","0","2","0","","02","4","2009","6","40.61125","-79.894704","1648","11","0","0","0","1","0","1","0","0","2","0","0","0","","","2","","3","","40 36:40.500","4","0","79 53:40.936","3","0","0","0","2220","0","0","0","N","0","0","0","2","02220","1","","1.0","","9","N","N","","1","","1","0","0","","0","Y","","2","2","0","0","0","0","0","1","0","2","","","","N","","","","","","","","","",""
"2009037219","","2","0","0","0","0","0","0","0","0","4","0","","02","3","2009","2","40.327838","-80.03365","1359","11","0","1","0","0","0","0","0","1","2","0","0","0","","","2","","2","","40 19:40.215","4","0","80 02:01.141","4","0","0","0","2407","0","0","0","N","0","0","0","2","02407","2","","1.0","","1","N","N","","0","","0","0","0","","3","Y","","2","2","0","0","0","0","0","2","0","2","","","","N","","","","","","","","","",""
"2009037248","","0","0","0","0","0","0","0","0","0","7","0","","02","2","2009","1","","","0152","11","0","0","0","1","0","0","0","0","2","0","0","0","","","1","","0","","40 27:16.20","1","0","80 10:55.20","4","0","0","0","2214","0","0","0","N","0","0","0","2","68B03","1","","3.0","","7","N","N","","0","","0","0","1","","0","N","","1","1","2","0","0","0","0","2","0","1","","","","N","","","","","","","","","",""
"2009037249","","1","0","0","0","0","0","0","0","0","1","0","","02","3","2009","6","40.431905","-80.024177","1255","11","0","0","0","0","0","0","0","0","","0","0","0","","","1","","0","","40 25:54.857","","0","80 01:27.036","8","0","0","0","2301","0","0","0","N","0","0","0","2","68B03","0","","1.0","","1","N","N","","1","","0","0","0","","0","","","2","1","0","0","0","1","0","2","0","2","","","","N","","","","","","","","","",""
"2009037250","","1","0","0","0","0","0","0","0","0","7","0","","02","3","2009","2","40.381041","-80.09715","2325","11","0","0","0","0","1","0","0","0","","0","0","0","","","1","","0","","40 22:51.747","","0","80 05:49.741","4","0","0","0","2102","0","0","0","N","0","0","0","1","68B03","1","","2.0","","1","N","N","","0","","0","0","0","","0","","","1","1","0","0","0","0","0","2","0","1","","","","N","","","","","","","","","",""
"2009037251","","3","0","0","0","0","0","0","0","0","1","0","","02","4","2009","4","40.4281","-79.8896","0717","11","0","0","0","0","0","1","1","0","","0","0","0","","","1","","0","","40 25:41.160","","2","79 53:22.560","4","0","0","0","2426","0","0","0","N","0","0","0","3","68B03","1","","1.0","","9","N","N","","0","","0","0","0","","0","","","3","1","0","0","0","0","0","2","0","3","","","","N","","","","","","","","","",""
"2009037275","","1","0","0","0","0","0","0","0","0","1","0","55","02","3","2009","7","40.5523","-79.8317","1220","11","0","0","0","0","0","1","0","0","3","0","0","0","","","2","","0","","40 33:08.280","3","0","79 49:54.120","4","0","0","0","2208","0","0","0","N","0","0","0","2","68T02","2","","1.0","","1","N","N","","0","","0","0","0","","0","N","","2","2","0","0","0","0","0","2","1","2","","","Y","Y","8","1","N","N","N","N","N","Y","N",""
"2009037278","","3","0","0","0","0","0","1","0","0","7","1","","02","2","2009","3","40.454558","-79.946599","1442","11","0","0","0","0","0","0","0","0","","0","0","0","","","0","","2","","40 27:16.408","","0","79 56:47.755","9","0","0","0","2301","0","0","0","N","0","0","0","1","02301","0","","5.0","","1","Y","N","","0","","0","0","0","","0","","","4","0","0","0","0","0","1","2","0","4","","","","N","","","","","","","","","",""
"2009037295","","1","0","0","0","0","0","0","0","0","99","0","","02","3","2009","6","40.436146","-79.984371","2220","11","0","0","0","0","0","0","0","0","","0","0","0","","","1","","0","","40 26:10.127","","7","79 59:03.736","8","0","0","0","2301","0","0","0","N","0","0","0","2","02301","0","","1.0","","1","N","N","","0","","0","0","1","","0","","","2","1","0","0","0","1","0","2","0","2","","","","N","","","","","","","","","",""
"2009037309","","1","0","0","0","0","0","0","0","0","1","0","","02","4","2009","6","40.404738","-79.762211","1446","11","0","1","0","0","0","0","0","0","","0","0","0","","","0","","2","","40 24:17.057","","0","79 45:43.958","0","0","0","0","2446","0","0","0","N","0","0","0","4","02446","0","","1.0","","9","N","N","","1","","0","0","0","","0","","","2","0","1","0","0","0","0","2","0","2","","","","N","","","","","","","","","",""
"2009037317","","2","0","0","0","0","0","0","0","0","1","0","","02","4","2009","6","40.43785","-79.739482","1915","11","0","0","0","0","0","2","0","0","1","0","0","0","","","1","","2","","40 26:16.260","4","7","79 44:22.134","8","0","0","0","2446","0","0","0","N","0","0","0","3","02446","0","","1.0","","9","N","N","","0","","0","0","1","","2","N","","3","1","0","0","0","1","0","2","0","3","","","","N","","","","","","","","","",""
"2009037330","","1","0","0","0","0","0","0","0","0","1","0","","02","4","2009","7","40.579322","-79.778904","0143","11","0","0","0","0","0","0","0","0","","0","0","0","","","0","","0","","40 34:45.558","","0","79 46:44.053","0","0","0","0","2104","0","0","0","N","0","0","0","1","02104","0","","6.0","","1","N","N","","2","","0","0","0","","2","","","3","0","0","0","0","0","0","2","0","3","","","","N","","","","","","","","","",""
"2009037389","","2","0","0","0","0","0","0","0","0","5","0","","02","3","2009","2","40.434447","-79.925199","0515","11","0","0","0","0","0","1","0","0","","0","0","0","","","0","","0","","40 26:04.009","","0","79 55:30.716","0","0","0","0","2301","0","0","0","N","0","0","0","1","02301","0","","6.0","","1","N","N","","0","","0","0","1","","0","","","3","0","0","0","0","0","0","2","0","3","","","","N","","","","","","","","","",""
"2009037390","","1","0","0","0","0","0","0","0","0","1","0","","02","3","2009","2","40.5739","-80.0242","2057","11","0","0","0","0","0","1","0","0","2","0","0","0","","","0","","0","","40 34:26.040","2","0","80 01:27.120","0","0","0","0","2108","0","0","0","N","0","0","0","2","02108","0","","1.0","","1","N","N","","0","","0","0","0","","0","N","","2","0","0","0","0","0","0","2","1","2","","","","N","","","","","","","","","",""
"2009037391","","0","0","0","0","0","0","0","0","0","4","0","","02","3","2009","4","40.567388","-80.00696","1336","11","0","0","0","0","0","0","1","0","","0","0","0","","","0","","1","","40 34:02.596","","0","80 00:25.057","0","0","0","0","2108","0","0","0","N","0","0","0","3","02108","0","","1.0","","1","N","N","","0","","0","0","2","","2","","","2","0","0","0","0","0","0","2","0","2","","","","N","","","","","","","","","",""
"2009037392","","2","0","0","0","0","0","0","0","0","4","0","","02","3","2009","4","40.5646","-80.0385","1640","11","0","0","0","0","0","0","0","1","2","0","0","0","","","3","","0","","40 33:52.560","5","0","80 02:18.600","3","0","0","0","2108","0","0","0","N","0","0","0","5","02108","1","","1.0","","1","N","N","","0","","2","0","1","","0","N","","3","3","0","0","0","0","0","2","0","3","","","","N","","","","","","","","","",""
"2009037393","","1","0","0","0","0","0","0","0","0","7","0","","02","2","2009","1","40.4093","-80.1925","0321","11","0","0","0","0","0","0","0","0","3","0","0","0","","","1","","2","","40 24:33.480","7","0","80 11:33.000","2","0","0","0","2214","0","0","0","N","0","0","0","1","02214","0","","5.0","","7","N","N","","0","","0","1","0","","0","Y","","1","1","1","0","1","0","0","1","0","1","","","","N","","","","","","","","","",""
"2009037562","","0","0","0","0","0","0","0","0","0","1","2","","02","3","2009","5","40.452135","-80.110939","1142","11","0","0","0","0","0","0","0","0","","0","1","0","","","2","","0","","40 27:07.686","","0","80 06:39.381","8","0","0","0","2115","0","0","0","N","0","0","0","2","68B03","0","","1.0","","9","N","N","","1","","0","0","0","","7","","","2","2","0","0","0","2","0","2","0","2","","","","N","","","","","","","","","",""
"2009037607","","0","0","0","0","0","0","0","0","0","7","0","","02","4","2009","6","40.6507","-80.0396","0754","11","0","0","0","0","0","1","0","0","","0","0","0","","","1","","0","","40 39:02.520","","0","80 02:22.560","4","0","0","0","2216","0","0","0","N","0","0","0","1","68T02","1","","2.0","","9","N","N","","0","","0","0","1","","0","","","1","1","0","0","0","0","0","2","0","1","","","","N","","","","","","","","","",""
"2009037608","","1","0","0","0","0","0","0","0","0","7","0","","02","4","2009","6","40.4434","-79.7534","0915","11","0","0","0","0","0","1","0","0","","0","0","0","","","0","","0","","40 26:36.240","","0","79 45:12.240","0","0","0","0","2446","0","0","0","N","0","0","0","2","68T02","0","","3.0","","8","N","N","","0","","0","0","0","","0","","","1","0","0","0","0","0","0","2","0","1","","","","N","","","","","","","","","",""
"2009037616","","1","0","0","0","0","0","0","0","0","99","0","","02","4","2009","6","40.4156","-79.7304","0848","11","0","0","0","0","0","1","0","0","","0","0","0","","","0","","0","","40 24:56.160","","0","79 43:49.440","0","0","0","0","2446","0","0","0","N","0","0","0","2","68T09","0","","1.0","","9","N","N","","0","","0","0","0","","0","","","1","0","0","0","0","0","0","2","0","1","","","","N","","","","","","","","","",""
"2009037620","","1","0","0","0","0","0","0","0","0","5","0","","02","4","2009","6","40.335036","-79.861473","2105","11","0","0","0","0","0","0","0","0","","0","0","0","","","0","","0","","40 20:06.129","","0","79 51:41.302","9","0","0","0","2455","0","0","0","N","0","0","0","1","02455","0","","2.0","","9","N","N","","1","","0","0","0","","0","","","2","0","0","0","0","0","1","2","0","2","","","","N","","","","","","","","","",""
"2009037623","","1","0","0","0","0","0","0","0","0","1","0","","02","4","2009","6","40.477833","-79.786104","1421","11","0","0","0","0","0","1","1","0","","0","0","0","","","2","","3","","40 28:40.199","","0","79 47:09.976","4","0","0","0","2113","0","0","0","N","0","0","0","4","02113","2","","1.0","","9","N","N","","2","","0","0","0","","0","","","3","2","0","0","0","0","0","2","0","3","","","","N","","","","","","","","","",""
"2009037628","","3","0","0","0","0","0","0","0","0","1","0","","02","4","2009","6","40.467216","-80.10615","1304","11","0","0","0","2","0","0","0","0","1","0","0","0","","","0","","2","","40 28:01.977","4","0","80 06:22.140","0","0","0","0","2126","0","0","0","N","0","0","0","4","02126","0","","1.0","","9","N","N","","0","","0","0","0","","7","N","","3","0","0","0","0","0","0","2","0","3","","","","N","","","","","","","","","",""
"2009037630","","2","0","0","0","0","0","0","0","0","4","0","","02","4","2009","6","40.2881","-79.9967","1400","11","0","0","1","0","0","1","0","0","","0","0","0","","","0","","1","","40 17:17.160","","0","79 59:48.120","0","0","0","0","2219","0","0","0","N","0","0","0","2","02219","0","","1.0","","1","N","N","","0","","0","0","0","","3","","","2","0","0","0","0","0","0","2","0","2","","","","N","","","","","","","","","",""
"2009037635","","2","0","0","0","0","0","0","0","0","4","0","","02","4","2009","6","40.5527","-80.1166","0717","11","0","0","0","0","0","1","0","0","","0","0","0","","","1","","1","","40 33:09.720","","2","80 06:59.760","3","0","0","0","2215","0","0","0","N","0","0","0","2","02215","0","","1.0","","9","N","N","","0","","1","0","0","","0","","","2","1","1","0","0","0","0","2","0","2","","","","N","","","","","","","","","",""
"2009037636","","0","0","0","0","0","0","0","0","0","0","0","","02","4","2009","7","40.4895","-79.8199","1151","11","0","0","0","0","1","0","0","0","","0","0","0","","","1","","1","","40 29:22.200","","0","79 49:11.640","4","0","0","1","2113","0","0","0","N","0","0","0","1","02113","1","","1.0","","1","N","N","","0","","0","0","0","","0","","","1","1","0","0","0","0","0","2","0","1","","","","N","","","","","","","","","",""
"2009037643","","1","0","0","0","0","0","0","0","0","7","0","","02","4","2009","6","40.621498","-79.968477","1735","11","0","0","0","0","1","0","0","0","","0","0","0","","","0","","0","","40 37:17.392","","0","79 58:06.517","0","0","0","0","2217","0","0","0","N","0","0","0","1","02505","0","","5.0","","1","N","N","","0","","0","0","0","","0","","","1","0","0","0","0","0","0","2","0","1","","","","N","","","","","","","","","",""
"2009037650","","1","0","0","0","0","0","0","0","0","7","0","","02","4","2009","6","40.4706","-79.7312","1501","11","0","1","0","0","0","0","0","0","","0","0","0","","","0","","0","","40 28:14.160","","0","79 43:52.320","0","0","0","0","2466","0","0","0","N","0","0","0","1","02466","0","","5.0","","8","N","N","","0","","0","0","0","","0","","","1","0","0","0","0","0","0","2","0","1","","05","","N","","","","","","","","","",""
"2009037658","","0","0","0","0","0","0","0","0","0","7","0","","02","3","2009","1","40.486229","-80.106527","1552","11","0","0","0","0","0","0","0","0","2","0","0","0","","","0","","2","","40 29:10.424","5","0","80 06:23.497","0","0","0","0","2126","0","0","0","N","0","0","0","1","02126","0","","5.0","","9","N","N","","0","","0","0","1","","0","Y","","1","0","0","0","0","0","0","2","0","1","","","","N","","","","","","","","","",""
"2009037662","","2","0","0","0","0","0","0","0","0","1","0","","02","3","2009","5","40.420601","-80.093081","1814","11","0","0","0","0","0","0","0","0","","0","0","0","","","0","","0","","40 25:14.162","","0","80 05:35.091","0","0","0","0","2115","0","0","0","N","0","0","0","3","68B03","0","","1.0","","1","N","N","","0","","0","0","1","","0","","","3","0","0","0","0","0","0","2","0","3","","","","N","","","","","","","","","",""
"2009037663","","2","0","0","0","0","0","0","0","0","1","0","","02","4","2009","5","40.438433","-80.01206","1812","11","0","0","0","0","0","1","0","0","","0","0","0","","","1","","0","","40 26:18.357","","4","80 00:43.417","4","0","0","0","2301","0","0","0","N","0","0","0","3","68B03","1","","1.0","","1","N","N","","0","","0","0","0","","0","","","2","1","0","0","0","0","0","2","0","2","","","","N","","","","","","","","","",""
"2009037664","","1","0","0","0","0","0","0","0","0","1","0","","02","4","2009","6","40.438291","-80.005374","0801","11","0","0","0","0","0","1","0","0","","0","0","0","","","0","","0","","40 26:17.848","","0","80 00:19.348","0","0","0","0","2301","0","0","0","N","0","0","0","2","68B03","0","","1.0","","9","N","N","","0","","0","0","1","","0","","","2","0","0","0","0","0","0","2","0","2","","","","N","","","","","","","","","",""