"CRN","ARRIVAL_TM","AUTOMOBILE_COUNT","BELTED_DEATH_COUNT","BELTED_SUSP_SERIOUS_INJ_COUNT","BICYCLE_COUNT","BICYCLE_DEATH_COUNT","BICYCLE_SUSP_SERIOUS_INJ_COUNT","BUS_COUNT","CHLDPAS_DEATH_COUNT","CHLDPAS_SUSP_SERIOUS_INJ_COUNT","COLLISION_TYPE","COMM_VEH_COUNT","CONS_ZONE_SPD_LIM","COUNTY","CRASH_MONTH","CRASH_YEAR","DAY_OF_WEEK","DEC_LATITUDE","DEC_LONGITUDE","DISPATCH_TM","DISTRICT","DRIVER_COUNT_16YR","DRIVER_COUNT_17YR","DRIVER_COUNT_18YR","DRIVER_COUNT_19YR","DRIVER_COUNT_20YR","DRIVER_COUNT_50_64YR","DRIVER_COUNT_65_74YR","DRIVER_COUNT_75PLUS","EST_HRS_CLOSED","FATAL_COUNT","HEAVY_TRUCK_COUNT","HORSE_BUGGY_COUNT","HOUR_OF_DAY","ILLUMINATION","INJURY_COUNT","INTERSECTION_RELATED","INTERSECT_TYPE","LANE_CLOSED","LATITUDE","LN_CLOSE_DIR","LOCATION_TYPE","LONGITUDE","MAX_SEVERITY_LEVEL","MCYCLE_DEATH_COUNT","MCYCLE_SUSP_SERIOUS_INJ_COUNT","MOTORCYCLE_COUNT","MUNICIPALITY","NONMOTR_COUNT","NONMOTR_DEATH_COUNT","NONMOTR_SUSP_SERIOUS_INJ_COUNT","NTFY_HIWY_MAINT","PED_COUNT","PED_DEATH_COUNT","PED_SUSP_SERIOUS_INJ_COUNT","PERSON_COUNT","POLICE_AGCY","POSSIBLE_INJ_COUNT","RDWY_SURF_TYPE_CD","RELATION_TO_ROAD","ROADWAY_CLEARED","ROAD_CONDITION","SCH_BUS_IND","SCH_ZONE_IND","SECONDARY_CRASH","SMALL_TRUCK_COUNT","SPEC_JURIS_CD","SUSP_MINOR_INJ_COUNT","SUSP_SERIOUS_INJ_COUNT","SUV_COUNT","TCD_FUNC_CD","TCD_TYPE","TFC_DETOUR_IND","TIME_OF_DAY","TOTAL_UNITS","TOT_INJ_COUNT","UNBELTED_OCC_COUNT","UNB_DEATH_COUNT","UNB_SUSP_SERIOUS_INJ_COUNT","UNK_INJ_DEG_COUNT","UNK_INJ_PER_COUNT","URBAN_RURAL","VAN_COUNT","VEHICLE_COUNT","WEATHER1","WEATHER2","WORKERS_PRES","WORK_ZONE_IND","WORK_ZONE_LOC","WORK_ZONE_TYPE","WZ_CLOSE_DETOUR","WZ_FLAGGER","WZ_LAW_OFFCR_IND","WZ_LN_CLOSURE","WZ_MOVING","WZ_OTHER","WZ_SHLDER_MDN","WZ_WORKERS_INJ_KILLED"
"2009037665","","1","0","0","0","0","0","0","0","0","4","0","","02","4","2009","6","40.442546","-79.838176","0944","11","0","0","0","0","0","1","0","0","","0","0","0","","","0","","0","","40 26:33.165","","0","79 50:17.432","0","0","0","0","2419","0","0","0","N","0","0","0","2","68B03","0","","2.0","","8","N","N","","1","","0","0","0","","0","","","2","0","0","0","0","0","0","2","0","2","","","","N","","","","","","","","","",""
"2009037688","","1","0","0","0","0","0","0","0","0","4","0","","02","4","2009","5","40.478732","-79.970977","1641","11","0","0","0","1","0","1","0","0","1","0","0","0","","","0","","1","","40 28:43.435","4","0","79 58:15.517","0","0","0","0","2445","0","0","0","N","0","0","0","2","02445","0","","1.0","","1","N","N","","0","","0","0","1","","3","N","","2","0","0","0","0","0","0","2","0","2","","","","N","","","","","","","","","",""
"2009037692","","1","0","0","0","0","0","0","0","0","4","0","","02","4","2009","1","40.458676","-79.842975","0036","11","0","0","0","0","0","1","0","0","","0","0","0","","","2","","1","","40 27:31.234","","0","79 50:34.711","4","0","0","0","2113","0","0","0","N","0","0","0","3","02113","2","","1.0","","1","N","N","","0","","0","0","1","","3","","","2","2","0","0","0","0","0","2","0","2","","","","N","","","","","","","","","",""
"2009037694","","2","0","0","0","0","0","0","0","0","1","0","","02","4","2009","7","40.459611","-80.054248","2327","11","0","1","0","0","0","0","0","0","","0","0","0","","","0","","0","","40 27:34.599","","0","80 03:15.292","0","0","0","0","2301","0","0","0","N","0","0","0","1","02301","0","","1.0","","1","N","N","","0","","0","0","0","","0","","","2","0","0","0","0","0","0","2","0","2","","","","N","","","","","","","","","",""
"2009037696","","2","0","0","0","0","0","0","0","0","6","0","","02","4","2009","1","40.442181","-79.994981","0230","11","0","0","0","0","0","0","0","0","","0","0","0","","","4","","1","","40 26:31.851","","0","79 59:41.931","4","0","0","0","2301","0","0","0","N","0","0","0","6","02301","4","","1.0","","1","N","N","","0","","0","0","0","","2","","","2","4","0","0","0","0","0","2","0","2","","","","N","","","","","","","","","",""
"2009037697","","1","0","0","0","0","0","0","0","0","4","0","","02","4","2009","7","40.5882","-79.75","1425","11","0","0","0","0","0","0","0","0","1","0","0","0","","","1","","2","","40 35:17.520","1","0","79 45:00.000","4","0","0","1","2464","0","0","0","N","0","0","0","2","64305","1","","1.0","","1","N","N","","0","","0","0","0","","0","N","","2","1","0","0","0","0","0","2","0","2","","","","N","","","","","","","","","",""
"2009037698","","1","0","0","0","0","0","0","0","0","7","0","","02","4","2009","6","40.285534","-79.928563","1130","11","0","0","0","0","0","0","0","0","","0","0","0","","","1","","0","","40 17:07.924","","0","79 55:42.828","4","0","0","0","2440","0","0","0","N","0","0","0","1","02440","1","","5.0","","9","N","N","","0","","0","0","0","","0","","","1","1","0","0","0","0","0","2","0","1","","","","N","","","","","","","","","",""
"2009037724","","1","0","0","0","0","0","0","0","0","8","0","","02","4","2009","7","40.449158","-79.901337","1410","11","0","0","0","0","0","0","0","0","","0","0","0","","","1","","1","","40 26:56.970","","0","79 54:04.812","4","0","0","0","2301","1","0","0","N","1","0","0","2","02301","1","","1.0","","1","N","N","","0","","0","0","0","","2","","","2","1","1","0","0","0","0","2","0","1","","","","N","","","","","","","","","",""
"2009037730","","0","0","0","0","0","0","0","0","0","7","0","","02","4","2009","7","40.4535","-79.9116","1020","11","0","0","0","0","0","0","0","0","","0","0","0","","","0","","0","","40 27:12.600","","0","79 54:41.760","0","0","0","0","2301","0","0","0","N","0","0","0","1","02301","0","","2.0","","1","N","N","","0","","0","0","1","","0","","","1","0","1","0","0","0","0","2","0","1","","","","N","","","","","","","","","",""
"2009037753","","0","0","0","0","0","0","0","0","0","4","0","","02","4","2009","1","40.392068","-79.983393","1703","11","0","0","0","0","0","0","0","1","1","0","0","0","","","1","","0","","40 23:31.444","6","0","79 59:00.214","8","0","0","0","2301","0","0","0","N","0","0","0","1","02301","0","","6.0","","1","N","N","","1","","0","0","1","","0","Y","","2","1","1","0","0","1","0","2","0","2","","","","N","","","","","","","","","",""
"2009037765","","3","0","0","0","0","0","0","0","0","1","0","","02","4","2009","7","40.4042","-80.0559","1310","11","0","0","0","0","0","0","0","0","1","0","0","0","","","0","","0","","40 24:15.120","1","0","80 03:21.240","0","0","0","0","2117","0","0","0","N","0","0","0","7","02117","0","","1.0","","1","N","N","","1","","0","0","0","","0","N","","4","0","0","0","0","0","0","2","0","4","","","","N","","","","","","","","","",""
"2009037836","","5","0","0","0","0","0","0","0","0","1","0","","02","4","2009","6","40.4118","-80.076469","1508","11","0","0","0","0","0","1","0","0","1","0","0","0","","","1","","0","","40 24:42.479","2","0","80 04:35.289","4","0","0","0","2117","0","0","0","N","0","0","0","6","68B04","1","","1.0","","9","N","N","","1","","0","0","0","","0","N","","6","1","0","0","0","0","0","2","0","6","","","","N","","","","","","","","","",""
"2009037898","","2","0","0","0","0","0","0","0","0","1","0","","02","4","2009","1","40.3735","-80.0488","1444","11","0","0","0","0","0","0","0","0","","0","0","0","","","1","","0","","40 22:24.600","","0","80 02:55.680","8","0","0","0","2109","0","0","0","N","0","0","0","3","02109","0","","1.0","","1","N","N","","0","","0","0","0","","2","","","2","1","0","0","0","1","0","2","0","2","","","","N","","","","","","","","","",""
"2009037907","","0","0","0","0","0","0","0","0","0","0","0","","02","4","2009","1","40.666","-79.9751","1237","11","0","0","0","0","0","1","0","0","1","0","0","0","","","1","","2","","40 39:57.600","4","0","79 58:30.360","3","0","0","1","2217","0","0","0","N","0","0","0","1","02505","0","","1.0","","1","N","N","","0","","1","0","0","","3","N","","1","1","0","0","0","0","0","1","0","1","","","","N","","","","","","","","","",""
"2009037915","","2","0","0","0","0","0","0","0","0","1","0","","02","4","2009","6","40.4087","-79.8422","0734","11","0","0","0","0","0","0","0","0","3","0","0","0","","","2","","3","","40 24:31.320","6","3","79 50:31.920","3","0","0","0","2449","0","0","0","N","0","0","0","2","02449","1","","1.0","","9","N","N","","0","","1","0","0","","8","N","","2","2","0","0","0","0","0","2","0","2","","","","N","","","","","","","","","",""
"2009037930","","1","0","0","0","0","0","0","0","0","4","0","","02","4","2009","2","40.439654","-80.004997","1358","11","0","0","0","0","0","0","0","0","1","0","0","0","","","0","","1","","40 26:22.753","4","0","80 00:17.990","0","0","0","0","2301","0","0","0","N","0","0","0","2","02301","0","","1.0","","1","N","N","","1","","0","0","0","","2","N","","2","0","0","0","0","0","0","2","0","2","","","","N","","","","","","","","","",""
"2009037936","","1","0","0","0","0","0","0","0","0","7","0","","02","4","2009","2","40.438381","-80.064191","1618","11","0","0","0","1","0","0","0","0","","0","0","0","","","3","","0","","40 26:18.171","","0","80 03:51.087","4","0","0","0","2421","0","0","0","N","0","0","0","3","02421","1","","2.0","","1","N","N","","0","","0","0","0","","0","","","1","3","1","0","0","2","0","2","0","1","","","","N","","","","","","","","","",""
"2009037938","","1","0","0","0","0","0","0","0","0","4","0","","02","4","2009","2","40.457317","-79.937186","1630","11","0","0","0","0","0","1","0","0","1","0","0","0","","","1","","1","","40 27:26.342","6","0","79 56:13.869","4","0","0","0","2301","0","0","0","N","0","0","0","2","02301","1","","1.0","","9","N","N","","0","","0","0","1","","2","Y","","2","1","0","0","0","0","0","2","0","2","","","","N","","","","","","","","","",""
"2009037939","","3","0","0","0","0","0","0","0","0","4","0","","02","4","2009","4","40.4358","-79.7863","1819","11","0","0","0","0","0","1","1","0","1","0","0","0","","","2","","0","","40 26:08.880","3","0","79 47:10.680","4","0","0","0","2446","0","0","0","N","0","0","0","3","02446","2","","1.0","","1","N","N","","0","","0","0","0","","0","N","","3","2","0","0","0","0","0","2","0","3","","","","N","","","","","","","","","",""
"2009037940","","1","0","0","0","0","0","0","0","0","4","0","","02","4","2009","2","40.399023","-80.025296","1654","11","0","0","0","0","0","0","0","0","1","0","0","0","","","0","","0","","40 23:56.482","5","7","80 01:31.066","0","0","0","0","2301","0","0","0","N","0","0","0","3","02301","0","","1.0","","1","N","N","","0","","0","0","1","","0","N","","2","0","0","0","0","0","0","2","0","2","","","","N","","","","","","","","","",""
"2009037941","","3","0","0","0","0","0","0","0","0","1","0","","02","4","2009","2","40.4368","-79.7581","1649","11","0","1","1","0","0","0","1","0","1","0","0","0","","","0","","2","","40 26:12.480","2","0","79 45:29.160","0","0","0","0","2446","0","0","0","N","0","0","0","4","02446","0","","1.0","","1","N","N","","0","","0","0","0","","2","N","","3","0","0","0","0","0","0","2","0","3","","","","N","","","","","","","","","",""
"2009037946","","2","0","0","0","0","0","0","0","0","1","0","","02","4","2009","6","40.447041","-80.158398","0654","11","0","0","0","1","0","0","0","0","","0","0","0","","","0","","2","","40 26:49.347","","0","80 09:30.232","0","0","0","0","2115","0","0","0","N","0","0","0","3","02115","0","","1.0","","9","N","N","","0","","0","0","1","","3","","","3","0","0","0","0","0","0","2","0","3","","","","N","","","","","","","","","",""
"2009037947","","2","0","0","0","0","0","0","0","0","1","0","","02","4","2009","1","40.4521","-80.1339","1021","11","0","0","0","0","0","1","0","0","1","0","0","0","","","0","","1","","40 27:07.560","3","0","80 08:02.040","0","0","0","0","2115","0","0","0","N","0","0","0","2","02115","0","","1.0","","1","N","N","","0","","0","0","0","","7","N","","2","0","0","0","0","0","0","2","0","2","","","","N","","","","","","","","","",""
"2009037948","","2","0","0","0","0","0","0","0","0","1","0","","02","4","2009","6","40.565364","-79.859358","1404","11","0","1","0","0","0","0","0","0","","0","0","0","","","2","","2","","40 33:55.312","","0","79 51:33.687","4","0","0","0","2209","0","0","0","N","0","0","0","3","02209","2","","1.0","","9","N","N","","0","","0","0","0","","0","","","2","2","0","0","0","0","0","2","0","2","","","","N","","","","","","","","","",""
"2009037949","","1","0","0","0","0","0","0","0","0","7","0","","02","3","2009","3","40.5097","-80.2375","0332","11","0","0","0","0","0","0","0","1","","0","0","0","","","0","","0","","40 30:34.920","","0","80 14:15.000","0","0","0","0","2213","0","0","0","N","0","0","0","1","02213","0","","4.0","","1","N","N","","0","","0","0","0","","0","","","1","0","0","0","0","0","0","2","0","1","","","","N","","","","","","","","","",""
"2009037950","","0","0","0","0","0","0","0","0","0","1","1","","02","3","2009","4","40.505471","-80.215304","1517","11","0","0","0","0","0","1","0","0","","0","1","0","","","0","","0","","40 30:19.695","","0","80 12:55.094","0","0","0","0","2213","0","0","0","N","0","0","0","2","02213","0","","1.0","","9","N","N","","0","","0","0","1","","0","","","2","0","1","0","0","0","0","2","0","2","","","","N","","","","","","","","","",""
"2009037951","","0","0","0","0","0","0","0","0","0","1","0","","02","4","2009","6","40.343183","-80.024554","1806","11","0","0","0","0","0","1","0","0","","0","0","0","","","1","","0","","40 20:35.458","","0","80 01:28.394","4","0","0","0","2407","0","0","0","N","0","0","0","2","02407","1","","1.0","","9","N","N","","0","","0","0","1","","0","","","2","1","1","0","0","0","0","2","1","2","","","","N","","","","","","","","","",""
"2009038042","","0","0","0","0","0","0","0","0","0","99","0","","02","4","2009","1","40.6116","-79.9526","1436","11","0","0","0","0","0","0","1","0","","0","0","0","","","0","","0","","40 36:41.760","","0","79 57:09.360","0","0","0","0","2207","0","0","0","N","0","0","0","2","68T02","0","","1.0","","1","N","N","","0","","0","0","1","","0","","","1","0","0","0","0","0","0","2","0","1","","","","N","","","","","","","","","",""
"2009038069","","1","0","0","0","0","0","0","0","0","7","0","","02","4","2009","1","40.356","-79.8341","2213","11","0","0","0","0","0","0","0","0","2","0","0","0","","","1","","0","","40 21:21.600","5","0","79 50:02.760","8","0","0","0","2111","0","0","0","N","0","0","0","1","02111","0","","5.0","","1","N","N","","0","","0","0","0","","0","Y","","1","1","0","0","0","1","0","2","0","1","","","","N","","","","","","","","","",""
"2009038075","","1","0","0","0","0","0","0","0","0","4","0","","02","4","2009","5","40.2797","-79.8362","2205","11","0","0","0","0","0","1","0","0","2","0","0","0","","","1","","0","","40 16:46.920","5","0","79 50:10.320","4","0","0","0","2105","0","0","0","N","0","0","0","4","02105","1","","1.0","","1","N","N","","1","","0","0","0","","0","Y","","2","1","0","0","0","0","0","2","0","2","","","","N","","","","","","","","","",""
"2009038080","","1","0","0","0","0","0","0","0","0","7","0","","02","4","2009","7","40.490673","-79.907546","0229","11","0","0","0","0","0","0","0","0","1","0","0","0","","","0","","2","","40 29:26.424","3","0","79 54:27.164","0","0","0","0","2401","0","0","0","N","0","0","0","1","02401","0","","5.0","","1","N","N","","0","","0","0","0","","2","N","","1","0","0","0","0","0","0","2","0","1","","","","N","","","","","","","","","",""
"2009038081","","1","0","0","0","0","0","0","0","0","7","0","","02","4","2009","2","40.384939","-80.053432","0142","11","0","0","0","0","0","0","0","0","1","0","0","0","","","0","","1","","40 23:05.779","2","0","80 03:12.354","0","0","0","0","2109","0","0","0","N","0","0","0","1","02109","0","","2.0","","9","N","N","","0","","0","0","0","","2","N","","1","0","0","0","0","0","0","2","0","1","","","","N","","","","","","","","","",""
"2009038087","","0","0","0","0","0","0","0","0","0","5","0","","02","3","2009","7","40.411847","-80.076827","0322","11","0","0","0","0","0","1","0","0","2","0","0","0","","","1","","0","","40 24:42.649","1","0","80 04:36.578","4","0","0","0","2117","0","0","0","N","0","0","0","3","02117","1","","1.0","","1","N","N","","0","","0","0","2","","0","N","","2","1","0","0","0","0","0","2","0","2","","","","N","","","","","","","","","",""
"2009038140","","2","0","0","0","0","0","0","0","0","5","0","","02","4","2009","1","40.428119","-80.030359","1350","11","0","0","0","0","0","0","0","0","1","0","0","0","","","1","","0","","40 25:41.228","2","0","80 01:49.293","3","0","0","0","2301","0","0","0","N","0","0","0","3","68B04","0","","1.0","","1","N","N","","0","","1","0","0","","0","N","","2","1","1","0","0","0","0","2","0","2","","","","N","","","","","","","","","",""
"2009038187","","1","0","0","0","0","0","0","0","0","1","1","","02","4","2009","2","40.525513","-79.840596","0922","11","0","0","0","0","0","1","0","0","","0","1","0","","","1","","1","","40 31:31.845","","0","79 50:26.145","8","0","0","0","2451","0","0","0","N","0","0","0","3","02451","0","","1.0","","1","N","N","","0","","0","0","0","","2","","","2","1","0","0","0","1","0","2","0","2","","","","N","","","","","","","","","",""
"2009038192","","1","0","0","0","0","0","0","0","0","6","0","","02","4","2009","4","40.4795","-79.7303","1350","11","0","0","0","0","0","0","0","0","","0","0","0","","","0","","0","","40 28:46.200","","0","79 43:49.080","0","0","0","0","2113","0","0","0","N","0","0","0","2","02113","0","","1.0","","1","N","N","","1","","0","0","0","","0","","","2","0","1","0","0","0","0","2","0","2","","","","N","","","","","","","","","",""
"2009038195","","0","0","0","0","0","0","0","0","0","7","0","","02","4","2009","3","40.4306","-79.8389","0812","11","0","0","0","0","0","0","0","0","1","0","0","0","","","0","","0","","40 25:50.160","5","0","79 50:20.040","0","0","0","0","2113","0","0","0","N","0","0","0","1","02113","0","","5.0","","2","N","N","","0","","0","0","1","","0","Y","","1","0","0","0","0","0","0","2","0","1","","","","N","","","","","","","","","",""
"2009038198","","3","0","0","0","0","0","0","0","0","2","0","","02","4","2009","7","40.438871","-79.760628","1334","11","0","0","0","0","0","1","0","0","","0","0","0","","","1","","1","","40 26:19.934","","0","79 45:38.260","3","0","0","0","2446","0","0","0","N","0","0","0","3","02446","0","","1.0","","1","N","N","","0","","1","0","0","","2","","","3","1","0","0","0","0","0","2","0","3","","","","N","","","","","","","","","",""
"2009038201","","1","0","0","0","0","0","0","0","0","1","0","","02","4","2009","3","40.446211","-79.918353","0759","11","0","0","0","0","0","1","0","0","","0","0","0","","","2","","1","","40 26:46.359","","0","79 55:06.070","4","0","0","0","2301","0","0","0","N","0","0","0","2","02301","2","","1.0","","9","N","N","","0","","0","0","1","","0","","","2","2","0","0","0","0","0","2","0","2","","","","N","","","","","","","","","",""
"2009038214","","0","0","0","0","0","0","0","0","0","4","0","","02","4","2009","3","40.602736","-79.947266","1109","11","0","0","0","0","0","1","0","1","1","0","0","0","","","1","","2","","40 36:09.849","1","0","79 56:50.157","4","0","0","0","2207","0","0","0","N","0","0","0","2","02207","1","","1.0","","1","N","N","","0","","0","0","1","","2","N","","2","1","0","0","0","0","0","2","1","2","","","","N","","","","","","","","","",""
"2009038227","","2","0","0","0","0","0","0","0","0","4","0","","02","4","2009","7","40.627397","-80.052319","2022","11","0","0","1","0","0","1","0","0","2","0","0","0","","","1","","2","","40 37:38.630","3","0","80 03:08.348","8","0","0","0","2216","0","0","0","N","0","0","0","2","02505","0","","1.0","","1","N","N","","0","","0","0","0","","3","N","","2","1","0","0","0","1","0","1","0","2","","","","N","","","","","","","","","",""
"2009038231","","2","0","0","0","0","0","0","0","0","4","0","","02","4","2009","5","40.371812","-79.97533","2019","11","0","0","0","1","0","0","0","0","","0","0","0","","","2","","2","","40 22:18.523","","0","79 58:31.188","8","0","0","0","2413","0","0","0","N","0","0","0","3","02413","0","","1.0","","1","N","N","","0","","0","0","0","","0","","","2","2","0","0","0","2","0","2","0","2","","","","N","","","","","","","","","",""
"2009038236","","0","0","0","0","0","0","0","0","0","2","0","","02","4","2009","3","","","0641","11","0","0","0","0","0","2","0","0","2","0","0","0","","","1","","0","","40 27:02.52","3","3","80 10:07.32","3","0","0","0","2115","0","0","0","Y","0","0","0","2","02115","0","","1.0","","2","N","N","","1","","1","0","1","","0","N","","2","1","0","0","0","0","0","2","0","2","","","","N","","","","","","","","","",""
"2009038237","","1","0","0","0","0","0","0","0","0","2","0","","02","4","2009","3","40.5953","-79.889","0726","11","0","0","0","0","0","1","0","0","","0","0","0","","","1","","0","","40 35:43.080","","3","79 53:20.400","3","0","0","0","2209","0","0","0","N","0","0","0","2","02209","0","","1.0","","7","N","N","","1","","1","0","0","","0","","","2","1","0","0","0","0","0","1","0","2","","","","N","","","","","","","","","",""
"2009038238","","0","0","0","0","0","0","0","0","0","7","0","","02","4","2009","2","40.343501","-80.005905","1204","11","0","0","0","0","0","0","0","0","3","0","0","0","","","0","","0","","40 20:36.603","5","0","80 00:21.258","0","0","0","0","2407","0","0","0","N","0","0","0","1","02407","0","","4.0","","1","N","N","","1","","0","0","0","","0","Y","","1","0","0","0","0","0","0","2","0","1","","","","N","","","","","","","","","",""
"2009038239","","1","0","0","0","0","0","0","0","0","7","0","","02","4","2009","7","40.5144","-80.1532","0359","11","0","0","0","0","0","0","0","0","1","0","0","0","","","0","","0","","40 30:51.840","4","0","80 09:11.520","9","0","0","0","2420","0","0","0","N","0","0","0","2","02420","0","","4.0","","1","N","N","","0","","0","0","0","","2","N","","1","0","0","0","0","0","1","2","0","1","","","","N","","","","","","","","","",""
"2009038280","","1","0","0","0","0","0","0","0","0","7","0","","02","4","2009","3","40.5177","-80.2725","0720","11","0","0","0","0","0","0","0","0","3","0","0","0","","","0","","0","","40 31:03.720","2","3","80 16:21.000","0","0","0","0","2203","0","0","0","N","0","0","0","1","02203","0","","4.0","","2","N","N","","0","","0","0","0","","0","N","","1","0","0","0","0","0","0","2","0","1","","","","N","","","","","","","","","",""
"2009038291","","2","0","0","0","0","0","0","0","0","7","0","","02","4","2009","3","40.5152","-80.2714","0720","11","0","0","0","0","0","1","0","0","3","0","0","0","","","1","","0","","40 30:54.720","2","3","80 16:17.040","3","0","0","0","2203","0","0","0","N","0","0","0","1","02203","0","","4.0","","2","N","N","","0","","1","0","0","","0","N","","2","1","0","0","0","0","0","2","0","2","","","","N","","","","","","","","","",""
"2009038298","","0","0","0","0","0","0","0","0","0","0","0","","02","3","2009","3","40.243001","-79.80654","1721","11","0","0","0","0","0","1","0","0","2","0","0","0","","","1","","2","","40 14:34.805","2","0","79 48:23.543","3","0","0","1","2105","0","0","0","N","0","0","0","1","02105","0","","1.0","","1","N","N","","0","","1","0","0","","3","N","","1","1","0","0","0","0","0","1","0","1","","","","N","","","","","","","","","",""
"2009038301","","1","0","0","0","0","0","0","0","0","7","0","","02","4","2009","3","40.5198","-80.2728","0720","11","0","0","0","1","0","0","0","0","2","0","0","0","","","2","","0","","40 31:11.280","2","0","80 16:22.080","4","0","0","0","2203","0","0","0","N","0","0","0","2","02203","2","","2.0","","2","N","N","","0","","0","0","0","","0","N","","1","2","0","0","0","0","0","1","0","1","","","","N","","","","","","","","","",""
"2009038308","","1","0","0","0","0","0","0","0","0","4","0","","02","4","2009","2","40.396359","-80.110595","2013","11","0","0","1","0","0","0","0","0","2","0","0","0","","","3","","2","","40 23:46.892","6","0","80 06:38.143","4","0","0","0","2102","0","0","0","N","0","0","0","5","02102","1","","1.0","","9","N","N","","0","","0","0","1","","3","N","","2","3","1","0","0","2","0","2","0","2","","","","N","","","","","","","","","",""
"2009038312","","2","0","0","0","0","0","0","0","0","4","0","","02","4","2009","3","40.514","-80.0551","0617","11","0","0","0","0","0","0","0","0","2","0","0","0","","","0","","2","","40 30:50.400","4","0","80 03:18.360","0","0","0","0","2116","0","0","0","N","0","0","0","2","02116","0","","1.0","","2","N","N","","0","","0","0","0","","0","Y","","2","0","0","0","0","0","0","2","0","2","","","","N","","","","","","","","","",""
"2009038320","","1","0","0","0","0","0","0","0","0","4","0","","02","4","2009","3","40.537031","-80.021981","0739","11","0","0","0","0","0","0","0","0","","0","0","0","","","0","","2","","40 32:13.311","","0","80 01:19.130","0","0","0","0","2116","0","0","0","N","0","0","0","2","02116","0","","1.0","","9","N","N","","0","","0","0","1","","3","","","2","0","0","0","0","0","0","2","0","2","","","","N","","","","","","","","","",""
"2009038323","","1","0","0","0","0","0","0","0","0","7","0","","02","4","2009","4","","","0000","11","0","0","0","0","0","0","0","0","","0","0","0","","","0","","0","","","","0","","0","0","0","0","2424","0","0","0","N","0","0","0","2","02424","0","","2.0","","7","N","N","","0","","0","0","0","","0","","","1","0","0","0","0","0","0","1","0","1","","","","N","","","","","","","","","",""
"2009038327","","1","0","0","0","0","0","0","0","0","7","0","","02","4","2009","4","40.4495","-80.0253","0406","11","0","0","0","0","0","0","0","0","1","0","0","0","","","0","","6","","40 26:58.200","2","2","80 01:31.080","0","0","0","0","2301","0","0","0","N","0","0","0","1","02301","0","","1.0","","2","N","N","","0","","0","0","0","","0","Y","","1","0","0","0","0","0","0","2","0","1","","","","N","","","","","","","","","",""
"2009038329","","1","0","0","0","0","0","0","0","0","7","0","","02","4","2009","4","40.3888","-80.0577","0010","11","0","0","0","0","0","0","0","0","1","0","0","0","","","0","","0","","40 23:19.680","1","0","80 03:27.720","0","0","0","0","2117","0","0","0","N","0","0","0","1","02117","0","","5.0","","6","N","N","","0","","0","0","0","","0","N","","1","0","1","0","0","0","0","2","0","1","","","","N","","","","","","","","","",""
"2009038331","","0","0","0","0","0","0","0","0","0","7","0","","02","4","2009","3","40.5016","-80.0252","0543","11","0","0","0","0","0","0","0","0","","0","0","0","","","0","","6","","40 30:05.760","","2","80 01:30.720","0","0","0","0","2301","0","0","0","N","0","0","0","1","02301","0","","1.0","","7","N","N","","1","","0","0","0","","0","","","1","0","0","0","0","0","0","2","0","1","","","","N","","","","","","","","","",""
"2009038346","","1","0","0","0","0","0","0","0","0","99","0","","02","4","2009","4","40.6144","-79.974","0202","11","0","0","0","0","0","1","0","0","","0","0","0","","","0","","0","","40 36:51.840","","0","79 58:26.400","0","0","0","0","2207","0","0","0","N","0","0","0","2","68T02","0","","1.0","","1","N","N","","0","","0","0","0","","0","","","1","0","0","0","0","0","0","2","0","1","","","","N","","","","","","","","","",""
"2009038350","","1","0","0","0","0","0","0","0","0","8","0","","02","3","2009","3","40.293","-79.8855","1810","11","0","0","0","0","0","0","0","0","","0","0","0","","","1","","1","","40 17:34.800","","0","79 53:07.800","4","0","0","0","2302","1","0","0","N","1","0","0","2","02302","1","","1.0","","1","N","N","","0","","0","0","0","","2","","","2","1","0","0","0","0","0","2","0","1","","","","N","","","","","","","","","",""
"2009038352","","2","0","0","0","0","0","0","0","0","1","0","","02","4","2009","3","40.347517","-80.05638","1305","11","0","0","0","0","0","2","1","0","1","0","0","0","","","0","","2","","40 20:51.061","3","0","80 03:22.968","0","0","0","0","2123","0","0","0","N","0","0","0","4","02123","0","","1.0","","9","N","N","","0","","0","0","1","","0","Y","","3","0","0","0","0","0","0","2","0","3","","","","N","","","","","","","","","",""
"2009038357","","0","0","0","0","0","0","1","0","0","1","0","","02","4","2009","4","40.364404","-79.967352","0718","11","0","0","1","0","0","1","0","0","1","0","0","0","","","0","","2","","40 21:51.854","2","0","79 58:02.467","0","0","0","0","2476","0","0","0","N","0","0","0","30","02476","0","","1.0","","2","Y","N","","0","","0","0","1","","3","N","","2","0","0","0","0","0","0","2","0","2","","","","N","","","","","","","","","",""
"2009038370","","0","0","0","0","0","0","0","0","0","4","0","","02","4","2009","3","40.672726","-80.069462","2111","11","0","0","0","0","0","1","0","0","","0","0","0","","","1","","1","","40 40:21.814","","0","80 04:10.064","4","0","0","0","2216","0","0","0","N","0","0","0","2","02505","1","","1.0","","9","N","N","","1","","0","0","0","","3","","","2","1","0","0","0","0","0","2","1","2","","","","N","","","","","","","","","",""
"2009038376","","4","0","0","0","0","0","0","0","0","4","0","","02","4","2009","4","40.485003","-79.856605","1200","11","0","0","0","0","0","1","1","1","","0","0","0","","","1","","0","","40 29:06.010","","0","79 51:23.777","8","0","0","0","2113","0","0","0","N","0","0","0","5","02113","0","","1.0","","1","N","N","","0","","0","0","0","","0","","","4","1","0","0","0","1","0","2","0","4","","","","N","","","","","","","","","",""