"CRN","ARRIVAL_TM","AUTOMOBILE_COUNT","BELTED_DEATH_COUNT","BELTED_SUSP_SERIOUS_INJ_COUNT","BICYCLE_COUNT","BICYCLE_DEATH_COUNT","BICYCLE_SUSP_SERIOUS_INJ_COUNT","BUS_COUNT","CHLDPAS_DEATH_COUNT","CHLDPAS_SUSP_SERIOUS_INJ_COUNT","COLLISION_TYPE","COMM_VEH_COUNT","CONS_ZONE_SPD_LIM","COUNTY","CRASH_MONTH","CRASH_YEAR","DAY_OF_WEEK","DEC_LATITUDE","DEC_LONGITUDE","DISPATCH_TM","DISTRICT","DRIVER_COUNT_16YR","DRIVER_COUNT_17YR","DRIVER_COUNT_18YR","DRIVER_COUNT_19YR","DRIVER_COUNT_20YR","DRIVER_COUNT_50_64YR","DRIVER_COUNT_65_74YR","DRIVER_COUNT_75PLUS","EST_HRS_CLOSED","FATAL_COUNT","HEAVY_TRUCK_COUNT","HORSE_BUGGY_COUNT","HOUR_OF_DAY","ILLUMINATION","INJURY_COUNT","INTERSECTION_RELATED","INTERSECT_TYPE","LANE_CLOSED","LATITUDE","LN_CLOSE_DIR","LOCATION_TYPE","LONGITUDE","MAX_SEVERITY_LEVEL","MCYCLE_DEATH_COUNT","MCYCLE_SUSP_SERIOUS_INJ_COUNT","MOTORCYCLE_COUNT","MUNICIPALITY","NONMOTR_COUNT","NONMOTR_DEATH_COUNT","NONMOTR_SUSP_SERIOUS_INJ_COUNT","NTFY_HIWY_MAINT","PED_COUNT","PED_DEATH_COUNT","PED_SUSP_SERIOUS_INJ_COUNT","PERSON_COUNT","POLICE_AGCY","POSSIBLE_INJ_COUNT","RDWY_SURF_TYPE_CD","RELATION_TO_ROAD","ROADWAY_CLEARED","ROAD_CONDITION","SCH_BUS_IND","SCH_ZONE_IND","SECONDARY_CRASH","SMALL_TRUCK_COUNT","SPEC_JURIS_CD","SUSP_MINOR_INJ_COUNT","SUSP_SERIOUS_INJ_COUNT","SUV_COUNT","TCD_FUNC_CD","TCD_TYPE","TFC_DETOUR_IND","TIME_OF_DAY","TOTAL_UNITS","TOT_INJ_COUNT","UNBELTED_OCC_COUNT","UNB_DEATH_COUNT","UNB_SUSP_SERIOUS_INJ_COUNT","UNK_INJ_DEG_COUNT","UNK_INJ_PER_COUNT","URBAN_RURAL","VAN_COUNT","VEHICLE_COUNT","WEATHER1","WEATHER2","WORKERS_PRES","WORK_ZONE_IND","WORK_ZONE_LOC","WORK_ZONE_TYPE","WZ_CLOSE_DETOUR","WZ_FLAGGER","WZ_LAW_OFFCR_IND","WZ_LN_CLOSURE","WZ_MOVING","WZ_OTHER","WZ_SHLDER_MDN","WZ_WORKERS_INJ_KILLED"
"2009039772","","1","0","0","0","0","0","0","0","0","7","0","","02","4","2009","7","40.4752","-79.7675","0914","11","0","0","0","0","0","0","0","0","","0","0","0","","","0","","0","","40 28:30.720","","0","79 46:03.000","0","0","0","0","2466","0","0","0","N","0","0","0","1","02466","0","","5.0","","1","N","N","","0","","0","0","0","","0","","","1","0","0","0","0","0","0","2","0","1","","","","N","","","","","","","","","",""
"2009039774","","0","0","0","0","0","0","0","0","0","5","0","","02","4","2009","1","40.5393","-80.0363","1326","11","0","0","0","0","0","1","0","0","","0","0","0","","","0","","0","","40 32:21.480","","0","80 02:10.680","0","0","0","0","2116","0","0","0","N","0","0","0","1","02116","0","","4.0","","1","N","N","","0","","0","0","2","","0","","","2","0","0","0","0","0","0","2","0","2","","","","N","","","","","","","","","",""
"2009039776","","1","0","0","0","0","0","0","0","0","7","0","","02","4","2009","3","40.56439","-80.112975","0747","11","0","0","0","1","0","0","0","0","","0","0","0","","","0","","0","","40 33:51.803","","0","80 06:46.709","0","0","0","0","2215","0","0","0","N","0","0","0","1","02215","0","","5.0","","9","N","N","","0","","0","0","0","","0","","","1","0","0","0","0","0","0","2","0","1","","","","N","","","","","","","","","",""
"2009039780","","2","0","0","0","0","0","0","0","0","4","0","","02","3","2009","4","40.454387","-80.000384","1312","11","0","0","0","0","0","2","0","0","","0","0","0","","","0","","0","","40 27:15.793","","0","80 00:01.382","0","0","0","0","2301","0","0","0","N","0","0","0","2","02301","0","","1.0","","1","N","N","","0","","0","0","0","","0","","","2","0","2","0","0","0","0","2","0","2","","","","N","","","","","","","","","",""
"2009039781","","1","0","0","0","0","0","0","0","0","4","0","","02","4","2009","6","40.333209","-79.952169","0955","11","0","0","0","1","0","0","0","0","2","0","0","0","","","0","","0","","40 19:59.552","5","0","79 57:07.808","0","0","0","0","2454","0","0","0","N","0","0","0","1","02454","0","","1.0","","1","N","N","","1","","0","0","0","","0","Y","","2","0","0","0","0","0","0","2","0","2","","","","N","","","","","","","","","",""
"2009039783","","1","0","0","0","0","0","0","0","0","5","0","","02","4","2009","6","40.299789","-79.876346","1337","11","0","0","0","1","0","0","1","0","2","0","0","0","","","3","","0","","40 17:59.240","1","0","79 52:34.845","2","0","2","1","2302","0","0","0","N","0","0","0","4","02302","0","","1.0","","1","N","N","","0","","0","2","0","","0","N","","2","3","0","0","0","1","0","2","0","2","","","","N","","","","","","","","","",""
"2009039787","","1","0","0","0","0","0","0","0","0","1","0","","02","4","2009","5","40.3557","-80.0503","2015","11","0","0","1","0","0","1","0","0","","0","0","0","","","0","","0","","40 21:20.520","","0","80 03:01.080","0","0","0","0","2109","0","0","0","N","0","0","0","2","02109","0","","1.0","","1","N","N","","0","","0","0","1","","0","","","2","0","0","0","0","0","0","2","0","2","","","","N","","","","","","","","","",""
"2009039802","","2","0","0","0","0","0","0","0","0","4","0","","02","4","2009","7","40.477801","-80.000194","1415","11","0","0","0","0","0","0","0","0","","0","0","0","","","0","","2","","40 28:40.082","","0","80 00:00.700","0","0","0","0","2301","0","0","0","N","0","0","0","2","02301","0","","1.0","","1","N","N","","0","","0","0","0","","0","","","2","0","2","0","0","0","0","2","0","2","","","","N","","","","","","","","","",""
"2009039813","","1","0","0","0","0","0","0","0","0","4","0","","02","4","2009","7","40.604612","-79.927164","","11","0","0","0","0","0","1","0","0","2","0","0","0","","","2","","2","","40 36:16.603","1","0","79 55:37.789","3","0","0","0","2207","0","0","0","N","0","0","0","2","02207","0","","1.0","","1","N","N","","0","","1","0","1","","3","N","","2","2","1","0","0","1","0","2","0","2","","","","N","","","","","","","","","",""
"2009039844","","1","0","0","0","0","0","0","0","0","0","0","","02","4","2009","7","40.5507","-80.0977","","11","0","0","0","0","0","0","0","0","1","0","0","0","","","1","","0","","40 33:02.520","7","0","80 05:51.720","4","0","0","0","2215","0","0","0","N","0","0","0","4","02215","1","","1.0","","1","N","N","","0","","0","0","1","","0","Y","","2","1","0","0","0","0","0","2","0","2","","","","N","","","","","","","","","",""
"2009039846","","1","0","0","0","0","0","0","0","0","7","0","","02","4","2009","7","40.563684","-79.947623","","11","0","1","0","0","0","0","0","0","3","0","0","0","","","1","","0","","40 33:49.263","7","0","79 56:51.444","8","0","0","0","2207","0","0","0","N","0","0","0","1","02207","0","","4.0","","1","N","N","","0","","0","0","0","","0","Y","","1","1","0","0","0","1","0","2","0","1","","","","N","","","","","","","","","",""
"2009039848","","1","0","0","0","0","0","0","0","0","7","0","","02","4","2009","5","40.551894","-80.081936","","11","0","0","0","0","0","0","0","0","","0","0","0","","","0","","0","","40 33:06.817","","0","80 04:54.971","0","0","0","0","2215","0","0","0","N","0","0","0","1","02215","0","","2.0","","1","N","N","","0","","0","0","0","","0","","","1","0","0","0","0","0","0","2","0","1","","","","N","","","","","","","","","",""
"2009039853","","2","0","0","0","0","0","0","0","0","6","0","","02","3","2009","7","40.408445","-79.848494","","11","0","0","0","0","0","1","0","0","2","0","0","0","","","0","","0","","40 24:30.402","6","0","79 50:54.578","0","0","0","0","2449","0","0","0","N","0","0","0","1","02449","0","","1.0","","1","N","N","","0","","0","0","0","","0","N","","2","0","0","0","0","0","0","2","0","2","","","","N","","","","","","","","","",""
"2009039856","","1","0","0","0","0","0","0","0","0","0","0","","02","4","2009","6","40.408049","-79.918256","","11","0","0","0","1","0","0","0","0","4","0","0","0","","","0","","0","","40 24:28.978","6","0","79 55:05.722","0","0","0","0","2448","0","0","0","N","0","0","0","3","02448","0","","5.0","","9","N","N","","0","","0","0","0","","0","N","","1","0","0","0","0","0","0","2","0","1","","","","N","","","","","","","","","",""
"2009039861","","1","0","0","0","0","0","0","0","0","8","0","","02","4","2009","7","40.4287","-79.9805","","11","0","0","0","0","0","0","0","0","1","0","0","0","","","2","","1","","40 25:43.320","3","0","79 58:49.800","3","0","0","0","2301","2","0","0","N","2","0","0","3","02301","0","","1.0","","1","N","N","","0","","2","0","0","","2","Y","","3","2","0","0","0","0","1","2","0","1","","","","N","","","","","","","","","",""
"2009039865","","1","0","0","0","0","0","0","0","0","7","0","","02","4","2009","4","40.3895","-79.9333","","11","0","0","0","0","0","0","0","0","2","0","0","0","","","0","","0","","40 23:22.200","1","0","79 55:59.880","0","0","0","0","2301","0","0","0","N","0","0","0","1","02301","0","","3.0","","2","N","N","","0","","0","0","0","","0","N","","1","0","0","0","0","0","0","2","0","1","","","","N","","","","","","","","","",""
"2009039866","","2","0","0","0","0","0","0","0","0","1","0","","02","4","2009","6","40.3257","-79.9441","","11","0","0","0","0","0","1","1","0","1","0","0","0","","","1","","0","","40 19:32.520","1","1","79 56:38.760","4","0","0","0","2454","0","0","0","N","0","0","0","5","02454","1","","1.0","","1","N","N","","0","","0","0","1","","2","N","","3","1","1","0","0","0","0","2","0","3","","","","N","","","","","","","","","",""
"2009039873","","1","0","0","0","0","0","0","0","0","4","0","","02","4","2009","6","40.394111","-79.820111","","11","0","0","0","0","0","0","1","0","1","0","0","0","","","0","","0","","40 23:38.800","2","0","79 49:12.400","0","0","0","0","2111","0","0","0","N","0","0","0","1","02111","0","","2.0","","9","N","N","","1","","0","0","0","","0","N","","2","0","0","0","0","0","0","2","0","2","","","","N","","","","","","","","","",""
"2009039876","","1","0","0","0","0","0","0","0","0","2","0","","02","4","2009","2","40.4032","-80.0833","","11","0","0","0","0","0","1","0","0","","0","0","0","","","2","","0","","40 24:11.520","","0","80 04:59.880","4","0","0","0","2415","0","0","0","N","0","0","0","2","02415","1","","1.0","","1","N","N","","1","","0","0","0","","0","","","2","2","0","0","0","1","0","2","0","2","","","","N","","","","","","","","","",""
"2009039880","","2","0","0","0","0","0","0","0","0","1","0","","02","4","2009","1","40.481452","-80.046052","","11","0","0","0","0","0","1","0","0","","0","0","0","","","0","","2","","40 28:53.226","","0","80 02:45.788","0","0","0","0","2301","0","0","0","N","0","0","0","4","02301","0","","1.0","","1","N","N","","0","","0","0","1","","8","","","3","0","0","0","0","0","0","2","0","3","","","","N","","","","","","","","","",""
"2009039884","","0","0","0","0","0","0","0","0","0","7","0","","02","4","2009","7","40.4591","-79.8233","","11","0","0","0","0","0","0","1","0","","0","0","0","","","0","","0","","40 27:32.760","","0","79 49:23.880","0","0","0","0","2113","0","0","0","N","0","0","0","1","02113","0","","4.0","","1","N","N","","0","","0","0","0","","0","","","1","0","0","0","0","0","0","2","1","1","","","","N","","","","","","","","","",""
"2009039888","","0","0","0","0","0","0","0","0","0","7","0","","02","4","2009","5","40.521527","-79.958712","","11","0","0","0","0","0","1","0","0","1","0","0","0","","","1","","1","","40 31:17.497","6","0","79 57:31.363","3","0","0","1","2118","0","0","0","N","0","0","0","1","02118","0","","2.0","","1","N","N","","0","","1","0","0","","0","Y","","1","1","0","0","0","0","0","2","0","1","","","","N","","","","","","","","","",""
"2009039896","","2","0","0","0","0","0","0","0","0","4","0","","02","4","2009","5","40.288","-79.9966","","11","0","0","0","1","0","0","1","0","","0","0","0","","","1","","0","","40 17:16.800","","0","79 59:47.760","4","0","0","0","2219","0","0","0","N","0","0","0","2","02219","1","","1.0","","1","N","N","","0","","0","0","0","","0","","","2","1","0","0","0","0","0","2","0","2","","","","N","","","","","","","","","",""
"2009039898","","0","0","0","0","0","0","0","0","0","7","0","","02","4","2009","4","40.389414","-79.948061","","11","0","0","0","0","1","0","0","0","","0","0","0","","","0","","0","","40 23:21.890","","0","79 56:53.018","0","0","0","0","2403","0","0","0","N","0","0","0","1","02403","0","","5.0","","2","N","N","","1","","0","0","0","","0","","","1","0","0","0","0","0","0","2","0","1","","","","N","","","","","","","","","",""
"2009039908","","0","0","0","0","0","0","0","0","0","4","1","","02","4","2009","1","40.426525","-80.021413","","11","0","0","0","0","0","0","0","0","","0","1","0","","","0","","1","","40 25:35.491","","0","80 01:17.088","0","0","0","0","2301","0","0","0","","0","0","0","2","02503","0","","1.0","","1","","","","0","","0","0","0","","2","","","2","0","0","0","0","0","0","2","1","2","","","","N","","","","","","","","","",""
"2009039915","","1","0","0","0","0","0","0","0","0","2","0","","02","4","2009","4","40.454371","-79.947669","","11","0","0","0","0","0","0","0","0","","0","0","0","","","0","","1","","40 27:15.735","","7","79 56:51.608","0","0","0","0","2301","0","0","0","N","0","0","0","2","02301","0","","1.0","","1","N","N","","0","","0","0","1","","0","","","2","0","0","0","0","0","0","2","0","2","","","","N","","","","","","","","","",""
"2009039925","","2","0","0","0","0","0","0","0","0","1","0","","02","4","2009","6","40.3638","-79.843","","11","0","0","1","0","0","0","2","0","1","0","0","0","","","0","","10","","40 21:49.680","2","0","79 50:34.800","0","0","0","0","2303","0","0","0","N","0","0","0","6","02303","0","","1.0","","1","N","N","","1","","0","0","1","","0","N","","4","0","1","0","0","0","0","2","0","4","","","","N","","","","","","","","","",""
"2009039932","","0","0","0","0","0","0","0","0","0","7","0","","02","4","2009","4","40.40649","-80.095644","","11","0","0","0","0","0","0","0","0","1","0","0","0","","","1","","0","","40 24:23.364","5","0","80 05:44.318","4","0","0","0","2415","0","0","0","N","0","0","0","1","02415","1","","5.0","","1","N","N","","1","","0","0","0","","0","Y","","1","1","0","0","0","0","0","2","0","1","","","","N","","","","","","","","","",""
"2009039933","","2","0","0","0","0","0","0","0","0","6","0","","02","4","2009","2","40.413479","-79.980836","","11","0","0","1","0","0","0","0","0","","0","0","0","","","0","","0","","40 24:48.524","","0","79 58:51.009","0","0","0","0","2301","0","0","0","N","0","0","0","1","02301","0","","6.0","","1","N","N","","0","","0","0","0","","0","","","2","0","0","0","0","0","0","2","0","2","","","","N","","","","","","","","","",""
"2009039946","","2","0","0","0","0","0","0","0","0","1","0","","02","4","2009","4","40.436441","-80.148016","","11","0","0","0","0","0","2","0","0","","0","0","0","","","0","","0","","40 26:11.189","","0","80 08:52.856","0","0","0","0","2115","0","0","0","N","0","0","0","5","68B03","0","","1.0","","1","N","N","","2","","0","0","1","","0","","","5","0","0","0","0","0","0","2","0","5","","","","N","","","","","","","","","",""
"2009039947","","2","0","0","0","0","0","0","0","0","1","0","","02","4","2009","5","40.428763","-79.933879","","11","0","0","0","0","0","0","0","0","","0","0","0","","","0","","0","","40 25:43.546","","0","79 56:01.966","0","0","0","0","2301","0","0","0","N","0","0","0","2","68B03","0","","1.0","","1","N","N","","0","","0","0","0","","0","","","2","0","0","0","0","0","0","2","0","2","","","","N","","","","","","","","","",""
"2009039976","","3","0","0","0","0","0","0","0","0","1","1","","02","4","2009","5","40.4305","-80.2622","","11","0","0","0","0","1","0","0","0","","0","1","0","","","2","","0","","40 25:49.800","","7","80 15:43.920","3","0","0","0","2124","0","0","0","N","0","0","0","4","02124","1","","1.0","","1","N","N","","0","","1","0","0","","2","","","4","2","0","0","0","0","0","1","0","4","","","","N","","","","","","","","","",""
"2009040019","","1","0","0","0","0","0","0","0","0","7","0","","02","4","2009","6","40.6536","-80.0778","","11","0","0","0","0","0","0","1","0","","0","0","0","","","1","","0","","40 39:12.960","","0","80 04:40.080","3","0","0","0","2212","0","0","0","N","0","0","0","1","02505","0","","5.0","","1","N","N","","0","","1","0","0","","0","","","1","1","0","0","0","0","0","2","0","1","","","","N","","","","","","","","","",""
"2009040025","","1","0","0","0","0","0","0","0","0","7","0","","02","3","2009","1","40.398959","-79.922065","","11","0","0","0","0","0","0","0","0","","0","0","0","","","0","","0","","40 23:56.251","","0","79 55:19.433","0","0","0","0","2472","0","0","0","N","0","0","0","1","02472","0","","5.0","","1","N","N","","0","","0","0","0","","0","","","1","0","1","0","0","0","0","2","0","1","","","","N","","","","","","","","","",""
"2009040028","","1","0","0","0","0","0","0","0","0","1","1","","02","4","2009","2","40.437342","-79.841968","","11","0","0","0","0","0","1","0","0","","0","1","0","","","1","","2","","40 26:14.431","","0","79 50:31.083","4","0","0","0","2419","0","0","0","N","0","0","0","2","02419","1","","1.0","","1","N","N","","0","","0","0","0","","0","","","2","1","0","0","0","0","0","2","0","2","","","","N","","","","","","","","","",""
"2009040029","","1","0","0","0","0","0","0","0","0","1","0","","02","4","2009","4","40.460341","-79.990488","","11","0","0","0","0","0","0","0","0","","0","0","0","","","1","","2","","40 27:37.227","","0","79 59:25.756","8","0","0","0","2301","0","0","0","N","0","0","0","2","02301","0","","1.0","","1","N","N","","0","","0","0","1","","0","","","2","1","0","0","0","1","0","2","0","2","","","","N","","","","","","","","","",""
"2009040035","","1","0","0","0","0","0","0","0","0","1","0","","02","4","2009","7","40.6521","-79.9362","","11","1","0","0","0","0","1","0","0","","0","0","0","","","1","","0","","40 39:07.560","","0","79 56:10.320","8","0","0","0","2217","0","0","0","N","0","0","0","3","02505","0","","1.0","","1","N","N","","0","","0","0","1","","0","","","2","1","0","0","0","1","0","2","0","2","","","","N","","","","","","","","","",""
"2009040051","","2","0","0","0","0","0","0","0","0","1","0","","02","4","2009","5","40.432","-79.9586","","11","0","0","0","0","0","0","0","0","","0","0","0","","","1","","6","","40 25:55.200","","2","79 57:30.960","8","0","0","0","2301","0","0","0","N","0","0","0","4","02301","0","","1.0","","1","N","N","","0","","0","0","0","","3","","","2","1","0","0","0","1","0","2","0","2","","","","N","","","","","","","","","",""
"2009040061","","1","0","0","0","0","0","0","0","0","7","0","","02","4","2009","3","40.468032","-80.198616","","11","0","0","0","0","0","1","0","0","2","0","0","0","","","1","","0","","40 28:04.914","2","3","80 11:55.018","8","0","0","0","2213","0","0","0","Y","0","0","0","1","02213","0","","2.0","","7","N","N","","0","","0","0","0","","0","N","","1","1","1","0","0","1","0","2","0","1","","","","N","","","","","","","","","",""
"2009040062","","1","0","0","0","0","0","0","0","0","4","0","","02","4","2009","3","40.513389","-80.222297","","11","0","0","0","0","0","0","0","0","2","0","0","0","","","1","","2","","40 30:48.199","1","0","80 13:20.268","8","0","0","0","2213","0","0","0","N","0","0","0","2","02213","0","","1.0","","1","N","N","","1","","0","0","0","","3","N","","2","1","1","0","0","1","0","2","0","2","","","","N","","","","","","","","","",""
"2009040063","","1","0","0","0","0","0","0","0","0","7","0","","02","4","2009","4","40.467526","-80.197333","","11","0","0","0","0","0","0","0","0","2","0","0","0","","","0","","0","","40 28:03.093","2","3","80 11:50.400","0","0","0","0","2213","0","0","0","Y","0","0","0","1","02213","0","","2.0","","7","N","N","","0","","0","0","0","","0","N","","1","0","0","0","0","0","0","2","0","1","","","","N","","","","","","","","","",""
"2009040064","","2","0","0","0","0","0","0","0","0","1","0","","02","4","2009","3","40.516926","-80.221347","","11","0","0","0","1","0","1","0","0","","0","0","0","","","2","","1","","40 31:00.932","","0","80 13:16.848","3","0","0","0","2213","0","0","0","N","0","0","0","4","02213","1","","1.0","","1","N","N","","1","","1","0","0","","2","","","3","2","0","0","0","0","0","2","0","3","","","","N","","","","","","","","","",""
"2009040065","","2","0","0","0","0","0","0","0","0","1","0","","02","4","2009","1","40.2856","-80.0232","","11","0","0","1","0","0","1","0","0","","0","0","0","","","0","","0","","40 17:08.160","","0","80 01:23.520","0","0","0","0","2407","0","0","0","N","0","0","0","3","02407","0","","1.0","","1","N","N","","0","","0","0","1","","2","","","3","0","0","0","0","0","0","2","0","3","","","","N","","","","","","","","","",""
"2009040066","","2","0","0","0","0","0","0","0","0","1","0","","02","4","2009","5","40.3478","-80.0267","","11","0","0","0","0","0","0","1","0","","0","0","0","","","0","","2","","40 20:52.080","","0","80 01:36.120","0","0","0","0","2407","0","0","0","N","0","0","0","3","02407","0","","1.0","","1","N","N","","0","","0","0","0","","8","","","2","0","0","0","0","0","0","2","0","2","","","","N","","","","","","","","","",""
"2009040067","","1","0","0","0","0","0","0","0","0","4","0","","02","4","2009","6","40.3313","-80.0528","","11","0","1","0","0","0","0","0","0","","0","0","0","","","0","","2","","40 19:52.680","","0","80 03:10.080","0","0","0","0","2407","0","0","0","N","0","0","0","2","02407","0","","1.0","","9","N","N","","0","","0","0","0","","3","","","2","0","1","0","0","0","0","2","1","2","","","","N","","","","","","","","","",""
"2009040109","","1","0","0","0","0","0","0","0","0","5","0","","02","4","2009","2","40.398726","-79.991534","","11","0","0","0","0","0","0","0","0","","0","0","0","","","1","","2","","40 23:55.413","","0","79 59:29.522","8","0","0","0","2301","0","0","0","N","0","0","0","1","02301","0","","2.0","","1","N","N","","0","","0","0","1","","3","","","2","1","1","0","0","1","0","2","0","2","","","","N","","","","","","","","","",""
"2009040116","","1","0","0","0","0","0","0","0","0","1","0","","02","4","2009","2","40.435129","-79.918967","","11","0","0","0","0","0","0","0","1","","0","0","0","","","0","","0","","40 26:06.464","","0","79 55:08.281","0","0","0","0","2301","0","0","0","N","0","0","0","1","02301","0","","6.0","","9","N","N","","0","","0","0","1","","0","","","2","0","0","0","0","0","0","2","0","2","","","","N","","","","","","","","","",""
"2009040123","","0","0","0","0","0","0","0","0","0","2","0","","02","4","2009","2","40.623","-80.067","","11","0","0","0","0","0","0","0","0","2","0","0","0","","","0","","0","","40 37:22.800","4","0","80 04:01.200","0","0","0","0","2216","0","0","0","N","0","0","0","2","02505","0","","1.0","","1","N","N","","2","","0","0","0","","0","N","","2","0","0","0","0","0","0","2","0","2","","","","N","","","","","","","","","",""
"2009040125","","1","0","0","0","0","0","0","0","0","7","0","","02","4","2009","7","40.368625","-79.781476","","11","0","1","0","0","0","0","0","0","3","0","0","0","","","2","","0","","40 22:07.050","5","0","79 46:53.314","3","0","0","0","2111","0","0","0","N","0","0","0","2","02111","0","","5.0","","3","N","N","","0","","2","0","0","","0","Y","","1","2","1","0","0","0","0","2","0","1","","","","N","","","","","","","","","",""
"2009040128","","0","0","0","0","0","0","0","0","0","7","0","","02","4","2009","7","40.396068","-79.84376","","11","0","0","0","0","0","1","0","0","3","0","0","0","","","0","","1","","40 23:45.844","1","0","79 50:37.536","0","0","0","0","2425","0","0","0","N","0","0","0","1","02425","0","","5.0","","1","N","N","","0","","0","0","1","","3","Y","","1","0","0","0","0","0","0","2","0","1","","","","N","","","","","","","","","",""
"2009040131","","2","0","0","0","0","0","0","0","0","4","0","","02","4","2009","4","40.3775","-79.851","","11","0","0","1","0","0","0","0","0","","0","0","0","","","0","","0","","40 22:39.000","","0","79 51:03.600","0","0","0","0","2303","0","0","0","N","0","0","0","3","02303","0","","1.0","","7","N","N","","0","","0","0","0","","0","","","2","0","0","0","0","0","0","2","0","2","","","","N","","","","","","","","","",""
"2009040132","","1","0","0","0","0","0","0","0","0","7","0","","02","4","2009","2","40.3075","-80.0134","","11","0","0","0","0","0","0","0","0","2","0","0","0","","","1","","0","","40 18:27.000","1","0","80 00:48.240","4","0","0","0","2219","0","0","0","N","0","0","0","1","02219","1","","5.0","","1","N","N","","0","","0","0","0","","0","N","","1","1","1","0","0","0","0","2","0","1","","","","N","","","","","","","","","",""
"2009040153","","2","0","0","0","0","0","0","0","0","4","0","","02","3","2009","7","40.404062","-80.107116","","11","0","0","0","0","0","0","0","0","","0","0","0","","","0","","0","","40 24:14.622","","0","80 06:25.617","9","0","0","0","2102","0","0","0","N","0","0","0","2","68B03","0","","1.0","","1","N","N","","0","","0","0","0","","0","","","2","0","0","0","0","0","1","2","0","2","","","","N","","","","","","","","","",""
"2009040154","","0","0","0","0","0","0","0","0","0","7","0","","02","4","2009","3","40.497493","-80.019943","","11","0","0","0","0","0","0","0","0","3","0","0","0","","","1","","0","","40 29:50.975","1","0","80 01:11.796","4","0","0","0","2301","0","0","0","N","0","0","0","1","68B03","1","","2.0","","7","N","N","","1","","0","0","0","","0","Y","","1","1","1","0","0","0","0","2","0","1","","","","N","","","","","","","","","",""
"2009040193","","2","0","0","0","0","0","0","0","0","5","0","","02","4","2009","3","40.435787","-79.927069","","11","0","0","0","0","1","0","0","0","","0","0","0","","","0","","2","","40 26:08.833","","0","79 55:37.448","0","0","0","0","2301","0","0","0","N","0","0","0","3","02301","0","","1.0","","1","N","N","","0","","0","0","0","","0","","","2","0","1","0","0","0","0","2","0","2","","","","N","","","","","","","","","",""
"2009040198","","0","0","0","0","0","0","0","0","0","1","0","","02","4","2009","7","40.4335","-79.7971","","11","0","0","0","0","0","0","0","0","1","0","0","0","","","1","","0","","40 26:00.600","3","0","79 47:49.560","3","0","0","1","2446","0","0","0","N","0","0","0","3","02446","0","","1.0","","1","N","N","","0","","1","0","1","","0","N","","2","1","0","0","0","0","0","2","0","2","","","","N","","","","","","","","","",""
"2009040200","","1","0","0","0","0","0","1","0","0","6","1","","02","4","2009","6","40.490921","-80.048254","","11","0","0","0","0","0","1","0","0","","0","0","0","","","0","","10","","40 29:27.315","","0","80 02:53.714","0","0","0","0","2404","0","0","0","N","0","0","0","4","02503","0","","3.0","","9","N","N","","0","","0","0","0","","3","","","2","0","0","0","0","0","0","2","0","2","","","","N","","","","","","","","","",""
"2009040201","","3","0","0","0","0","0","0","0","0","1","0","","02","4","2009","2","40.507676","-80.005842","","11","0","0","0","0","0","0","0","0","1","0","0","0","","","3","","0","","40 30:27.635","2","0","80 00:21.030","3","0","0","0","2116","0","0","0","N","0","0","0","4","02116","1","","1.0","","1","N","N","","0","","2","0","0","","0","N","","3","3","1","0","0","0","0","2","0","3","","","","N","","","","","","","","","",""
"2009040204","","2","0","0","0","0","0","0","0","0","1","0","","02","4","2009","3","40.5629","-79.9589","","11","0","0","0","0","1","0","0","1","","0","0","0","","","0","","0","","40 33:46.440","","0","79 57:32.040","0","0","0","0","2207","0","0","0","N","0","0","0","2","02207","0","","1.0","","1","N","N","","0","","0","0","0","","0","","","2","0","0","0","0","0","0","2","0","2","","","","N","","","","","","","","","",""
"2009040209","","2","0","0","0","0","0","0","0","0","4","0","","02","4","2009","4","40.528974","-79.990268","","11","0","0","0","0","0","0","0","0","","0","0","0","","","0","","2","","40 31:44.307","","0","79 59:24.965","0","0","0","0","2116","0","0","0","N","0","0","0","2","02116","0","","1.0","","1","N","N","","0","","0","0","0","","3","","","2","0","0","0","0","0","0","2","0","2","","","","N","","","","","","","","","",""
"2009040219","","0","0","0","0","0","0","0","0","0","7","1","","02","4","2009","5","40.429508","-80.004958","","11","0","0","0","0","0","0","0","0","3","0","1","0","","","0","","0","","40 25:46.228","5","0","80 00:17.847","0","0","0","0","2301","0","0","0","N","0","0","0","1","02301","0","","5.0","","1","N","N","","0","","0","0","0","","0","Y","","1","0","0","0","0","0","0","2","0","1","","","","N","","","","","","","","","",""
"2009040223","","1","0","0","0","0","0","0","0","0","4","0","","02","4","2009","3","40.433717","-79.894734","","11","0","0","0","0","0","1","0","0","","0","0","0","","","1","","0","","40 26:01.381","","7","79 53:41.042","8","0","0","0","2463","0","0","0","N","0","0","0","1","02463","0","","5.0","","1","N","N","","0","","0","0","1","","0","","","2","1","0","0","0","1","0","2","0","2","","","","N","","","","","","","","","",""
"2009040226","","2","0","0","0","0","0","0","0","0","4","0","","02","4","2009","7","40.437848","-79.776523","","11","0","0","0","0","0","0","0","0","1","0","0","0","","","0","","0","","40 26:16.254","4","0","79 46:35.484","0","0","0","0","2446","0","0","0","N","0","0","0","5","02446","0","","1.0","","1","N","N","","0","","0","0","0","","0","N","","2","0","1","0","0","0","0","2","0","2","","","","N","","","","","","","","","",""
"2009040233","","0","0","0","0","0","0","0","0","0","4","0","","02","4","2009","7","40.51364","-80.001745","","11","0","0","0","0","0","1","0","0","","0","0","0","","","1","","0","","40 30:49.103","","0","80 00:06.283","8","0","0","0","2116","0","0","0","N","0","0","0","2","02116","0","","4.0","","1","N","N","","1","","0","0","0","","0","","","2","1","0","0","0","1","0","2","1","2","","","","N","","","","","","","","","",""