"CRN","ARRIVAL_TM","AUTOMOBILE_COUNT","BELTED_DEATH_COUNT","BELTED_SUSP_SERIOUS_INJ_COUNT","BICYCLE_COUNT","BICYCLE_DEATH_COUNT","BICYCLE_SUSP_SERIOUS_INJ_COUNT","BUS_COUNT","CHLDPAS_DEATH_COUNT","CHLDPAS_SUSP_SERIOUS_INJ_COUNT","COLLISION_TYPE","COMM_VEH_COUNT","CONS_ZONE_SPD_LIM","COUNTY","CRASH_MONTH","CRASH_YEAR","DAY_OF_WEEK","DEC_LATITUDE","DEC_LONGITUDE","DISPATCH_TM","DISTRICT","DRIVER_COUNT_16YR","DRIVER_COUNT_17YR","DRIVER_COUNT_18YR","DRIVER_COUNT_19YR","DRIVER_COUNT_20YR","DRIVER_COUNT_50_64YR","DRIVER_COUNT_65_74YR","DRIVER_COUNT_75PLUS","EST_HRS_CLOSED","FATAL_COUNT","HEAVY_TRUCK_COUNT","HORSE_BUGGY_COUNT","HOUR_OF_DAY","ILLUMINATION","INJURY_COUNT","INTERSECTION_RELATED","INTERSECT_TYPE","LANE_CLOSED","LATITUDE","LN_CLOSE_DIR","LOCATION_TYPE","LONGITUDE","MAX_SEVERITY_LEVEL","MCYCLE_DEATH_COUNT","MCYCLE_SUSP_SERIOUS_INJ_COUNT","MOTORCYCLE_COUNT","MUNICIPALITY","NONMOTR_COUNT","NONMOTR_DEATH_COUNT","NONMOTR_SUSP_SERIOUS_INJ_COUNT","NTFY_HIWY_MAINT","PED_COUNT","PED_DEATH_COUNT","PED_SUSP_SERIOUS_INJ_COUNT","PERSON_COUNT","POLICE_AGCY","POSSIBLE_INJ_COUNT","RDWY_SURF_TYPE_CD","RELATION_TO_ROAD","ROADWAY_CLEARED","ROAD_CONDITION","SCH_BUS_IND","SCH_ZONE_IND","SECONDARY_CRASH","SMALL_TRUCK_COUNT","SPEC_JURIS_CD","SUSP_MINOR_INJ_COUNT","SUSP_SERIOUS_INJ_COUNT","SUV_COUNT","TCD_FUNC_CD","TCD_TYPE","TFC_DETOUR_IND","TIME_OF_DAY","TOTAL_UNITS","TOT_INJ_COUNT","UNBELTED_OCC_COUNT","UNB_DEATH_COUNT","UNB_SUSP_SERIOUS_INJ_COUNT","UNK_INJ_DEG_COUNT","UNK_INJ_PER_COUNT","URBAN_RURAL","VAN_COUNT","VEHICLE_COUNT","WEATHER1","WEATHER2","WORKERS_PRES","WORK_ZONE_IND","WORK_ZONE_LOC","WORK_ZONE_TYPE","WZ_CLOSE_DETOUR","WZ_FLAGGER","WZ_LAW_OFFCR_IND","WZ_LN_CLOSURE","WZ_MOVING","WZ_OTHER","WZ_SHLDER_MDN","WZ_WORKERS_INJ_KILLED"
"2009040895","","2","0","0","0","0","0","0","0","0","4","0","","02","3","2009","7","40.478008","-79.955994","","11","0","0","0","0","0","1","0","0","","0","0","0","","","1","","2","","40 28:40.829","","0","79 57:21.579","8","0","0","0","2301","0","0","0","N","0","0","0","5","02301","0","","1.0","","1","N","N","","0","","0","0","0","","3","","","2","1","0","0","0","1","0","2","0","2","","","","N","","","","","","","","","",""
"2009040896","","1","0","0","0","0","0","0","0","0","4","1","","02","3","2009","2","40.453503","-79.982305","","11","0","0","1","0","0","1","0","0","","0","0","0","","","0","","1","","40 27:12.610","","0","79 58:56.298","0","0","0","0","2301","0","0","0","N","0","0","0","2","02301","0","","1.0","","1","N","N","","0","","0","0","0","","3","","","2","0","0","0","0","0","0","2","1","2","","","","N","","","","","","","","","",""
"2009040898","","3","0","0","0","0","0","0","0","0","7","0","","02","3","2009","2","40.449728","-79.874146","","11","0","0","0","0","0","0","0","0","","0","0","0","","","0","","0","","40 26:59.022","","0","79 52:26.926","9","0","0","0","2301","0","0","0","N","0","0","0","2","02301","0","","5.0","","9","N","N","","0","","0","0","0","","0","","","3","0","0","0","0","0","2","2","0","3","","","","N","","","","","","","","","",""
"2009040954","","2","0","0","0","0","0","0","0","0","4","0","","02","3","2009","3","40.443847","-79.920516","","11","0","0","0","0","0","2","0","0","","0","0","0","","","0","","1","","40 26:37.849","","0","79 55:13.858","0","0","0","0","2301","0","0","0","N","0","0","0","4","02301","0","","1.0","","1","N","N","","0","","0","0","1","","2","","","3","0","0","0","0","0","0","2","0","3","","","","N","","","","","","","","","",""
"2009040969","","2","0","0","0","0","0","0","0","0","1","0","","02","3","2009","2","40.328191","-80.136475","","11","0","0","0","0","0","1","0","0","","0","0","0","","","0","","2","","40 19:41.486","","0","80 08:11.309","0","0","0","0","2119","0","0","0","N","0","0","0","3","02119","0","","1.0","","1","N","N","","1","","0","0","0","","0","","","3","0","0","0","0","0","0","2","0","3","","","","N","","","","","","","","","",""
"2009040970","","2","0","0","0","0","0","0","0","0","6","0","","02","3","2009","7","40.3384","-80.1291","","11","0","0","0","0","0","1","0","1","","0","0","0","","","0","","0","","40 20:18.240","","0","80 07:44.760","0","0","0","0","2119","0","0","0","N","0","0","0","2","02119","0","","1.0","","1","N","N","","0","","0","0","0","","0","","","2","0","0","0","0","0","0","2","0","2","","","","N","","","","","","","","","",""
"2009040971","","1","0","0","0","0","0","0","0","0","1","0","","02","3","2009","4","40.3358","-80.1325","","11","0","0","0","0","0","1","0","0","","0","0","0","","","0","","2","","40 20:08.880","","0","80 07:57.000","0","0","0","0","2119","0","0","0","N","0","0","0","4","02119","0","","1.0","","1","N","N","","0","","0","0","1","","0","","","2","0","0","0","0","0","0","2","0","2","","","","N","","","","","","","","","",""
"2009040972","","1","0","0","0","0","0","0","0","0","4","0","","02","4","2009","6","40.457699","-80.013672","","11","0","0","0","0","0","0","0","0","","0","0","0","","","0","","2","","40 27:27.716","","0","80 00:49.219","0","0","0","0","2301","0","0","0","N","0","0","0","1","02301","0","","1.0","","1","N","N","","0","","0","0","0","","0","","","2","0","1","0","0","0","0","2","1","2","","","","N","","","","","","","","","",""
"2009040982","","2","0","0","0","0","0","0","0","0","4","0","","02","4","2009","6","40.448809","-79.987534","","11","0","0","0","0","0","0","0","0","","0","0","0","","","0","","1","","40 26:55.712","","0","79 59:15.122","0","0","0","0","2301","0","0","0","N","0","0","0","2","02301","0","","1.0","","9","N","N","","0","","0","0","0","","2","","","2","0","0","0","0","0","0","2","0","2","","","","N","","","","","","","","","",""
"2009040983","","0","0","0","0","0","0","0","0","0","7","0","","02","4","2009","3","40.450518","-79.87665","","11","0","0","0","0","0","0","1","0","","0","0","0","","","0","","0","","40 27:01.864","","0","79 52:35.940","0","0","0","0","2301","1","0","0","N","1","0","0","2","02301","0","","5.0","","9","N","N","","0","","0","0","1","","0","","","2","0","0","0","0","0","0","2","0","1","","","","N","","","","","","","","","",""
"2009040986","","0","0","0","0","0","0","0","0","0","0","0","","02","4","2009","6","40.536939","-79.83918","","11","0","0","0","0","0","0","0","0","","0","0","0","","","1","","1","","40 32:12.980","","0","79 50:21.048","8","0","0","1","2208","0","0","0","N","0","0","0","1","02208","0","","1.0","","1","N","N","","0","","0","0","0","","2","","","1","1","0","0","0","1","0","2","0","1","","","","N","","","","","","","","","",""
"2009040987","","1","0","0","0","0","0","0","0","0","4","0","","02","4","2009","5","40.635029","-79.940264","","11","0","0","0","0","0","0","0","0","","0","0","0","","","0","","0","","40 38:06.104","","0","79 56:24.950","0","0","0","0","2217","0","0","0","N","0","0","0","2","02505","0","","1.0","","1","N","N","","0","","0","0","0","","0","","","2","0","0","0","0","0","0","2","1","2","","","","N","","","","","","","","","",""
"2009040990","","1","0","0","0","0","0","0","0","0","5","1","","02","4","2009","5","40.4089","-79.8426","","11","0","0","0","0","0","0","0","0","1","0","1","0","","","0","","7","","40 24:32.040","3","2","79 50:33.360","0","0","0","0","2449","0","0","0","N","0","0","0","2","02449","0","","7.0","","1","N","N","","0","","0","0","0","","0","N","","2","0","0","0","0","0","0","2","0","2","","","","N","","","","","","","","","",""
"2009040991","","0","0","0","0","0","0","0","0","0","1","0","","02","4","2009","6","40.4531","-79.8257","","11","0","0","0","0","0","0","0","0","","0","0","0","","","2","","0","","40 27:11.160","","0","79 49:32.520","3","0","0","0","2113","0","0","0","N","0","0","0","3","02113","1","","1.0","","1","N","N","","1","","1","0","1","","0","","","2","2","2","0","0","0","0","2","0","2","","","","N","","","","","","","","","",""
"2009040993","","1","0","0","0","0","0","0","0","0","4","0","","02","4","2009","4","40.474215","-79.90821","","11","0","0","0","0","0","0","0","0","1","0","0","0","","","0","","5","","40 28:27.175","4","0","79 54:29.557","0","0","0","0","2301","0","0","0","N","0","0","0","4","02301","0","","1.0","","1","N","N","","0","","0","0","0","","2","N","","2","0","0","0","0","0","0","2","1","2","","","","N","","","","","","","","","",""
"2009040996","","2","0","0","0","0","0","0","0","0","4","0","","02","4","2009","4","40.371773","-80.082575","","11","0","0","0","0","0","1","0","0","2","0","0","0","","","2","","2","","40 22:18.382","6","0","80 04:57.270","3","0","0","0","2117","0","0","0","N","0","0","0","3","02117","1","","1.0","","9","N","N","","0","","1","0","0","","3","N","","2","2","0","0","0","0","0","2","0","2","","","","N","","","","","","","","","",""
"2009041000","","2","0","0","0","0","0","0","0","0","1","0","","02","4","2009","6","40.488914","-79.954002","","11","0","0","0","0","0","0","1","0","1","0","0","0","","","2","","0","","40 29:20.092","1","0","79 57:14.407","4","0","0","0","2430","0","0","0","N","0","0","0","3","02430","2","","1.0","","1","N","N","","0","","0","0","0","","0","N","","2","2","0","0","0","0","0","2","0","2","","","","N","","","","","","","","","",""
"2009041002","","2","0","0","0","0","0","0","0","0","4","0","","02","4","2009","7","40.452538","-79.981143","","11","0","0","0","0","0","0","0","0","","0","0","0","","","0","","1","","40 27:09.136","","0","79 58:52.114","9","0","0","0","2301","0","0","0","N","0","0","0","2","02301","0","","1.0","","1","N","N","","0","","0","0","0","","0","","","2","0","0","0","0","0","2","2","0","2","","","","N","","","","","","","","","",""
"2009041003","","1","0","0","0","0","0","0","0","0","4","0","","02","3","2009","2","40.540106","-80.025161","","11","0","0","0","0","0","0","1","0","1","0","0","0","","","1","","2","","40 32:24.381","5","0","80 01:30.579","8","0","0","0","2116","0","0","0","N","0","0","0","2","02116","0","","1.0","","9","N","N","","0","","0","0","1","","3","N","","2","1","0","0","0","1","0","2","0","2","","","","N","","","","","","","","","",""
"2009041004","","1","0","0","0","0","0","0","0","0","5","0","","02","4","2009","6","40.494592","-80.053541","","11","0","0","0","0","0","0","0","0","","0","0","0","","","0","","0","","40 29:40.531","","0","80 03:12.748","0","0","0","0","2404","0","0","0","N","0","0","0","3","02404","0","","1.0","","1","N","N","","1","","0","0","0","","0","","","2","0","0","0","0","0","0","2","0","2","","","","N","","","","","","","","","",""
"2009041006","","1","0","0","0","0","0","0","0","0","4","0","","02","4","2009","6","40.45657","-79.977855","","11","0","0","0","0","1","1","0","0","","0","0","0","","","2","","1","","40 27:23.652","","0","79 58:40.278","8","0","0","0","2301","0","0","0","N","0","0","0","3","02301","0","","1.0","","1","N","N","","1","","0","0","0","","3","","","2","2","0","0","0","2","0","2","0","2","","","","N","","","","","","","","","",""
"2009041008","","2","0","0","0","0","0","0","0","0","1","0","","02","4","2009","6","40.315041","-80.099488","","11","0","0","0","0","0","1","0","0","","0","0","0","","","1","","2","","40 18:54.147","","0","80 05:58.157","3","0","0","0","2123","0","0","0","N","0","0","0","3","02123","0","","1.0","","1","N","N","","0","","1","0","0","","0","","","2","1","0","0","0","0","0","2","0","2","","","","N","","","","","","","","","",""
"2009041011","","2","0","0","0","0","0","0","0","0","1","0","","02","4","2009","6","40.506733","-80.006887","","11","0","0","0","0","0","0","1","1","","0","0","0","","","0","","1","","40 30:24.237","","0","80 00:24.794","0","0","0","0","2116","0","0","0","N","0","0","0","2","02116","0","","1.0","","9","N","N","","0","","0","0","0","","2","","","2","0","1","0","0","0","0","2","0","2","","","","N","","","","","","","","","",""
"2009041012","","1","0","0","0","0","0","0","0","0","2","0","","02","4","2009","6","40.590676","-79.945242","","11","0","0","0","0","0","2","0","0","1","0","0","0","","","3","","2","","40 35:26.433","4","0","79 56:42.872","4","0","0","0","2207","0","0","0","N","0","0","0","3","02207","3","","1.0","","1","N","N","","0","","0","0","1","","3","N","","2","3","0","0","0","0","0","2","0","2","","","","N","","","","","","","","","",""
"2009041014","","1","0","0","0","0","0","0","0","0","7","0","","02","4","2009","6","40.459515","-80.017708","","11","0","0","0","0","0","1","0","0","","0","0","0","","","0","","1","","40 27:34.254","","0","80 01:03.748","0","0","0","0","2301","0","0","0","","0","0","0","1","02301","0","","4.0","","1","","","","0","","0","0","0","","0","","","1","0","0","0","0","0","0","2","0","1","","","","N","","","","","","","","","",""
"2009041018","","1","0","0","0","0","0","0","0","0","4","0","","02","4","2009","6","40.452566","-79.996108","","11","0","0","0","0","0","1","0","0","2","0","0","0","","","0","","1","","40 27:09.239","3","0","79 59:45.989","0","0","0","0","2301","0","0","0","N","0","0","0","3","02301","0","","1.0","","1","N","N","","0","","0","0","1","","2","N","","2","0","0","0","0","0","0","2","0","2","","","","N","","","","","","","","","",""
"2009041019","","0","0","0","0","0","0","0","0","0","7","0","","02","4","2009","6","40.342413","-79.985253","","11","0","0","0","0","0","0","0","0","1","0","0","0","","","1","","0","","40 20:32.688","2","0","79 59:06.912","4","0","0","0","2403","0","0","0","N","0","0","0","1","02403","1","","5.0","","1","N","N","","0","","0","0","1","","0","N","","1","1","1","0","0","0","0","2","0","1","","","","N","","","","","","","","","",""
"2009041021","","1","0","0","0","0","0","0","0","0","4","0","","02","4","2009","5","40.472044","-80.061452","","11","0","0","0","0","0","0","0","0","2","0","0","0","","","0","","1","","40 28:19.360","2","0","80 03:41.226","0","0","0","0","2444","0","0","0","N","0","0","0","2","02444","0","","1.0","","1","N","N","","0","","0","0","1","","0","N","","2","0","0","0","0","0","0","2","0","2","","","","N","","","","","","","","","",""
"2009041024","","1","0","0","0","0","0","0","0","0","0","0","","02","4","2009","6","40.428355","-79.728581","","11","0","0","0","0","0","0","1","0","","0","0","0","","","0","","0","","40 25:42.079","","0","79 43:42.890","0","0","0","0","2446","0","0","0","N","0","0","0","1","02446","0","","2.0","","1","N","N","","0","","0","0","0","","0","","","1","0","0","0","0","0","0","2","0","1","","","","N","","","","","","","","","",""
"2009041027","","2","0","0","0","0","0","0","0","0","1","0","","02","4","2009","4","40.478829","-80.04312","","11","0","0","0","0","1","0","0","0","","0","0","0","","","0","","1","","40 28:43.784","","8","80 02:35.232","0","0","0","0","2301","0","0","0","N","0","0","0","2","02301","0","","1.0","","1","N","N","","0","","0","0","0","","0","","","2","0","0","0","0","0","0","2","0","2","","","","N","","","","","","","","","",""
"2009041032","","1","0","0","0","0","0","0","0","0","4","0","","02","4","2009","3","40.4484","-80.1573","","11","0","0","1","1","0","0","0","0","","0","0","0","","","0","","0","","40 26:54.240","","0","80 09:26.280","0","0","0","0","2115","0","0","0","N","0","0","0","2","02115","0","","1.0","","9","N","N","","1","","0","0","0","","0","","","2","0","0","0","0","0","0","2","0","2","","","","N","","","","","","","","","",""
"2009041033","","1","0","0","0","0","0","0","0","0","7","0","","02","4","2009","6","40.42548","-80.111367","","11","0","0","0","1","0","0","0","0","","0","0","0","","","0","","0","","40 25:31.728","","0","80 06:40.921","0","0","0","0","2115","0","0","0","N","0","0","0","3","02115","0","","4.0","","1","N","N","","0","","0","0","0","","0","","","1","0","1","0","0","0","0","2","0","1","","","","N","","","","","","","","","",""
"2009041152","","1","0","0","0","0","0","0","0","0","6","0","","02","4","2009","4","40.465165","-79.957999","","11","0","0","0","0","1","0","0","0","","0","0","0","","","0","","1","","40 27:54.594","","0","79 57:28.796","0","0","0","0","2301","0","0","0","","0","0","0","2","02301","0","","1.0","","1","N","N","","0","","0","0","1","","2","","","2","0","1","0","0","0","0","2","0","2","","","","N","","","","","","","","","",""
"2009041159","","1","0","0","0","0","0","0","0","0","1","0","","02","4","2009","3","40.623193","-79.923149","","11","0","0","0","0","0","1","0","0","","0","0","0","","","0","","1","","40 37:23.493","","0","79 55:23.335","0","0","0","0","2217","0","0","0","N","0","0","0","2","02505","0","","1.0","","1","N","N","","0","","0","0","1","","2","","","2","0","1","0","0","0","0","2","0","2","","","","N","","","","","","","","","",""
"2009041161","","0","0","0","0","0","0","0","0","0","7","0","","02","4","2009","6","40.4731","-79.8342","","11","0","0","0","0","0","0","0","0","2","0","0","0","","","1","","0","","40 28:23.160","5","0","79 50:03.120","2","0","1","1","2113","0","0","0","N","0","0","0","1","02113","0","","4.0","","1","N","N","","0","","0","1","0","","0","N","","1","1","0","0","0","0","0","2","0","1","","","","N","","","","","","","","","",""
"2009041168","","0","0","0","0","0","0","0","0","0","7","0","","02","4","2009","7","40.479609","-79.720465","","11","0","0","0","0","0","1","0","0","2","0","0","0","","","0","","0","","40 28:46.592","2","0","79 43:13.674","0","0","0","0","2466","0","0","0","N","0","0","0","1","02466","0","","5.0","","1","N","N","","0","","0","0","1","","0","N","","1","0","0","0","0","0","0","2","0","1","","","","N","","","","","","","","","",""
"2009041171","","1","0","0","0","0","0","0","0","0","8","0","99","02","4","2009","7","40.4806","-79.9651","","11","0","0","0","0","0","0","0","0","","0","0","0","","","1","","0","","40 28:50.160","","0","79 57:54.360","4","0","0","0","2118","1","0","0","N","1","0","0","2","02118","1","","1.0","","1","N","N","","0","","0","0","0","","7","","","2","1","0","0","0","0","0","2","0","1","","","Y","Y","4","1","","Y","N","Y","","","",""
"2009041209","","0","0","0","0","0","0","0","0","0","5","1","25","02","4","2009","3","40.444202","-80.028173","","11","0","0","0","0","0","1","0","0","1","0","1","0","","","1","","10","","40 26:39.126","1","3","80 01:41.424","4","0","0","0","2301","0","0","0","N","0","0","0","2","02301","1","","1.0","","1","N","N","","0","","0","0","1","","2","Y","","2","1","0","0","0","0","0","2","0","2","","","N","Y","5","1","","","N","","","","",""
"2009041215","","1","0","0","0","0","0","0","0","0","7","0","","02","4","2009","3","40.434708","-80.036406","","11","0","0","0","1","0","0","0","0","1","0","0","0","","","0","","0","","40 26:04.947","2","0","80 02:11.063","0","0","0","0","2301","0","0","0","N","0","0","0","1","02301","0","","5.0","","1","N","N","","0","","0","0","0","","0","N","","1","0","1","0","0","0","0","2","0","1","","","","N","","","","","","","","","",""
"2009041218","","2","0","0","0","0","0","0","0","0","1","0","","02","4","2009","7","40.463496","-79.91735","","11","0","0","1","0","0","0","0","0","","0","0","0","","","1","","1","","40 27:48.585","","0","79 55:02.460","4","0","0","0","2301","0","0","0","N","0","0","0","5","02301","1","","1.0","","1","N","N","","0","","0","0","0","","2","","","2","1","0","0","0","0","0","2","0","2","","","","N","","","","","","","","","",""
"2009041219","","1","0","0","0","0","0","0","0","0","7","0","","02","4","2009","7","40.380826","-79.855142","","11","0","0","0","0","0","0","0","0","2","0","0","0","","","0","","2","","40 22:50.973","7","7","79 51:18.510","0","0","0","0","2303","0","0","0","N","0","0","0","0","02303","0","","2.0","","1","N","N","","0","","0","0","0","","0","Y","","1","0","0","0","0","0","0","2","0","1","","","","N","","","","","","","","","",""
"2009041237","","1","0","0","0","0","0","0","0","0","1","0","","02","4","2009","7","40.485202","-79.818131","","11","0","0","0","0","0","0","0","0","","0","0","0","","","1","","0","","40 29:06.727","","0","79 49:05.271","4","0","0","0","2113","0","0","0","N","0","0","0","4","02113","1","","1.0","","1","N","N","","0","","0","0","1","","2","","","2","1","0","0","0","0","0","2","0","2","","","","N","","","","","","","","","",""
"2009041257","","1","0","0","0","0","0","0","0","0","7","0","","02","4","2009","6","40.6141","-79.9473","","11","0","0","0","0","0","0","0","0","1","0","0","0","","","1","","0","","40 36:50.760","2","0","79 56:50.280","8","0","0","0","2207","0","0","0","N","0","0","0","1","02207","0","","2.0","","1","N","N","","0","","0","0","0","","0","N","","1","1","0","0","0","1","0","2","0","1","","","","N","","","","","","","","","",""
"2009041261","","0","0","0","0","0","0","0","0","0","4","0","","02","4","2009","7","40.4383","-80.0694","","11","0","0","0","0","0","0","0","0","","0","0","0","","","1","","1","","40 26:17.880","","0","80 04:09.840","4","0","0","1","2421","0","0","0","N","0","0","0","1","02421","1","","1.0","","1","N","N","","0","","0","0","0","","3","","","2","1","0","0","0","0","0","2","0","2","","","","N","","","","","","","","","",""
"2009041271","","2","0","0","0","0","0","0","0","0","1","0","","02","4","2009","7","40.4276","-79.9691","","11","0","0","0","0","0","1","0","0","","0","0","0","","","1","","0","","40 25:39.360","","0","79 58:08.760","4","0","0","0","2301","0","0","0","N","0","0","0","2","02301","1","","1.0","","1","N","N","","0","","0","0","0","","0","","","2","1","0","0","0","0","0","2","0","2","","","","N","","","","","","","","","",""
"2009041274","","1","0","0","0","0","0","0","0","0","7","0","","02","4","2009","7","40.3731","-80.049","","11","0","0","0","0","0","0","0","0","2","0","0","0","","","1","","0","","40 22:23.160","1","0","80 02:56.400","8","0","0","0","2109","0","0","0","N","0","0","0","1","02109","0","","5.0","","1","N","N","","0","","0","0","0","","0","N","","1","1","0","0","0","1","0","2","0","1","","","","N","","","","","","","","","",""
"2009041278","","1","0","0","0","0","0","0","0","0","7","0","","02","4","2009","5","","","","11","0","0","0","0","0","0","0","0","1","0","0","0","","","1","","0","","","3","0","","4","0","0","0","2102","0","0","0","N","0","0","0","2","02102","1","","4.0","","1","N","N","","0","","0","0","0","","0","N","","1","1","0","0","0","0","0","1","0","1","","","","N","","","","","","","","","",""
"2009041283","","1","0","0","0","0","0","0","0","0","7","0","","02","4","2009","1","40.438552","-80.005748","","11","0","0","0","0","0","0","0","0","2","0","0","0","","","0","","5","","40 26:18.786","4","2","80 00:20.693","0","0","0","0","2301","0","0","0","N","0","0","0","2","02301","0","","4.0","","1","N","N","","0","","0","0","0","","2","N","","1","0","0","0","0","0","0","2","0","1","","","","N","","","","","","","","","",""
"2009041288","","2","0","0","0","0","0","0","0","0","4","0","","02","4","2009","7","40.324942","-79.988095","","11","0","1","0","0","0","0","1","0","2","0","0","0","","","1","","2","","40 19:29.791","1","0","79 59:17.142","4","0","0","0","2219","0","0","0","N","0","0","0","5","02219","1","","1.0","","1","N","N","","0","","0","0","0","","3","N","","2","1","0","0","0","0","0","2","0","2","","","","N","","","","","","","","","",""
"2009041289","","2","0","0","0","0","0","0","0","0","7","0","","02","4","2009","7","40.462387","-79.948392","","11","0","0","0","0","1","0","0","0","","0","0","0","","","1","","0","","40 27:44.593","","0","79 56:54.211","3","0","0","0","2301","0","0","0","N","0","0","0","4","02301","0","","4.0","","1","N","N","","0","","1","0","0","","0","","","2","1","1","0","0","0","0","2","0","2","","","","N","","","","","","","","","",""
"2009041292","","2","0","0","0","0","0","0","0","0","4","0","","02","4","2009","6","40.5946","-79.9478","","11","0","0","0","1","0","0","0","0","1","0","0","0","","","2","","0","","40 35:40.560","1","0","79 56:52.080","3","0","0","0","2207","0","0","0","N","0","0","0","4","02207","1","","1.0","","1","N","N","","0","","1","0","0","","0","N","","2","2","0","0","0","0","0","2","0","2","","","","N","","","","","","","","","",""
"2009041297","","1","0","0","0","0","0","0","0","0","7","0","","02","4","2009","1","40.546301","-80.191269","","11","0","0","0","0","0","0","0","1","","0","0","0","","","2","","0","","40 32:46.683","","0","80 11:28.568","3","0","0","0","2427","0","0","0","N","0","0","0","2","02427","0","","4.0","","1","N","N","","0","","2","0","0","","0","","","1","2","0","0","0","0","0","2","0","1","","","","N","","","","","","","","","",""
"2009041304","","1","0","0","0","0","0","0","0","0","1","0","","02","4","2009","2","40.64837","-79.93726","","11","0","0","0","0","0","1","0","0","","0","0","0","","","2","","2","","40 38:54.133","","0","79 56:14.137","4","0","0","0","2217","0","0","0","N","0","0","0","3","02505","2","","1.0","","1","N","N","","1","","0","0","0","","0","","","2","2","0","0","0","0","0","2","0","2","","","","N","","","","","","","","","",""
"2009041321","","1","0","0","0","0","0","0","0","0","1","0","","02","4","2009","1","40.4168","-79.9562","","11","0","0","0","0","0","0","0","0","1","0","0","0","","","0","","0","","40 25:00.480","2","0","79 57:22.320","0","0","0","0","2403","0","0","0","N","0","0","0","5","02403","0","","1.0","","9","N","N","","0","","0","0","0","","0","Y","","2","0","0","0","0","0","0","2","1","2","","","","N","","","","","","","","","",""
"2009041339","","0","0","0","0","0","0","0","0","0","4","0","","02","4","2009","5","40.587866","-79.944539","","11","0","0","0","2","0","0","0","0","","0","0","0","","","0","","0","","40 35:16.319","","0","79 56:40.341","0","0","0","1","2207","0","0","0","N","0","0","0","4","02207","0","","1.0","","1","N","N","","0","","0","0","1","","0","","","2","0","0","0","0","0","0","2","0","2","","","","N","","","","","","","","","",""
"2009041357","","2","0","0","0","0","0","0","0","0","2","0","","02","4","2009","1","40.279055","-79.854373","","11","0","0","0","0","1","0","0","0","2","0","0","0","","","2","","0","","40 16:44.598","5","0","79 51:15.742","8","0","0","0","2105","0","0","0","N","0","0","0","2","02105","0","","1.0","","1","N","N","","0","","0","0","0","","0","Y","","2","2","0","0","0","2","0","1","0","2","","","","N","","","","","","","","","",""
"2009041362","","0","0","0","0","0","0","0","0","0","7","0","","02","4","2009","2","40.421011","-79.892376","","11","0","0","0","0","0","0","0","0","","0","0","0","","","0","","0","","40 25:15.641","","0","79 53:32.553","9","0","0","0","2463","0","0","0","N","0","0","0","1","02463","0","","2.0","","9","N","N","","0","","0","0","1","","0","","","1","0","0","0","0","0","1","2","0","1","","","","N","","","","","","","","","",""
"2009041363","","1","0","0","0","0","0","0","0","0","7","0","","02","4","2009","2","40.4594","-79.8744","","11","0","0","0","0","0","0","0","0","1","0","0","0","","","0","","0","","40 27:33.840","4","0","79 52:27.840","0","0","0","0","2113","0","0","0","N","0","0","0","1","02113","0","","4.0","","9","N","N","","0","","0","0","0","","0","N","","1","0","0","0","0","0","0","2","0","1","","","","N","","","","","","","","","",""
"2009041423","","2","0","0","0","0","0","0","0","0","4","0","","02","4","2009","7","40.451868","-80.160967","","11","0","0","0","0","0","0","0","0","1","0","0","0","","","0","","1","","40 27:06.724","2","0","80 09:39.481","0","0","0","0","2115","0","0","0","N","0","0","0","5","02115","0","","1.0","","1","N","N","","1","","0","0","0","","0","N","","3","0","0","0","0","0","0","2","0","3","","","","N","","","","","","","","","",""
"2009041424","","1","0","0","0","0","0","0","0","0","7","0","","02","2","2009","1","40.360421","-80.019791","","11","0","0","0","0","0","1","0","0","","0","0","0","","","1","","0","","40 21:37.515","","7","80 01:11.247","8","0","0","0","2416","0","0","0","N","0","0","0","1","02416","0","","5.0","","1","N","N","","0","","0","0","2","","0","","","3","1","0","0","0","1","0","2","0","3","","","","N","","","","","","","","","",""
"2009041425","","1","0","0","0","0","0","0","0","0","7","0","","02","1","2009","3","40.367463","-80.008751","","11","0","0","0","0","0","0","0","0","1","0","0","0","","","1","","0","","40 22:02.866","5","0","80 00:31.503","4","0","0","0","2416","0","0","0","N","0","0","0","1","02416","1","","2.0","","1","N","N","","0","","0","0","0","","0","N","","1","1","0","0","0","0","0","2","0","1","","","","N","","","","","","","","","",""
"2009041431","","2","0","0","0","0","0","0","0","0","4","0","","02","4","2009","3","40.560508","-80.085501","","11","0","0","0","0","0","1","0","0","","0","0","0","","","0","","0","","40 33:37.828","","0","80 05:07.802","0","0","0","0","2481","0","0","0","N","0","0","0","2","68B03","0","","1.0","","9","N","N","","0","","0","0","0","","0","","","2","0","0","0","0","0","0","2","0","2","","","","N","","","","","","","","","",""
"2009041432","","0","0","0","0","0","0","0","0","0","1","0","","02","4","2009","4","40.461383","-79.9994","","11","0","0","0","0","0","0","0","0","","0","0","0","","","0","","0","","40 27:40.977","","0","79 59:57.841","0","0","0","0","2301","0","0","0","N","0","0","0","2","68B03","0","","1.0","","1","N","N","","1","","0","0","1","","0","","","2","0","1","0","0","0","0","2","0","2","","","","N","","","","","","","","","",""