"CRN","ARRIVAL_TM","AUTOMOBILE_COUNT","BELTED_DEATH_COUNT","BELTED_SUSP_SERIOUS_INJ_COUNT","BICYCLE_COUNT","BICYCLE_DEATH_COUNT","BICYCLE_SUSP_SERIOUS_INJ_COUNT","BUS_COUNT","CHLDPAS_DEATH_COUNT","CHLDPAS_SUSP_SERIOUS_INJ_COUNT","COLLISION_TYPE","COMM_VEH_COUNT","CONS_ZONE_SPD_LIM","COUNTY","CRASH_MONTH","CRASH_YEAR","DAY_OF_WEEK","DEC_LATITUDE","DEC_LONGITUDE","DISPATCH_TM","DISTRICT","DRIVER_COUNT_16YR","DRIVER_COUNT_17YR","DRIVER_COUNT_18YR","DRIVER_COUNT_19YR","DRIVER_COUNT_20YR","DRIVER_COUNT_50_64YR","DRIVER_COUNT_65_74YR","DRIVER_COUNT_75PLUS","EST_HRS_CLOSED","FATAL_COUNT","HEAVY_TRUCK_COUNT","HORSE_BUGGY_COUNT","HOUR_OF_DAY","ILLUMINATION","INJURY_COUNT","INTERSECTION_RELATED","INTERSECT_TYPE","LANE_CLOSED","LATITUDE","LN_CLOSE_DIR","LOCATION_TYPE","LONGITUDE","MAX_SEVERITY_LEVEL","MCYCLE_DEATH_COUNT","MCYCLE_SUSP_SERIOUS_INJ_COUNT","MOTORCYCLE_COUNT","MUNICIPALITY","NONMOTR_COUNT","NONMOTR_DEATH_COUNT","NONMOTR_SUSP_SERIOUS_INJ_COUNT","NTFY_HIWY_MAINT","PED_COUNT","PED_DEATH_COUNT","PED_SUSP_SERIOUS_INJ_COUNT","PERSON_COUNT","POLICE_AGCY","POSSIBLE_INJ_COUNT","RDWY_SURF_TYPE_CD","RELATION_TO_ROAD","ROADWAY_CLEARED","ROAD_CONDITION","SCH_BUS_IND","SCH_ZONE_IND","SECONDARY_CRASH","SMALL_TRUCK_COUNT","SPEC_JURIS_CD","SUSP_MINOR_INJ_COUNT","SUSP_SERIOUS_INJ_COUNT","SUV_COUNT","TCD_FUNC_CD","TCD_TYPE","TFC_DETOUR_IND","TIME_OF_DAY","TOTAL_UNITS","TOT_INJ_COUNT","UNBELTED_OCC_COUNT","UNB_DEATH_COUNT","UNB_SUSP_SERIOUS_INJ_COUNT","UNK_INJ_DEG_COUNT","UNK_INJ_PER_COUNT","URBAN_RURAL","VAN_COUNT","VEHICLE_COUNT","WEATHER1","WEATHER2","WORKERS_PRES","WORK_ZONE_IND","WORK_ZONE_LOC","WORK_ZONE_TYPE","WZ_CLOSE_DETOUR","WZ_FLAGGER","WZ_LAW_OFFCR_IND","WZ_LN_CLOSURE","WZ_MOVING","WZ_OTHER","WZ_SHLDER_MDN","WZ_WORKERS_INJ_KILLED"
"2009041996","","2","0","0","0","0","0","0","0","0","1","0","","02","4","2009","3","40.3858","-80.0539","","11","0","0","0","0","0","1","0","0","","0","0","0","","","2","","0","","40 23:08.880","","0","80 03:14.040","3","0","0","0","2109","0","0","0","N","0","0","0","3","02109","0","","1.0","","1","N","N","","1","","2","0","0","","0","","","3","2","0","0","0","0","0","2","0","3","","","","N","","","","","","","","","",""
"2009041998","","1","0","0","0","0","0","0","0","0","4","0","","02","4","2009","4","40.468885","-79.962569","","11","0","0","0","0","1","1","0","0","1","0","0","0","","","2","","0","","40 28:07.987","7","7","79 57:45.249","8","0","0","0","2301","0","0","0","N","0","0","0","3","02301","0","","1.0","","1","N","N","","1","","0","0","0","","0","Y","","2","2","1","0","0","2","0","2","0","2","","","","N","","","","","","","","","",""
"2009042006","","0","0","0","0","0","0","0","0","0","4","2","","02","4","2009","3","40.449156","-79.762252","","11","0","0","0","0","0","1","0","0","3","0","2","0","","","2","","3","","40 26:56.961","6","0","79 45:44.107","4","0","0","0","2446","0","0","0","N","0","0","0","3","02446","2","","1.0","","9","N","N","","0","","0","0","0","","3","Y","","2","2","0","0","0","0","0","2","0","2","","","","N","","","","","","","","","",""
"2009042016","","2","0","0","0","0","0","0","0","0","6","0","","02","4","2009","3","40.40945","-79.979659","","11","0","0","0","0","0","0","0","0","1","0","0","0","","","1","","0","","40 24:34.020","5","0","79 58:46.772","4","0","0","0","2301","0","0","0","N","0","0","0","2","02301","1","","2.0","","1","N","N","","0","","0","0","0","","0","Y","","2","1","0","0","0","0","0","2","0","2","","","","N","","","","","","","","","",""
"2009042027","","1","0","0","0","0","0","0","0","0","99","0","","02","4","2009","2","40.2011","-79.9078","","11","0","0","0","0","0","0","0","0","","0","0","0","","","1","","0","","40 12:03.960","","0","79 54:28.080","8","0","0","0","2204","0","0","0","N","0","0","0","1","02204","0","","1.0","","9","N","N","","0","","0","0","0","","0","","","1","1","0","0","0","1","0","1","0","1","","","","N","","","","","","","","","",""
"2009042029","","0","0","0","0","0","0","0","0","0","4","0","","02","4","2009","4","40.6301","-80.057","","11","0","0","0","0","0","1","0","0","","0","0","0","","","0","","0","","40 37:48.360","","0","80 03:25.200","0","0","0","0","2216","0","0","0","N","0","0","0","3","02505","0","","1.0","","1","N","N","","1","","0","0","1","","0","","","2","0","0","0","0","0","0","2","0","2","","","","N","","","","","","","","","",""
"2009042031","","1","0","0","0","0","0","0","0","0","1","0","","02","4","2009","7","40.50922","-80.202388","","11","0","0","0","0","0","1","0","0","1","0","0","0","","","2","","2","","40 30:33.192","1","0","80 12:08.597","4","0","0","0","2213","0","0","0","N","0","0","0","4","02213","1","","1.0","","1","N","N","","1","","0","0","1","","0","N","","3","2","0","0","0","1","0","2","0","3","","","","N","","","","","","","","","",""
"2009042032","","2","0","0","0","0","0","0","0","0","1","0","","02","4","2009","2","40.5226","-80.1769","","11","0","0","0","0","0","0","0","0","","0","0","0","","","2","","0","","40 31:21.360","","0","80 10:36.840","4","0","0","0","2213","0","0","0","N","0","0","0","2","02213","2","","1.0","","9","N","N","","0","","0","0","0","","0","","","2","2","0","0","0","0","0","2","0","2","","","","N","","","","","","","","","",""
"2009042033","","1","0","0","0","0","0","0","0","0","7","0","","02","4","2009","2","40.524695","-80.189519","","11","0","0","0","0","0","0","0","0","5","0","0","0","","","0","","0","","40 31:28.902","5","0","80 11:22.268","9","0","0","0","2213","0","0","0","N","0","0","0","1","02213","0","","5.0","","1","N","N","","0","","0","0","0","","0","Y","","1","0","0","0","0","0","1","2","0","1","","","","N","","","","","","","","","",""
"2009042034","","1","0","0","0","0","0","0","0","0","4","0","","02","4","2009","2","40.349131","-80.049933","","11","0","0","0","0","0","0","1","0","3","0","0","0","","","1","","1","","40 20:56.871","1","0","80 02:59.758","3","0","0","0","2407","0","0","0","N","0","0","0","2","02407","0","","1.0","","9","N","N","","1","","1","0","0","","2","Y","","2","1","0","0","0","0","0","2","0","2","","","","N","","","","","","","","","",""
"2009042104","","1","0","0","0","0","0","0","0","0","8","0","","02","4","2009","5","40.451508","-80.018919","","11","0","0","0","0","0","0","0","0","1","0","0","0","","","1","","1","","40 27:05.428","4","0","80 01:08.107","8","0","0","0","2301","1","0","0","N","1","0","0","2","02301","0","","1.0","","1","N","N","","0","","0","0","0","","2","N","","2","1","0","0","0","1","0","2","0","1","","","","N","","","","","","","","","",""
"2009042106","","1","0","0","0","0","0","0","0","0","2","0","","02","4","2009","7","40.400176","-80.082773","","11","0","0","0","0","0","1","0","0","1","0","0","0","","","1","","2","","40 24:00.633","2","0","80 04:57.983","4","0","0","1","2415","0","0","0","N","0","0","0","2","02415","1","","1.0","","1","N","N","","0","","0","0","0","","0","Y","","2","1","0","0","0","0","0","2","0","2","","","","N","","","","","","","","","",""
"2009042112","","0","0","0","0","0","0","0","0","0","7","0","","02","4","2009","5","40.523","-80.0053","","11","0","0","0","1","0","0","0","0","","0","0","0","","","1","","0","","40 31:22.800","","7","80 00:19.080","8","0","0","0","2116","0","0","0","N","0","0","0","1","02116","0","","5.0","","1","N","N","","0","","0","0","1","","0","","","1","1","1","0","0","1","0","2","0","1","","","","N","","","","","","","","","",""
"2009042119","","1","0","0","0","0","0","0","0","0","5","0","","02","4","2009","3","40.4571","-80.0294","","11","0","0","0","0","0","0","0","0","1","0","0","0","","","0","","0","","40 27:25.560","1","0","80 01:45.840","9","0","0","0","2301","0","0","0","N","0","0","0","2","02301","0","","1.0","","9","N","N","","1","","0","0","0","","0","N","","2","0","0","0","0","0","1","2","0","2","","","","N","","","","","","","","","",""
"2009042122","","4","0","0","0","0","0","0","0","0","5","0","","02","4","2009","5","40.466097","-79.950892","","11","0","0","0","0","0","0","0","0","1","0","0","0","","","0","","0","","40 27:57.949","3","0","79 57:03.211","0","0","0","0","2301","0","0","0","N","0","0","0","2","02301","0","","1.0","","1","N","N","","0","","0","0","0","","0","N","","4","0","0","0","0","0","0","2","0","4","","","","N","","","","","","","","","",""
"2009042124","","2","0","0","0","0","0","0","0","0","4","0","","02","3","2009","2","40.548961","-79.804557","","11","0","0","0","0","0","0","0","0","1","0","0","0","","","0","","1","","40 32:56.260","3","0","79 48:16.405","0","0","0","0","2121","0","0","0","N","0","0","0","2","02121","0","","1.0","","1","N","N","","0","","0","0","0","","3","N","","2","0","2","0","0","0","0","2","0","2","","","","N","","","","","","","","","",""
"2009042128","","1","0","0","0","0","0","0","0","0","4","0","","02","4","2009","6","40.438634","-79.986476","","11","0","0","1","0","0","0","0","0","","0","0","0","","","0","","1","","40 26:19.082","","0","79 59:11.313","0","0","0","0","2301","0","0","0","N","0","0","0","2","02301","0","","1.0","","1","N","N","","0","","0","0","1","","1","","","2","0","0","0","0","0","0","2","0","2","","","","N","","","","","","","","","",""
"2009042143","","2","0","0","0","0","0","0","0","0","4","0","","02","4","2009","4","40.452823","-79.980008","","11","0","0","0","0","0","1","0","0","","0","0","0","","","2","","2","","40 27:10.162","","0","79 58:48.028","8","0","0","0","2301","0","0","0","N","0","0","0","3","02301","0","","1.0","","1","N","N","","0","","0","0","0","","3","","","2","2","0","0","0","2","0","2","0","2","","","","N","","","","","","","","","",""
"2009042147","","2","0","0","0","0","0","0","0","0","4","0","","02","4","2009","4","40.420825","-79.995289","","11","0","0","0","0","0","0","0","0","","0","0","0","","","1","","1","","40 25:14.970","","0","79 59:43.040","8","0","0","0","2301","0","0","0","N","0","0","0","3","02301","0","","1.0","","1","N","N","","0","","0","0","0","","0","","","2","1","0","0","0","1","1","2","0","2","","","","N","","","","","","","","","",""
"2009042155","","0","0","0","0","0","0","0","0","0","5","0","","02","4","2009","4","40.421702","-79.928805","","11","0","0","0","0","0","0","0","0","","0","0","0","","","0","","0","","40 25:18.127","","0","79 55:43.698","9","0","0","0","2301","0","0","0","N","0","0","0","3","02301","0","","1.0","","1","N","N","","1","","0","0","0","","0","","","2","0","0","0","0","0","1","2","1","2","","","","N","","","","","","","","","",""
"2009042164","","1","0","0","0","0","0","0","0","0","4","0","","02","4","2009","5","40.252973","-79.835051","","11","0","0","0","0","0","0","0","1","3","0","0","0","","","2","","2","","40 15:10.702","5","0","79 50:06.183","4","0","0","0","2105","0","0","0","N","0","0","0","2","02105","1","","1.0","","1","N","N","","1","","0","0","0","","0","Y","","2","2","0","0","0","1","0","1","0","2","","","","N","","","","","","","","","",""
"2009042177","","1","0","0","0","0","0","0","0","0","1","0","","02","4","2009","5","40.445576","-79.855382","","11","0","0","1","0","0","0","0","0","","0","0","0","","","0","","0","","40 26:44.072","","0","79 51:19.375","0","0","0","0","2419","0","0","0","N","0","0","0","2","02419","0","","1.0","","1","N","N","","0","","0","0","1","","0","","","2","0","0","0","0","0","0","2","0","2","","","","N","","","","","","","","","",""
"2009042180","","2","0","0","0","0","0","0","0","0","4","0","","02","4","2009","6","40.448433","-80.158024","","11","0","0","0","0","1","1","0","0","1","0","0","0","","","2","","1","","40 26:54.358","1","0","80 09:28.888","3","0","0","0","2115","0","0","0","N","0","0","0","3","02115","1","","1.0","","1","N","N","","0","","1","0","0","","2","Y","","2","2","0","0","0","0","0","2","0","2","","","","N","","","","","","","","","",""
"2009042182","","0","0","0","0","0","0","0","0","0","7","0","","02","3","2009","1","40.516296","-80.22058","","11","0","0","0","0","0","0","0","0","","0","0","0","","","1","","0","","40 30:58.667","","0","80 13:14.087","4","0","0","0","2213","0","0","0","N","0","0","0","1","02213","1","","2.0","","1","N","N","","1","","0","0","0","","0","","","1","1","0","0","0","0","0","2","0","1","","","","N","","","","","","","","","",""
"2009042183","","2","0","0","0","0","0","0","0","0","4","0","","02","4","2009","5","40.366475","-80.014693","","11","0","0","0","0","0","0","0","0","","0","0","0","","","0","","0","","40 21:59.309","","7","80 00:52.893","0","0","0","0","2416","0","0","0","N","0","0","0","3","02416","0","","1.0","","1","N","N","","0","","0","0","0","","0","","","2","0","0","0","0","0","0","2","0","2","","","","N","","","","","","","","","",""
"2009042252","","2","0","0","0","0","0","0","0","0","6","0","","02","4","2009","5","40.391646","-80.071121","","11","0","0","0","0","0","1","0","0","","0","0","0","","","0","","2","","40 23:29.925","","0","80 04:16.035","0","0","0","0","2117","0","0","0","N","0","0","0","2","02117","0","","1.0","","1","N","N","","0","","0","0","0","","0","","","2","0","0","0","0","0","0","2","0","2","","","","N","","","","","","","","","",""
"2009042264","","1","0","0","0","0","0","0","0","0","1","0","","02","4","2009","5","40.481529","-79.876121","","11","0","0","0","0","0","1","0","0","","0","0","0","","","1","","2","","40 28:53.504","","0","79 52:34.034","4","0","0","0","2113","0","0","0","N","0","0","0","2","02113","1","","1.0","","1","N","N","","0","","0","0","1","","2","","","2","1","0","0","0","0","0","2","0","2","","","","N","","","","","","","","","",""
"2009042284","","0","0","0","0","0","0","0","0","0","99","0","","02","4","2009","6","40.424334","-79.860089","","11","0","0","0","0","0","0","0","0","","0","0","0","","","0","","2","","40 25:27.602","","0","79 51:36.320","0","0","0","0","2431","0","0","0","N","0","0","0","2","02431","0","","5.0","","1","N","N","","0","","0","0","1","","0","","","1","0","1","0","0","0","0","2","0","1","","","","N","","","","","","","","","",""
"2009042295","","0","0","0","0","0","0","0","0","0","7","0","","02","3","2009","3","40.345554","-80.164362","","11","0","0","0","0","0","0","0","0","1","0","0","0","","","0","","0","","40 20:43.993","3","0","80 09:51.704","0","0","0","0","2119","0","0","0","N","0","0","0","1","02119","0","","2.0","","1","N","N","","1","","0","0","0","","0","N","","1","0","0","0","0","0","0","2","0","1","","","","N","","","","","","","","","",""
"2009042296","","1","0","0","0","0","0","0","0","0","7","0","","02","2","2009","4","40.3588","-80.1754","","11","0","0","0","0","0","0","0","0","3","0","0","0","","","0","","0","","40 21:31.680","3","0","80 10:31.440","0","0","0","0","2119","0","0","0","Y","0","0","0","1","02119","0","","4.0","","1","N","N","","0","","0","0","0","","0","N","","1","0","1","0","0","0","0","2","0","1","","","","N","","","","","","","","","",""
"2009042315","","1","0","0","0","0","0","0","0","0","4","0","","02","3","2009","3","40.513648","-79.858379","","11","0","0","0","0","0","1","1","0","","0","0","0","","","0","","1","","40 30:49.131","","0","79 51:30.163","0","0","0","0","2112","0","0","0","N","0","0","0","2","02112","0","","1.0","","1","N","N","","0","","0","0","1","","0","","","2","0","0","0","0","0","0","2","0","2","","","","N","","","","","","","","","",""
"2009042316","","2","0","0","0","0","0","0","0","0","4","0","","02","3","2009","6","40.517536","-79.867147","","11","0","0","1","0","0","1","0","0","","0","0","0","","","0","","0","","40 31:03.130","","0","79 52:01.730","0","0","0","0","2112","0","0","0","","0","0","0","3","02112","0","","1.0","","1","N","Y","","0","","0","0","0","","3","","","2","0","0","0","0","0","0","2","0","2","","","","N","","","","","","","","","",""
"2009042317","","1","0","0","0","0","0","0","0","0","4","0","","02","3","2009","3","40.487777","-79.880795","","11","0","0","0","0","0","1","0","0","","0","0","0","","","0","","0","","40 29:15.997","","0","79 52:50.862","0","0","0","0","2112","0","0","0","N","0","0","0","2","02112","0","","1.0","","1","N","N","","0","","0","0","1","","0","","","2","0","0","0","0","0","0","2","0","2","","","","N","","","","","","","","","",""
"2009042318","","1","0","0","0","0","0","0","0","0","4","0","","02","3","2009","3","40.517542","-79.867094","","11","1","0","0","0","0","0","0","0","","0","0","0","","","0","","0","","40 31:03.150","","0","79 52:01.540","0","0","0","0","2112","0","0","0","N","0","0","0","4","02112","0","","1.0","","1","N","N","","0","","0","0","1","","0","","","2","0","0","0","0","0","0","2","0","2","","","","N","","","","","","","","","",""
"2009042319","","1","0","0","0","0","0","0","0","0","0","0","","02","3","2009","6","40.490922","-79.90802","","11","0","0","0","0","0","0","0","0","","0","0","0","","","0","","0","","40 29:27.318","","0","79 54:28.871","0","0","0","0","2112","0","0","0","N","0","0","0","2","02112","0","","5.0","","9","N","N","","0","","0","0","0","","0","","","1","0","0","0","0","0","0","2","0","1","","","","N","","","","","","","","","",""
"2009042341","","0","0","0","0","0","0","0","0","0","7","0","","02","4","2009","7","40.5681","-80.0062","","11","0","0","0","0","0","0","0","0","4","0","0","0","","","1","","0","","40 34:05.160","5","0","80 00:22.320","8","0","0","0","2108","0","0","0","N","0","0","0","1","02108","0","","4.0","","1","","N","","1","","0","0","0","","0","Y","","1","1","0","0","0","1","0","2","0","1","","","","N","","","","","","","","","",""
"2009042356","","1","0","0","0","0","0","0","0","0","1","0","","02","3","2009","2","40.654788","-79.8973","","11","0","0","0","0","1","0","0","0","1","0","0","0","","","0","","2","","40 39:17.238","5","0","79 53:50.281","0","0","0","0","2220","0","0","0","N","0","0","0","2","02220","0","","1.0","","1","N","N","","1","","0","0","0","","0","Y","","2","0","0","0","0","0","0","1","0","2","","","","N","","","","","","","","","",""
"2009042357","","1","0","0","0","0","0","0","0","0","1","0","","02","3","2009","3","40.6214","-79.9186","","11","0","0","0","0","0","0","0","1","","0","0","0","","","0","","2","","40 37:17.040","","0","79 55:06.960","0","0","0","0","2220","0","0","0","N","0","0","0","2","02220","0","","1.0","","1","N","N","","0","","0","0","1","","0","","","2","0","0","0","0","0","0","2","0","2","","","","N","","","","","","","","","",""
"2009042358","","0","0","0","0","0","0","0","0","0","7","0","","02","3","2009","6","40.603","-79.8883","","11","0","0","0","0","1","0","1","0","2","0","0","0","","","1","","0","","40 36:10.800","6","0","79 53:17.880","4","0","0","1","2220","0","0","0","N","0","0","0","5","02220","1","","2.0","","1","N","N","","1","","0","0","0","","0","Y","","2","1","0","0","0","0","0","2","0","2","","","","N","","","","","","","","","",""
"2009042359","","1","0","0","0","0","0","0","0","0","7","0","","02","3","2009","2","40.618843","-79.904916","","11","0","0","0","0","0","0","0","0","1","0","0","0","","","0","","0","","40 37:07.835","1","0","79 54:17.698","0","0","0","0","2220","0","0","0","N","0","0","0","1","02220","0","","2.0","","1","N","N","","0","","0","0","0","","0","N","","1","0","0","0","0","0","0","1","0","1","","","","N","","","","","","","","","",""
"2009042404","","1","0","0","0","0","0","0","0","0","7","0","","02","3","2009","5","40.4634","-80.009484","","11","0","0","0","0","0","0","0","1","1","0","0","0","","","1","","0","","40 27:48.240","2","0","80 00:34.142","8","0","0","0","2301","0","0","0","N","0","0","0","1","02301","0","","5.0","","9","N","N","","0","","0","0","0","","0","Y","","1","1","1","0","0","1","0","2","0","1","","","","N","","","","","","","","","",""
"2009042437","","1","0","0","0","0","0","0","0","0","4","0","","02","4","2009","1","40.423727","-79.997488","","11","0","0","1","0","0","1","0","0","","0","0","0","","","2","","1","","40 25:25.417","","0","79 59:50.956","8","0","0","0","2301","0","0","0","N","0","0","0","3","02301","0","","1.0","","1","N","N","","0","","0","0","1","","3","","","2","2","0","0","0","2","0","2","0","2","","","","N","","","","","","","","","",""
"2009042521","","1","0","0","0","0","0","0","0","0","2","0","","02","4","2009","7","40.609991","-80.053301","","11","0","1","0","0","0","0","1","0","3","0","0","0","","","1","","1","","40 36:35.968","1","0","80 03:11.883","4","0","0","0","2108","0","0","0","N","0","0","0","3","02108","1","","1.0","","1","N","N","","1","","0","0","0","","2","N","","2","1","0","0","0","0","0","2","0","2","","","","N","","","","","","","","","",""
"2009042523","","0","0","0","0","0","0","0","0","0","7","0","","02","4","2009","4","40.4349","-79.9731","","11","0","0","0","0","0","0","0","0","1","0","0","0","","","0","","0","","40 26:05.640","1","3","79 58:23.160","0","0","0","0","2301","0","0","0","N","0","0","0","2","02301","0","","3.0","","2","N","N","","0","","0","0","1","","0","N","","1","0","0","0","0","0","0","2","0","1","","","","N","","","","","","","","","",""
"2009042532","","1","0","0","0","0","0","0","0","0","4","0","","02","4","2009","5","40.450565","-80.174348","","11","0","0","0","0","0","0","0","0","","0","0","0","","","0","","1","","40 27:02.034","","0","80 10:27.652","0","0","0","0","2214","0","0","0","N","0","0","0","4","02214","0","","1.0","","1","N","N","","0","","0","0","1","","2","","","2","0","0","0","0","0","0","2","0","2","","","","N","","","","","","","","","",""
"2009042533","","1","0","0","0","0","0","0","0","0","7","0","","02","4","2009","6","40.43297","-80.191271","","11","0","1","0","0","0","0","0","0","","0","0","0","","","1","","2","","40 25:58.691","","0","80 11:28.574","3","0","0","0","2214","0","0","0","Y","0","0","0","5","02214","0","","4.0","","9","N","N","","0","","1","0","0","","3","","","1","1","0","0","0","0","0","1","0","1","","","","N","","","","","","","","","",""
"2009042549","","1","0","0","0","0","0","0","0","0","7","0","","02","4","2009","3","40.458467","-79.971804","","11","0","0","0","0","0","0","0","0","1","0","0","0","","","0","","0","","40 27:30.481","2","0","79 58:18.494","0","0","0","0","2301","0","0","0","N","0","0","0","1","02301","0","","4.0","","2","N","N","","0","","0","0","0","","0","N","","1","0","0","0","0","0","0","2","0","1","","","","N","","","","","","","","","",""
"2009042551","","1","0","0","0","0","0","0","0","0","7","0","","02","4","2009","1","40.444624","-80.061654","","11","0","0","0","1","0","0","0","0","","0","0","0","","","0","","1","","40 26:40.646","","0","80 03:41.954","0","0","0","0","2439","0","0","0","N","0","0","0","1","02439","0","","4.0","","1","N","N","","0","","0","0","0","","0","","","2","0","1","0","0","0","0","2","0","1","","","","N","","","","","","","","","",""
"2009042574","","1","0","0","0","0","0","0","0","0","7","0","","02","4","2009","6","40.3932","-79.9348","","11","0","0","0","0","0","0","0","0","1","0","0","0","","","0","","6","","40 23:35.520","4","0","79 56:05.280","0","0","0","0","2301","0","0","0","","0","0","0","2","02301","0","","5.0","","1","N","N","","0","","0","0","0","","0","N","","1","0","0","0","0","0","0","2","0","1","","","","N","","","","","","","","","",""
"2009042582","","1","0","0","0","0","0","0","0","0","8","0","","02","4","2009","5","40.392957","-79.997313","","11","0","0","0","0","0","1","0","0","","0","0","0","","","1","","0","","40 23:34.644","","0","79 59:50.327","4","0","0","0","2301","1","0","0","N","1","0","0","3","02301","1","","1.0","","1","N","N","","0","","0","0","0","","0","","","2","1","0","0","0","0","0","2","0","1","","","","N","","","","","","","","","",""
"2009042583","","0","0","0","0","0","0","0","0","0","7","0","","02","4","2009","3","40.406188","-80.003569","","11","0","0","0","0","0","0","0","0","","0","0","0","","","0","","2","","40 24:22.275","","0","80 00:12.850","0","0","0","0","2301","0","0","0","N","0","0","0","1","02301","0","","4.0","","1","N","N","","0","","0","0","1","","0","","","1","0","1","0","0","0","0","2","0","1","","","","N","","","","","","","","","",""
"2009042584","","2","0","0","0","0","0","0","0","0","4","0","","02","4","2009","7","40.417277","-79.974532","","11","0","0","0","0","0","0","0","0","","0","0","0","","","0","","1","","40 25:02.197","","0","79 58:28.315","0","0","0","0","2301","0","0","0","N","0","0","0","3","02301","0","","1.0","","1","N","N","","0","","0","0","0","","0","","","2","0","1","0","0","0","0","2","0","2","","","","N","","","","","","","","","",""
"2009042585","","1","0","0","0","0","0","0","0","0","1","0","","02","4","2009","4","40.395326","-79.997387","","11","0","0","0","0","0","0","0","1","","0","0","0","","","1","","3","","40 23:43.173","","0","79 59:50.593","8","0","0","0","2301","0","0","0","N","0","0","0","7","02301","0","","1.0","","1","N","N","","1","","0","0","0","","0","","","3","1","0","0","0","1","0","2","1","3","","","","N","","","","","","","","","",""
"2009042586","","1","0","0","0","0","0","0","0","0","8","0","","02","4","2009","5","40.4287","-79.9805","","11","0","0","0","0","0","0","0","0","","0","0","0","","","1","","1","","40 25:43.320","","0","79 58:49.800","8","0","0","0","2301","1","0","0","","1","0","0","2","02301","0","","1.0","","1","N","N","","0","","0","0","0","","2","","","2","1","0","0","0","1","0","2","0","1","","","","N","","","","","","","","","",""
"2009042587","","1","0","0","0","0","0","0","0","0","4","0","","02","4","2009","6","40.382229","-79.995888","","11","0","0","0","0","0","1","0","1","","0","0","0","","","1","","5","","40 22:56.024","","0","79 59:45.195","8","0","0","0","2301","0","0","0","N","0","0","0","2","02301","0","","1.0","","9","N","N","","0","","0","0","0","","2","","","2","1","0","0","0","1","0","2","1","2","","","","N","","","","","","","","","",""
"2009042588","","1","0","0","0","0","0","0","0","0","8","0","","02","4","2009","1","40.42875","-79.980556","","11","0","0","0","0","0","0","0","0","","0","0","0","","","2","","1","","40 25:43.500","","0","79 58:50.001","2","0","0","0","2301","2","0","2","N","2","0","2","3","02301","0","","1.0","","1","N","N","","0","","0","2","0","","2","","","3","2","0","0","0","0","0","2","0","1","","","","N","","","","","","","","","",""
"2009042652","","0","0","0","0","0","0","0","0","0","7","0","","02","3","2009","7","40.347636","-79.947519","","11","0","0","1","0","0","0","0","0","1","0","0","0","","","0","","0","","40 20:51.490","4","0","79 56:51.070","0","0","0","0","2473","0","0","0","N","0","0","0","1","02473","0","","2.0","","9","N","N","","0","","0","0","1","","0","N","","1","0","0","0","0","0","0","2","0","1","","","","N","","","","","","","","","",""
"2009042653","","1","0","0","0","0","0","0","0","0","0","0","","02","4","2009","4","40.362366","-79.931995","","11","0","0","0","0","0","0","0","0","2","0","0","0","","","0","","1","","40 21:44.516","4","0","79 55:55.182","0","0","0","0","2473","0","0","0","N","0","0","0","1","02473","0","","1.0","","1","N","N","","0","","0","0","0","","2","N","","1","0","0","0","0","0","0","2","0","1","","","","N","","","","","","","","","",""
"2009042654","","1","0","0","0","0","0","0","0","0","7","0","","02","4","2009","5","40.362247","-79.858832","","11","0","0","0","0","0","0","0","0","1","0","0","0","","","1","","0","","40 21:44.089","4","0","79 51:31.794","8","0","0","0","2473","0","0","0","N","0","0","0","1","02473","0","","4.0","","1","N","N","","0","","0","0","0","","0","N","","1","1","0","0","0","1","0","2","0","1","","","","N","","","","","","","","","",""
"2009042655","","1","0","0","0","0","0","0","0","0","7","0","","02","3","2009","2","40.3479","-79.9498","","11","0","0","0","0","0","1","0","0","2","0","0","0","","","1","","0","","40 20:52.440","3","0","79 56:59.280","3","0","0","0","2473","0","0","0","N","0","0","0","1","02473","0","","4.0","","1","N","N","","0","","1","0","0","","0","N","","1","1","1","0","0","0","0","2","0","1","","","","N","","","","","","","","","",""
"2009042680","","3","0","0","0","0","0","0","0","0","5","0","","02","4","2009","3","40.439925","-79.994182","","11","0","0","0","0","0","0","0","0","2","0","0","0","","","1","","2","","40 26:23.730","1","0","79 59:39.055","4","0","0","0","2301","0","0","0","N","0","0","0","3","02301","1","","1.0","","9","N","N","","0","","0","0","0","","2","N","","3","1","0","0","0","0","0","2","0","3","","","","N","","","","","","","","","",""
"2009042681","","1","0","0","0","0","0","0","0","0","7","0","","02","4","2009","1","40.473153","-79.958528","","11","0","0","0","0","0","0","0","0","","0","0","0","","","0","","2","","40 28:23.352","","0","79 57:30.701","0","0","0","0","2301","0","0","0","N","0","0","0","1","02301","0","","5.0","","1","N","N","","0","","0","0","0","","0","","","1","0","0","0","0","0","0","2","0","1","","","","N","","","","","","","","","",""
"2009042682","","1","0","0","0","0","0","0","0","0","7","0","","02","4","2009","2","40.4005","-80.0434","","11","0","0","0","0","0","0","0","0","1","0","0","0","","","0","","0","","40 24:01.800","1","0","80 02:36.240","0","0","0","0","2301","0","0","0","N","0","0","0","1","02301","0","","2.0","","1","N","N","","0","","0","0","0","","0","N","","1","0","0","0","0","0","0","2","0","1","","","","N","","","","","","","","","",""