"CRN","ARRIVAL_TM","AUTOMOBILE_COUNT","BELTED_DEATH_COUNT","BELTED_SUSP_SERIOUS_INJ_COUNT","BICYCLE_COUNT","BICYCLE_DEATH_COUNT","BICYCLE_SUSP_SERIOUS_INJ_COUNT","BUS_COUNT","CHLDPAS_DEATH_COUNT","CHLDPAS_SUSP_SERIOUS_INJ_COUNT","COLLISION_TYPE","COMM_VEH_COUNT","CONS_ZONE_SPD_LIM","COUNTY","CRASH_MONTH","CRASH_YEAR","DAY_OF_WEEK","DEC_LATITUDE","DEC_LONGITUDE","DISPATCH_TM","DISTRICT","DRIVER_COUNT_16YR","DRIVER_COUNT_17YR","DRIVER_COUNT_18YR","DRIVER_COUNT_19YR","DRIVER_COUNT_20YR","DRIVER_COUNT_50_64YR","DRIVER_COUNT_65_74YR","DRIVER_COUNT_75PLUS","EST_HRS_CLOSED","FATAL_COUNT","HEAVY_TRUCK_COUNT","HORSE_BUGGY_COUNT","HOUR_OF_DAY","ILLUMINATION","INJURY_COUNT","INTERSECTION_RELATED","INTERSECT_TYPE","LANE_CLOSED","LATITUDE","LN_CLOSE_DIR","LOCATION_TYPE","LONGITUDE","MAX_SEVERITY_LEVEL","MCYCLE_DEATH_COUNT","MCYCLE_SUSP_SERIOUS_INJ_COUNT","MOTORCYCLE_COUNT","MUNICIPALITY","NONMOTR_COUNT","NONMOTR_DEATH_COUNT","NONMOTR_SUSP_SERIOUS_INJ_COUNT","NTFY_HIWY_MAINT","PED_COUNT","PED_DEATH_COUNT","PED_SUSP_SERIOUS_INJ_COUNT","PERSON_COUNT","POLICE_AGCY","POSSIBLE_INJ_COUNT","RDWY_SURF_TYPE_CD","RELATION_TO_ROAD","ROADWAY_CLEARED","ROAD_CONDITION","SCH_BUS_IND","SCH_ZONE_IND","SECONDARY_CRASH","SMALL_TRUCK_COUNT","SPEC_JURIS_CD","SUSP_MINOR_INJ_COUNT","SUSP_SERIOUS_INJ_COUNT","SUV_COUNT","TCD_FUNC_CD","TCD_TYPE","TFC_DETOUR_IND","TIME_OF_DAY","TOTAL_UNITS","TOT_INJ_COUNT","UNBELTED_OCC_COUNT","UNB_DEATH_COUNT","UNB_SUSP_SERIOUS_INJ_COUNT","UNK_INJ_DEG_COUNT","UNK_INJ_PER_COUNT","URBAN_RURAL","VAN_COUNT","VEHICLE_COUNT","WEATHER1","WEATHER2","WORKERS_PRES","WORK_ZONE_IND","WORK_ZONE_LOC","WORK_ZONE_TYPE","WZ_CLOSE_DETOUR","WZ_FLAGGER","WZ_LAW_OFFCR_IND","WZ_LN_CLOSURE","WZ_MOVING","WZ_OTHER","WZ_SHLDER_MDN","WZ_WORKERS_INJ_KILLED"
"2009047997","","1","0","0","0","0","0","0","0","0","5","0","","02","5","2009","1","40.442499","-79.806817","","11","0","0","0","0","0","0","0","0","1","0","0","0","","","0","","0","","40 26:32.996","4","0","79 48:24.541","0","0","0","0","2113","0","0","0","N","0","0","0","2","02113","0","","1.0","","1","N","N","","1","","0","0","0","","0","Y","","2","0","0","0","0","0","0","2","0","2","","","","N","","","","","","","","","",""
"2009047998","","1","0","0","0","0","0","0","0","0","7","0","","02","5","2009","7","40.404488","-79.97558","","11","0","0","0","0","0","0","0","0","","0","0","0","","","1","","0","","40 24:16.158","","0","79 58:32.088","8","0","0","0","2301","0","0","0","N","0","0","0","1","02301","0","","2.0","","1","N","N","","0","","0","0","0","","0","","","1","1","0","0","0","1","0","2","0","1","","","","N","","","","","","","","","",""
"2009048000","","0","0","0","0","0","0","0","0","0","4","0","","02","4","2009","1","40.5071","-79.7631","","11","0","0","0","0","0","0","0","0","1","0","0","0","","","2","","0","","40 30:25.560","3","0","79 45:47.160","3","0","0","1","2466","0","0","0","N","0","0","0","3","02466","1","","1.0","","1","N","N","","0","","1","0","1","","0","N","","2","2","0","0","0","0","0","1","0","2","","","","N","","","","","","","","","",""
"2009048001","","1","0","0","0","0","0","0","0","0","2","0","","02","5","2009","2","40.352084","-80.010884","","11","0","0","0","0","0","1","0","0","2","0","0","0","","","0","","2","","40 21:07.504","3","0","80 00:39.182","0","0","0","0","2476","0","0","0","N","0","0","0","2","02476","0","","1.0","","9","N","N","","0","","0","0","1","","3","Y","","2","0","0","0","0","0","0","2","0","2","","","","N","","","","","","","","","",""
"2009048002","","1","0","0","0","0","0","0","0","0","7","0","","02","5","2009","1","40.4205","-80.0668","","11","0","0","0","0","0","0","0","0","","0","0","0","","","0","","0","","40 25:13.800","","0","80 04:00.480","0","0","0","0","2435","0","0","0","N","0","0","0","2","02435","0","","5.0","","1","N","N","","0","","0","0","0","","0","","","1","0","0","0","0","0","0","2","0","1","","","","N","","","","","","","","","",""
"2009048005","","2","0","0","0","0","0","0","0","0","4","0","25","02","5","2009","2","40.366959","-79.842128","","11","0","0","0","0","0","2","0","0","","0","0","0","","","0","","2","","40 22:01.052","","0","79 50:31.659","0","0","0","0","2303","0","0","0","N","0","0","0","2","02303","0","","1.0","","9","N","N","","0","","0","0","0","","2","","","2","0","0","0","0","0","0","2","0","2","","","N","Y","5","1","","","N","","","Y","",""
"2009048009","","1","0","0","0","0","0","0","0","0","5","0","","02","4","2009","3","40.442061","-79.956263","","11","0","0","0","0","0","0","0","0","","0","0","0","","","0","","0","","40 26:31.418","","0","79 57:22.545","0","0","0","0","2301","0","0","0","N","0","0","0","4","02301","0","","1.0","","1","N","N","","1","","0","0","0","","0","","","2","0","1","0","0","0","0","2","0","2","","","","N","","","","","","","","","",""
"2009048018","","0","0","0","0","0","0","0","0","0","7","0","","02","5","2009","2","40.3322","-79.998","","11","0","0","0","0","0","0","0","0","3","0","0","0","","","1","","0","","40 19:55.920","6","0","79 59:52.800","4","0","0","0","2219","0","0","0","N","0","0","0","1","02219","1","","5.0","","9","N","N","","0","","0","0","0","","0","Y","","1","1","0","0","0","0","0","2","1","1","","","","N","","","","","","","","","",""
"2009048022","","1","0","0","0","0","0","0","0","0","0","0","","02","5","2009","3","40.382322","-79.918926","","11","0","0","0","0","0","0","0","0","","0","0","0","","","0","","0","","40 22:56.359","","0","79 55:08.133","0","0","0","0","2301","0","0","0","N","0","0","0","1","02301","0","","1.0","","1","N","N","","0","","0","0","0","","0","","","1","0","0","0","0","0","0","2","0","1","","","","N","","","","","","","","","",""
"2009048026","","1","0","0","0","0","0","0","0","0","7","0","","02","5","2009","1","40.403408","-79.908752","","11","0","0","0","0","0","0","0","0","2","0","0","0","","","1","","1","","40 24:12.268","5","0","79 54:31.507","8","0","0","0","2438","0","0","0","N","0","0","0","1","02438","0","","5.0","","1","N","N","","0","","0","0","0","","0","N","","1","1","0","0","0","1","0","2","0","1","","","","N","","","","","","","","","",""
"2009048027","","1","0","0","0","0","0","0","0","0","0","0","","02","5","2009","3","40.527575","-79.988602","","11","0","0","0","0","0","0","0","0","1","0","0","0","","","0","","0","","40 31:39.270","1","0","79 59:18.967","9","0","0","0","2116","0","0","0","N","0","0","0","1","02116","0","","2.0","","1","N","N","","0","","0","0","0","","0","N","","1","0","0","0","0","0","1","2","0","1","","","","N","","","","","","","","","",""
"2009048028","","1","0","0","0","0","0","0","0","0","0","0","","02","5","2009","2","40.37","-79.8197","","11","0","0","0","0","0","0","0","0","1","0","0","0","","","0","","0","","40 22:12.000","6","0","79 49:10.920","0","0","0","0","2111","0","0","0","N","0","0","0","1","02111","0","","1.0","","1","N","N","","0","","0","0","0","","0","Y","","1","0","0","0","0","0","0","2","0","1","","","","N","","","","","","","","","",""
"2009048029","","0","0","0","0","0","0","0","0","0","7","0","","02","5","2009","5","40.622566","-79.900679","","11","0","0","0","0","0","0","0","0","","0","0","0","","","0","","0","","40 37:21.236","","0","79 54:02.444","0","0","0","0","2220","0","0","0","N","0","0","0","2","02220","0","","5.0","","1","N","N","","0","","0","0","1","","0","","","1","0","0","0","0","0","0","1","0","1","","","","N","","","","","","","","","",""
"2009048030","","2","0","0","0","0","0","0","0","0","4","0","","02","5","2009","3","40.449195","-80.004952","","11","0","0","0","0","0","1","0","0","","0","0","0","","","0","","1","","40 26:57.102","","0","80 00:17.827","0","0","0","0","2301","0","0","0","N","0","0","0","2","02301","0","","1.0","","1","N","N","","0","","0","0","0","","2","","","2","0","0","0","0","0","0","2","0","2","","","","N","","","","","","","","","",""
"2009048033","","1","0","0","0","0","0","0","0","0","7","0","","02","5","2009","2","","","","11","0","0","0","0","0","0","1","0","","0","0","0","","","1","","0","","","","7","","4","0","0","0","2216","0","0","0","N","0","0","0","1","02501","1","","5.0","","1","N","N","","0","","0","0","0","","0","","","1","1","1","0","0","0","0","1","0","1","","","","N","","","","","","","","","",""
"2009048064","","0","0","0","0","0","0","0","0","0","7","0","","02","4","2009","5","40.4406","-79.9928","","11","0","0","0","0","0","0","0","0","","0","0","0","","","0","","7","","40 26:26.160","","2","79 59:34.080","0","0","0","0","2301","0","0","0","N","0","0","0","1","68B03","0","","7.0","","1","N","N","","1","","0","0","0","","0","","","1","0","0","0","0","0","0","2","0","1","","","","N","","","","","","","","","",""
"2009048065","","2","0","0","0","0","0","0","0","0","1","0","","02","4","2009","6","40.429216","-80.028778","","11","0","0","0","0","0","1","0","0","","0","0","0","","","0","","0","","40 25:45.177","","0","80 01:43.600","0","0","0","0","2301","0","0","0","N","0","0","0","2","68B03","0","","1.0","","1","N","N","","0","","0","0","0","","0","","","2","0","0","0","0","0","0","2","0","2","","","","N","","","","","","","","","",""
"2009048066","","2","0","0","0","0","0","0","0","0","1","0","","02","4","2009","4","40.420535","-80.039298","","11","0","0","0","0","1","1","0","0","","0","0","0","","","1","","0","","40 25:13.926","","0","80 02:21.473","8","0","0","0","2435","0","0","0","N","0","0","0","2","68B03","0","","1.0","","9","N","N","","0","","0","0","0","","0","","","2","1","0","0","0","1","0","2","0","2","","","","N","","","","","","","","","",""
"2009048067","","0","0","0","0","0","0","0","0","0","7","0","","02","4","2009","2","40.4257","-79.8943","","11","0","0","0","0","0","0","0","0","","0","0","0","","","0","","0","","40 25:32.520","","2","79 53:39.480","0","0","0","0","2463","0","0","0","N","0","0","0","1","68B03","0","","2.0","","9","N","N","","0","","0","0","1","","0","","","1","0","0","0","0","0","0","2","0","1","","","","N","","","","","","","","","",""
"2009048068","","1","0","0","0","0","0","0","0","0","7","1","","02","4","2009","2","40.530293","-80.127448","","11","0","0","0","0","0","1","0","0","2","0","1","0","","","1","","0","","40 31:49.054","1","3","80 07:38.814","8","0","0","0","2125","0","0","0","N","0","0","0","2","68B03","0","","3.0","","8","N","N","","0","","0","0","0","","0","N","","2","1","0","0","0","1","0","2","0","2","","","","N","","","","","","","","","",""
"2009048070","","1","0","0","0","0","0","0","0","0","7","0","","02","4","2009","5","40.420128","-80.036481","","11","0","0","0","0","0","0","0","0","2","0","0","0","","","0","","0","","40 25:12.461","1","0","80 02:11.333","0","0","0","0","2301","0","0","0","N","0","0","0","1","68B03","0","","2.0","","1","N","N","","0","","0","0","0","","0","N","","1","0","0","0","0","0","0","2","0","1","","","","N","","","","","","","","","",""
"2009048071","","1","0","0","0","0","0","0","0","0","7","0","","02","5","2009","6","40.627","-80.0968","","11","0","0","0","0","0","0","0","0","","0","0","0","","","1","","0","","40 37:37.200","","0","80 05:48.480","8","0","0","0","2212","0","0","0","Y","0","0","0","2","68B03","0","","3.0","","9","N","N","","0","","0","0","0","","0","","","1","1","0","0","0","1","0","2","0","1","","","","N","","","","","","","","","",""
"2009048072","","1","0","0","0","0","0","0","0","0","1","0","","02","4","2009","6","40.444388","-80.177712","","11","0","0","0","0","0","0","0","0","","0","0","0","","","0","","6","","40 26:39.797","","2","80 10:39.764","0","0","0","0","2214","0","0","0","N","0","0","0","2","68B03","0","","1.0","","1","N","N","","0","","0","0","1","","4","","","2","0","0","0","0","0","0","2","0","2","","","","N","","","","","","","","","",""
"2009048073","","1","0","0","0","0","0","0","0","0","7","0","","02","5","2009","2","40.422891","-80.102717","","11","0","0","0","0","0","0","0","0","","0","0","0","","","0","","0","","40 25:22.407","","0","80 06:09.780","0","0","0","0","2115","0","0","0","N","0","0","0","1","68B03","0","","4.0","","9","N","N","","0","","0","0","0","","0","","","1","0","0","0","0","0","0","2","0","1","","","","N","","","","","","","","","",""
"2009048074","","0","0","0","0","0","0","0","0","0","7","0","","02","5","2009","2","40.508368","-80.136651","","11","0","0","0","0","0","0","0","0","1","0","0","0","","","1","","0","","40 30:30.123","2","0","80 08:11.942","3","0","0","0","2115","0","0","0","N","0","0","0","5","68B03","0","","4.0","","9","N","N","","0","","1","0","0","","0","N","","1","1","1","0","0","0","0","2","1","1","","","","N","","","","","","","","","",""
"2009048075","","1","0","0","0","0","0","0","0","0","99","0","","02","5","2009","3","40.441896","-80.310459","","11","0","0","0","0","0","0","0","0","","0","0","0","","","0","","0","","40 26:30.824","","0","80 18:37.651","0","0","0","0","2203","0","0","0","N","0","0","0","1","68B03","0","","1.0","","1","N","N","","0","","0","0","0","","0","","","1","0","0","0","0","0","0","1","0","1","","","","N","","","","","","","","","",""
"2009048076","","1","0","0","0","0","0","0","0","0","1","1","","02","5","2009","3","40.451536","-79.995126","","11","0","0","0","0","0","2","0","0","2","0","1","0","","","1","","0","","40 27:05.531","1","3","79 59:42.453","4","0","0","0","2301","0","0","0","N","0","0","0","6","68B03","1","","1.0","","1","N","N","","1","","0","0","0","","0","N","","3","1","0","0","0","0","0","2","0","3","","","","N","","","","","","","","","",""
"2009048077","","2","0","0","0","0","0","0","0","0","1","0","","02","5","2009","4","40.421105","-80.045841","","11","0","0","0","0","0","0","0","0","","0","0","0","","","1","","6","","40 25:15.978","","2","80 02:45.027","4","0","0","0","2435","0","0","0","N","0","0","0","2","68B03","1","","1.0","","1","N","N","","0","","0","0","0","","3","","","2","1","0","0","0","0","0","2","0","2","","","","N","","","","","","","","","",""
"2009048079","","1","0","0","0","0","0","0","0","0","7","0","","02","5","2009","4","40.4438","-80.1787","","11","0","0","0","0","0","0","0","0","","0","0","0","","","0","","0","","40 26:37.680","","0","80 10:43.320","0","0","0","0","2214","0","0","0","N","0","0","0","1","68B03","0","","2.0","","9","N","N","","0","","0","0","0","","0","","","1","0","0","0","0","0","0","1","0","1","","","","N","","","","","","","","","",""
"2009048081","","0","0","0","0","0","0","0","0","0","7","0","","02","5","2009","6","40.420892","-80.031552","","11","0","0","0","0","0","0","0","0","","0","0","0","","","1","","0","","40 25:15.210","","0","80 01:53.586","4","0","0","1","2301","0","0","0","N","0","0","0","1","68B03","1","","2.0","","1","N","N","","0","","0","0","0","","0","","","1","1","0","0","0","0","0","2","0","1","","","","N","","","","","","","","","",""
"2009048082","","1","0","0","0","0","0","0","0","0","0","0","","02","5","2009","7","40.542332","-80.121641","","11","0","0","0","0","0","0","0","0","","0","0","0","","","1","","0","","40 32:32.394","","0","80 07:17.908","4","0","0","0","2215","0","0","0","N","0","0","0","1","68B03","1","","2.0","","1","N","N","","0","","0","0","0","","0","","","1","1","0","0","0","0","0","2","0","1","","","","N","","","","","","","","","",""
"2009048083","","0","0","0","0","0","0","0","0","0","0","0","","02","5","2009","7","40.4985","-80.1206","","11","0","0","0","0","0","0","0","0","","0","0","0","","","1","","0","","40 29:54.600","","0","80 07:14.160","4","0","0","1","2115","0","0","0","N","0","0","0","1","68B03","1","","4.0","","1","N","N","","0","","0","0","0","","8","","","1","1","0","0","0","0","0","2","0","1","","","","N","","","","","","","","","",""
"2009048084","","4","0","0","0","0","0","0","0","0","1","0","55","02","5","2009","7","40.549","-80.085733","","11","0","0","0","0","0","0","1","0","","0","0","0","","","1","","0","","40 32:56.401","","0","80 05:08.637","4","0","0","0","2215","0","0","0","N","0","0","0","6","68B03","1","","1.0","","1","N","N","","0","","0","0","0","","8","","","4","1","0","0","0","0","0","2","0","4","","","N","Y","4","1","N","N","N","Y","N","N","N",""
"2009048085","","3","0","0","0","0","0","0","0","0","1","0","","02","5","2009","1","40.427702","-79.924732","","11","0","0","0","0","0","1","0","0","1","0","0","0","","","1","","0","","40 25:39.728","3","4","79 55:29.035","4","0","0","0","2301","0","0","0","N","0","0","0","5","68B03","1","","1.0","","1","N","N","","0","","0","0","0","","8","N","","3","1","0","0","0","0","0","2","0","3","","","","N","","","","","","","","","",""
"2009048086","","1","0","0","0","0","0","0","0","0","1","0","","02","5","2009","2","40.417841","-80.055283","","11","0","0","0","0","0","1","0","0","","0","0","0","","","1","","0","","40 25:04.227","","0","80 03:19.020","4","0","0","0","2435","0","0","0","N","0","0","0","4","68B03","1","","1.0","","1","N","N","","2","","0","0","1","","0","","","4","1","0","0","0","0","0","2","0","4","","","","N","","","","","","","","","",""
"2009048324","","0","0","0","0","0","0","0","0","0","7","0","","02","5","2009","1","40.622911","-79.838359","","11","0","0","0","1","0","0","0","0","","0","0","0","","","3","","0","","40 37:22.479","","0","79 50:18.094","3","0","0","0","2220","0","0","0","N","0","0","0","3","02220","2","","5.0","","1","N","N","","1","","1","0","0","","0","","","1","3","3","0","0","0","0","2","0","1","","","","N","","","","","","","","","",""
"2009048329","","2","0","0","0","0","0","0","0","0","1","0","","02","5","2009","3","40.422955","-80.016851","","11","0","0","0","0","0","0","1","0","","0","0","0","","","2","","0","","40 25:22.638","","0","80 01:00.662","4","0","0","0","2301","0","0","0","N","0","0","0","3","02301","2","","1.0","","1","N","N","","1","","0","0","0","","0","","","3","2","0","0","0","0","0","2","0","3","","","","N","","","","","","","","","",""
"2009048338","","1","0","0","0","0","0","0","0","0","4","0","","02","5","2009","3","40.440466","-79.991536","","11","0","0","0","0","0","2","0","0","1","0","0","0","","","1","","1","","40 26:25.678","4","0","79 59:29.530","8","0","0","0","2301","0","0","0","N","0","0","0","2","02301","0","","1.0","","1","N","N","","0","","0","0","1","","2","N","","2","1","0","0","0","1","0","2","0","2","","","","N","","","","","","","","","",""
"2009048354","","1","0","0","0","0","0","0","0","0","4","0","","02","5","2009","3","40.420627","-79.928536","","11","0","0","0","0","0","1","1","0","","0","0","0","","","0","","0","","40 25:14.257","","7","79 55:42.729","0","0","0","0","2301","0","0","0","N","0","0","0","4","02301","0","","1.0","","1","N","N","","0","","0","0","1","","0","","","2","0","0","0","0","0","0","2","0","2","","","","N","","","","","","","","","",""
"2009048357","","1","0","0","0","0","0","0","0","0","1","0","","02","5","2009","4","40.397669","-79.769328","","11","0","0","0","0","0","0","0","0","","0","0","0","","","1","","1","","40 23:51.607","","3","79 46:09.580","4","0","0","0","2446","0","0","0","N","0","0","0","2","02446","1","","1.0","","9","N","","","1","","0","0","0","","2","","","2","1","0","0","0","0","0","2","0","2","","","","N","","","","","","","","","",""
"2009048359","","2","0","0","0","0","0","0","0","0","1","0","","02","5","2009","7","40.386838","-79.981859","","11","0","0","0","0","0","0","0","0","1","0","0","0","","","1","","0","","40 23:12.616","1","0","79 58:54.692","8","0","0","0","2301","0","0","0","N","0","0","0","1","02301","0","","6.0","","98","N","N","","0","","0","0","0","","0","N","","2","1","0","0","0","1","0","2","0","2","","","","N","","","","","","","","","",""
"2009048366","","1","0","0","0","0","0","0","0","0","7","0","","02","5","2009","3","40.384913","-79.86272","","11","0","0","0","0","0","0","0","0","","0","0","0","","","0","","1","","40 23:05.686","","0","79 51:45.793","0","0","0","0","2303","0","0","0","N","0","0","0","1","02303","0","","2.0","","1","N","N","","0","","0","0","0","","2","","","1","0","0","0","0","0","0","2","0","1","","","","N","","","","","","","","","",""
"2009048368","","1","0","0","0","0","0","0","0","0","8","0","","02","5","2009","3","40.43807","-80.03808","","11","0","0","0","0","1","0","0","0","1","0","0","0","","","1","","1","","40 26:17.052","7","0","80 02:17.088","4","0","0","0","2301","1","0","0","N","1","0","0","3","02301","1","","1.0","","1","N","N","","0","","0","0","0","","3","Y","","2","1","0","0","0","0","0","2","0","1","","","","N","","","","","","","","","",""
"2009048372","","1","0","0","0","0","0","0","0","0","7","0","","02","5","2009","1","40.560911","-79.969542","","11","0","0","0","0","0","0","0","0","2","0","0","0","","","0","","0","","40 33:39.278","1","0","79 58:10.352","0","0","0","0","2207","0","0","0","N","0","0","0","1","02207","0","","5.0","","1","N","N","","0","","0","0","0","","0","N","","1","0","0","0","0","0","0","2","0","1","","","","N","","","","","","","","","",""
"2009048377","","2","0","0","0","0","0","0","0","0","1","0","","02","5","2009","3","40.276647","-79.877894","","11","0","0","1","0","0","0","0","0","","0","0","0","","","1","","2","","40 16:35.928","","0","79 52:40.420","4","0","0","0","2105","0","0","0","N","0","0","0","10","02105","1","","1.0","","1","N","N","","0","","0","0","1","","0","","","3","1","1","0","0","0","0","2","0","3","","","","N","","","","","","","","","",""
"2009048378","","2","0","0","0","0","0","0","0","0","4","0","","02","5","2009","6","","","","11","0","0","0","0","0","0","0","1","","0","0","0","","","1","","2","","","","0","","4","0","0","0","2115","0","0","0","N","0","0","0","3","02115","1","","1.0","","1","N","N","","0","","0","0","0","","3","","","2","1","0","0","0","0","0","1","0","2","","","","N","","","","","","","","","",""
"2009048379","","3","0","0","0","0","0","0","0","0","1","0","","02","5","2009","6","40.4483","-80.1571","","11","0","1","0","0","0","1","0","0","1","0","0","0","","","0","","0","","40 26:53.880","3","0","80 09:25.560","0","0","0","0","2115","0","0","0","N","0","0","0","4","02115","0","","1.0","","1","N","N","","0","","0","0","0","","0","Y","","3","0","0","0","0","0","0","2","0","3","","","","N","","","","","","","","","",""
"2009048380","","0","0","0","0","0","0","0","0","0","7","0","","02","5","2009","6","40.515961","-80.219712","","11","0","0","0","1","0","0","0","0","1","0","0","0","","","0","","0","","40 30:57.458","6","0","80 13:10.963","0","0","0","0","2213","0","0","0","N","0","0","0","2","02213","0","","4.0","","1","N","N","","0","","0","0","1","","0","N","","1","0","0","0","0","0","0","2","0","1","","","","N","","","","","","","","","",""
"2009048381","","1","0","0","0","0","0","0","0","0","4","0","","02","5","2009","5","40.520373","-80.165371","","11","0","0","0","0","0","0","0","1","1","0","0","0","","","0","","1","","40 31:13.342","1","0","80 09:55.335","0","0","0","0","2420","0","0","0","N","0","0","0","2","02420","0","","1.0","","1","Y","N","","1","","0","0","0","","3","N","","2","0","1","0","0","0","0","2","0","2","","","","N","","","","","","","","","",""
"2009048429","","2","0","0","0","0","0","0","0","0","4","0","","02","5","2009","3","40.5599","-79.9697","","11","1","0","1","0","0","0","0","0","","0","0","0","","","0","","2","","40 33:35.640","","0","79 58:10.920","0","0","0","0","2207","0","0","0","N","0","0","0","2","02207","0","","1.0","","1","N","N","","0","","0","0","0","","3","","","2","0","0","0","0","0","0","2","0","2","","","","N","","","","","","","","","",""
"2009048443","","1","0","0","0","0","0","0","0","0","7","0","","02","5","2009","3","40.442132","-80.083748","","11","0","0","0","0","0","0","0","0","","0","0","0","","","0","","2","","40 26:31.675","","0","80 05:01.491","0","0","0","0","2301","0","0","0","N","0","0","0","1","02301","0","","3.0","","1","N","N","","0","","0","0","0","","0","","","1","0","0","0","0","0","0","2","0","1","","","","N","","","","","","","","","",""
"2009048452","","1","0","0","0","0","0","0","0","0","0","0","40","02","5","2009","2","40.2586","-79.8789","","11","0","0","0","0","0","0","0","0","","0","0","0","","","0","","0","","40 15:30.960","","0","79 52:44.040","0","0","0","0","2204","0","0","0","N","0","0","0","1","02204","0","","1.0","","1","N","N","","0","","0","0","0","","0","","","1","0","0","0","0","0","0","1","0","1","","","N","Y","4","1","","","N","Y","","","",""
"2009048465","","1","0","0","0","0","0","0","0","0","4","0","","02","5","2009","2","","","","11","0","0","0","0","0","0","0","1","","0","0","0","","","0","","1","","","","0","","0","0","0","0","2446","0","0","0","N","0","0","0","2","02446","0","","1.0","","9","N","N","","0","","0","0","1","","2","","","2","0","0","0","0","0","0","1","0","2","","","","N","","","","","","","","","",""
"2009048471","","1","0","1","0","0","0","0","0","0","1","0","","02","5","2009","4","40.464716","-79.906961","","11","0","0","0","0","0","0","0","0","","0","0","0","","","2","","0","","40 27:52.977","","0","79 54:25.059","2","0","0","0","2301","0","0","0","N","0","0","0","2","02301","1","","1.0","","1","N","N","","1","","0","1","0","","0","","","2","2","0","0","0","0","0","2","0","2","","","","N","","","","","","","","","",""
"2009048485","","1","0","0","0","0","0","0","0","0","1","0","","02","5","2009","3","40.534414","-80.01935","","11","0","0","1","0","0","0","0","0","","0","0","0","","","0","","0","","40 32:03.890","","0","80 01:09.660","0","0","0","0","2116","0","0","0","N","0","0","0","2","02116","0","","1.0","","1","N","N","","1","","0","0","0","","0","","","2","0","0","0","0","0","0","2","0","2","","","","N","","","","","","","","","",""
"2009048491","","2","0","0","0","0","0","0","0","0","4","0","","02","5","2009","6","40.442088","-79.994739","","11","0","0","0","0","0","0","1","0","2","0","0","0","","","0","","0","","40 26:31.517","3","0","79 59:41.059","0","0","0","0","2301","0","0","0","N","0","0","0","2","02301","0","","1.0","","1","N","N","","0","","0","0","0","","0","N","","2","0","0","0","0","0","0","2","0","2","","","","N","","","","","","","","","",""
"2009048500","","1","0","0","0","0","0","0","0","0","7","0","","02","5","2009","4","40.531508","-79.866426","","11","0","0","0","0","0","0","0","1","2","0","0","0","","","1","","0","","40 31:53.428","6","0","79 51:59.135","2","0","0","0","2432","0","0","0","N","0","0","0","1","02432","0","","5.0","","1","N","N","","0","","0","1","0","","0","Y","","1","1","0","0","0","0","0","2","0","1","","","","N","","","","","","","","","",""
"2009048513","","1","0","0","0","0","0","0","0","0","1","0","","02","5","2009","4","40.454247","-79.944079","","11","0","0","0","1","0","1","0","0","","0","0","0","","","1","","0","","40 27:15.289","","0","79 56:38.684","4","0","0","0","2301","0","0","0","N","0","0","0","3","02301","1","","1.0","","1","N","N","","0","","0","0","1","","2","","","2","1","0","0","0","0","0","2","0","2","","","","N","","","","","","","","","",""
"2009048515","","2","0","0","0","0","0","0","0","0","5","0","","02","5","2009","1","40.411014","-80.005934","","11","0","0","0","0","0","0","0","1","","0","0","0","","","0","","2","","40 24:39.651","","0","80 00:21.361","0","0","0","0","2301","0","0","0","N","0","0","0","6","02301","0","","1.0","","1","N","N","","0","","0","0","0","","2","","","2","0","4","0","0","0","0","2","0","2","","","","N","","","","","","","","","",""
"2009048520","","2","0","0","0","0","0","0","0","0","4","0","","02","5","2009","4","40.402012","-80.000594","","11","0","0","0","0","0","0","0","1","","0","0","0","","","1","","1","","40 24:07.244","","0","80 00:02.140","4","0","0","0","2301","0","0","0","N","0","0","0","2","02301","1","","1.0","","1","N","N","","0","","0","0","0","","2","","","2","1","0","0","0","0","0","2","0","2","","","","N","","","","","","","","","",""
"2009048524","","2","0","0","0","0","0","0","0","0","2","0","","02","4","2009","4","40.501518","-80.075359","","11","0","0","0","0","0","0","0","0","1","0","0","0","","","1","","1","","40 30:05.466","7","0","80 04:31.292","4","0","0","0","2405","0","0","0","N","0","0","0","2","02215","1","","1.0","","1","N","N","","0","","0","0","0","","2","Y","","3","1","0","0","0","0","0","2","0","2","","","","N","","","","","","","","","",""
"2009048530","","1","0","0","0","0","0","0","0","0","4","0","","02","5","2009","4","40.470747","-79.964845","","11","0","0","0","0","0","1","0","0","","0","0","0","","","0","","0","","40 28:14.689","","7","79 57:53.442","0","0","0","0","2301","0","0","0","","0","0","0","2","02301","0","","1.0","","1","","","","0","","0","0","1","","0","","","2","0","0","0","0","0","0","2","0","2","","","","N","","","","","","","","","",""
"2009048539","","1","0","0","0","0","0","0","0","0","6","0","","02","5","2009","4","40.383664","-79.979089","","11","0","0","0","0","0","0","0","0","2","0","0","0","","","0","","0","","40 23:01.190","6","0","79 58:44.720","0","0","0","0","2301","0","0","0","N","0","0","0","2","02301","0","","1.0","","1","N","N","","0","","0","0","1","","0","Y","","2","0","1","0","0","0","0","2","0","2","","","","N","","","","","","","","","",""