"CRN","ARRIVAL_TM","AUTOMOBILE_COUNT","BELTED_DEATH_COUNT","BELTED_SUSP_SERIOUS_INJ_COUNT","BICYCLE_COUNT","BICYCLE_DEATH_COUNT","BICYCLE_SUSP_SERIOUS_INJ_COUNT","BUS_COUNT","CHLDPAS_DEATH_COUNT","CHLDPAS_SUSP_SERIOUS_INJ_COUNT","COLLISION_TYPE","COMM_VEH_COUNT","CONS_ZONE_SPD_LIM","COUNTY","CRASH_MONTH","CRASH_YEAR","DAY_OF_WEEK","DEC_LATITUDE","DEC_LONGITUDE","DISPATCH_TM","DISTRICT","DRIVER_COUNT_16YR","DRIVER_COUNT_17YR","DRIVER_COUNT_18YR","DRIVER_COUNT_19YR","DRIVER_COUNT_20YR","DRIVER_COUNT_50_64YR","DRIVER_COUNT_65_74YR","DRIVER_COUNT_75PLUS","EST_HRS_CLOSED","FATAL_COUNT","HEAVY_TRUCK_COUNT","HORSE_BUGGY_COUNT","HOUR_OF_DAY","ILLUMINATION","INJURY_COUNT","INTERSECTION_RELATED","INTERSECT_TYPE","LANE_CLOSED","LATITUDE","LN_CLOSE_DIR","LOCATION_TYPE","LONGITUDE","MAX_SEVERITY_LEVEL","MCYCLE_DEATH_COUNT","MCYCLE_SUSP_SERIOUS_INJ_COUNT","MOTORCYCLE_COUNT","MUNICIPALITY","NONMOTR_COUNT","NONMOTR_DEATH_COUNT","NONMOTR_SUSP_SERIOUS_INJ_COUNT","NTFY_HIWY_MAINT","PED_COUNT","PED_DEATH_COUNT","PED_SUSP_SERIOUS_INJ_COUNT","PERSON_COUNT","POLICE_AGCY","POSSIBLE_INJ_COUNT","RDWY_SURF_TYPE_CD","RELATION_TO_ROAD","ROADWAY_CLEARED","ROAD_CONDITION","SCH_BUS_IND","SCH_ZONE_IND","SECONDARY_CRASH","SMALL_TRUCK_COUNT","SPEC_JURIS_CD","SUSP_MINOR_INJ_COUNT","SUSP_SERIOUS_INJ_COUNT","SUV_COUNT","TCD_FUNC_CD","TCD_TYPE","TFC_DETOUR_IND","TIME_OF_DAY","TOTAL_UNITS","TOT_INJ_COUNT","UNBELTED_OCC_COUNT","UNB_DEATH_COUNT","UNB_SUSP_SERIOUS_INJ_COUNT","UNK_INJ_DEG_COUNT","UNK_INJ_PER_COUNT","URBAN_RURAL","VAN_COUNT","VEHICLE_COUNT","WEATHER1","WEATHER2","WORKERS_PRES","WORK_ZONE_IND","WORK_ZONE_LOC","WORK_ZONE_TYPE","WZ_CLOSE_DETOUR","WZ_FLAGGER","WZ_LAW_OFFCR_IND","WZ_LN_CLOSURE","WZ_MOVING","WZ_OTHER","WZ_SHLDER_MDN","WZ_WORKERS_INJ_KILLED"
"2009050534","","1","0","0","0","0","0","0","0","0","99","0","","02","5","2009","7","40.47175","-79.886446","","11","0","0","0","0","0","1","0","0","6","0","0","0","","","0","","0","","40 28:18.301","6","0","79 53:11.205","0","0","0","0","2113","0","0","0","N","0","0","0","1","02113","0","","1.0","","1","N","N","","0","","0","0","0","","0","N","","1","0","0","0","0","0","0","2","0","1","","","","N","","","","","","","","","",""
"2009050535","","2","0","0","0","0","0","0","0","0","1","0","","02","5","2009","7","40.4338","-79.796","","11","0","0","0","0","0","0","0","0","2","0","0","0","","","0","","0","","40 26:01.680","3","3","79 47:45.600","0","0","0","0","2446","0","0","0","N","0","0","0","5","02446","0","","1.0","","9","N","N","","0","","0","0","2","","0","N","","4","0","0","0","0","0","0","2","0","4","","","","N","","","","","","","","","",""
"2009050541","","1","0","0","0","0","0","0","0","0","7","0","","02","5","2009","1","40.339333","-80.12788","","11","0","0","0","0","0","0","0","1","","0","0","0","","","0","","0","","40 20:21.599","","0","80 07:40.369","9","0","0","0","2119","0","0","0","Y","0","0","0","1","02119","0","","5.0","","1","N","N","","0","","0","0","0","","0","","","1","0","0","0","0","0","1","2","0","1","","","","N","","","","","","","","","",""
"2009050544","","1","0","0","0","0","0","0","0","0","4","0","","02","5","2009","1","40.438707","-79.9996","","11","0","0","0","0","0","0","0","0","","0","0","0","","","1","","1","","40 26:19.345","","0","79 59:58.560","4","0","0","0","2301","0","0","0","N","0","0","0","7","02301","1","","1.0","","1","N","N","","0","","0","0","1","","2","","","3","1","0","0","0","0","0","2","1","3","","","","N","","","","","","","","","",""
"2009050555","","1","0","0","0","0","0","0","0","0","1","0","","02","5","2009","5","40.365088","-79.908511","","11","0","0","0","0","0","0","0","0","1","0","0","0","","","0","","3","","40 21:54.316","3","0","79 54:30.639","0","0","0","0","2301","0","0","0","N","0","0","0","2","02301","0","","1.0","","1","N","N","","0","","0","0","1","","0","N","","2","0","0","0","0","0","0","2","0","2","","","","N","","","","","","","","","",""
"2009050559","","1","0","0","0","0","0","0","0","0","1","0","","02","5","2009","5","40.629993","-79.969406","","11","0","1","0","0","0","1","0","0","","0","0","0","","","0","","2","","40 37:47.973","","0","79 58:09.860","0","0","0","0","2217","0","0","0","N","0","0","0","3","02505","0","","1.0","","9","N","N","","0","","0","0","1","","0","","","2","0","1","0","0","0","0","2","0","2","","","","N","","","","","","","","","",""
"2009050562","","1","0","0","0","0","0","0","0","0","7","0","","02","5","2009","1","40.303273","-79.989089","","11","0","0","0","0","0","0","0","0","","0","0","0","","","0","","0","","40 18:11.783","","0","79 59:20.720","0","0","0","0","2219","0","0","0","N","0","0","0","2","02219","0","","5.0","","1","N","N","","0","","0","0","0","","0","","","1","0","0","0","0","0","0","2","0","1","","","","N","","","","","","","","","",""
"2009050564","","0","0","0","0","0","0","0","0","0","7","0","","02","5","2009","7","40.541784","-79.840911","","11","0","0","0","0","0","1","0","0","1","0","0","0","","","1","","0","","40 32:30.424","3","0","79 50:27.278","4","0","0","0","2208","0","0","0","N","0","0","0","1","02208","1","","2.0","","9","N","N","","1","","0","0","0","","0","N","","1","1","0","0","0","0","0","2","0","1","","","","N","","","","","","","","","",""
"2009050569","","0","0","0","0","0","0","0","0","0","7","0","","02","5","2009","7","40.519934","-80.015634","","11","0","0","0","0","0","1","0","0","","0","0","0","","","1","","0","","40 31:11.762","","0","80 00:56.283","8","0","0","0","2116","0","0","0","N","0","0","0","1","02116","0","","4.0","","1","N","N","","0","","0","0","1","","0","","","1","1","0","0","0","1","0","2","0","1","","","","N","","","","","","","","","",""
"2009050572","","1","0","0","0","0","0","0","0","0","4","0","","02","5","2009","2","40.6575","-79.9643","","11","0","0","0","0","0","1","0","0","2","0","0","0","","","0","","0","","40 39:27.000","7","0","79 57:51.480","9","0","0","0","2217","0","0","0","N","0","0","0","3","02505","0","","1.0","","1","N","N","","1","","0","0","0","","0","N","","2","0","0","0","0","0","1","1","0","2","","","","N","","","","","","","","","",""
"2009050587","","1","0","0","0","0","0","0","0","0","1","0","","02","4","2009","6","40.428849","-79.956164","","11","0","0","0","0","0","0","0","0","","0","0","0","","","2","","6","","40 25:43.856","","2","79 57:22.191","4","0","0","0","2301","0","0","0","N","0","0","0","7","68B03","2","","1.0","","1","N","N","","0","","0","0","1","","4","","","2","2","1","0","0","0","0","2","0","2","","","","N","","","","","","","","","",""
"2009050588","","1","0","0","0","0","0","0","0","0","1","0","","02","5","2009","7","40.444745","-80.110889","","11","0","0","0","1","0","0","0","0","","0","0","0","","","0","","0","","40 26:41.082","","0","80 06:39.199","0","0","0","0","2115","0","0","0","N","0","0","0","8","68B03","0","","1.0","","1","N","N","","0","","0","0","0","","0","","","3","0","0","0","0","0","0","2","2","3","","","","N","","","","","","","","","",""
"2009050589","","1","0","0","0","0","0","0","0","0","1","0","","02","5","2009","6","40.438746","-80.007403","","11","0","0","0","0","0","0","0","0","1","0","0","0","","","0","","0","","40 26:19.485","3","0","80 00:26.651","0","0","0","0","2301","0","0","0","N","0","0","0","3","68B03","0","","1.0","","1","N","N","","0","","0","0","1","","0","N","","2","0","0","0","0","0","0","2","0","2","","","","N","","","","","","","","","",""
"2009050590","","1","0","0","0","0","0","0","0","0","5","1","","02","5","2009","6","40.502889","-80.136608","","11","0","0","0","0","0","1","0","0","1","0","1","0","","","0","","0","","40 30:10.402","1","0","80 08:11.790","0","0","0","0","2115","0","0","0","Y","0","0","0","2","68B03","0","","1.0","","1","N","N","","0","","0","0","0","","4","N","","2","0","0","0","0","0","0","2","0","2","","","","N","","","","","","","","","",""
"2009050591","","1","0","0","0","0","0","0","0","0","1","0","","02","5","2009","6","40.429663","-79.885637","","11","0","0","0","0","0","0","0","0","","0","0","0","","","1","","0","","40 25:46.786","","0","79 53:08.292","4","0","0","0","2426","0","0","0","N","0","0","0","2","68B04","1","","1.0","","1","N","N","","0","","0","0","0","","0","","","2","1","0","0","0","0","0","2","1","2","","","","N","","","","","","","","","",""
"2009050592","","0","0","0","0","0","0","0","0","0","7","0","","02","5","2009","7","40.435028","-79.982187","","11","0","1","0","0","0","0","0","0","1","0","0","0","","","1","","0","","40 26:06.099","3","0","79 58:55.873","4","0","0","0","2301","0","0","0","N","0","0","0","2","68B03","1","","4.0","","1","N","N","","0","","0","0","1","","0","N","","1","1","0","0","0","0","0","2","0","1","","","","N","","","","","","","","","",""
"2009050604","","2","0","0","0","0","0","0","0","0","1","0","","02","5","2009","1","40.628031","-79.941883","","11","0","0","0","0","0","0","0","1","1","0","0","0","","","0","","2","","40 37:40.912","5","0","79 56:30.777","0","0","0","0","2217","0","0","0","N","0","0","0","3","02505","0","","1.0","","1","N","N","","0","","0","0","0","","0","N","","2","0","0","0","0","0","0","2","0","2","","","","N","","","","","","","","","",""
"2009050748","","1","0","0","0","0","0","0","0","0","7","0","","02","4","2009","3","40.52387","-80.035033","","11","0","0","0","0","0","1","0","0","1","0","0","0","","","1","","2","","40 31:25.931","1","0","80 02:06.118","4","0","0","0","2474","0","0","0","N","0","0","0","1","02474","1","","5.0","","1","N","N","","0","","0","0","0","","0","N","","1","1","0","0","0","0","0","2","0","1","","","","N","","","","","","","","","",""
"2009050753","","2","0","0","0","0","0","0","0","0","4","0","","02","5","2009","2","40.449819","-79.929656","","11","0","0","0","0","0","0","0","0","","0","0","0","","","0","","1","","40 26:59.348","","0","79 55:46.761","0","0","0","0","2301","0","0","0","N","0","0","0","3","02301","0","","1.0","","1","N","N","","0","","0","0","1","","2","","","3","0","0","0","0","0","0","2","0","3","","","","N","","","","","","","","","",""
"2009050754","","2","0","0","0","0","0","0","0","0","1","0","","02","5","2009","2","40.428761","-79.995046","","11","0","0","0","0","0","0","0","0","1","0","0","0","","","0","","2","","40 25:43.539","5","0","79 59:42.166","0","0","0","0","2301","0","0","0","N","0","0","0","2","02301","0","","1.0","","1","N","N","","0","","0","0","0","","0","N","","2","0","0","0","0","0","0","2","0","2","","","","N","","","","","","","","","",""
"2009050762","","1","0","0","0","0","0","0","0","0","8","0","","02","5","2009","2","40.454083","-79.993747","","11","0","0","0","0","0","0","1","0","","0","0","0","","","1","","2","","40 27:14.697","","2","79 59:37.490","3","0","0","0","2301","1","0","0","N","1","0","0","2","02301","0","","1.0","","1","N","N","","0","","1","0","0","","3","","","2","1","1","0","0","0","0","2","0","1","","","","N","","","","","","","","","",""
"2009050764","","2","0","0","0","0","0","0","0","0","4","0","","02","5","2009","2","40.445245","-79.991805","","11","0","0","0","0","0","1","0","0","","0","0","0","","","2","","2","","40 26:42.883","","0","79 59:30.499","4","0","0","0","2301","0","0","0","N","0","0","0","3","02301","2","","1.0","","1","N","N","","0","","0","0","0","","3","","","2","2","0","0","0","0","0","2","0","2","","","","N","","","","","","","","","",""
"2009050767","","1","0","0","0","0","0","0","0","0","7","0","","02","5","2009","1","40.535707","-79.891709","","11","0","0","1","0","0","0","0","0","2","0","0","0","","","0","","0","","40 32:08.544","1","0","79 53:30.151","0","0","0","0","2432","0","0","0","N","0","0","0","1","02432","0","","2.0","","1","N","N","","0","","0","0","0","","0","N","","1","0","0","0","0","0","0","2","0","1","","","","N","","","","","","","","","",""
"2009050768","","1","0","0","0","0","0","0","0","0","3","0","","02","5","2009","1","40.5126","-79.9464","","11","0","0","0","0","0","0","0","0","1","0","0","0","","","1","","0","","40 30:45.360","1","7","79 56:47.040","8","0","0","0","2118","0","0","0","N","0","0","0","2","02118","0","","1.0","","1","N","N","","0","","0","0","0","","3","N","","2","1","0","0","0","1","0","2","1","2","","","","N","","","","","","","","","",""
"2009050771","","2","0","0","0","0","0","0","0","0","4","1","","02","5","2009","2","","","","11","0","0","0","0","0","0","0","0","1","0","1","0","","","0","","0","","","3","0","","0","0","0","0","2301","0","0","0","N","0","0","0","0","02301","0","","6.0","","1","N","N","","0","","0","0","0","","0","Y","","3","0","0","0","0","0","0","1","0","3","","","","N","","","","","","","","","",""
"2009050787","","2","0","0","0","0","0","0","0","0","4","0","","02","5","2009","7","40.404996","-80.033481","","11","0","0","0","0","0","1","0","1","","0","0","0","","","0","","2","","40 24:17.985","","0","80 02:00.531","0","0","0","0","2301","0","0","0","N","0","0","0","4","02301","0","","1.0","","9","N","N","","0","","0","0","0","","3","","","2","0","2","0","0","0","0","2","0","2","","","","N","","","","","","","","","",""
"2009050804","","1","0","0","0","0","0","0","0","0","2","0","","02","5","2009","2","40.455443","-80.009734","","11","0","0","0","0","0","0","0","0","","0","0","0","","","0","","0","","40 27:19.594","","0","80 00:35.044","9","0","0","0","2301","0","0","0","N","0","0","0","1","02301","0","","6.0","","1","N","N","","0","","0","0","0","","0","","","2","0","0","0","0","0","1","2","0","2","","","","N","","","","","","","","","",""
"2009050806","","0","0","0","0","0","0","0","0","0","4","0","","02","5","2009","6","40.5072","-80.2233","","11","0","0","0","0","0","1","0","0","","0","0","0","","","0","","0","","40 30:25.920","","0","80 13:23.880","0","0","0","0","2213","0","0","0","N","0","0","0","2","02213","0","","1.0","","1","N","N","","1","","0","0","0","","0","","","2","0","0","0","0","0","0","2","1","2","","","","N","","","","","","","","","",""
"2009050807","","0","0","0","0","0","0","0","0","0","0","0","","02","5","2009","5","40.4976","-80.2093","","11","0","0","0","0","0","1","0","0","","0","0","0","","","1","","2","","40 29:51.360","","2","80 12:33.480","4","0","0","1","2213","0","0","0","N","0","0","0","1","02213","1","","1.0","","1","N","N","","0","","0","0","0","","3","","","2","1","0","0","0","0","0","2","0","1","","","","N","","","","","","","","","",""
"2009050808","","1","0","0","0","0","0","0","0","0","7","0","","02","4","2009","3","40.517916","-80.164041","","11","0","0","0","0","0","0","0","0","","0","0","0","","","1","","0","","40 31:04.497","","0","80 09:50.547","4","0","0","0","2420","0","0","0","N","0","0","0","1","02420","1","","5.0","","1","N","N","","0","","0","0","0","","0","","","1","1","1","0","0","0","0","2","0","1","","","","N","","","","","","","","","",""
"2009050809","","0","0","0","0","0","0","0","0","0","4","1","","02","5","2009","4","40.517211","-80.160538","","11","0","0","0","0","0","0","0","0","","0","1","0","","","0","","1","","40 31:01.960","","0","80 09:37.937","0","0","0","0","2420","0","0","0","N","0","0","0","2","02420","0","","1.0","","1","N","N","","0","","0","0","1","","2","","","2","0","0","0","0","0","0","2","0","2","","","","N","","","","","","","","","",""
"2009050851","","1","0","0","0","0","0","0","0","0","2","0","","02","5","2009","2","40.4743","-79.8219","","11","0","0","0","0","1","1","0","0","1","0","0","0","","","0","","1","","40 28:27.480","5","0","79 49:18.840","0","0","0","0","2113","0","0","0","N","0","0","0","2","02113","0","","1.0","","1","N","N","","0","","0","0","1","","2","Y","","2","0","2","0","0","0","0","2","0","2","","","","N","","","","","","","","","",""
"2009050853","","2","0","0","0","0","0","0","0","0","7","0","","02","5","2009","5","40.657519","-79.964473","","11","0","0","0","0","0","0","0","0","5","0","0","0","","","1","","0","","40 39:27.068","6","0","79 57:52.102","2","0","0","0","2217","0","0","0","N","0","0","0","2","02505","0","","4.0","","1","N","N","","0","","0","1","0","","0","Y","","2","1","2","0","1","0","0","1","0","2","","","","N","","","","","","","","","",""
"2009050867","","1","0","0","0","0","0","0","0","0","4","0","","02","5","2009","2","40.380582","-80.103045","","11","0","0","0","0","0","0","0","0","1","0","0","0","","","0","","0","","40 22:50.096","3","0","80 06:10.962","0","0","0","0","2102","0","0","0","N","0","0","0","2","02102","0","","1.0","","1","N","N","","0","","0","0","1","","0","Y","","2","0","0","0","0","0","0","2","0","2","","","","N","","","","","","","","","",""
"2009050869","","2","0","0","0","0","0","0","0","0","4","0","","02","5","2009","3","40.384648","-79.99507","","11","0","0","0","0","1","1","0","0","","0","0","0","","","0","","2","","40 23:04.731","","0","79 59:42.252","0","0","0","0","2301","0","0","0","N","0","0","0","2","02301","0","","1.0","","1","N","N","","0","","0","0","0","","2","","","2","0","0","0","0","0","0","2","0","2","","","","N","","","","","","","","","",""
"2009050919","","2","0","0","0","0","0","0","0","0","5","0","","02","4","2009","5","40.3497","-79.849649","","11","0","0","0","0","0","0","0","0","","0","0","0","","","0","","2","","40 20:58.920","","0","79 50:58.736","9","0","0","0","2304","0","0","0","N","0","0","0","1","02304","0","","1.0","","1","N","N","","0","","0","0","1","","0","","","3","0","0","0","0","0","1","2","0","3","","","","N","","","","","","","","","",""
"2009050945","","1","0","0","0","0","0","0","0","0","4","0","55","02","4","2009","7","40.446465","-80.169913","","11","0","0","0","0","0","1","0","0","","0","0","0","","","0","","3","","40 26:47.273","","0","80 10:11.685","0","0","0","0","2214","0","0","0","N","0","0","0","2","68B03","0","","1.0","","1","N","N","","1","","0","0","0","","3","","","2","0","0","0","0","0","0","2","0","2","","","Y","Y","8","2","N","N","N","Y","N","N","N",""
"2009050946","","0","0","0","0","0","0","0","0","0","1","0","","02","4","2009","2","40.425669","-79.903011","","11","0","0","0","0","0","0","0","0","2","0","0","0","","","5","","0","","40 25:32.407","3","4","79 54:10.839","4","0","0","0","2301","0","0","0","N","0","0","0","7","68B03","5","","1.0","","1","N","N","","0","","0","0","3","","0","N","","3","5","0","0","0","0","1","2","0","3","","","","N","","","","","","","","","",""
"2009050947","","2","0","0","0","0","0","0","0","0","1","0","","02","5","2009","1","40.4523","-80.1757","","11","0","0","0","0","0","0","0","0","2","0","0","0","","","3","","0","","40 27:08.280","2","2","80 10:32.520","4","0","0","0","2214","0","0","0","N","0","0","0","3","68B03","3","","1.0","","1","N","N","","0","","0","0","1","","0","N","","3","3","0","0","0","0","0","2","0","3","","","","N","","","","","","","","","",""
"2009050948","","0","0","0","0","0","0","0","0","0","1","1","","02","5","2009","2","40.5114","-80.1353","","11","0","0","0","0","0","1","0","0","","0","1","0","","","0","","0","","40 30:41.040","","0","80 08:07.080","0","0","0","0","2434","0","0","0","N","0","0","0","2","68B03","0","","1.0","","9","N","N","","0","","0","0","1","","0","","","2","0","0","0","0","0","0","2","0","2","","","","N","","","","","","","","","",""
"2009050949","","1","0","0","0","0","0","0","0","0","1","0","","02","5","2009","2","40.515832","-80.13361","","11","0","0","0","0","0","1","0","0","","0","0","0","","","0","","0","","40 30:56.994","","0","80 08:00.996","0","0","0","0","2434","0","0","0","N","0","0","0","2","68B03","0","","1.0","","9","N","N","","0","","0","0","1","","0","","","2","0","0","0","0","0","0","2","0","2","","","","N","","","","","","","","","",""
"2009050950","","1","0","0","0","0","0","0","0","0","7","0","","02","5","2009","4","40.415978","-80.10372","","11","0","0","0","0","0","0","0","0","","0","0","0","","","0","","0","","40 24:57.521","","0","80 06:13.391","0","0","0","0","2115","0","0","0","N","0","0","0","1","68B03","0","","3.0","","9","N","N","","0","","0","0","0","","0","","","1","0","0","0","0","0","0","2","0","1","","","","N","","","","","","","","","",""
"2009050951","","2","0","0","0","0","0","0","0","0","5","0","","02","5","2009","4","40.423249","-80.105358","","11","0","0","0","0","0","1","0","0","","0","0","0","","","0","","0","","40 25:23.697","","0","80 06:19.289","0","0","0","0","2102","0","0","0","N","0","0","0","2","68B03","0","","1.0","","9","N","N","","0","","0","0","0","","0","","","2","0","0","0","0","0","0","2","0","2","","","","N","","","","","","","","","",""
"2009050952","","1","0","0","0","0","0","0","0","0","5","0","","02","5","2009","5","40.374197","-80.103899","","11","0","0","0","0","0","1","0","0","","0","0","0","","","0","","0","","40 22:27.109","","0","80 06:14.038","0","0","0","0","2102","0","0","0","N","0","0","0","2","68B03","0","","1.0","","1","N","N","","0","","0","0","1","","0","","","2","0","0","0","0","0","0","2","0","2","","","","N","","","","","","","","","",""
"2009050953","","2","0","0","0","0","0","0","0","0","1","0","","02","5","2009","5","40.424135","-80.110396","","11","0","0","0","0","0","0","0","0","1","0","0","0","","","0","","0","","40 25:26.886","3","0","80 06:37.426","0","0","0","0","2102","0","0","0","N","0","0","0","5","68B03","0","","1.0","","1","N","N","","0","","0","0","0","","0","N","","2","0","1","0","0","0","0","2","0","2","","","","N","","","","","","","","","",""
"2009050955","","1","0","0","0","0","0","0","0","0","7","0","","02","5","2009","1","40.427091","-79.89142","","11","0","0","0","0","0","0","0","0","1","0","0","0","","","0","","0","","40 25:37.528","3","0","79 53:29.112","0","0","0","0","2301","0","0","0","N","0","0","0","1","68B03","0","","3.0","","1","N","N","","0","","0","0","0","","0","N","","1","0","0","0","0","0","0","2","0","1","","","","N","","","","","","","","","",""
"2009051009","","2","0","0","0","0","0","0","0","0","1","0","","02","5","2009","2","40.376322","-79.798612","","11","0","0","0","0","0","0","0","0","","0","0","0","","","0","","0","","40 22:34.760","","0","79 47:55.004","0","0","0","0","2111","0","0","0","N","0","0","0","3","02111","0","","1.0","","1","N","N","","0","","0","0","0","","0","","","2","0","1","0","0","0","0","2","0","2","","","","N","","","","","","","","","",""
"2009051014","","2","0","0","0","0","0","0","0","0","4","0","","02","5","2009","2","40.359597","-80.072964","","11","0","0","0","0","0","0","1","0","","0","0","0","","","1","","0","","40 21:34.550","","0","80 04:22.669","4","0","0","0","2123","0","0","0","N","0","0","0","2","02123","1","","1.0","","1","N","N","","0","","0","0","0","","0","","","2","1","0","0","0","0","0","2","0","2","","","","N","","","","","","","","","",""
"2009051015","","1","0","0","0","0","0","0","0","0","1","0","","02","5","2009","2","40.5953","-79.9477","","11","0","0","0","0","0","0","0","1","","0","0","0","","","1","","0","","40 35:43.080","","0","79 56:51.720","8","0","0","0","2207","0","0","0","N","0","0","0","2","02207","0","","1.0","","1","N","N","","1","","0","0","0","","0","","","2","1","0","0","0","1","0","2","0","2","","","","N","","","","","","","","","",""
"2009051021","","2","0","0","0","0","0","1","0","0","1","1","","02","5","2009","3","40.452053","-80.133863","","11","0","0","0","0","0","1","1","0","","0","0","0","","","5","","1","","40 27:07.390","","0","80 08:01.906","3","0","0","0","2115","0","0","0","N","0","0","0","13","02503","0","","1.0","","1","N","N","","0","","1","0","0","","2","","","3","5","0","0","0","4","0","2","0","3","","","","N","","","","","","","","","",""
"2009051023","","2","0","0","0","0","0","0","0","0","1","0","","02","5","2009","3","40.6425","-80.0673","","11","0","0","0","0","0","0","0","0","","0","0","0","","","1","","0","","40 38:33.000","","0","80 04:02.280","4","0","0","0","2217","0","0","0","N","0","0","0","2","02505","1","","1.0","","1","N","N","","0","","0","0","0","","2","","","2","1","0","0","0","0","0","2","0","2","","","","N","","","","","","","","","",""
"2009051035","","1","0","0","0","0","0","0","0","0","1","0","","02","5","2009","3","40.413355","-79.845328","","11","0","0","0","1","0","0","0","1","1","0","0","0","","","1","","2","","40 24:48.077","3","0","79 50:43.181","3","0","0","0","2431","0","0","0","N","0","0","0","2","02431","0","","1.0","","1","N","N","","1","","1","0","0","","2","N","","2","1","0","0","0","0","0","2","0","2","","","","N","","","","","","","","","",""
"2009051039","","0","0","0","0","0","0","0","0","0","8","0","","02","5","2009","3","40.512214","-79.843406","","11","0","0","0","0","0","1","0","0","2","0","0","0","","","1","","2","","40 30:43.969","3","0","79 50:36.260","8","0","0","0","2451","1","0","0","N","1","0","0","2","02451","0","","1.0","","1","N","N","","0","","0","0","0","","3","Y","","2","1","0","0","0","1","0","2","1","1","","","","N","","","","","","","","","",""
"2009051047","","4","0","0","0","0","0","0","0","0","4","0","","02","5","2009","3","40.403411","-79.989011","","11","0","0","0","0","0","0","0","0","","0","0","0","","","1","","0","","40 24:12.280","","0","79 59:20.441","4","0","0","0","2301","0","0","0","N","0","0","0","1","02301","1","","1.0","","1","N","N","","1","","0","0","0","","0","","","5","1","1","0","0","0","0","2","0","5","","","","N","","","","","","","","","",""
"2009051051","","2","0","0","0","0","0","0","0","0","4","0","","02","5","2009","3","40.495767","-80.066898","","11","0","0","0","0","0","1","0","1","","0","0","0","","","1","","2","","40 29:44.761","","0","80 04:00.832","4","0","0","0","2402","0","0","0","N","0","0","0","3","02402","1","","1.0","","1","N","N","","0","","0","0","0","","2","","","2","1","0","0","0","0","0","2","0","2","","","","N","","","","","","","","","",""
"2009051053","","2","0","0","0","0","0","0","0","0","4","0","","02","5","2009","3","40.447425","-79.942471","","11","0","0","0","0","0","0","0","0","","0","0","0","","","0","","1","","40 26:50.730","","0","79 56:32.895","0","0","0","0","2301","0","0","0","N","0","0","0","3","02301","0","","1.0","","1","N","N","","0","","0","0","0","","0","","","2","0","0","0","0","0","0","2","0","2","","","","N","","","","","","","","","",""
"2009051058","","3","0","0","0","0","0","0","0","0","2","0","","02","5","2009","3","40.388205","-80.089851","","11","0","0","1","0","0","2","0","0","","0","0","0","","","0","","1","","40 23:17.538","","0","80 05:23.463","0","0","0","0","2437","0","0","0","N","0","0","0","4","02437","0","","1.0","","1","N","N","","1","","0","0","0","","2","","","4","0","0","0","0","0","0","2","0","4","","","","N","","","","","","","","","",""
"2009051063","","0","0","0","0","0","0","0","0","0","7","0","","02","5","2009","7","40.551123","-79.891184","","11","1","0","0","0","0","0","0","0","","0","0","0","","","1","","2","","40 33:04.043","","0","79 53:28.263","4","0","0","0","2209","0","0","0","N","0","0","0","1","02209","1","","2.0","","1","N","N","","0","","0","0","1","","0","","","1","1","0","0","0","0","0","2","0","1","","","","N","","","","","","","","","",""
"2009051064","","1","0","0","0","0","0","0","0","0","1","0","","02","5","2009","6","40.3534","-80.0503","","11","0","0","0","0","0","1","0","0","","0","0","0","","","1","","1","","40 21:12.240","","0","80 03:01.080","8","0","0","0","2407","0","0","0","N","0","0","0","3","02407","0","","1.0","","1","N","N","","0","","0","0","1","","2","","","2","1","0","0","0","1","0","2","0","2","","","","N","","","","","","","","","",""
"2009051153","","1","0","0","0","0","0","0","0","0","7","0","","02","1","2009","4","40.3934","-79.934","","11","0","0","0","0","0","1","0","0","","0","0","0","","","0","","0","","40 23:36.240","","0","79 56:02.400","0","0","0","0","2301","0","0","0","N","0","0","0","1","02301","0","","4.0","","7","N","N","","0","","0","0","0","","0","","","1","0","0","0","0","0","0","2","0","1","","","","N","","","","","","","","","",""
"2009051168","","2","0","0","0","0","0","0","0","0","1","0","","02","5","2009","1","40.43899","-79.762496","","11","0","0","0","0","0","1","0","0","","0","0","0","","","0","","1","","40 26:20.364","","0","79 45:44.986","0","0","0","0","2446","0","0","0","N","0","0","0","2","02446","0","","1.0","","1","N","N","","0","","0","0","0","","2","","","2","0","0","0","0","0","0","2","0","2","","","","N","","","","","","","","","",""
"2009051186","","0","0","0","0","0","0","0","0","0","1","1","","02","5","2009","3","40.3568","-80.1201","","11","0","0","0","0","0","0","0","0","","0","1","0","","","0","","0","","40 21:24.480","","0","80 07:12.360","0","0","0","0","2119","0","0","0","N","0","0","0","3","02119","0","","1.0","","1","N","N","","0","","0","0","1","","0","","","3","0","0","0","0","0","0","2","1","3","","","","N","","","","","","","","","",""
"2009051189","","2","0","0","0","0","0","0","0","0","1","0","","02","5","2009","4","40.4201","-80.0054","","11","0","0","0","0","0","0","1","0","1","0","0","0","","","0","","0","","40 25:12.360","1","3","80 00:19.440","0","0","0","0","2301","0","0","0","N","0","0","0","3","02301","0","","1.0","","1","N","N","","0","","0","0","1","","0","N","","3","0","0","0","0","0","0","2","0","3","","","","N","","","","","","","","","",""