"CRN","ARRIVAL_TM","AUTOMOBILE_COUNT","BELTED_DEATH_COUNT","BELTED_SUSP_SERIOUS_INJ_COUNT","BICYCLE_COUNT","BICYCLE_DEATH_COUNT","BICYCLE_SUSP_SERIOUS_INJ_COUNT","BUS_COUNT","CHLDPAS_DEATH_COUNT","CHLDPAS_SUSP_SERIOUS_INJ_COUNT","COLLISION_TYPE","COMM_VEH_COUNT","CONS_ZONE_SPD_LIM","COUNTY","CRASH_MONTH","CRASH_YEAR","DAY_OF_WEEK","DEC_LATITUDE","DEC_LONGITUDE","DISPATCH_TM","DISTRICT","DRIVER_COUNT_16YR","DRIVER_COUNT_17YR","DRIVER_COUNT_18YR","DRIVER_COUNT_19YR","DRIVER_COUNT_20YR","DRIVER_COUNT_50_64YR","DRIVER_COUNT_65_74YR","DRIVER_COUNT_75PLUS","EST_HRS_CLOSED","FATAL_COUNT","HEAVY_TRUCK_COUNT","HORSE_BUGGY_COUNT","HOUR_OF_DAY","ILLUMINATION","INJURY_COUNT","INTERSECTION_RELATED","INTERSECT_TYPE","LANE_CLOSED","LATITUDE","LN_CLOSE_DIR","LOCATION_TYPE","LONGITUDE","MAX_SEVERITY_LEVEL","MCYCLE_DEATH_COUNT","MCYCLE_SUSP_SERIOUS_INJ_COUNT","MOTORCYCLE_COUNT","MUNICIPALITY","NONMOTR_COUNT","NONMOTR_DEATH_COUNT","NONMOTR_SUSP_SERIOUS_INJ_COUNT","NTFY_HIWY_MAINT","PED_COUNT","PED_DEATH_COUNT","PED_SUSP_SERIOUS_INJ_COUNT","PERSON_COUNT","POLICE_AGCY","POSSIBLE_INJ_COUNT","RDWY_SURF_TYPE_CD","RELATION_TO_ROAD","ROADWAY_CLEARED","ROAD_CONDITION","SCH_BUS_IND","SCH_ZONE_IND","SECONDARY_CRASH","SMALL_TRUCK_COUNT","SPEC_JURIS_CD","SUSP_MINOR_INJ_COUNT","SUSP_SERIOUS_INJ_COUNT","SUV_COUNT","TCD_FUNC_CD","TCD_TYPE","TFC_DETOUR_IND","TIME_OF_DAY","TOTAL_UNITS","TOT_INJ_COUNT","UNBELTED_OCC_COUNT","UNB_DEATH_COUNT","UNB_SUSP_SERIOUS_INJ_COUNT","UNK_INJ_DEG_COUNT","UNK_INJ_PER_COUNT","URBAN_RURAL","VAN_COUNT","VEHICLE_COUNT","WEATHER1","WEATHER2","WORKERS_PRES","WORK_ZONE_IND","WORK_ZONE_LOC","WORK_ZONE_TYPE","WZ_CLOSE_DETOUR","WZ_FLAGGER","WZ_LAW_OFFCR_IND","WZ_LN_CLOSURE","WZ_MOVING","WZ_OTHER","WZ_SHLDER_MDN","WZ_WORKERS_INJ_KILLED"
"2009051880","","1","0","0","0","0","0","0","0","0","99","0","","02","5","2009","1","40.6057","-79.9395","","11","0","0","0","0","0","1","0","0","","0","0","0","","","0","","0","","40 36:20.520","","0","79 56:22.200","0","0","0","0","2207","0","0","0","N","0","0","0","1","68T02","0","","1.0","","1","N","N","","0","","0","0","0","","0","","","1","0","0","0","0","0","0","2","0","1","","","","N","","","","","","","","","",""
"2009051887","","1","0","0","0","0","0","0","0","0","7","0","","02","5","2009","5","40.390383","-79.963326","","11","0","0","0","0","0","0","0","0","2","0","0","0","","","1","","0","","40 23:25.380","6","0","79 57:47.974","4","0","0","0","2403","0","0","0","N","0","0","0","1","02403","1","","5.0","","1","N","N","","0","","0","0","0","","0","N","","1","1","0","0","0","0","0","2","0","1","","","","N","","","","","","","","","",""
"2009051894","","1","0","0","0","0","0","0","0","0","1","0","","02","4","2009","5","40.468593","-79.976803","","11","0","0","0","0","0","1","0","0","1","0","0","0","","","0","","0","","40 28:06.934","2","0","79 58:36.491","0","0","0","0","2445","0","0","0","N","0","0","0","2","02445","0","","1.0","","1","N","N","","1","","0","0","0","","0","N","","2","0","0","0","0","0","0","2","0","2","","","","N","","","","","","","","","",""
"2009051901","","2","0","0","0","0","0","0","0","0","4","0","","02","5","2009","5","40.457358","-80.192944","","11","0","0","0","0","0","0","0","0","","0","0","0","","","0","","0","","40 27:26.487","","7","80 11:34.597","0","0","0","0","2203","0","0","0","N","0","0","0","2","02203","0","","1.0","","1","N","N","","0","","0","0","0","","3","","","2","0","0","0","0","0","0","2","0","2","","","","N","","","","","","","","","",""
"2009051903","","0","0","0","1","0","0","0","0","0","8","0","","02","5","2009","6","40.428417","-79.974621","","11","0","0","0","0","0","0","0","0","","0","0","0","","","1","","1","","40 25:42.300","","0","79 58:28.634","4","0","0","0","2301","1","0","0","N","0","0","0","4","02301","1","","1.0","","1","N","N","","0","","0","0","1","","2","","","2","1","0","0","0","0","0","2","0","1","","","","N","","","","","","","","","",""
"2009051921","","1","0","0","0","0","0","0","0","0","4","0","","02","5","2009","7","","","","11","1","0","0","0","0","0","0","0","1","0","0","0","","","1","","0","","","4","7","","4","0","0","0","2441","0","0","0","N","0","0","0","2","02441","1","","1.0","","1","N","N","","0","","0","0","1","","3","N","","2","1","0","0","0","0","0","1","0","2","","","","N","","","","","","","","","",""
"2009051952","","0","0","0","0","0","0","0","0","0","4","0","","02","5","2009","4","40.6052","-80.051","","11","0","0","0","0","0","1","0","0","1","0","0","0","","","0","","0","","40 36:18.720","5","0","80 03:03.600","0","0","0","0","2108","0","0","0","N","0","0","0","2","02108","0","","1.0","","1","N","N","","1","","0","0","1","","0","N","","2","0","0","0","0","0","0","2","0","2","","","","N","","","","","","","","","",""
"2009052071","","0","0","0","0","0","0","0","0","0","7","0","","02","5","2009","3","40.589861","-80.046708","","11","0","0","0","0","0","0","0","0","","0","0","0","","","0","","0","","40 35:23.499","","0","80 02:48.149","0","0","0","0","2108","0","0","0","N","0","0","0","1","02108","0","","4.0","","9","N","N","","1","","0","0","0","","0","","","1","0","0","0","0","0","0","2","0","1","","","","N","","","","","","","","","",""
"2009052072","","1","0","0","0","0","0","0","0","0","4","0","","02","5","2009","4","40.576876","-80.055876","","11","0","0","0","1","0","0","0","0","1","0","0","0","","","0","","1","","40 34:36.753","2","0","80 03:21.153","9","0","0","0","2108","0","0","0","N","0","0","0","4","02108","0","","1.0","","9","N","N","","0","","0","0","1","","3","N","","2","0","0","0","0","0","1","2","0","2","","","","N","","","","","","","","","",""
"2009052073","","1","0","0","0","0","0","0","0","0","7","0","","02","5","2009","5","40.588559","-80.035181","","11","0","0","0","0","0","0","0","0","1","0","0","0","","","0","","2","","40 35:18.812","2","0","80 02:06.651","9","0","0","0","2108","0","0","0","N","0","0","0","1","02108","0","","4.0","","1","N","N","","0","","0","0","0","","0","N","","1","0","0","0","0","0","1","2","0","1","","","","N","","","","","","","","","",""
"2009052074","","1","0","0","0","0","0","0","0","0","2","0","","02","5","2009","5","40.606193","-80.057336","","11","0","0","0","0","0","1","0","0","","0","0","0","","","0","","2","","40 36:22.294","","0","80 03:26.409","0","0","0","0","2108","0","0","0","N","0","0","0","3","02108","0","","1.0","","1","N","N","","0","","0","0","1","","0","","","2","0","0","0","0","0","0","2","0","2","","","","N","","","","","","","","","",""
"2009052105","","1","0","0","0","0","0","0","0","0","1","0","","02","5","2009","4","40.32474","-79.883615","","11","0","0","0","1","0","1","0","0","1","0","0","0","","","1","","2","","40 19:29.065","4","0","79 53:01.015","8","0","0","0","2433","0","0","0","N","0","0","0","2","02433","0","","1.0","","1","N","N","","1","","0","0","0","","3","N","","2","1","0","0","0","1","0","2","0","2","","","","N","","","","","","","","","",""
"2009052106","","2","0","0","0","0","0","0","0","0","4","0","","02","5","2009","7","40.318639","-79.887061","","11","0","0","0","0","0","0","0","0","2","0","0","0","","","0","","0","","40 19:07.100","5","0","79 53:13.419","0","0","0","0","2433","0","0","0","N","0","0","0","3","02433","0","","1.0","","1","N","N","","0","","0","0","0","","0","N","","2","0","0","0","0","0","0","2","0","2","","","","N","","","","","","","","","",""
"2009052113","","1","0","0","0","0","0","0","0","0","1","0","","02","5","2009","2","40.464928","-80.070277","","11","0","0","0","0","0","1","0","0","1","0","0","0","","","0","","2","","40 27:53.740","1","0","80 04:12.997","0","0","0","0","2444","0","0","0","N","0","0","0","4","02444","0","","1.0","","9","N","N","","1","","0","0","0","","0","N","","2","0","0","0","0","0","0","2","0","2","","","","N","","","","","","","","","",""
"2009052114","","1","0","0","0","0","0","0","0","0","1","0","","02","4","2009","3","40.3628","-79.9317","","11","0","0","0","0","0","0","0","0","1","0","0","0","","","0","","0","","40 21:46.080","2","0","79 55:54.120","0","0","0","0","2473","0","0","0","N","0","0","0","2","02473","0","","1.0","","1","N","N","","0","","0","0","1","","0","N","","2","0","0","0","0","0","0","2","0","2","","","","N","","","","","","","","","",""
"2009052115","","3","0","0","0","0","0","0","0","0","1","0","","02","4","2009","3","40.34889","-79.939012","","11","0","0","0","0","0","0","0","0","","0","0","0","","","3","","1","","40 20:56.003","","0","79 56:20.443","8","0","0","0","2473","0","0","0","N","0","0","0","6","02473","0","","1.0","","9","N","N","","0","","0","0","0","","2","","","3","3","2","0","0","3","0","2","0","3","","","","N","","","","","","","","","",""
"2009052116","","1","0","0","0","0","0","0","0","0","7","0","","02","4","2009","3","40.341167","-79.940222","","11","0","0","0","0","0","0","0","0","","0","0","0","","","0","","0","","40 20:28.200","","0","79 56:24.800","0","0","0","0","2473","0","0","0","N","0","0","0","1","02473","0","","3.0","","9","N","N","","0","","0","0","0","","0","","","1","0","0","0","0","0","0","2","0","1","","","","N","","","","","","","","","",""
"2009052117","","2","0","0","0","0","0","0","0","0","4","0","","02","5","2009","3","40.3762","-79.8965","","11","0","0","0","0","0","0","0","2","","0","0","0","","","0","","1","","40 22:34.320","","0","79 53:47.400","0","0","0","0","2473","0","0","0","N","0","0","0","2","02473","0","","1.0","","1","N","N","","0","","0","0","0","","2","","","2","0","1","0","0","0","0","2","0","2","","","","N","","","","","","","","","",""
"2009052118","","2","0","0","0","0","0","0","0","0","1","0","","02","4","2009","3","40.340344","-79.938196","","11","0","0","0","0","0","0","0","0","1","0","0","0","","","0","","1","","40 20:25.239","2","0","79 56:17.507","0","0","0","0","2473","0","0","0","N","0","0","0","3","02473","0","","1.0","","1","N","N","","0","","0","0","1","","2","N","","3","0","0","0","0","0","0","2","0","3","","","","N","","","","","","","","","",""
"2009052119","","1","0","0","0","0","0","0","0","0","4","1","","02","5","2009","4","40.3448","-79.9611","","11","0","0","0","1","0","0","0","0","1","0","1","0","","","0","","1","","40 20:41.280","3","0","79 57:39.960","0","0","0","0","2473","0","0","0","N","0","0","0","3","02473","0","","1.0","","9","N","N","","0","","0","0","0","","3","N","","2","0","0","0","0","0","0","2","0","2","","","","N","","","","","","","","","",""
"2009052120","","0","0","0","0","0","0","0","0","0","7","0","","02","4","2009","2","40.3524","-79.90282","","11","0","0","0","0","0","0","0","0","2","0","0","0","","","0","","0","","40 21:08.640","3","0","79 54:10.152","0","0","0","0","2473","0","0","0","N","0","0","0","1","02473","0","","2.0","","9","N","N","","0","","0","0","1","","0","N","","1","0","0","0","0","0","0","2","0","1","","","","N","","","","","","","","","",""
"2009052121","","1","0","0","0","0","0","0","0","0","7","0","","02","4","2009","3","40.341131","-79.934752","","11","0","0","1","0","0","0","0","0","1","0","0","0","","","0","","0","","40 20:28.072","3","0","79 56:05.106","0","0","0","0","2473","0","0","0","N","0","0","0","3","02473","0","","5.0","","9","N","N","","0","","0","0","0","","0","N","","1","0","0","0","0","0","0","2","0","1","","","","N","","","","","","","","","",""
"2009052122","","1","0","0","0","0","0","0","0","0","7","0","","02","4","2009","7","40.372094","-79.92697","","11","0","0","0","1","0","0","0","0","1","0","0","0","","","0","","2","","40 22:19.539","1","0","79 55:37.093","0","0","0","0","2473","0","0","0","N","0","0","0","1","02473","0","","2.0","","1","N","N","","0","","0","0","0","","0","Y","","1","0","0","0","0","0","0","2","0","1","","","","N","","","","","","","","","",""
"2009052175","","2","0","0","0","0","0","0","0","0","1","0","","02","4","2009","1","40.355","-80.1161","","11","0","0","0","0","0","0","0","0","","0","0","0","","","0","","2","","40 21:18.000","","2","80 06:57.960","0","0","0","0","2119","0","0","0","N","0","0","0","2","02119","0","","1.0","","1","N","N","","0","","0","0","0","","0","","","2","0","0","0","0","0","0","2","0","2","","","","N","","","","","","","","","",""
"2009052198","","1","0","0","0","0","0","0","0","0","1","0","","02","4","2009","5","40.3495","-80.1123","","11","0","0","0","0","0","1","0","0","1","0","0","0","","","0","","0","","40 20:58.200","2","0","80 06:44.280","0","0","0","0","2119","0","0","0","N","0","0","0","2","02119","0","","1.0","","1","N","N","","0","","0","0","1","","0","N","","2","0","0","0","0","0","0","2","0","2","","","","N","","","","","","","","","",""
"2009052199","","2","0","0","0","0","0","0","0","0","1","0","","02","4","2009","5","40.3321","-80.1289","","11","0","0","0","0","0","0","0","0","","0","0","0","","","1","","0","","40 19:55.560","","0","80 07:44.040","4","0","0","0","2119","0","0","0","N","0","0","0","5","02119","1","","1.0","","1","N","N","","0","","0","0","1","","0","","","3","1","0","0","0","0","0","2","0","3","","","","N","","","","","","","","","",""
"2009052200","","2","0","0","0","0","0","0","0","0","1","0","","02","4","2009","4","40.35133","-80.113618","","11","0","0","0","0","0","1","0","0","1","0","0","0","","","2","","0","","40 21:04.788","5","0","80 06:49.023","3","0","0","0","2119","0","0","0","N","0","0","0","2","02119","0","","1.0","","9","N","N","","0","","1","0","0","","0","N","","2","2","1","0","0","1","0","2","0","2","","","","N","","","","","","","","","",""
"2009052214","","1","0","0","0","0","0","0","0","0","7","0","","02","5","2009","3","40.425464","-79.906996","","11","0","0","0","1","0","0","0","0","","0","0","0","","","0","","0","","40 25:31.669","","0","79 54:25.186","0","0","0","0","2301","0","0","0","N","0","0","0","1","68B03","0","","2.0","","1","N","N","","0","","0","0","0","","0","","","1","0","0","0","0","0","0","2","0","1","","","","N","","","","","","","","","",""
"2009052215","","1","0","0","0","0","0","0","0","0","7","0","","02","5","2009","5","","","","11","0","0","0","0","0","1","0","0","","0","0","0","","","1","","0","","40 25:29.28","","0","80 06:49.32","4","0","0","0","2102","0","0","0","N","0","0","0","2","68B03","1","","2.0","","1","N","N","","0","","0","0","0","","0","","","1","1","0","0","0","0","0","2","0","1","","","","N","","","","","","","","","",""
"2009052250","","2","0","0","0","0","0","0","0","0","1","0","","02","5","2009","6","40.4777","-79.7997","","11","0","0","0","0","0","1","1","0","","0","0","0","","","2","","0","","40 28:39.720","","0","79 47:58.920","4","0","0","0","2113","0","0","0","N","0","0","0","3","02113","2","","1.0","","1","N","N","","0","","0","0","0","","0","","","2","2","0","0","0","0","0","2","0","2","","","","N","","","","","","","","","",""
"2009052251","","1","0","0","0","0","0","1","0","0","6","1","","02","5","2009","5","40.422268","-79.843137","","11","0","0","0","0","0","1","0","0","2","0","0","0","","","0","","2","","40 25:20.164","4","0","79 50:35.293","0","0","0","0","2431","0","0","0","N","0","0","0","3","02431","0","","1.0","","1","Y","N","","0","","0","0","0","","3","N","","2","0","0","0","0","0","0","2","0","2","","","","N","","","","","","","","","",""
"2009052259","","1","0","0","0","0","0","0","0","0","4","0","","02","5","2009","5","40.424667","-79.859642","","11","0","0","0","0","1","0","0","1","1","0","0","0","","","2","","1","","40 25:28.800","4","0","79 51:34.711","4","0","0","0","2431","0","0","0","N","0","0","0","2","02431","2","","1.0","","1","N","N","","0","","0","0","0","","2","N","","2","2","0","0","0","0","0","2","1","2","","","","N","","","","","","","","","",""
"2009052264","","2","0","0","0","0","0","0","0","0","5","0","","02","5","2009","3","40.32373","-79.943412","","11","0","0","0","0","0","2","0","0","","0","0","0","","","0","","0","","40 19:25.429","","0","79 56:36.282","0","0","0","0","2454","0","0","0","N","0","0","0","4","02454","0","","1.0","","1","N","N","","1","","0","0","0","","0","","","3","0","0","0","0","0","0","2","0","3","","","","N","","","","","","","","","",""
"2009052265","","2","0","0","0","0","0","0","0","0","1","0","","02","5","2009","6","40.362864","-80.083625","","11","0","0","0","0","0","1","0","0","1","0","0","0","","","1","","0","","40 21:46.310","4","0","80 05:01.050","8","0","0","0","2123","0","0","0","N","0","0","0","2","02123","0","","1.0","","1","N","N","","0","","0","0","0","","0","N","","2","1","0","0","0","1","0","2","0","2","","","","N","","","","","","","","","",""
"2009052266","","2","0","0","0","0","0","0","0","0","4","0","","02","5","2009","3","40.27353","-79.885186","","11","0","0","0","0","0","0","2","0","2","0","0","0","","","2","","1","","40 16:24.707","2","2","79 53:06.670","8","0","0","0","2428","0","0","0","N","0","0","0","3","02428","0","","1.0","","1","N","N","","0","","0","0","0","","3","Y","","2","2","0","0","0","2","0","2","0","2","","","","N","","","","","","","","","",""
"2009052278","","0","0","0","0","0","0","0","0","0","99","0","","02","5","2009","5","40.267097","-79.889664","","11","0","0","0","0","0","0","0","0","","0","0","0","","","1","","0","","40 16:01.550","","0","79 53:22.790","8","0","0","0","2428","1","0","0","N","1","0","0","3","02428","0","","1.0","","1","N","N","","1","","0","0","0","","0","","","2","1","0","0","0","1","0","2","0","1","","","","N","","","","","","","","","",""
"2009052282","","0","0","0","0","0","0","0","0","0","1","0","","02","5","2009","6","40.470406","-79.932969","","11","0","0","0","0","0","1","0","0","","0","0","0","","","0","","0","","40 28:13.461","","0","79 55:58.688","0","0","0","0","2301","0","0","0","N","0","0","0","2","02301","0","","1.0","","1","N","N","","0","","0","0","2","","0","","","2","0","0","0","0","0","0","2","0","2","","","","N","","","","","","","","","",""
"2009052292","","1","0","0","0","0","0","0","0","0","8","0","","02","5","2009","5","40.439975","-79.994138","","11","0","0","1","0","0","0","0","0","","0","0","0","","","1","","1","","40 26:23.910","","0","79 59:38.898","8","0","0","0","2301","1","0","0","N","1","0","0","2","02301","0","","1.0","","1","N","N","","0","","0","0","0","","0","","","2","1","0","0","0","1","0","2","0","1","","","","N","","","","","","","","","",""
"2009052303","","2","0","0","0","0","0","0","0","0","1","0","","02","5","2009","6","40.463766","-79.801436","","11","0","0","0","0","0","0","0","0","1","0","0","0","","","0","","0","","40 27:49.557","3","0","79 48:05.169","0","0","0","0","2113","0","0","0","Y","0","0","0","2","02113","0","","1.0","","1","N","N","","0","","0","0","0","","0","N","","2","0","0","0","0","0","0","2","0","2","","","","N","","","","","","","","","",""
"2009052318","","0","0","0","1","0","0","0","0","0","8","0","","02","5","2009","4","40.591644","-79.996945","","11","0","0","0","0","0","0","1","0","","0","0","0","","","1","","2","","40 35:29.917","","0","79 59:49.003","3","0","0","0","2108","1","0","0","N","0","0","0","2","02501","0","","1.0","","1","N","N","","0","","1","0","1","","0","","","2","1","0","0","0","0","0","1","0","1","","","","N","","","","","","","","","",""
"2009052319","","1","0","0","0","0","0","0","0","0","4","0","","02","5","2009","6","40.27304","-79.837383","","11","0","0","0","0","1","1","0","0","1","0","0","0","","","0","","3","","40 16:22.944","1","0","79 50:14.577","0","0","0","0","2105","0","0","0","N","0","0","0","3","02105","0","","1.0","","1","N","N","","1","","0","0","0","","3","Y","","2","0","1","0","0","0","0","2","0","2","","","","N","","","","","","","","","",""
"2009052328","","1","0","0","0","0","0","0","0","0","4","0","","02","5","2009","7","40.458151","-80.027657","","11","0","0","0","1","0","0","0","0","","0","0","0","","","1","","1","","40 27:29.343","","0","80 01:39.565","8","0","0","0","2301","0","0","0","N","0","0","0","3","02301","0","","1.0","","1","N","N","","1","","0","0","0","","0","","","2","1","0","0","0","1","0","2","0","2","","","","N","","","","","","","","","",""
"2009052373","","1","0","0","0","0","0","0","0","0","8","0","","02","5","2009","4","","","","11","0","0","0","0","0","0","1","0","","0","0","0","","","1","","10","","","","0","","8","0","0","0","2404","1","0","0","N","1","0","0","2","02404","0","","2.0","","1","N","N","","0","","0","0","0","","0","","","2","1","0","0","0","1","0","1","0","1","","","","N","","","","","","","","","",""
"2009052379","","1","0","0","0","0","0","0","0","0","1","0","","02","5","2009","5","40.308512","-79.93652","","11","0","0","0","0","0","0","0","0","","0","0","0","","","1","","0","","40 18:30.644","","0","79 56:11.472","8","0","0","0","2440","0","0","0","N","0","0","0","2","02440","0","","1.0","","1","N","N","","0","","0","0","0","","0","","","2","1","0","0","0","1","1","2","0","2","","","","N","","","","","","","","","",""
"2009052388","","2","0","0","0","0","0","0","0","0","1","0","","02","5","2009","6","40.4919","-80.3297","","11","0","0","0","0","1","1","0","0","3","0","0","0","","","0","","1","","40 29:30.840","4","0","80 19:46.920","0","0","0","0","2203","0","0","0","N","0","0","0","3","02203","0","","1.0","","1","N","N","","1","","0","0","0","","0","N","","3","0","0","0","0","0","0","1","0","3","","","","N","","","","","","","","","",""
"2009052391","","0","0","0","0","0","0","0","0","0","7","0","","02","5","2009","7","40.41707","-80.013644","","11","0","0","1","0","0","0","0","0","2","0","0","0","","","0","","0","","40 25:01.453","1","0","80 00:49.117","0","0","0","0","2301","0","0","0","N","0","0","0","1","02301","0","","5.0","","1","N","N","","0","","0","0","0","","0","N","","1","0","0","0","0","0","0","2","1","1","","","","N","","","","","","","","","",""
"2009052396","","1","0","0","0","0","0","0","0","0","1","0","","02","4","2009","6","40.587276","-80.022028","","11","0","0","1","0","0","0","0","0","1","0","0","0","","","0","","0","","40 35:14.192","3","0","80 01:19.302","0","0","0","0","2108","0","0","0","N","0","0","0","4","02108","0","","1.0","","1","N","N","","0","","0","0","2","","0","N","","3","0","0","0","0","0","0","2","0","3","","","","N","","","","","","","","","",""
"2009052397","","1","0","0","0","0","0","0","0","0","1","0","","02","5","2009","5","40.61","-80.0533","","11","0","0","0","0","0","1","0","0","1","0","0","0","","","1","","1","","40 36:36.000","1","0","80 03:11.880","8","0","0","0","2102","0","0","0","N","0","0","0","2","02108","0","","1.0","","1","N","N","","0","","0","0","0","","2","N","","2","1","0","0","0","1","0","2","1","2","","","","N","","","","","","","","","",""
"2009052420","","1","0","0","0","0","0","0","0","0","1","0","","02","4","2009","4","40.35451","-80.114766","","11","0","0","0","0","0","0","0","0","","0","0","0","","","0","","2","","40 21:16.237","","0","80 06:53.157","0","0","0","0","2119","0","0","0","N","0","0","0","2","02119","0","","1.0","","1","N","N","","0","","0","0","0","","2","","","2","0","0","0","0","0","0","2","1","2","","","","N","","","","","","","","","",""
"2009052423","","1","0","0","0","0","0","0","0","0","1","0","","02","4","2009","6","40.357516","-79.843971","","11","0","0","0","0","0","0","0","1","1","0","0","0","","","1","","0","","40 21:27.059","2","3","79 50:38.294","8","0","0","0","2304","0","0","0","N","0","0","0","8","02304","0","","1.0","","9","N","N","","0","","0","0","1","","0","N","","3","1","0","0","0","1","0","2","1","3","","","","N","","","","","","","","","",""
"2009052431","","1","0","0","0","0","0","0","0","0","7","0","","02","5","2009","7","40.36692","-80.123986","","11","0","0","0","1","0","0","0","0","","0","0","0","","","0","","0","","40 22:00.912","","0","80 07:26.350","0","0","0","0","2119","0","0","0","N","0","0","0","1","02119","0","","2.0","","1","N","N","","0","","0","0","0","","0","","","1","0","0","0","0","0","0","2","0","1","","","","N","","","","","","","","","",""
"2009052436","","1","0","0","0","0","0","0","0","0","7","0","","02","5","2009","4","40.453211","-79.996552","","11","0","0","0","0","0","0","0","0","1","0","0","0","","","0","","0","","40 27:11.561","1","3","79 59:47.587","0","0","0","0","2301","0","0","0","N","0","0","0","1","68B03","0","","4.0","","9","N","N","","0","","0","0","0","","0","N","","1","0","0","0","0","0","0","2","0","1","","","","N","","","","","","","","","",""
"2009052456","","2","0","0","0","0","0","0","0","0","1","0","","02","5","2009","6","40.32252","-79.956337","","11","1","0","0","0","0","1","0","0","","0","0","0","","","0","","2","","40 19:21.072","","0","79 57:22.813","0","0","0","0","2454","0","0","0","N","0","0","0","5","02454","0","","1.0","","1","N","N","","0","","0","0","0","","3","","","2","0","0","0","0","0","0","2","0","2","","","","N","","","","","","","","","",""
"2009052460","","1","0","0","0","0","0","0","0","0","1","0","","02","5","2009","1","40.530794","-80.013487","","11","0","0","0","0","0","0","0","0","","0","0","0","","","0","","1","","40 31:50.857","","0","80 00:48.554","0","0","0","0","2116","0","0","0","N","0","0","0","2","02116","0","","1.0","","1","N","N","","0","","0","0","1","","3","","","2","0","0","0","0","0","0","2","0","2","","","","N","","","","","","","","","",""
"2009052480","","1","0","0","0","0","0","0","0","0","1","0","","02","5","2009","6","40.337917","-79.979056","","11","0","0","0","0","0","0","1","1","","0","0","0","","","0","","1","","40 20:16.500","","0","79 58:44.600","0","0","0","0","2403","0","0","0","N","0","0","0","2","02403","0","","1.0","","1","N","N","","0","","0","0","0","","3","","","2","0","0","0","0","0","0","2","1","2","","","","N","","","","","","","","","",""
"2009052484","","2","0","0","0","0","0","0","0","0","1","0","","02","5","2009","7","40.383231","-80.043806","","11","0","2","0","0","0","0","0","0","1","0","0","0","","","0","","1","","40 22:59.630","3","0","80 02:37.701","0","0","0","0","2109","0","0","0","N","0","0","0","7","02109","0","","1.0","","1","N","N","","0","","0","0","0","","2","N","","2","0","0","0","0","0","0","2","0","2","","","","N","","","","","","","","","",""
"2009052490","","2","0","1","0","0","0","0","0","1","4","0","","02","5","2009","6","40.386528","-80.088702","","11","0","0","0","0","0","0","0","0","2","0","0","0","","","3","","0","","40 23:11.501","4","7","80 05:19.326","2","0","0","0","2117","0","0","0","N","0","0","0","6","02117","0","","1.0","","1","N","N","","0","","1","2","0","","0","N","","2","3","1","0","0","0","0","2","0","2","","","","N","","","","","","","","","",""
"2009052500","","2","0","0","0","0","0","0","0","0","6","0","","02","5","2009","7","40.465072","-79.946499","","11","0","0","0","0","0","1","0","0","","0","0","0","","","0","","1","","40 27:54.259","","0","79 56:47.396","0","0","0","0","2301","0","0","0","N","0","0","0","4","02301","0","","1.0","","1","N","N","","0","","0","0","0","","0","","","2","0","0","0","0","0","0","2","0","2","","","","N","","","","","","","","","",""
"2009052502","","1","0","0","0","0","0","0","0","0","7","0","","02","5","2009","5","40.59336","-79.961575","","11","0","0","0","0","0","0","0","0","","0","0","0","","","0","","0","","40 35:36.096","","0","79 57:41.670","0","0","0","0","2207","0","0","0","","0","0","0","1","02207","0","","2.0","","1","N","N","","0","","0","0","0","","0","","","1","0","0","0","0","0","0","2","0","1","","","","N","","","","","","","","","",""
"2009052545","","3","0","0","0","0","0","0","0","0","1","0","","02","5","2009","4","40.3698","-79.7844","","11","0","0","0","0","0","0","0","0","2","0","0","0","","","0","","2","","40 22:11.280","3","0","79 47:03.840","0","0","0","0","2111","0","0","0","N","0","0","0","4","02111","0","","1.0","","1","N","N","","1","","0","0","0","","0","N","","4","0","0","0","0","0","0","2","0","4","","","","N","","","","","","","","","",""
"2009052549","","0","0","0","0","0","0","0","0","0","0","0","","02","5","2009","5","40.663591","-79.835994","","11","0","0","0","0","0","0","0","0","4","0","0","0","","","1","","0","","40 39:48.928","5","0","79 50:09.579","2","0","0","0","2220","0","0","0","N","0","0","0","1","02220","0","","5.0","","1","N","N","","0","","0","1","1","","0","Y","","1","1","1","0","1","0","0","1","0","1","","","","N","","","","","","","","","",""
"2009052551","","2","0","0","0","0","0","0","0","0","4","0","","02","5","2009","1","40.431666","-80.006829","","11","0","0","0","0","0","0","0","0","","0","0","0","","","2","","0","","40 25:53.996","","0","80 00:24.586","4","0","0","0","2301","1","0","0","N","1","0","0","4","02301","2","","1.0","","1","N","N","","0","","0","0","0","","0","","","3","2","0","0","0","0","0","2","0","2","","","","N","","","","","","","","","",""
"2009052556","","1","0","0","0","0","0","0","0","0","7","0","","02","5","2009","7","40.5361","-79.7597","","11","0","0","0","0","0","0","0","0","","0","0","0","","","0","","0","","40 32:09.960","","0","79 45:34.920","9","0","0","0","2466","0","0","0","N","0","0","0","2","02466","0","","5.0","","1","N","N","","0","","0","0","0","","0","","","1","0","0","0","0","0","1","2","0","1","","","","N","","","","","","","","","",""