"CRN","ARRIVAL_TM","AUTOMOBILE_COUNT","BELTED_DEATH_COUNT","BELTED_SUSP_SERIOUS_INJ_COUNT","BICYCLE_COUNT","BICYCLE_DEATH_COUNT","BICYCLE_SUSP_SERIOUS_INJ_COUNT","BUS_COUNT","CHLDPAS_DEATH_COUNT","CHLDPAS_SUSP_SERIOUS_INJ_COUNT","COLLISION_TYPE","COMM_VEH_COUNT","CONS_ZONE_SPD_LIM","COUNTY","CRASH_MONTH","CRASH_YEAR","DAY_OF_WEEK","DEC_LATITUDE","DEC_LONGITUDE","DISPATCH_TM","DISTRICT","DRIVER_COUNT_16YR","DRIVER_COUNT_17YR","DRIVER_COUNT_18YR","DRIVER_COUNT_19YR","DRIVER_COUNT_20YR","DRIVER_COUNT_50_64YR","DRIVER_COUNT_65_74YR","DRIVER_COUNT_75PLUS","EST_HRS_CLOSED","FATAL_COUNT","HEAVY_TRUCK_COUNT","HORSE_BUGGY_COUNT","HOUR_OF_DAY","ILLUMINATION","INJURY_COUNT","INTERSECTION_RELATED","INTERSECT_TYPE","LANE_CLOSED","LATITUDE","LN_CLOSE_DIR","LOCATION_TYPE","LONGITUDE","MAX_SEVERITY_LEVEL","MCYCLE_DEATH_COUNT","MCYCLE_SUSP_SERIOUS_INJ_COUNT","MOTORCYCLE_COUNT","MUNICIPALITY","NONMOTR_COUNT","NONMOTR_DEATH_COUNT","NONMOTR_SUSP_SERIOUS_INJ_COUNT","NTFY_HIWY_MAINT","PED_COUNT","PED_DEATH_COUNT","PED_SUSP_SERIOUS_INJ_COUNT","PERSON_COUNT","POLICE_AGCY","POSSIBLE_INJ_COUNT","RDWY_SURF_TYPE_CD","RELATION_TO_ROAD","ROADWAY_CLEARED","ROAD_CONDITION","SCH_BUS_IND","SCH_ZONE_IND","SECONDARY_CRASH","SMALL_TRUCK_COUNT","SPEC_JURIS_CD","SUSP_MINOR_INJ_COUNT","SUSP_SERIOUS_INJ_COUNT","SUV_COUNT","TCD_FUNC_CD","TCD_TYPE","TFC_DETOUR_IND","TIME_OF_DAY","TOTAL_UNITS","TOT_INJ_COUNT","UNBELTED_OCC_COUNT","UNB_DEATH_COUNT","UNB_SUSP_SERIOUS_INJ_COUNT","UNK_INJ_DEG_COUNT","UNK_INJ_PER_COUNT","URBAN_RURAL","VAN_COUNT","VEHICLE_COUNT","WEATHER1","WEATHER2","WORKERS_PRES","WORK_ZONE_IND","WORK_ZONE_LOC","WORK_ZONE_TYPE","WZ_CLOSE_DETOUR","WZ_FLAGGER","WZ_LAW_OFFCR_IND","WZ_LN_CLOSURE","WZ_MOVING","WZ_OTHER","WZ_SHLDER_MDN","WZ_WORKERS_INJ_KILLED"
"2009052567","","2","0","0","0","0","0","0","0","0","1","0","","02","5","2009","1","40.464747","-79.979784","","11","0","0","0","0","1","0","0","0","","0","0","0","","","0","","2","","40 27:53.088","","0","79 58:47.221","0","0","0","0","2301","0","0","0","N","0","0","0","7","02301","0","","1.0","","1","N","N","","1","","0","0","0","","2","","","3","0","0","0","0","0","0","2","0","3","","","","N","","","","","","","","","",""
"2009052572","","1","0","0","0","0","0","0","0","0","1","0","","02","5","2009","1","40.520926","-79.879413","","11","0","0","0","0","0","0","0","0","","0","0","0","","","0","","0","","40 31:15.332","","7","79 52:45.886","0","0","0","0","2432","0","0","0","N","0","0","0","3","02432","0","","1.0","","1","N","N","","0","","0","0","1","","0","","","2","0","0","0","0","0","0","2","0","2","","","","N","","","","","","","","","",""
"2009052574","","0","0","0","0","0","0","0","0","0","7","0","","02","5","2009","7","40.6668","-79.9337","","11","0","0","0","0","0","0","0","0","1","0","0","0","","","2","","2","","40 40:00.480","2","0","79 56:01.320","4","0","0","0","2217","0","0","0","Y","0","0","0","2","02505","2","","2.0","","1","N","N","","0","","0","0","0","","3","N","","1","2","0","0","0","0","0","1","1","1","","","","N","","","","","","","","","",""
"2009052592","","1","0","0","0","0","0","0","0","0","7","0","","02","5","2009","1","40.413349","-79.990468","","11","0","0","0","0","0","0","0","0","","0","0","0","","","0","","0","","40 24:48.056","","0","79 59:25.684","0","0","0","0","2301","0","0","0","N","0","0","0","2","02301","0","","2.0","","1","N","N","","0","","0","0","0","","0","","","1","0","1","0","0","0","0","2","0","1","","","","N","","","","","","","","","",""
"2009052593","","1","0","0","0","0","0","0","0","0","7","0","","02","5","2009","5","40.5036","-79.9453","","11","0","0","0","0","0","0","0","0","1","0","0","0","","","1","","0","","40 30:12.960","3","7","79 56:43.080","8","0","0","0","2118","0","0","0","N","0","0","0","1","02118","0","","2.0","","1","N","N","","0","","0","0","0","","0","N","","1","1","1","0","0","1","0","2","0","1","","","","N","","","","","","","","","",""
"2009052595","","2","0","0","0","0","0","0","0","0","1","0","","02","4","2009","2","40.537655","-80.011353","","11","0","0","0","0","0","0","1","0","","0","0","0","","","0","","0","","40 32:15.558","","0","80 00:40.869","0","0","0","0","2116","0","0","0","N","0","0","0","5","02116","0","","1.0","","9","N","N","","0","","0","0","1","","0","","","3","0","0","0","0","0","0","2","0","3","","","","N","","","","","","","","","",""
"2009052596","","1","0","0","0","0","0","0","0","0","4","0","","02","5","2009","1","40.519976","-79.94201","","11","0","1","0","0","0","0","0","0","1","0","0","0","","","1","","0","","40 31:11.913","5","0","79 56:31.236","8","0","0","0","2118","0","0","0","N","0","0","0","5","02118","0","","1.0","","9","N","N","","0","","0","0","1","","0","Y","","2","1","0","0","0","1","0","2","0","2","","","","N","","","","","","","","","",""
"2009052599","","2","0","0","0","0","0","0","0","0","2","0","","02","5","2009","1","40.419962","-79.995783","","11","0","0","0","0","0","2","0","0","1","0","0","0","","","0","","1","","40 25:11.863","7","0","79 59:44.818","0","0","0","0","2301","0","0","0","N","0","0","0","2","02301","0","","1.0","","1","N","N","","0","","0","0","0","","3","N","","2","0","0","0","0","0","0","2","0","2","","","","N","","","","","","","","","",""
"2009052600","","1","0","0","0","0","0","0","0","0","7","0","","02","5","2009","7","40.3802","-80.0525","","11","0","0","0","0","0","0","0","0","2","0","0","0","","","0","","0","","40 22:48.720","2","0","80 03:09.000","0","0","0","0","2109","0","0","0","N","0","0","0","1","02109","0","","5.0","","1","N","N","","0","","0","0","0","","2","Y","","1","0","0","0","0","0","0","2","0","1","","","","N","","","","","","","","","",""
"2009052628","","2","0","0","0","0","0","0","0","0","4","0","","02","5","2009","4","40.379328","-79.806987","","11","0","0","0","1","0","0","0","0","1","0","0","0","","","0","","2","","40 22:45.582","3","0","79 48:25.154","0","0","0","0","2111","0","0","0","N","0","0","0","2","02111","0","","1.0","","1","N","N","","0","","0","0","0","","3","N","","2","0","0","0","0","0","0","2","0","2","","","","N","","","","","","","","","",""
"2009052631","","2","0","0","0","0","0","0","0","0","7","0","","02","5","2009","3","40.4957","-80.0669","","11","0","0","0","0","0","0","0","0","","0","0","0","","","1","","0","","40 29:44.520","","0","80 04:00.840","4","0","0","0","2402","0","0","0","Y","0","0","0","1","02402","1","","2.0","","1","N","N","","0","","0","0","0","","0","","","2","1","0","0","0","0","0","2","0","2","","","","N","","","","","","","","","",""
"2009052632","","1","0","0","0","0","0","0","0","0","7","0","","02","5","2009","2","40.401507","-79.997369","","11","0","0","0","1","0","0","0","0","2","0","0","0","","","1","","0","","40 24:05.425","6","0","79 59:50.528","4","0","0","0","2301","0","0","0","N","0","0","0","2","02301","1","","5.0","","1","N","N","","0","","0","0","0","","0","N","","1","1","2","0","0","0","0","2","0","1","","","","N","","","","","","","","","",""
"2009052636","","1","0","0","0","0","0","0","0","0","1","0","","02","5","2009","7","40.503616","-79.984592","","11","0","1","0","0","0","0","0","0","1","0","0","0","","","1","","0","","40 30:13.017","1","0","79 59:04.531","4","0","0","0","2118","0","0","0","N","0","0","0","3","02118","1","","1.0","","1","N","N","","1","","0","0","0","","0","N","","2","1","1","0","0","0","0","2","0","2","","","","N","","","","","","","","","",""
"2009052644","","2","0","0","0","0","0","0","0","0","7","0","","02","5","2009","1","40.4568","-80.0293","","11","0","0","0","0","0","0","0","0","","0","0","0","","","1","","2","","40 27:24.480","","0","80 01:45.480","3","0","0","0","2301","0","0","0","N","0","0","0","2","02301","0","","4.0","","1","N","N","","0","","1","0","0","","0","","","2","1","0","0","0","0","0","2","0","2","","","","N","","","","","","","","","",""
"2009052656","","1","0","0","0","0","0","0","0","0","7","0","","02","5","2009","2","40.5109","-79.994","","11","0","0","0","0","0","0","0","0","","0","0","0","","","1","","10","","40 30:39.240","","0","79 59:38.400","8","0","0","0","2116","0","0","0","N","0","0","0","1","02116","0","","5.0","","1","N","N","","0","","0","0","0","","0","","","1","1","0","0","0","1","0","2","0","1","","","","N","","","","","","","","","",""
"2009052665","","0","0","0","0","0","0","0","0","0","7","0","","02","5","2009","4","40.3619","-79.9507","","11","0","0","0","0","0","1","0","0","","0","0","0","","","0","","0","","40 21:42.840","","0","79 57:02.520","0","0","0","1","2403","0","0","0","N","0","0","0","1","02403","0","","2.0","","3","N","N","","0","","0","0","0","","0","","","1","0","0","0","0","0","0","2","0","1","","","","N","","","","","","","","","",""
"2009052674","","1","0","0","0","0","0","0","0","0","5","0","","02","5","2009","7","40.481963","-79.972878","","11","0","0","0","0","0","0","0","0","2","0","0","0","","","0","","0","","40 28:55.067","5","0","79 58:22.360","0","0","0","0","2445","0","0","0","N","0","0","0","2","02445","0","","6.0","","1","N","N","","0","","0","0","1","","0","Y","","2","0","0","0","0","0","0","2","0","2","","","","N","","","","","","","","","",""
"2009052675","","2","0","0","0","0","0","0","0","0","2","0","","02","5","2009","2","40.447866","-79.976593","","11","0","0","0","0","0","0","0","0","1","0","0","0","","","0","","0","","40 26:52.317","3","0","79 58:35.734","0","0","0","0","2301","0","0","0","N","0","0","0","4","02301","0","","6.0","","1","N","N","","0","","0","0","0","","0","N","","2","0","0","0","0","0","0","2","0","2","","","","N","","","","","","","","","",""
"2009052683","","2","0","0","0","0","0","0","0","0","4","0","","02","5","2009","5","40.444815","-79.915683","","11","0","0","0","0","0","0","0","1","","0","0","0","","","1","","0","","40 26:41.335","","7","79 54:56.459","4","0","0","0","2301","0","0","0","N","0","0","0","2","02301","1","","1.0","","1","N","N","","0","","0","0","0","","0","","","2","1","0","0","0","0","0","2","0","2","","","","N","","","","","","","","","",""
"2009052686","","1","0","0","0","0","0","0","0","0","7","0","","02","5","2009","2","40.413428","-80.048537","","11","0","0","0","0","0","0","1","0","2","0","0","0","","","0","","2","","40 24:48.340","2","0","80 02:54.733","0","0","0","0","2435","0","0","0","N","0","0","0","1","02435","0","","5.0","","1","N","N","","0","","0","0","0","","3","N","","1","0","0","0","0","0","0","2","0","1","","","","N","","","","","","","","","",""
"2009052687","","2","0","0","0","0","0","0","0","0","2","0","","02","5","2009","7","40.480274","-79.977675","","11","0","0","0","0","0","0","0","0","","0","0","0","","","0","","0","","40 28:48.986","","0","79 58:39.630","0","0","0","0","2445","0","0","0","N","0","0","0","1","02445","0","","6.0","","1","N","N","","0","","0","0","0","","0","","","3","0","0","0","0","0","0","2","1","3","","","","N","","","","","","","","","",""
"2009052689","","1","0","0","0","0","0","0","0","0","7","0","","02","5","2009","1","40.513652","-79.984141","","11","0","0","0","0","0","0","0","0","1","0","0","0","","","1","","0","","40 30:49.147","5","0","79 59:02.907","4","0","0","0","2118","0","0","0","N","0","0","0","1","02118","1","","5.0","","9","N","N","","0","","0","0","0","","0","Y","","1","1","0","0","0","0","0","2","0","1","","","","N","","","","","","","","","",""
"2009052694","","2","0","0","0","0","0","0","0","0","1","0","","02","5","2009","3","40.512106","-80.103882","","11","0","0","0","0","0","0","0","0","2","0","0","0","","","1","","2","","40 30:43.582","2","0","80 06:13.974","4","0","0","0","2429","0","0","0","N","0","0","0","2","02215","1","","1.0","","1","N","N","","0","","0","0","0","","2","N","","2","1","1","0","0","0","0","2","0","2","","","","N","","","","","","","","","",""
"2009052699","","2","0","0","0","0","0","0","0","0","7","0","","02","5","2009","3","40.4785","-79.9556","","11","0","0","0","0","0","0","0","0","1","0","0","0","","","0","","1","","40 28:42.600","1","0","79 57:20.160","0","0","0","0","2301","0","0","0","N","0","0","0","2","02301","0","","4.0","","1","","N","","0","","0","0","0","","2","Y","","2","0","0","0","0","0","0","2","0","2","","","","N","","","","","","","","","",""
"2009052702","","1","0","0","0","0","0","0","0","0","7","0","","02","5","2009","3","40.4358","-79.9661","","11","0","0","0","0","0","0","0","0","","0","0","0","","","1","","0","","40 26:08.880","","0","79 57:57.960","8","0","0","0","2301","0","0","0","N","0","0","0","1","02301","0","","4.0","","1","N","N","","0","","0","0","0","","0","","","1","1","0","0","0","1","0","2","0","1","","","","N","","","","","","","","","",""
"2009052730","","1","0","0","0","0","0","0","0","0","1","0","","02","5","2009","6","40.428693","-79.938629","","11","0","0","0","0","0","0","0","0","","0","0","0","","","1","","0","","40 25:43.294","","0","79 56:19.063","4","0","0","0","2301","0","0","0","N","0","0","0","5","68B03","1","","1.0","","1","N","N","","0","","0","0","2","","0","","","3","1","0","0","0","0","0","2","0","3","","","","N","","","","","","","","","",""
"2009052731","","0","0","0","0","0","0","0","0","0","0","0","","02","5","2009","5","40.4287","-79.9317","","11","0","0","0","0","0","1","0","0","","0","0","0","","","1","","0","","40 25:43.320","","2","79 55:54.120","4","0","0","1","2301","0","0","0","N","0","0","0","1","68B03","1","","1.0","","1","N","N","","0","","0","0","0","","0","","","1","1","0","0","0","0","0","2","0","1","","","","N","","","","","","","","","",""
"2009052732","","2","0","0","0","0","0","0","0","0","1","0","","02","5","2009","5","40.442652","-79.763546","","11","0","0","0","0","0","0","0","0","","0","0","0","","","1","","0","","40 26:33.548","","0","79 45:48.765","4","0","0","0","2446","0","0","0","N","0","0","0","2","68B03","1","","1.0","","1","N","N","","0","","0","0","0","","0","","","2","1","0","0","0","0","0","2","0","2","","","","N","","","","","","","","","",""
"2009052733","","1","0","1","0","0","0","0","0","0","1","0","","02","5","2009","6","40.4289","-79.9328","","11","0","0","0","0","0","0","0","0","2","0","0","0","","","1","","6","","40 25:44.040","3","2","79 55:58.080","2","0","0","0","2301","0","0","0","N","0","0","0","3","68B03","0","","1.0","","1","N","N","","1","","0","1","0","","3","N","","2","1","0","0","0","0","0","2","0","2","","","","N","","","","","","","","","",""
"2009052734","","2","0","0","0","0","0","0","0","0","1","0","","02","5","2009","6","40.425684","-79.904859","","11","0","1","0","0","0","0","0","0","","0","0","0","","","0","","0","","40 25:32.462","","0","79 54:17.492","0","0","0","0","2301","0","0","0","N","0","0","0","4","68B03","0","","1.0","","1","N","N","","0","","0","0","1","","0","","","3","0","1","0","0","0","0","2","0","3","","","","N","","","","","","","","","",""
"2009052735","","1","0","0","0","0","0","0","0","0","7","0","","02","5","2009","1","40.509736","-80.135977","","11","0","0","0","0","0","0","0","0","","0","0","0","","","0","","0","","40 30:35.049","","3","80 08:09.518","0","0","0","0","2115","0","0","0","N","0","0","0","1","68B03","0","","4.0","","9","N","N","","0","","0","0","0","","0","","","1","0","0","0","0","0","0","2","0","1","","","","N","","","","","","","","","",""
"2009052736","","1","0","0","0","0","0","0","0","0","7","0","","02","5","2009","1","40.669502","-80.093398","","11","0","0","0","0","0","0","0","0","","0","0","0","","","1","","0","","40 40:10.208","","0","80 05:36.231","3","0","0","0","2212","0","0","0","N","0","0","0","1","68B03","0","","4.0","","1","N","N","","0","","1","0","0","","0","","","1","1","1","0","0","0","0","2","0","1","","","","N","","","","","","","","","",""
"2009052822","","1","0","0","0","0","0","0","0","0","99","0","","02","5","2009","4","40.6133","-79.9705","","11","0","0","0","0","0","1","0","0","","0","0","0","","","0","","0","","40 36:47.880","","0","79 58:13.800","0","0","0","0","2207","0","0","0","N","0","0","0","2","68T02","0","","1.0","","1","N","N","","0","","0","0","0","","0","","","1","0","0","0","0","0","0","2","0","1","","","","N","","","","","","","","","",""
"2009052853","","0","0","0","0","0","0","0","0","0","7","0","","02","5","2009","1","40.4355","-79.7488","","11","0","0","0","0","0","0","1","0","2","0","0","0","","","2","","0","","40 26:07.800","4","0","79 44:55.680","3","0","0","0","2446","0","0","0","N","0","0","0","2","68T09","1","","3.0","","9","N","N","","1","","1","0","0","","0","N","","1","2","0","0","0","0","0","2","0","1","","","","N","","","","","","","","","",""
"2009052867","","1","0","0","0","0","0","0","0","0","1","0","","02","5","2009","4","40.429973","-79.810986","","11","0","0","0","0","0","0","0","0","1","0","0","0","","","1","","0","","40 25:47.902","4","0","79 48:39.551","3","0","0","0","2124","0","0","0","Y","0","0","0","2","02124","0","","1.0","","1","N","N","","0","","1","0","0","","0","N","","2","1","0","0","0","0","1","2","1","2","","","","N","","","","","","","","","",""
"2009052868","","1","0","0","0","0","0","0","0","0","4","0","","02","5","2009","1","40.592141","-80.074993","","11","0","0","0","0","0","1","0","0","","0","0","0","","","0","","3","","40 35:31.706","","0","80 04:29.976","0","0","0","0","2481","0","0","0","N","0","0","0","3","02481","0","","1.0","","1","N","N","","0","","0","0","1","","3","","","2","0","0","0","0","0","0","2","0","2","","","","N","","","","","","","","","",""
"2009052869","","1","0","0","1","0","0","0","0","0","8","0","","02","5","2009","7","40.557862","-80.075619","","11","0","0","0","0","0","0","1","0","","0","0","0","","","1","","2","","40 33:28.303","","0","80 04:32.227","8","0","0","0","2481","1","0","0","N","0","0","0","2","02481","0","","1.0","","1","N","N","","0","","0","0","0","","3","","","2","1","0","0","0","1","0","2","0","1","","","","N","","","","","","","","","",""
"2009052900","","1","0","0","0","0","0","0","0","0","99","0","","02","4","2009","1","40.551273","-80.086807","","11","0","0","0","0","0","1","0","0","","0","0","0","","","0","","0","","40 33:04.581","","0","80 05:12.505","0","0","0","0","2215","0","0","0","N","0","0","0","2","68B03","0","","1.0","","1","N","N","","0","","0","0","0","","0","","","1","0","0","0","0","0","0","2","0","1","","","","N","","","","","","","","","",""
"2009052902","","0","0","0","0","0","0","0","0","0","99","0","","02","5","2009","1","40.44381","-80.179131","","11","0","0","0","0","0","1","0","0","","0","0","0","","","0","","0","","40 26:37.717","","0","80 10:44.871","0","0","0","0","2214","0","0","0","N","0","0","0","1","68B04","0","","1.0","","1","N","N","","1","","0","0","0","","0","","","1","0","0","0","0","0","0","2","0","1","","","","N","","","","","","","","","",""
"2009052933","","1","0","0","0","0","0","0","0","0","1","0","","02","5","2009","6","40.4089","-79.8426","","11","0","0","0","0","1","0","0","0","","0","0","0","","","0","","3","","40 24:32.040","","0","79 50:33.360","0","0","0","0","2417","0","0","0","N","0","0","0","5","02431","0","","7.0","","1","N","N","","0","","0","0","0","","4","","","2","0","3","0","0","0","0","2","1","2","","","","N","","","","","","","","","",""
"2009052945","","1","0","0","0","0","0","0","0","0","6","1","","02","5","2009","3","40.491739","-79.785053","","11","0","0","0","0","0","0","0","0","2","0","1","0","","","0","","2","","40 29:30.260","6","0","79 47:06.190","0","0","0","0","2466","0","0","0","N","0","0","0","2","02466","0","","1.0","","9","N","N","","0","","0","0","0","","3","Y","","2","0","0","0","0","0","0","2","0","2","","","","N","","","","","","","","","",""
"2009052946","","1","0","0","0","0","0","0","0","0","4","0","","02","5","2009","3","40.406827","-79.943197","","11","0","0","0","0","0","1","0","0","","0","0","0","","","1","","2","","40 24:24.578","","0","79 56:35.510","4","0","0","0","2301","0","0","0","N","0","0","0","3","02301","1","","1.0","","9","N","N","","0","","0","0","1","","0","","","2","1","0","0","0","0","0","2","0","2","","","","N","","","","","","","","","",""
"2009052948","","3","0","0","0","0","0","0","0","0","1","0","","02","5","2009","5","40.457842","-79.974246","","11","0","0","0","0","0","0","0","0","","0","0","0","","","1","","1","","40 27:28.231","","0","79 58:27.285","3","0","0","0","2301","0","0","0","N","0","0","0","1","02301","0","","1.0","","1","N","N","","0","","1","0","0","","3","","","3","1","0","0","0","0","0","2","0","3","","","","N","","","","","","","","","",""
"2009052949","","2","0","0","0","0","0","0","0","0","4","0","","02","5","2009","7","40.4504","-79.985004","","11","0","0","0","0","0","0","0","1","","0","0","0","","","0","","2","","40 27:01.440","","0","79 59:06.014","0","0","0","0","2301","0","0","0","N","0","0","0","1","02301","0","","1.0","","1","N","N","","0","","0","0","0","","3","","","2","0","0","0","0","0","0","2","0","2","","","","N","","","","","","","","","",""
"2009052957","","0","0","0","0","0","0","0","0","0","1","1","","02","5","2009","3","40.425799","-80.019809","","11","0","0","0","0","1","1","0","1","2","0","1","0","","","1","","1","","40 25:32.876","1","0","80 01:11.312","8","0","0","0","2301","0","0","0","N","0","0","0","6","02301","0","","1.0","","9","N","N","","1","","0","0","2","","2","N","","5","1","0","0","0","1","0","2","1","5","","","","N","","","","","","","","","",""
"2009052961","","3","0","0","0","0","0","0","0","0","1","0","","02","5","2009","3","40.455782","-79.965864","","11","0","0","0","0","0","0","0","0","1","0","0","0","","","2","","1","","40 27:20.815","4","0","79 57:57.109","8","0","0","0","2301","0","0","0","N","0","0","0","7","02301","0","","1.0","","9","N","N","","0","","0","0","0","","2","N","","3","2","3","0","0","2","0","2","0","3","","","","N","","","","","","","","","",""
"2009052974","","2","0","0","0","0","0","0","0","0","1","0","","02","5","2009","7","40.332465","-79.985314","","11","0","0","0","0","0","0","0","0","","0","0","0","","","0","","0","","40 19:56.875","","0","79 59:07.132","0","0","0","0","2403","0","0","0","N","0","0","0","2","02403","0","","1.0","","9","N","N","","0","","0","0","0","","0","","","2","0","0","0","0","0","0","2","0","2","","","","N","","","","","","","","","",""
"2009052976","","2","0","0","0","0","0","0","0","0","1","0","","02","5","2009","3","40.4129","-80.0081","","11","0","0","0","0","0","1","0","0","","0","0","0","","","1","","6","","40 24:46.440","","2","80 00:29.160","4","0","0","0","2301","0","0","0","N","0","0","0","2","02301","1","","1.0","","1","N","N","","0","","0","0","0","","0","","","2","1","0","0","0","0","1","2","0","2","","","","N","","","","","","","","","",""
"2009052977","","2","0","0","0","0","0","0","0","0","4","0","","02","5","2009","3","40.440863","-79.973978","","11","0","0","0","0","0","0","0","1","","0","0","0","","","1","","1","","40 26:27.106","","0","79 58:26.320","8","0","0","0","2301","0","0","0","N","0","0","0","2","02301","0","","1.0","","9","N","N","","0","","0","0","0","","3","","","2","1","1","0","0","1","0","2","0","2","","","","N","","","","","","","","","",""
"2009052981","","0","0","0","0","0","0","0","0","0","7","0","","02","5","2009","7","40.402605","-79.897568","","11","0","0","0","0","0","1","0","0","2","0","0","0","","","1","","0","","40 24:09.378","5","0","79 53:51.244","4","0","0","0","2448","0","0","0","N","0","0","0","1","02448","1","","4.0","","1","N","N","","0","","0","0","1","","0","Y","","1","1","0","0","0","0","0","2","0","1","","","","N","","","","","","","","","",""
"2009052986","","1","0","0","0","0","0","0","0","0","4","0","","02","5","2009","7","40.382986","-79.857411","","11","0","0","0","0","0","0","0","0","","0","0","0","","","0","","2","","40 22:58.749","","7","79 51:26.679","0","0","0","0","2303","0","0","0","N","0","0","0","3","02303","0","","1.0","","1","N","N","","0","","0","0","1","","0","","","2","0","0","0","0","0","0","2","0","2","","","","N","","","","","","","","","",""
"2009053001","","1","0","0","0","0","0","0","0","0","8","0","","02","5","2009","3","40.392135","-80.017745","","11","0","0","0","0","0","0","0","0","","0","0","0","","","1","","2","","40 23:31.686","","0","80 01:03.882","8","0","0","0","2301","1","0","0","N","1","0","0","2","02301","0","","1.0","","1","N","N","","0","","0","0","0","","2","","","2","1","0","0","0","1","0","2","0","1","","","","N","","","","","","","","","",""
"2009053004","","0","0","0","1","0","0","0","0","0","8","0","","02","5","2009","3","40.444314","-79.917828","","11","0","0","0","0","0","1","0","0","1","0","0","0","","","1","","2","","40 26:39.529","4","0","79 55:04.182","3","0","0","0","2301","1","0","0","N","0","0","0","2","02301","0","","1.0","","1","N","N","","0","","1","0","1","","3","N","","2","1","0","0","0","0","0","2","0","1","","","","N","","","","","","","","","",""
"2009053008","","2","0","0","0","0","0","0","0","0","4","0","","02","5","2009","5","40.448068","-80.162487","","11","0","0","0","0","0","0","0","0","1","0","0","0","","","0","","1","","40 26:53.044","1","0","80 09:44.953","0","0","0","0","2115","0","0","0","N","0","0","0","2","02115","0","","1.0","","1","N","N","","0","","0","0","0","","2","N","","2","0","0","0","0","0","0","2","0","2","","","","N","","","","","","","","","",""
"2009053009","","1","0","0","0","0","0","0","0","0","1","0","","02","5","2009","3","40.465982","-80.137681","","11","0","0","0","0","0","1","0","0","","0","0","0","","","0","","1","","40 27:57.535","","0","80 08:15.651","0","0","0","0","2115","0","0","0","N","0","0","0","2","02115","0","","1.0","","1","N","N","","0","","0","0","0","","2","","","2","0","0","0","0","0","0","2","1","2","","","","N","","","","","","","","","",""
"2009053010","","2","0","0","0","0","0","0","0","0","1","0","","02","5","2009","6","","","","11","0","0","1","0","0","0","0","0","","0","0","0","","","1","","0","","","","0","","4","0","0","0","2115","0","0","0","N","0","0","0","2","02115","1","","1.0","","1","N","N","","0","","0","0","0","","0","","","2","1","0","0","0","0","0","1","0","2","","","","N","","","","","","","","","",""
"2009053011","","3","0","0","0","0","0","0","0","0","5","0","","02","5","2009","3","40.5529","-79.876","","11","0","0","0","0","0","0","0","0","","0","0","0","","","0","","0","","40 33:10.440","","0","79 52:33.600","0","0","0","0","2209","0","0","0","N","0","0","0","4","02209","0","","1.0","","9","N","N","","0","","0","0","0","","0","","","3","0","0","0","0","0","0","2","0","3","","","","N","","","","","","","","","",""
"2009053012","","1","0","0","0","0","0","0","0","0","4","0","","02","5","2009","5","40.482887","-80.199943","","11","0","0","0","0","1","0","0","0","","0","0","0","","","1","","1","","40 28:58.392","","0","80 11:59.795","4","0","0","0","2213","0","0","0","N","0","0","0","4","02213","1","","1.0","","1","N","N","","1","","0","0","0","","3","","","2","1","0","0","0","0","0","2","0","2","","","","N","","","","","","","","","",""
"2009053013","","1","0","0","0","0","0","0","0","0","2","0","","02","5","2009","4","40.538","-80.2353","","11","0","0","0","0","2","0","0","0","","0","0","0","","","0","","0","","40 32:16.800","","0","80 14:07.080","0","0","0","0","2213","0","0","0","N","0","0","0","2","02213","0","","1.0","","1","N","N","","1","","0","0","0","","0","","","2","0","1","0","0","0","0","2","0","2","","","","N","","","","","","","","","",""
"2009053014","","1","0","0","0","0","0","0","0","0","7","0","","02","3","2009","1","40.35451","-80.114766","","11","0","0","0","0","0","0","0","0","2","0","0","0","","","2","","1","","40 21:16.237","5","0","80 06:53.157","4","0","0","0","2414","0","0","0","N","0","0","0","2","02414","2","","5.0","","1","N","N","","0","","0","0","0","","2","Y","","1","2","1","0","0","0","0","2","0","1","","","","N","","","","","","","","","",""
"2009053015","","2","0","0","0","0","0","0","0","0","5","0","","02","4","2009","5","40.3557","-80.1094","","11","0","0","0","0","0","0","0","0","","0","0","0","","","1","","0","","40 21:20.520","","0","80 06:33.840","3","0","0","0","2414","0","0","0","N","0","0","0","1","02414","0","","4.0","","1","N","N","","0","","1","0","0","","0","","","2","1","0","0","0","0","0","2","0","2","","","","N","","","","","","","","","",""
"2009053016","","1","0","0","0","0","0","0","0","0","1","0","","02","5","2009","4","40.359924","-80.101721","","11","0","0","0","0","0","0","0","1","","0","0","0","","","0","","1","","40 21:35.726","","0","80 06:06.195","0","0","0","0","2414","0","0","0","N","0","0","0","2","02414","0","","1.0","","9","N","N","","0","","0","0","1","","0","","","2","0","0","0","0","0","0","2","0","2","","","","N","","","","","","","","","",""
"2009053018","","1","0","0","0","0","0","0","0","0","7","1","","02","1","2009","2","40.35999","-80.111564","","11","0","1","0","0","0","0","0","0","6","0","1","0","","","0","","1","","40 21:35.963","5","0","80 06:41.631","0","0","0","0","2414","0","0","0","Y","0","0","0","2","02414","0","","5.0","","1","N","N","","0","","0","0","0","","0","Y","","2","0","0","0","0","0","0","2","0","2","","","","N","","","","","","","","","",""
"2009053019","","0","0","0","0","0","0","0","0","0","7","0","25","02","1","2009","3","40.361051","-80.111121","","11","0","0","0","0","0","1","0","0","","0","0","0","","","0","","0","","40 21:39.785","","0","80 06:40.037","0","0","0","0","2414","0","0","0","N","0","0","0","1","02414","0","","5.0","","9","N","N","","0","","0","0","1","","0","","","1","0","0","0","0","0","0","2","0","1","","","Y","Y","4","3","N","Y","N","Y","N","N","N",""