"CRN","ARRIVAL_TM","AUTOMOBILE_COUNT","BELTED_DEATH_COUNT","BELTED_SUSP_SERIOUS_INJ_COUNT","BICYCLE_COUNT","BICYCLE_DEATH_COUNT","BICYCLE_SUSP_SERIOUS_INJ_COUNT","BUS_COUNT","CHLDPAS_DEATH_COUNT","CHLDPAS_SUSP_SERIOUS_INJ_COUNT","COLLISION_TYPE","COMM_VEH_COUNT","CONS_ZONE_SPD_LIM","COUNTY","CRASH_MONTH","CRASH_YEAR","DAY_OF_WEEK","DEC_LATITUDE","DEC_LONGITUDE","DISPATCH_TM","DISTRICT","DRIVER_COUNT_16YR","DRIVER_COUNT_17YR","DRIVER_COUNT_18YR","DRIVER_COUNT_19YR","DRIVER_COUNT_20YR","DRIVER_COUNT_50_64YR","DRIVER_COUNT_65_74YR","DRIVER_COUNT_75PLUS","EST_HRS_CLOSED","FATAL_COUNT","HEAVY_TRUCK_COUNT","HORSE_BUGGY_COUNT","HOUR_OF_DAY","ILLUMINATION","INJURY_COUNT","INTERSECTION_RELATED","INTERSECT_TYPE","LANE_CLOSED","LATITUDE","LN_CLOSE_DIR","LOCATION_TYPE","LONGITUDE","MAX_SEVERITY_LEVEL","MCYCLE_DEATH_COUNT","MCYCLE_SUSP_SERIOUS_INJ_COUNT","MOTORCYCLE_COUNT","MUNICIPALITY","NONMOTR_COUNT","NONMOTR_DEATH_COUNT","NONMOTR_SUSP_SERIOUS_INJ_COUNT","NTFY_HIWY_MAINT","PED_COUNT","PED_DEATH_COUNT","PED_SUSP_SERIOUS_INJ_COUNT","PERSON_COUNT","POLICE_AGCY","POSSIBLE_INJ_COUNT","RDWY_SURF_TYPE_CD","RELATION_TO_ROAD","ROADWAY_CLEARED","ROAD_CONDITION","SCH_BUS_IND","SCH_ZONE_IND","SECONDARY_CRASH","SMALL_TRUCK_COUNT","SPEC_JURIS_CD","SUSP_MINOR_INJ_COUNT","SUSP_SERIOUS_INJ_COUNT","SUV_COUNT","TCD_FUNC_CD","TCD_TYPE","TFC_DETOUR_IND","TIME_OF_DAY","TOTAL_UNITS","TOT_INJ_COUNT","UNBELTED_OCC_COUNT","UNB_DEATH_COUNT","UNB_SUSP_SERIOUS_INJ_COUNT","UNK_INJ_DEG_COUNT","UNK_INJ_PER_COUNT","URBAN_RURAL","VAN_COUNT","VEHICLE_COUNT","WEATHER1","WEATHER2","WORKERS_PRES","WORK_ZONE_IND","WORK_ZONE_LOC","WORK_ZONE_TYPE","WZ_CLOSE_DETOUR","WZ_FLAGGER","WZ_LAW_OFFCR_IND","WZ_LN_CLOSURE","WZ_MOVING","WZ_OTHER","WZ_SHLDER_MDN","WZ_WORKERS_INJ_KILLED"
"2009053020","","2","0","0","0","0","0","0","0","0","5","0","","02","1","2009","7","40.356626","-80.105864","","11","0","0","0","0","0","0","0","0","","0","0","0","","","0","","0","","40 21:23.852","","0","80 06:21.110","0","0","0","0","2414","0","0","0","N","0","0","0","2","02414","0","","6.0","","1","N","N","","0","","0","0","1","","0","","","3","0","0","0","0","0","0","2","0","3","","","","N","","","","","","","","","",""
"2009053021","","2","0","0","0","0","0","0","0","0","4","0","","02","2","2009","6","40.358332","-80.105266","","11","0","0","0","0","0","0","0","0","1","0","0","0","","","0","","2","","40 21:29.996","5","0","80 06:18.957","0","0","0","0","2414","0","0","0","N","0","0","0","2","02414","0","","1.0","","1","N","N","","0","","0","0","0","","3","Y","","2","0","1","0","0","0","0","2","0","2","","","","N","","","","","","","","","",""
"2009053022","","1","0","0","0","0","0","0","0","0","4","0","","02","2","2009","3","40.359733","-80.111084","","11","0","0","0","0","0","0","0","0","","0","0","0","","","0","","2","","40 21:35.038","","0","80 06:39.902","0","0","0","0","2414","0","0","0","N","0","0","0","1","02414","0","","1.0","","1","N","N","","0","","0","0","0","","8","","","2","0","0","0","0","0","0","2","0","2","","","","N","","","","","","","","","",""
"2009053023","","0","0","0","0","0","0","0","0","0","7","0","","02","3","2009","4","40.3653","-80.1153","","11","0","1","0","0","0","0","0","0","2","0","0","0","","","0","","0","","40 21:55.080","6","0","80 06:55.080","0","0","0","0","2414","0","0","0","N","0","0","0","1","02414","0","","2.0","","1","N","N","","0","","0","0","1","","0","Y","","1","0","0","0","0","0","0","2","0","1","","","","N","","","","","","","","","",""
"2009053024","","4","0","0","0","0","0","0","0","0","1","0","","02","3","2009","5","40.360119","-80.11151","","11","0","0","0","0","0","1","0","1","2","0","0","0","","","2","","0","","40 21:36.429","2","0","80 06:41.436","4","0","0","0","2414","0","0","0","N","0","0","0","4","02414","1","","1.0","","9","N","N","","0","","0","0","0","","0","N","","4","2","0","0","0","1","0","2","0","4","","","","N","","","","","","","","","",""
"2009053025","","1","0","0","0","0","0","0","0","0","4","0","","02","4","2009","6","40.356759","-80.113171","","11","0","0","0","0","0","1","0","0","","0","0","0","","","0","","2","","40 21:24.331","","0","80 06:47.414","0","0","0","0","2414","0","0","0","N","0","0","0","2","02414","0","","1.0","","9","N","N","","0","","0","0","1","","3","","","2","0","0","0","0","0","0","2","0","2","","","","N","","","","","","","","","",""
"2009053026","","1","0","0","0","0","0","0","0","0","7","0","","02","4","2009","5","40.3568","-80.1132","","11","0","0","0","0","0","0","0","0","2","0","0","0","","","1","","1","","40 21:24.480","6","0","80 06:47.520","4","0","0","0","2414","0","0","0","N","0","0","0","2","02414","1","","5.0","","1","N","N","","0","","0","0","0","","0","Y","","1","1","2","0","0","0","0","2","0","1","","","","N","","","","","","","","","",""
"2009053027","","2","0","0","0","0","0","0","0","0","1","0","","02","4","2009","5","40.359196","-80.109846","","11","0","0","0","0","0","0","0","0","1","0","0","0","","","2","","2","","40 21:33.105","3","0","80 06:35.445","8","0","0","0","2414","0","0","0","N","0","0","0","2","02414","0","","1.0","","1","N","N","","0","","0","0","0","","0","N","","2","2","1","0","0","2","0","2","0","2","","","","N","","","","","","","","","",""
"2009053028","","2","0","0","0","0","0","0","0","0","5","0","","02","5","2009","2","","","","11","0","0","0","1","0","0","0","0","","0","0","0","","","0","","0","","","","0","","0","0","0","0","2414","0","0","0","N","0","0","0","1","02414","0","","6.0","","9","N","N","","0","","0","0","0","","0","","","2","0","0","0","0","0","0","1","0","2","","","","N","","","","","","","","","",""
"2009053029","","2","0","0","0","0","0","0","0","0","2","0","","02","5","2009","4","40.357609","-80.110229","","11","0","0","0","0","0","2","0","0","1","0","0","0","","","1","","2","","40 21:27.392","3","0","80 06:36.823","4","0","0","0","2414","0","0","0","N","0","0","0","2","02414","1","","1.0","","1","N","N","","0","","0","0","0","","0","Y","","2","1","0","0","0","0","0","2","0","2","","","","N","","","","","","","","","",""
"2009053190","","2","0","0","0","0","0","0","0","0","4","0","","02","5","2009","3","40.642171","-79.938472","","11","0","0","0","0","0","0","0","0","","0","0","0","","","2","","2","","40 38:31.817","","0","79 56:18.498","3","0","0","0","2217","0","0","0","N","0","0","0","3","02505","0","","1.0","","1","N","N","","0","","2","0","0","","2","","","2","2","0","0","0","0","0","2","0","2","","","","N","","","","","","","","","",""
"2009053194","","1","0","0","0","0","0","0","0","0","7","0","","02","5","2009","1","40.3639","-79.8428","","11","0","0","1","0","0","0","0","0","9","0","0","0","","","2","","0","","40 21:50.040","1","0","79 50:34.080","3","0","0","0","2303","0","0","0","N","0","0","0","2","02303","0","","2.0","","1","N","N","","0","","1","0","0","","0","N","","1","2","2","0","0","1","0","2","0","1","","","","N","","","","","","","","","",""
"2009053202","","2","0","0","0","0","0","0","0","0","5","0","","02","5","2009","4","40.427198","-79.989116","","11","0","0","0","0","0","0","0","0","","0","0","0","","","0","","0","","40 25:37.914","","0","79 59:20.819","9","0","0","0","2301","0","0","0","N","0","0","0","2","02301","0","","6.0","","1","N","N","","0","","0","0","0","","0","","","2","0","0","0","0","0","2","2","0","2","","","","N","","","","","","","","","",""
"2009053204","","0","0","0","0","0","0","0","0","0","7","0","","02","5","2009","3","40.4925","-79.8478","","11","0","0","0","0","0","0","0","0","1","0","0","0","","","0","","0","","40 29:33.000","6","0","79 50:52.080","0","0","0","0","2113","0","0","0","N","0","0","0","1","02113","0","","2.0","","9","N","N","","1","","0","0","0","","0","N","","1","0","0","0","0","0","0","2","0","1","","","","N","","","","","","","","","",""
"2009053217","","1","0","0","0","0","0","0","0","0","1","0","","02","5","2009","4","40.440445","-79.960321","","11","0","0","0","0","0","0","0","0","1","0","0","0","","","1","","1","","40 26:25.602","4","0","79 57:37.155","4","0","0","0","2301","0","0","0","N","0","0","0","4","02301","1","","1.0","","1","N","N","","0","","0","0","1","","2","N","","3","1","1","0","0","0","0","2","1","3","","","","N","","","","","","","","","",""
"2009053247","","1","0","0","0","0","0","0","0","0","7","0","","02","4","2009","1","40.492805","-79.897917","","11","0","0","0","0","0","0","1","0","2","0","0","0","","","0","","0","","40 29:34.097","2","0","79 53:52.501","0","0","0","0","2112","0","0","0","N","0","0","0","1","68D02","0","","5.0","","1","N","N","","0","","0","0","0","","0","N","","1","0","0","0","0","0","0","2","0","1","","","","N","","","","","","","","","",""
"2009053333","","1","0","0","0","0","0","0","0","0","5","0","","02","5","2009","3","40.456405","-79.990604","","11","0","0","0","0","0","1","0","0","1","0","0","0","","","1","","0","","40 27:23.057","2","0","79 59:26.176","8","0","0","0","2118","0","0","0","N","0","0","0","2","02118","0","","4.0","","1","N","N","","1","","0","0","0","","0","N","","2","1","0","0","0","1","0","2","0","2","","","","N","","","","","","","","","",""
"2009053351","","1","0","0","0","0","0","0","0","0","5","0","","02","5","2009","4","40.326605","-80.137368","","11","0","0","0","0","0","1","0","0","","0","0","0","","","1","","2","","40 19:35.777","","0","80 08:14.525","8","0","0","1","2119","0","0","0","N","0","0","0","2","02119","0","","1.0","","1","N","N","","0","","0","0","0","","0","","","2","1","0","0","0","1","0","2","0","2","","","","N","","","","","","","","","",""
"2009053361","","1","0","0","0","0","0","0","0","0","7","0","","02","5","2009","4","40.402918","-79.897485","","11","0","0","0","0","0","0","0","1","","0","0","0","","","1","","0","","40 24:10.504","","0","79 53:50.946","3","0","0","0","2448","0","0","0","N","0","0","0","1","02448","0","","2.0","","1","N","N","","0","","1","0","0","","0","","","1","1","0","0","0","0","0","2","0","1","","","","N","","","","","","","","","",""
"2009053366","","2","0","0","0","0","0","1","0","0","99","1","","02","5","2009","4","40.437816","-79.887124","","11","0","0","0","0","0","1","0","0","","0","0","0","","","1","","2","","40 26:16.137","","0","79 53:13.646","8","0","0","0","2478","0","0","0","N","0","0","0","2","02503","0","","1.0","","1","N","N","","0","","0","0","0","","3","","","3","1","0","0","0","1","0","2","0","3","","","","N","","","","","","","","","",""
"2009053376","","2","0","0","0","0","0","0","0","0","4","0","","02","5","2009","4","40.34403","-79.814434","","11","0","0","0","0","0","1","0","0","1","0","0","0","","","2","","2","","40 20:38.509","4","0","79 48:51.962","4","0","0","0","2477","0","0","0","N","0","0","0","4","02477","2","","1.0","","1","N","N","","0","","0","0","0","","3","N","","2","2","0","0","0","0","0","2","0","2","","","","N","","","","","","","","","",""
"2009053390","","1","0","0","0","0","0","0","0","0","7","0","","02","5","2009","5","40.51322","-80.097269","","11","0","0","0","0","0","0","0","0","","0","0","0","","","0","","2","","40 30:47.592","","0","80 05:50.168","0","0","0","0","2429","0","0","0","","0","0","0","1","02215","0","","5.0","","1","","","","0","","0","0","0","","0","","","1","0","0","0","0","0","0","2","0","1","","","","N","","","","","","","","","",""
"2009053391","","0","0","0","1","0","0","1","0","0","8","1","","02","5","2009","5","40.438067","-79.922993","","11","0","0","0","0","0","1","0","0","2","0","0","0","","","1","","1","","40 26:17.041","7","0","79 55:22.774","3","0","0","0","2301","1","0","0","N","0","0","0","2","02503","0","","1.0","","1","N","N","","0","","1","0","0","","2","N","","2","1","0","0","0","0","0","2","0","1","","","","N","","","","","","","","","",""
"2009053399","","1","0","0","0","0","0","0","0","0","7","0","","02","5","2009","3","40.4389","-79.7637","","11","0","0","0","0","0","0","0","0","1","0","0","0","","","0","","0","","40 26:20.040","3","0","79 45:49.320","0","0","0","0","2446","0","0","0","N","0","0","0","1","02446","0","","2.0","","1","N","N","","0","","0","0","0","","0","N","","1","0","0","0","0","0","0","2","0","1","","","","N","","","","","","","","","",""
"2009053407","","1","0","0","0","0","0","1","0","0","1","1","","02","5","2009","4","40.543358","-80.213947","","11","0","0","0","0","0","1","0","0","","0","0","0","","","0","","0","","40 32:36.090","","0","80 12:50.209","0","0","0","0","2213","0","0","0","N","0","0","0","5","02213","0","","1.0","","1","Y","N","","0","","0","0","0","","0","","","2","0","0","0","0","0","0","2","0","2","","","","N","","","","","","","","","",""
"2009053492","","1","0","0","0","0","0","0","0","0","7","0","45","02","5","2009","7","40.4962","-79.9141","","11","0","0","0","0","0","1","0","0","2","0","0","0","","","0","","0","","40 29:46.320","1","0","79 54:50.760","0","0","0","0","2112","0","0","0","Y","0","0","0","1","68D02","0","","4.0","","1","Y","Y","","0","","0","0","0","","0","N","","1","0","0","0","0","0","0","2","0","1","","","Y","Y","4","1","N","N","N","Y","N","N","N",""
"2009053543","","1","0","0","0","0","0","0","0","0","2","0","","02","4","2009","2","40.3609","-80.1275","","11","0","0","0","0","1","0","0","0","2","0","0","0","","","2","","2","","40 21:39.240","7","0","80 07:39.000","3","0","0","0","2119","0","0","0","N","0","0","0","2","02119","1","","1.0","","1","N","N","","1","","1","0","0","","3","Y","","2","2","0","0","0","0","0","2","0","2","","","","N","","","","","","","","","",""
"2009053575","","2","0","0","0","0","0","0","0","0","1","0","","02","5","2009","1","40.3365","-79.9784","","11","0","0","0","0","0","1","0","0","1","0","0","0","","","2","","0","","40 20:11.400","2","0","79 58:42.240","4","0","0","0","2403","0","0","0","N","0","0","0","3","02403","1","","1.0","","1","N","N","","0","","0","0","0","","2","N","","2","2","0","0","0","1","0","2","0","2","","","","N","","","","","","","","","",""
"2009053576","","1","0","0","0","0","0","0","0","0","1","0","","02","5","2009","4","40.4462","-79.8279","","11","0","0","0","0","1","1","0","0","","0","0","0","","","0","","1","","40 26:46.320","","0","79 49:40.440","0","0","0","0","2113","0","0","0","N","0","0","0","2","02113","0","","1.0","","9","N","N","","0","","0","0","1","","2","","","2","0","0","0","0","0","0","2","0","2","","","","N","","","","","","","","","",""
"2009053578","","1","0","0","0","0","0","0","0","0","2","0","","02","5","2009","4","40.452227","-80.025708","","11","0","0","1","0","0","0","0","0","1","0","0","0","","","1","","1","","40 27:08.017","7","0","80 01:32.548","4","0","0","0","2301","0","0","0","N","0","0","0","3","02301","1","","1.0","","1","N","N","","0","","0","0","2","","3","N","","3","1","1","0","0","0","0","2","0","3","","","","N","","","","","","","","","",""
"2009053579","","2","0","0","0","0","0","0","0","0","1","0","","02","5","2009","4","40.526453","-79.844641","","11","0","0","0","0","0","1","0","0","","0","0","0","","","0","","0","","40 31:35.229","","3","79 50:40.706","0","0","0","0","2451","0","0","0","N","0","0","0","5","02451","0","","1.0","","9","N","N","","0","","0","0","1","","0","","","3","0","0","0","0","0","0","2","0","3","","","","N","","","","","","","","","",""
"2009053580","","2","0","0","0","0","0","0","0","0","5","0","","02","5","2009","4","40.459725","-79.987222","","11","0","0","0","0","0","0","0","0","","0","0","0","","","0","","0","","40 27:35.010","","0","79 59:13.999","0","0","0","0","2301","0","0","0","N","0","0","0","1","02301","0","","1.0","","9","N","N","","0","","0","0","0","","0","","","2","0","0","0","0","0","0","2","0","2","","","","N","","","","","","","","","",""
"2009053594","","3","0","0","0","0","0","0","0","0","2","0","","02","4","2009","1","40.54136","-80.0613","","11","0","0","0","0","0","0","0","0","","0","0","0","","","0","","0","","40 32:28.896","","0","80 03:40.680","0","0","0","0","2116","0","0","0","N","0","0","0","1","02116","0","","1.0","","1","N","N","","0","","0","0","0","","0","","","3","0","0","0","0","0","0","2","0","3","","","","N","","","","","","","","","",""
"2009053642","","1","0","0","0","0","0","0","0","0","1","0","","02","5","2009","7","40.428008","-79.925711","","11","0","0","0","0","0","0","0","0","","0","0","0","","","0","","0","","40 25:40.827","","0","79 55:32.561","0","0","0","0","2301","0","0","0","N","0","0","0","2","68B04","0","","1.0","","1","N","N","","0","","0","0","1","","0","","","3","0","0","0","0","0","0","2","0","2","","","","N","","","","","","","","","",""
"2009053746","","1","0","0","0","0","0","0","0","0","4","0","","02","5","2009","3","40.419824","-79.749652","","11","0","0","0","0","0","0","0","0","","0","0","0","","","2","","1","","40 25:11.366","","0","79 44:58.747","4","0","0","0","2446","0","0","0","N","0","0","0","2","02446","2","","1.0","","9","N","N","","0","","0","0","1","","3","","","2","2","0","0","0","0","0","2","0","2","","","","N","","","","","","","","","",""
"2009053755","","0","0","0","0","0","0","1","0","0","1","1","","02","5","2009","5","40.42785","-79.787756","","11","0","0","0","0","0","0","0","0","1","0","0","0","","","2","","0","","40 25:40.260","3","0","79 47:15.920","8","0","0","0","2446","0","0","0","N","0","0","0","3","02446","0","","1.0","","1","Y","N","","0","","0","0","1","","0","N","","2","2","0","0","0","2","0","2","0","2","","","","N","","","","","","","","","",""
"2009053756","","1","0","0","0","0","0","0","0","0","1","0","","02","5","2009","5","40.318","-80.1115","","11","0","0","0","0","0","2","0","0","1","0","0","0","","","0","","0","","40 19:04.800","4","0","80 06:41.400","0","0","0","0","2123","0","0","0","N","0","0","0","2","02123","0","","1.0","","1","N","N","","0","","0","0","1","","0","N","","2","0","0","0","0","0","0","2","0","2","","","","N","","","","","","","","","",""
"2009053761","","1","0","0","0","0","0","0","0","0","8","0","","02","5","2009","1","40.426306","-80.007642","","11","0","0","0","0","0","0","0","0","","0","0","0","","","2","","0","","40 25:34.700","","0","80 00:27.510","8","0","0","0","2301","1","0","0","N","1","0","0","2","02301","0","","5.0","","1","N","N","","0","","0","0","0","","0","","","2","2","0","0","0","2","0","2","0","1","","","","N","","","","","","","","","",""
"2009053763","","1","0","0","0","0","0","0","0","0","6","1","","02","5","2009","5","40.469163","-79.859833","","11","0","0","0","0","0","0","1","0","","0","1","0","","","0","","0","","40 28:08.987","","0","79 51:35.399","0","0","0","0","2113","0","0","0","N","0","0","0","3","02113","0","","1.0","","1","N","N","","0","","0","0","0","","0","","","2","0","0","0","0","0","0","2","0","2","","","","N","","","","","","","","","",""
"2009053764","","2","0","0","0","0","0","0","0","0","5","0","","02","5","2009","4","40.41796","-79.88013","","11","0","0","0","0","0","0","1","0","","0","0","0","","","0","","2","","40 25:04.656","","0","79 52:48.468","0","0","0","0","2463","0","0","0","N","0","0","0","1","02463","0","","2.0","","1","N","N","","0","","0","0","0","","0","","","2","0","0","0","0","0","0","2","0","2","","","","N","","","","","","","","","",""
"2009053776","","0","0","0","0","0","0","0","0","0","7","0","","02","5","2009","4","40.388434","-80.057114","","11","0","0","0","0","0","1","0","0","","0","0","0","","","0","","1","","40 23:18.363","","0","80 03:25.611","0","0","0","0","2109","0","0","0","N","0","0","0","1","02109","0","","5.0","","1","N","N","","1","","0","0","0","","2","","","1","0","0","0","0","0","0","2","0","1","","","","N","","","","","","","","","",""
"2009053780","","3","0","0","0","0","0","0","0","0","1","0","","02","5","2009","5","40.385","-79.8627","","11","0","0","0","0","0","0","0","0","2","0","0","0","","","0","","1","","40 23:06.000","1","0","79 51:45.720","0","0","0","0","2303","0","0","0","N","0","0","0","12","02303","0","","1.0","","1","N","N","","0","","0","0","0","","0","Y","","3","0","1","0","0","0","0","2","0","3","","","","N","","","","","","","","","",""
"2009053792","","1","0","0","0","0","0","0","0","0","1","0","","02","5","2009","5","40.385991","-80.092602","","11","0","0","0","0","1","1","0","0","1","0","0","0","","","0","","0","","40 23:09.569","3","0","80 05:33.367","0","0","0","0","2117","0","0","0","N","0","0","0","2","02117","0","","1.0","","9","N","N","","0","","0","0","1","","0","N","","2","0","0","0","0","0","0","2","0","2","","","","N","","","","","","","","","",""
"2009053796","","0","0","0","0","0","0","0","0","0","7","0","","02","5","2009","4","40.463549","-79.704987","","11","0","0","1","0","0","0","0","0","1","0","0","0","","","1","","0","","40 27:48.777","3","0","79 42:17.954","3","0","0","0","2466","0","0","0","N","0","0","0","2","02466","0","","2.0","","9","N","N","","0","","1","0","0","","0","N","","1","1","0","0","0","0","0","2","1","1","","","","N","","","","","","","","","",""
"2009053798","","1","0","0","0","0","0","0","0","0","7","0","","02","5","2009","5","40.435385","-79.886961","","11","0","0","0","0","0","1","0","0","","0","0","0","","","0","","0","","40 26:07.386","","0","79 53:13.059","0","0","0","0","2426","0","0","0","Y","0","0","0","1","02426","0","","5.0","","1","N","N","","0","","0","0","0","","0","","","1","0","0","0","0","0","0","2","0","1","","","","N","","","","","","","","","",""
"2009053800","","1","0","0","0","0","0","0","0","0","7","0","","02","5","2009","4","40.6521","-80.0547","","11","0","0","0","0","1","0","0","0","","0","0","0","","","0","","0","","40 39:07.560","","0","80 03:16.920","0","0","0","0","2216","0","0","0","N","0","0","0","1","02505","0","","2.0","","9","N","N","","0","","0","0","0","","0","","","1","0","0","0","0","0","0","2","0","1","","","","N","","","","","","","","","",""
"2009053804","","1","0","0","0","0","0","0","0","0","1","0","","02","5","2009","7","40.3111","-80.033","","11","0","1","0","0","0","0","0","0","","0","0","0","","","1","","2","","40 18:39.960","","0","80 01:58.800","4","0","0","0","2407","0","0","0","N","0","0","0","4","02407","1","","1.0","","1","N","N","","0","","0","0","1","","2","","","2","1","0","0","0","0","0","2","0","2","","","","N","","","","","","","","","",""
"2009053843","","1","0","0","0","0","0","0","0","0","1","0","","02","5","2009","5","40.528499","-79.850278","","11","0","0","0","0","0","0","0","0","1","0","0","0","","","1","","2","","40 31:42.598","3","3","79 51:01.000","4","0","0","0","2208","0","0","0","N","0","0","0","5","02208","1","","1.0","","1","N","N","","1","","0","0","1","","0","N","","3","1","0","0","0","0","0","2","0","3","","","","N","","","","","","","","","",""
"2009053887","","1","0","0","0","0","0","0","0","0","7","0","","02","1","2009","7","40.435906","-80.026622","","11","0","0","0","0","0","0","0","0","3","0","0","0","","","1","","0","","40 26:09.260","4","0","80 01:35.840","4","0","0","0","2301","0","0","0","N","0","0","0","1","02301","1","","4.0","","6","N","N","","0","","0","0","0","","0","N","","1","1","0","0","0","0","0","2","0","1","","","","N","","","","","","","","","",""
"2009053888","","1","0","0","0","0","0","0","0","0","4","0","","02","5","2009","5","40.4826","-79.7219","","11","0","0","0","0","0","1","0","0","","0","0","0","","","0","","0","","40 28:57.360","","0","79 43:18.840","0","0","0","0","2466","0","0","0","N","0","0","0","2","02466","0","","1.0","","9","N","N","","1","","0","0","0","","0","","","2","0","0","0","0","0","0","2","0","2","","","","N","","","","","","","","","",""
"2009053897","","4","0","0","0","0","0","0","0","0","1","0","","02","5","2009","1","40.457394","-79.815831","","11","0","0","0","0","0","0","0","0","","0","0","0","","","0","","0","","40 27:26.618","","0","79 48:56.991","0","0","0","0","2113","0","0","0","N","0","0","0","0","02113","0","","4.0","","1","N","N","","0","","0","0","0","","0","","","4","0","0","0","0","0","0","2","0","4","","","","N","","","","","","","","","",""
"2009053903","","1","0","0","0","0","0","0","0","0","7","0","","02","5","2009","5","40.40452","-80.055525","","11","0","0","0","0","0","0","0","0","2","0","0","0","","","0","","1","","40 24:16.271","3","0","80 03:19.890","0","0","0","0","2435","0","0","0","N","0","0","0","1","02435","0","","2.0","","9","N","N","","0","","0","0","0","","2","N","","1","0","0","0","0","0","0","2","0","1","","","","N","","","","","","","","","",""
"2009053904","","1","0","0","0","0","0","0","0","0","7","0","","02","5","2009","5","40.3497","-80.0514","","11","0","0","0","0","0","0","0","0","","0","0","0","","","0","","0","","40 20:58.920","","0","80 03:05.040","0","0","0","0","2109","0","0","0","N","0","0","0","1","02109","0","","5.0","","1","N","N","","0","","0","0","0","","0","","","1","0","0","0","0","0","0","2","0","1","","","","N","","","","","","","","","",""
"2009053908","","2","0","0","0","0","0","0","0","0","1","0","","02","5","2009","7","40.490901","-80.331785","","11","0","0","0","0","0","0","0","0","","0","0","0","","","2","","2","","40 29:27.242","","0","80 19:54.426","4","0","0","0","2203","0","0","0","N","0","0","0","4","02203","2","","1.0","","1","N","N","","0","","0","0","0","","3","","","2","2","0","0","0","0","0","1","0","2","","","","N","","","","","","","","","",""
"2009053919","","1","0","0","0","0","0","0","0","0","7","0","","02","5","2009","2","40.641305","-80.108271","","11","0","0","1","0","0","0","0","0","","0","0","0","","","0","","2","","40 38:28.699","","0","80 06:29.774","0","0","0","0","2212","0","0","0","N","0","0","0","2","02505","0","","5.0","","1","N","N","","0","","0","0","0","","3","","","1","0","0","0","0","0","0","2","0","1","","","","N","","","","","","","","","",""
"2009053923","","1","0","0","0","0","0","0","0","0","7","0","","02","5","2009","7","40.422009","-79.854475","","11","0","0","0","0","0","0","0","0","2","0","0","0","","","0","","0","","40 25:19.233","1","0","79 51:16.111","9","0","0","0","2431","0","0","0","N","0","0","0","1","02431","0","","3.0","","1","N","N","","0","","0","0","0","","0","N","","1","0","0","0","0","0","1","2","0","1","","","","N","","","","","","","","","",""
"2009053936","","1","0","0","0","0","0","0","0","0","7","0","","02","5","2009","6","40.457307","-79.917157","","11","0","0","0","0","0","0","0","0","2","0","0","0","","","0","","0","","40 27:26.304","2","0","79 55:01.766","0","0","0","0","2301","0","0","0","N","0","0","0","1","02301","0","","5.0","","1","N","N","","0","","0","0","0","","0","N","","1","0","0","0","0","0","0","2","0","1","","","","N","","","","","","","","","",""
"2009053954","","2","0","0","0","0","0","0","0","0","5","0","","02","3","2009","2","40.474239","-79.908209","","11","0","0","0","0","0","0","0","1","2","0","0","0","","","2","","1","","40 28:27.262","1","0","79 54:29.551","3","0","0","0","2301","0","0","0","N","0","0","0","8","02301","0","","1.0","","1","N","N","","1","","1","0","0","","2","Y","","3","2","0","0","0","1","0","2","0","3","","","","N","","","","","","","","","",""
"2009053955","","2","0","0","0","0","0","0","0","0","4","0","","02","5","2009","1","40.456642","-79.939679","","11","0","0","0","0","0","1","0","0","2","0","0","0","","","0","","1","","40 27:23.912","2","0","79 56:22.843","0","0","0","0","2301","0","0","0","N","0","0","0","3","02301","0","","1.0","","1","N","N","","1","","0","0","0","","2","N","","3","0","0","0","0","0","0","2","0","3","","","","N","","","","","","","","","",""
"2009054273","","1","0","0","0","0","0","0","0","0","1","0","","02","5","2009","7","40.562826","-79.999605","","11","0","0","1","0","0","0","0","0","","0","0","0","","","1","","0","","40 33:46.173","","0","79 59:58.578","4","0","0","1","2108","0","0","0","N","0","0","0","2","02108","1","","1.0","","1","N","N","","0","","0","0","0","","8","","","2","1","0","0","0","0","0","2","0","2","","","","N","","","","","","","","","",""
"2009054274","","2","0","0","0","0","0","0","0","0","4","0","","02","5","2009","5","40.568006","-80.049508","","11","1","0","0","0","0","1","0","0","2","0","0","0","","","2","","1","","40 34:04.821","1","0","80 02:58.228","4","0","0","0","2108","0","0","0","N","0","0","0","4","02108","2","","1.0","","1","N","N","","0","","0","0","0","","3","N","","2","2","0","0","0","0","0","2","0","2","","","","N","","","","","","","","","",""
"2009054278","","2","0","0","0","0","0","0","0","0","4","0","","02","5","2009","2","40.44161","-80.240672","","11","0","0","0","1","0","0","0","0","","0","0","0","","","0","","1","","40 26:29.796","","0","80 14:26.419","0","0","0","0","2214","0","0","0","N","0","0","0","2","02214","0","","1.0","","9","N","N","","0","","0","0","0","","3","","","2","0","0","0","0","0","0","2","0","2","","","","N","","","","","","","","","",""
"2009054279","","0","0","0","0","0","0","0","0","0","3","0","","02","4","2009","6","40.449791","-80.176246","","11","0","0","0","1","0","0","0","0","","0","0","0","","","1","","0","","40 26:59.247","","0","80 10:34.487","4","0","0","0","2214","0","0","0","N","0","0","0","4","02214","1","","1.0","","1","N","N","","0","","0","0","1","","0","","","2","1","0","0","0","0","0","2","1","2","","","","N","","","","","","","","","",""