"CRN","ARRIVAL_TM","AUTOMOBILE_COUNT","BELTED_DEATH_COUNT","BELTED_SUSP_SERIOUS_INJ_COUNT","BICYCLE_COUNT","BICYCLE_DEATH_COUNT","BICYCLE_SUSP_SERIOUS_INJ_COUNT","BUS_COUNT","CHLDPAS_DEATH_COUNT","CHLDPAS_SUSP_SERIOUS_INJ_COUNT","COLLISION_TYPE","COMM_VEH_COUNT","CONS_ZONE_SPD_LIM","COUNTY","CRASH_MONTH","CRASH_YEAR","DAY_OF_WEEK","DEC_LATITUDE","DEC_LONGITUDE","DISPATCH_TM","DISTRICT","DRIVER_COUNT_16YR","DRIVER_COUNT_17YR","DRIVER_COUNT_18YR","DRIVER_COUNT_19YR","DRIVER_COUNT_20YR","DRIVER_COUNT_50_64YR","DRIVER_COUNT_65_74YR","DRIVER_COUNT_75PLUS","EST_HRS_CLOSED","FATAL_COUNT","HEAVY_TRUCK_COUNT","HORSE_BUGGY_COUNT","HOUR_OF_DAY","ILLUMINATION","INJURY_COUNT","INTERSECTION_RELATED","INTERSECT_TYPE","LANE_CLOSED","LATITUDE","LN_CLOSE_DIR","LOCATION_TYPE","LONGITUDE","MAX_SEVERITY_LEVEL","MCYCLE_DEATH_COUNT","MCYCLE_SUSP_SERIOUS_INJ_COUNT","MOTORCYCLE_COUNT","MUNICIPALITY","NONMOTR_COUNT","NONMOTR_DEATH_COUNT","NONMOTR_SUSP_SERIOUS_INJ_COUNT","NTFY_HIWY_MAINT","PED_COUNT","PED_DEATH_COUNT","PED_SUSP_SERIOUS_INJ_COUNT","PERSON_COUNT","POLICE_AGCY","POSSIBLE_INJ_COUNT","RDWY_SURF_TYPE_CD","RELATION_TO_ROAD","ROADWAY_CLEARED","ROAD_CONDITION","SCH_BUS_IND","SCH_ZONE_IND","SECONDARY_CRASH","SMALL_TRUCK_COUNT","SPEC_JURIS_CD","SUSP_MINOR_INJ_COUNT","SUSP_SERIOUS_INJ_COUNT","SUV_COUNT","TCD_FUNC_CD","TCD_TYPE","TFC_DETOUR_IND","TIME_OF_DAY","TOTAL_UNITS","TOT_INJ_COUNT","UNBELTED_OCC_COUNT","UNB_DEATH_COUNT","UNB_SUSP_SERIOUS_INJ_COUNT","UNK_INJ_DEG_COUNT","UNK_INJ_PER_COUNT","URBAN_RURAL","VAN_COUNT","VEHICLE_COUNT","WEATHER1","WEATHER2","WORKERS_PRES","WORK_ZONE_IND","WORK_ZONE_LOC","WORK_ZONE_TYPE","WZ_CLOSE_DETOUR","WZ_FLAGGER","WZ_LAW_OFFCR_IND","WZ_LN_CLOSURE","WZ_MOVING","WZ_OTHER","WZ_SHLDER_MDN","WZ_WORKERS_INJ_KILLED"
"2009055836","","1","0","0","1","0","0","0","0","0","8","0","","02","6","2009","2","40.4367","-80.0009","","11","0","0","0","0","0","0","0","0","","0","0","0","","","1","","1","","40 26:12.120","","2","80 00:03.240","8","0","0","0","2301","1","0","0","N","0","0","0","2","02301","0","","1.0","","1","N","N","","0","","0","0","0","","2","","","2","1","0","0","0","1","0","2","0","1","","","","N","","","","","","","","","",""
"2009055837","","0","0","0","0","0","0","0","0","0","1","0","","02","6","2009","3","40.428147","-79.961006","","11","0","0","0","0","0","0","0","0","2","0","0","0","","","1","","0","","40 25:41.330","5","3","79 57:39.620","8","0","0","0","2301","0","0","0","N","0","0","0","3","02301","0","","1.0","","1","N","N","","0","","0","0","0","","0","N","","2","1","1","0","0","1","0","2","2","2","","","","N","","","","","","","","","",""
"2009055840","","2","0","0","0","0","0","0","0","0","4","0","","02","6","2009","2","40.5145","-80.2223","","11","0","0","0","0","0","0","0","1","2","0","0","0","","","1","","0","","40 30:52.200","1","0","80 13:20.280","8","0","0","0","2213","0","0","0","N","0","0","0","2","02213","0","","1.0","","1","N","N","","0","","0","0","0","","0","N","","2","1","0","0","0","1","0","2","0","2","","","","N","","","","","","","","","",""
"2009055941","","2","0","0","0","0","0","0","0","0","1","0","","02","5","2009","7","40.425701","-80.050257","","11","0","0","0","1","0","1","0","0","2","0","0","0","","","2","","2","","40 25:32.523","2","0","80 03:00.926","4","0","0","0","2435","0","0","0","N","0","0","0","10","02435","1","","1.0","","1","N","N","","1","","0","0","0","","0","N","","3","2","2","0","0","1","0","2","0","3","","","","N","","","","","","","","","",""
"2009055957","","1","0","0","0","0","0","0","0","0","7","0","","02","6","2009","2","40.53079","-80.27069","","11","0","1","0","0","0","0","0","0","","0","0","0","","","0","","2","","40 31:50.843","","0","80 16:14.484","0","0","0","0","2203","0","0","0","N","0","0","0","1","02203","0","","5.0","","1","N","N","","0","","0","0","0","","0","","","1","0","0","0","0","0","0","2","0","1","","","","N","","","","","","","","","",""
"2009055960","","1","0","0","0","0","0","0","0","0","7","0","","02","6","2009","3","40.520737","-80.033095","","11","0","0","0","0","0","0","0","0","","0","0","0","","","0","","0","","40 31:14.653","","0","80 01:59.141","0","0","0","0","2474","0","0","0","N","0","0","0","1","02474","0","","4.0","","1","N","N","","0","","0","0","0","","0","","","1","0","0","0","0","0","0","2","0","1","","","","N","","","","","","","","","",""
"2009055965","","2","0","0","0","0","0","0","0","0","3","0","","02","5","2009","1","40.460675","-79.922759","","11","0","0","0","0","0","0","0","0","2","0","0","0","","","1","","1","","40 27:38.430","5","0","79 55:21.931","2","0","0","0","2301","0","0","0","N","0","0","0","4","02301","0","","1.0","","1","N","N","","0","","0","1","0","","1","Y","","2","1","0","0","0","0","0","2","0","2","","","","N","","","","","","","","","",""
"2009055966","","0","0","0","0","0","0","0","0","0","7","0","","02","6","2009","4","40.467698","-79.913741","","11","0","0","0","0","0","1","0","0","","0","0","0","","","0","","0","","40 28:03.712","","0","79 54:49.466","0","0","0","0","2301","0","0","0","N","0","0","0","1","02301","0","","5.0","","1","N","N","","0","","0","0","1","","0","","","1","0","0","0","0","0","0","2","0","1","","","","N","","","","","","","","","",""
"2009055968","","1","0","0","0","0","0","0","0","0","7","0","","02","6","2009","4","40.47934","-79.838653","","11","0","0","0","0","1","0","0","0","2","0","0","0","","","0","","0","","40 28:45.625","6","0","79 50:19.151","0","0","0","0","2113","0","0","0","N","0","0","0","2","02113","0","","4.0","","1","N","N","","0","","0","0","0","","0","Y","","1","0","0","0","0","0","0","2","0","1","","","","N","","","","","","","","","",""
"2009055976","","1","0","0","0","0","0","0","0","0","4","0","","02","5","2009","6","40.533896","-79.844881","","11","0","0","0","0","0","0","0","0","","0","0","0","","","0","","2","","40 32:02.027","","0","79 50:41.571","0","0","0","0","2208","0","0","0","N","0","0","0","2","02208","0","","1.0","","1","N","N","","1","","0","0","0","","2","","","2","0","0","0","0","0","0","2","0","2","","","","N","","","","","","","","","",""
"2009055977","","1","0","0","0","0","0","0","0","0","4","0","","02","5","2009","1","40.3837","-79.8227","","11","0","0","0","0","0","0","0","0","2","0","0","0","","","0","","0","","40 23:01.320","4","1","79 49:21.720","0","0","0","0","2111","0","0","0","N","0","0","0","10","02111","0","","1.0","","1","N","N","","0","","0","0","1","","0","N","","2","0","0","0","0","0","0","2","0","2","","","","N","","","","","","","","","",""
"2009055979","","0","0","0","0","0","0","0","0","0","7","0","40","02","6","2009","2","40.254644","-79.878827","","11","0","0","0","0","0","0","0","0","2","0","0","0","","","1","","0","","40 15:16.719","1","0","79 52:43.777","4","0","0","0","2204","0","0","0","N","0","0","0","1","02204","1","","4.0","","1","N","N","","1","","0","0","0","","0","N","","1","1","0","0","0","0","0","1","0","1","","","Y","Y","4","1","","","N","Y","","","",""
"2009055991","","0","0","0","0","0","0","0","0","0","1","0","","02","6","2009","3","40.419194","-80.052478","","11","0","0","0","0","0","1","0","0","","0","0","0","","","1","","0","","40 25:09.097","","0","80 03:08.921","4","0","0","0","2435","0","0","0","N","0","0","0","2","68B03","1","","1.0","","9","N","N","","1","","0","0","1","","0","","","2","1","0","0","0","0","0","2","0","2","","","","N","","","","","","","","","",""
"2009056073","","1","0","0","0","0","0","0","0","0","4","0","","02","6","2009","4","40.480468","-79.841637","","11","0","0","0","0","0","0","0","0","","0","0","0","","","0","","1","","40 28:49.684","","0","79 50:29.893","0","0","0","0","2113","0","0","0","N","0","0","0","2","02113","0","","1.0","","1","N","N","","0","","0","0","0","","3","","","2","0","0","0","0","0","0","2","1","2","","","","N","","","","","","","","","",""
"2009056079","","2","0","0","0","0","0","0","0","0","1","0","","02","6","2009","4","40.33909","-80.12589","","11","0","0","0","1","0","0","0","0","","0","0","0","","","0","","2","","40 20:20.723","","0","80 07:33.205","0","0","0","0","2119","0","0","0","N","0","0","0","2","02119","0","","1.0","","9","N","N","","0","","0","0","0","","0","","","2","0","0","0","0","0","0","2","0","2","","","","N","","","","","","","","","",""
"2009056081","","1","0","0","0","0","0","0","0","0","4","0","","02","6","2009","4","40.404017","-79.938819","","11","0","0","0","0","0","0","0","0","2","0","0","0","","","0","","2","","40 24:14.461","5","0","79 56:19.748","0","0","0","0","2301","0","0","0","N","0","0","0","4","02301","0","","1.0","","1","N","N","","0","","0","0","0","","0","N","","2","0","0","0","0","0","0","2","1","2","","","","N","","","","","","","","","",""
"2009056084","","1","0","0","0","0","0","0","0","0","7","0","","02","6","2009","4","40.474354","-79.787368","","11","0","0","0","0","0","0","0","0","","0","0","0","","","1","","0","","40 28:27.674","","0","79 47:14.524","4","0","0","0","2113","0","0","0","N","0","0","0","1","02113","1","","5.0","","1","N","N","","0","","0","0","0","","0","","","1","1","1","0","0","0","0","2","0","1","","","","N","","","","","","","","","",""
"2009056093","","2","0","0","0","0","0","0","0","0","4","0","","02","6","2009","4","40.3552","-80.0502","","11","0","0","0","0","0","1","0","1","","0","0","0","","","1","","1","","40 21:18.720","","0","80 03:00.720","8","0","0","0","2109","0","0","0","N","0","0","0","2","02109","0","","1.0","","9","N","N","","0","","0","0","0","","2","","","2","1","0","0","0","1","0","2","0","2","","","","N","","","","","","","","","",""
"2009056096","","2","0","0","0","0","0","0","0","0","4","0","","02","6","2009","4","40.380606","-79.994688","","11","0","0","0","0","0","0","0","1","","0","0","0","","","0","","0","","40 22:50.181","","0","79 59:40.875","0","0","0","0","2301","0","0","0","N","0","0","0","2","02301","0","","1.0","","9","N","N","","0","","0","0","0","","0","","","2","0","0","0","0","0","0","2","0","2","","","","N","","","","","","","","","",""
"2009056097","","2","0","0","0","0","0","0","0","0","6","0","","02","5","2009","4","40.461772","-79.936304","","11","0","0","0","0","0","1","1","0","","0","0","0","","","0","","1","","40 27:42.379","","0","79 56:10.694","0","0","0","0","2301","0","0","0","N","0","0","0","2","02301","0","","1.0","","1","N","N","","0","","0","0","0","","3","","","2","0","0","0","0","0","0","2","0","2","","","","N","","","","","","","","","",""
"2009056107","","1","0","0","0","0","0","0","0","0","7","0","","02","5","2009","6","40.541529","-79.799313","","11","0","0","0","0","0","0","0","0","2","0","0","0","","","0","","2","","40 32:29.503","4","0","79 47:57.528","0","0","0","0","2418","0","0","0","N","0","0","0","1","02418","0","","2.0","","1","N","N","","0","","0","0","0","","2","Y","","1","0","0","0","0","0","0","2","0","1","","","","N","","","","","","","","","",""
"2009056121","","2","0","0","0","0","0","0","0","0","4","0","","02","6","2009","4","40.377494","-79.813681","","11","0","0","0","0","0","0","0","1","","0","0","0","","","1","","2","","40 22:38.978","","0","79 48:49.253","4","0","0","0","2111","0","0","0","N","0","0","0","2","02111","1","","1.0","","9","N","N","","0","","0","0","0","","0","","","2","1","0","0","0","0","0","2","0","2","","","","N","","","","","","","","","",""
"2009056122","","0","0","0","0","0","0","1","0","0","7","1","","02","6","2009","4","40.404702","-79.84362","","11","0","0","0","0","0","0","0","0","3","0","0","0","","","16","","0","","40 24:16.928","7","0","79 50:37.033","3","0","0","0","2449","0","0","0","N","0","0","0","25","02503","0","","5.0","","1","N","N","","0","","16","0","0","","0","Y","","1","16","0","0","0","0","1","2","0","1","","","","N","","","","","","","","","",""
"2009056123","","1","0","0","0","0","0","0","0","0","7","0","","02","6","2009","4","40.420334","-79.927388","","11","0","0","0","0","0","1","0","0","1","0","0","0","","","1","","0","","40 25:13.202","5","0","79 55:38.596","4","0","0","0","2301","0","0","0","N","0","0","0","1","02301","1","","4.0","","1","N","N","","0","","0","0","0","","0","Y","","1","1","0","0","0","0","0","2","0","1","","","","N","","","","","","","","","",""
"2009056132","","1","0","0","0","0","0","0","0","0","2","0","","02","6","2009","3","40.438899","-80.003298","","11","0","0","0","1","0","0","0","0","","0","0","0","","","0","","0","","40 26:20.038","","0","80 00:11.871","0","0","0","0","2301","0","0","0","N","0","0","0","2","02301","0","","1.0","","1","N","N","","0","","0","0","1","","0","","","2","0","0","0","0","0","0","2","0","2","","","","N","","","","","","","","","",""
"2009056142","","2","0","0","0","0","0","0","0","0","5","0","","02","6","2009","3","40.453987","-79.997852","","11","0","0","0","0","0","1","0","0","1","0","0","0","","","2","","5","","40 27:14.353","4","1","79 59:52.267","3","0","0","0","2301","0","0","0","N","0","0","0","5","02301","0","","1.0","","1","N","N","","0","","2","0","0","","2","N","","2","2","1","0","0","0","0","2","0","2","","","","N","","","","","","","","","",""
"2009056147","","2","0","0","0","0","0","0","0","0","1","0","","02","5","2009","7","40.313191","-79.938614","","11","0","0","0","0","0","1","0","0","1","0","0","0","","","1","","1","","40 18:47.487","4","0","79 56:19.009","8","0","0","0","2440","0","0","0","N","0","0","0","3","02440","0","","1.0","","1","N","N","","0","","0","0","0","","2","N","","2","1","0","0","0","1","0","2","0","2","","","","N","","","","","","","","","",""
"2009056150","","1","0","0","0","0","0","0","0","0","1","0","","02","6","2009","4","40.454779","-79.880441","","11","0","0","0","0","0","0","0","1","2","0","0","0","","","0","","0","","40 27:17.203","1","0","79 52:49.589","0","0","0","0","2301","0","0","0","N","0","0","0","2","02301","0","","1.0","","9","N","N","","1","","0","0","0","","0","Y","","2","0","1","0","0","0","0","2","0","2","","","","N","","","","","","","","","",""
"2009056152","","1","0","0","0","0","0","0","0","0","4","0","","02","6","2009","4","40.440508","-79.99155","","11","0","0","0","0","0","0","0","0","","0","0","0","","","0","","1","","40 26:25.828","","0","79 59:29.580","0","0","0","0","2301","0","0","0","N","0","0","0","3","02301","0","","1.0","","9","N","N","","1","","0","0","0","","2","","","2","0","0","0","0","0","0","2","0","2","","","","N","","","","","","","","","",""
"2009056157","","1","0","0","0","0","0","0","0","0","2","0","","02","6","2009","4","40.383798","-79.993527","","11","0","0","0","0","0","1","0","0","","0","0","0","","","2","","0","","40 23:01.672","","0","79 59:36.697","8","0","0","0","2301","0","0","0","N","0","0","0","3","02301","0","","1.0","","9","N","N","","1","","0","0","0","","0","","","2","2","0","0","0","2","0","2","0","2","","","","N","","","","","","","","","",""
"2009056160","","2","0","0","0","0","0","0","0","0","4","0","","02","5","2009","7","40.466368","-80.156771","","11","0","0","0","1","0","0","0","0","","0","0","0","","","0","","3","","40 27:58.925","","0","80 09:24.377","0","0","0","0","2115","0","0","0","N","0","0","0","3","02115","0","","1.0","","1","N","N","","0","","0","0","0","","3","","","2","0","0","0","0","0","0","2","0","2","","","","N","","","","","","","","","",""
"2009056161","","0","0","0","0","0","0","0","0","0","8","0","","02","5","2009","5","40.514665","-80.209801","","11","0","0","0","0","0","0","0","0","2","0","0","0","","","1","","0","","40 30:52.794","6","0","80 12:35.283","4","0","0","0","2213","1","0","0","N","1","0","0","2","02213","1","","1.0","","1","N","N","","0","","0","0","1","","0","Y","","2","1","0","0","0","0","0","2","0","1","","","","N","","","","","","","","","",""
"2009056222","","1","0","0","0","0","0","0","0","0","7","0","","02","5","2009","2","40.463544","-80.194066","","11","0","0","0","0","0","1","0","0","","0","0","0","","","0","","0","","40 27:48.758","","0","80 11:38.639","0","0","0","0","2213","0","0","0","N","0","0","0","2","68B03","0","","2.0","","1","N","N","","0","","0","0","0","","0","","","1","0","0","0","0","0","0","2","0","1","","","","N","","","","","","","","","",""
"2009056223","","1","0","0","0","0","0","0","0","0","1","0","","02","6","2009","3","40.4379","-80.013008","","11","0","0","0","0","0","1","0","0","","0","0","0","","","0","","0","","40 26:16.440","","4","80 00:46.828","0","0","0","0","2301","0","0","0","N","0","0","0","3","68B03","0","","1.0","","9","N","N","","2","","0","0","0","","0","","","3","0","0","0","0","0","0","2","0","3","","","","N","","","","","","","","","",""
"2009056233","","0","0","0","0","0","0","0","0","0","99","0","","02","6","2009","2","40.5563","-79.8089","","11","0","0","0","0","0","0","0","0","","0","0","0","","","0","","0","","40 33:22.680","","0","79 48:32.040","0","0","0","0","2206","0","0","0","Y","0","0","0","1","68D02","0","","1.0","","1","N","N","","0","","0","0","1","","0","","","1","0","0","0","0","0","0","2","0","1","","","","N","","","","","","","","","",""
"2009056293","","1","0","0","0","0","0","0","0","0","7","0","","02","6","2009","4","40.531167","-80.069175","","11","0","0","0","0","0","0","0","0","1","0","0","0","","","0","","0","","40 31:52.202","6","0","80 04:09.031","0","0","0","0","2215","0","0","0","N","0","0","0","1","02215","0","","5.0","","9","N","N","","0","","0","0","0","","2","N","","1","0","0","0","0","0","0","2","0","1","","","","N","","","","","","","","","",""
"2009056297","","1","0","0","0","0","0","0","0","0","1","0","","02","6","2009","4","40.402012","-80.000594","","11","0","0","0","0","0","1","0","0","","0","0","0","","","1","","1","","40 24:07.244","","0","80 00:02.139","4","0","0","0","2301","0","0","0","N","0","0","0","5","02301","1","","1.0","","9","N","N","","0","","0","0","2","","2","","","4","1","1","0","0","0","0","2","1","4","","","","N","","","","","","","","","",""
"2009056299","","0","0","0","0","0","0","0","0","0","7","0","","02","6","2009","4","40.463457","-80.066058","","11","0","0","0","0","0","0","0","0","1","0","0","0","","","0","","0","","40 27:48.445","6","0","80 03:57.808","0","0","0","0","2444","0","0","0","N","0","0","0","1","02444","0","","4.0","","9","N","N","","1","","0","0","0","","0","N","","1","0","0","0","0","0","0","2","0","1","","","","N","","","","","","","","","",""
"2009056300","","1","0","0","0","0","0","0","0","0","7","0","","02","6","2009","4","40.65912","-79.986151","","11","0","0","0","0","0","0","1","0","","0","0","0","","","0","","0","","40 39:32.831","","0","79 59:10.142","0","0","0","0","2217","0","0","0","N","0","0","0","1","02505","0","","4.0","","9","N","N","","0","","0","0","0","","0","","","1","0","0","0","0","0","0","1","0","1","","","","N","","","","","","","","","",""
"2009056307","","3","0","0","0","0","0","0","0","0","1","0","","02","6","2009","4","40.632695","-80.058885","","11","1","0","0","0","0","1","0","0","","0","0","0","","","1","","0","","40 37:57.703","","0","80 03:31.985","4","0","0","0","2216","0","0","0","N","0","0","0","3","02505","1","","1.0","","9","N","N","","0","","0","0","0","","0","","","3","1","0","0","0","0","0","2","0","3","","","","N","","","","","","","","","",""
"2009056316","","1","0","0","0","0","0","0","0","0","1","0","","02","6","2009","4","40.400489","-79.833681","","11","0","0","0","0","0","1","0","0","1","0","0","0","","","1","","0","","40 24:01.759","3","0","79 50:01.253","4","0","0","0","2425","0","0","0","N","0","0","0","4","02425","1","","1.0","","9","N","N","","0","","0","0","0","","2","Y","","2","1","0","0","0","0","0","2","1","2","","","","N","","","","","","","","","",""
"2009056323","","0","0","0","0","0","0","0","0","0","7","0","","02","5","2009","5","40.432472","-80.018695","","11","0","1","0","0","0","0","0","0","","0","0","0","","","0","","1","","40 25:56.899","","0","80 01:07.302","0","0","0","0","2301","0","0","0","N","0","0","0","1","02301","0","","5.0","","1","N","N","","1","","0","0","0","","3","","","2","0","0","0","0","0","0","2","0","1","","","","N","","","","","","","","","",""
"2009056326","","0","0","0","0","0","0","0","0","0","1","1","25","02","5","2009","6","40.403898","-79.882932","","11","0","0","0","0","0","1","0","0","","0","1","0","","","0","","2","","40 24:14.033","","8","79 52:58.554","0","0","0","0","2475","0","0","0","N","0","0","0","2","02475","0","","1.0","","1","N","N","","1","","0","0","0","","2","","","2","0","0","0","0","0","0","2","0","2","","","N","Y","4","1","","","N","","","","",""
"2009056327","","1","0","0","0","0","0","0","0","0","7","0","","02","5","2009","5","","","","11","0","1","0","0","0","0","0","0","","0","0","0","","","0","","0","","","","7","","0","0","0","0","2217","0","0","0","N","0","0","0","1","02505","0","","2.0","","9","N","N","","0","","0","0","0","","0","","","1","0","0","0","0","0","0","1","0","1","","","","N","","","","","","","","","",""
"2009056330","","0","0","0","0","0","0","0","0","0","2","0","","02","6","2009","5","40.465104","-79.94358","","11","0","0","0","0","0","0","0","0","","0","0","0","","","0","","0","","40 27:54.374","","0","79 56:36.888","0","0","0","0","2301","0","0","0","N","0","0","0","1","02301","0","","6.0","","9","N","N","","1","","0","0","0","","0","","","2","0","0","0","0","0","0","2","1","2","","","","N","","","","","","","","","",""
"2009056331","","2","0","0","0","0","0","0","0","0","2","0","","02","6","2009","5","40.448228","-79.988446","","11","0","0","0","0","0","0","0","0","","0","0","0","","","1","","0","","40 26:53.619","","0","79 59:18.407","8","0","0","0","2301","0","0","0","N","0","0","0","4","02301","0","","1.0","","9","N","N","","0","","0","0","0","","0","","","2","1","0","0","0","1","0","2","0","2","","","","N","","","","","","","","","",""
"2009056443","","2","0","0","0","0","0","0","0","0","4","0","","02","5","2009","7","40.348171","-79.947237","","11","0","0","0","0","0","0","0","0","1","0","0","0","","","3","","2","","40 20:53.414","1","7","79 56:50.052","4","0","0","0","2473","0","0","0","N","0","0","0","3","02473","1","","1.0","","1","N","N","","0","","0","0","0","","2","N","","2","3","1","0","0","2","0","2","0","2","","","","N","","","","","","","","","",""
"2009056444","","2","0","0","0","0","0","0","0","0","1","0","","02","5","2009","6","40.3546","-79.9136","","11","0","0","0","0","1","0","0","0","2","0","0","0","","","2","","0","","40 21:16.560","2","0","79 54:48.960","8","0","0","0","2473","0","0","0","N","0","0","0","8","02473","0","","1.0","","1","N","N","","0","","0","0","1","","2","N","","4","2","0","0","0","2","0","2","1","4","","","","N","","","","","","","","","",""
"2009056445","","2","0","0","0","0","0","0","0","0","7","0","","02","5","2009","2","40.347434","-79.950514","","11","0","0","0","0","0","0","0","0","1","0","0","0","","","1","","2","","40 20:50.762","4","0","79 57:01.850","3","0","0","0","2473","0","0","0","N","0","0","0","2","02473","0","","4.0","","9","N","N","","0","","1","0","0","","3","N","","2","1","0","0","0","0","0","2","0","2","","","","N","","","","","","","","","",""
"2009056446","","1","0","0","0","0","0","0","0","0","7","0","","02","5","2009","2","40.3955","-79.873","","11","0","0","0","0","0","0","0","0","2","0","0","0","","","0","","0","","40 23:43.800","1","0","79 52:22.800","0","0","0","0","2473","0","0","0","Y","0","0","0","1","02473","0","","1.0","","9","N","N","","0","","0","0","0","","0","N","","1","0","0","0","0","0","0","2","0","1","","","","N","","","","","","","","","",""
"2009056447","","2","0","0","0","0","0","0","0","0","1","0","","02","4","2009","5","40.3489","-79.9394","","11","0","0","0","0","0","1","0","0","","0","0","0","","","0","","0","","40 20:56.040","","0","79 56:21.840","0","0","0","0","2473","0","0","0","N","0","0","0","2","02473","0","","1.0","","9","N","N","","0","","0","0","0","","2","","","2","0","0","0","0","0","0","2","0","2","","","","N","","","","","","","","","",""
"2009056448","","1","0","0","0","0","0","0","0","0","7","0","","02","5","2009","5","40.3721","-79.927","","11","0","0","1","0","0","0","0","0","1","0","0","0","","","1","","2","","40 22:19.560","2","0","79 55:37.200","4","0","0","0","2473","0","0","0","N","0","0","0","1","02473","1","","2.0","","1","N","N","","0","","0","0","0","","0","Y","","1","1","0","0","0","0","0","2","0","1","","","","N","","","","","","","","","",""
"2009056449","","1","0","0","0","0","0","0","0","0","7","0","","02","4","2009","6","40.336629","-79.911201","","11","0","0","0","0","0","0","0","0","","0","0","0","","","1","","0","","40 20:11.866","","7","79 54:40.324","3","0","0","0","2473","0","0","0","N","0","0","0","1","02473","0","","5.0","","1","N","N","","0","","1","0","0","","0","","","1","1","0","0","0","0","0","2","0","1","","","","N","","","","","","","","","",""
"2009056570","","2","0","0","0","0","0","0","0","0","7","0","","02","5","2009","7","40.350119","-79.864175","","11","0","0","0","0","0","0","0","0","","0","0","0","","","1","","1","","40 21:00.428","","0","79 51:51.030","4","0","0","0","2304","0","0","0","N","0","0","0","2","02304","1","","5.0","","1","N","N","","0","","0","0","0","","0","","","2","1","2","0","0","0","0","2","0","2","","","","N","","","","","","","","","",""
"2009056571","","1","0","0","0","0","0","0","0","0","7","0","","02","5","2009","7","40.352558","-79.839606","","11","0","0","0","0","0","0","0","0","1","0","0","0","","","0","","3","","40 21:09.209","3","3","79 50:22.582","0","0","0","0","2304","0","0","0","N","0","0","0","1","02304","0","","4.0","","9","N","N","","0","","0","0","0","","0","Y","","1","0","0","0","0","0","0","2","0","1","","","","N","","","","","","","","","",""
"2009056572","","0","0","0","1","0","0","0","0","0","8","0","","02","5","2009","6","40.338368","-79.847335","","11","0","0","0","0","0","0","0","0","2","0","0","0","","","1","","1","","40 20:18.124","7","0","79 50:50.406","4","0","0","0","2304","1","0","0","N","0","0","0","2","02304","1","","1.0","","1","N","N","","0","","0","0","1","","0","Y","","2","1","0","0","0","0","0","2","0","1","","","","N","","","","","","","","","",""
"2009056610","","2","0","0","0","0","0","0","0","0","1","0","","02","5","2009","4","40.357761","-80.118878","","11","0","0","0","0","0","2","0","0","2","0","0","0","","","0","","0","","40 21:27.938","2","0","80 07:07.962","0","0","0","0","2119","0","0","0","N","0","0","0","6","68B03","0","","1.0","","1","N","N","","1","","0","0","1","","0","N","","4","0","0","0","0","0","0","2","0","4","","","","N","","","","","","","","","",""
"2009056611","","0","0","0","0","0","0","0","0","0","99","0","","02","5","2009","4","40.60198","-80.093942","","11","0","0","0","0","0","0","0","0","","0","0","0","","","0","","0","","40 36:07.128","","0","80 05:38.192","0","0","0","0","2481","0","0","0","N","0","0","0","1","68B03","0","","1.0","","1","N","N","","0","","0","0","1","","0","","","1","0","0","0","0","0","0","2","0","1","","","","N","","","","","","","","","",""
"2009056612","","0","0","0","0","0","0","0","0","0","7","0","","02","5","2009","3","40.486209","-80.00865","","11","0","0","0","0","0","0","0","0","1","0","0","0","","","1","","0","","40 29:10.353","1","0","80 00:31.141","4","0","0","0","2301","0","0","0","N","0","0","0","1","68B03","1","","2.0","","9","N","N","","0","","0","0","1","","0","N","","1","1","0","0","0","0","0","2","0","1","","","","N","","","","","","","","","",""
"2009056711","","1","0","0","0","0","0","0","0","0","7","1","","02","5","2009","7","40.5095","-80.029384","","11","0","0","0","0","0","0","0","0","2","0","1","0","","","3","","0","","40 30:34.201","5","0","80 01:45.784","3","0","0","0","2116","0","0","0","Y","0","0","0","3","02116","1","","5.0","","1","N","N","","0","","2","0","0","","0","Y","","2","3","0","0","0","0","0","2","0","2","","","","N","","","","","","","","","",""
"2009056714","","2","0","0","0","0","0","0","0","0","4","0","","02","5","2009","4","40.387745","-79.904172","","11","0","0","0","0","0","0","2","0","","0","0","0","","","1","","1","","40 23:15.882","","0","79 54:15.019","4","0","0","0","2448","0","0","0","N","0","0","0","2","02448","1","","1.0","","1","N","N","","0","","0","0","0","","3","","","2","1","0","0","0","0","0","2","0","2","","","","N","","","","","","","","","",""
"2009056725","","2","0","0","0","0","0","0","0","0","4","0","","02","4","2009","5","40.524934","-79.838197","","11","0","0","0","0","0","0","2","0","","0","0","0","","","0","","1","","40 31:29.761","","0","79 50:17.508","0","0","0","0","2451","0","0","0","N","0","0","0","2","02451","0","","1.0","","1","N","N","","0","","0","0","0","","3","","","2","0","0","0","0","0","0","2","0","2","","","","N","","","","","","","","","",""
"2009056727","","1","0","0","0","0","0","1","0","0","5","1","","02","6","2009","4","40.451596","-80.06943","","11","0","0","0","0","0","2","0","0","","0","0","0","","","2","","1","","40 27:05.745","","0","80 04:09.948","8","0","0","0","2301","0","0","0","N","0","0","0","6","02503","0","","1.0","","1","N","N","","0","","0","0","0","","3","","","2","2","0","0","0","2","0","2","0","2","","","","N","","","","","","","","","",""
"2009056728","","2","0","0","0","0","0","0","0","0","1","0","","02","5","2009","4","40.407843","-79.909298","","11","0","0","0","0","1","0","0","0","1","0","0","0","","","1","","0","","40 24:28.233","4","0","79 54:33.474","8","0","0","0","2438","0","0","0","N","0","0","0","3","02438","0","","1.0","","1","N","N","","0","","0","0","0","","0","N","","2","1","2","0","0","1","0","2","0","2","","","","N","","","","","","","","","",""