"CRN","ARRIVAL_TM","AUTOMOBILE_COUNT","BELTED_DEATH_COUNT","BELTED_SUSP_SERIOUS_INJ_COUNT","BICYCLE_COUNT","BICYCLE_DEATH_COUNT","BICYCLE_SUSP_SERIOUS_INJ_COUNT","BUS_COUNT","CHLDPAS_DEATH_COUNT","CHLDPAS_SUSP_SERIOUS_INJ_COUNT","COLLISION_TYPE","COMM_VEH_COUNT","CONS_ZONE_SPD_LIM","COUNTY","CRASH_MONTH","CRASH_YEAR","DAY_OF_WEEK","DEC_LATITUDE","DEC_LONGITUDE","DISPATCH_TM","DISTRICT","DRIVER_COUNT_16YR","DRIVER_COUNT_17YR","DRIVER_COUNT_18YR","DRIVER_COUNT_19YR","DRIVER_COUNT_20YR","DRIVER_COUNT_50_64YR","DRIVER_COUNT_65_74YR","DRIVER_COUNT_75PLUS","EST_HRS_CLOSED","FATAL_COUNT","HEAVY_TRUCK_COUNT","HORSE_BUGGY_COUNT","HOUR_OF_DAY","ILLUMINATION","INJURY_COUNT","INTERSECTION_RELATED","INTERSECT_TYPE","LANE_CLOSED","LATITUDE","LN_CLOSE_DIR","LOCATION_TYPE","LONGITUDE","MAX_SEVERITY_LEVEL","MCYCLE_DEATH_COUNT","MCYCLE_SUSP_SERIOUS_INJ_COUNT","MOTORCYCLE_COUNT","MUNICIPALITY","NONMOTR_COUNT","NONMOTR_DEATH_COUNT","NONMOTR_SUSP_SERIOUS_INJ_COUNT","NTFY_HIWY_MAINT","PED_COUNT","PED_DEATH_COUNT","PED_SUSP_SERIOUS_INJ_COUNT","PERSON_COUNT","POLICE_AGCY","POSSIBLE_INJ_COUNT","RDWY_SURF_TYPE_CD","RELATION_TO_ROAD","ROADWAY_CLEARED","ROAD_CONDITION","SCH_BUS_IND","SCH_ZONE_IND","SECONDARY_CRASH","SMALL_TRUCK_COUNT","SPEC_JURIS_CD","SUSP_MINOR_INJ_COUNT","SUSP_SERIOUS_INJ_COUNT","SUV_COUNT","TCD_FUNC_CD","TCD_TYPE","TFC_DETOUR_IND","TIME_OF_DAY","TOTAL_UNITS","TOT_INJ_COUNT","UNBELTED_OCC_COUNT","UNB_DEATH_COUNT","UNB_SUSP_SERIOUS_INJ_COUNT","UNK_INJ_DEG_COUNT","UNK_INJ_PER_COUNT","URBAN_RURAL","VAN_COUNT","VEHICLE_COUNT","WEATHER1","WEATHER2","WORKERS_PRES","WORK_ZONE_IND","WORK_ZONE_LOC","WORK_ZONE_TYPE","WZ_CLOSE_DETOUR","WZ_FLAGGER","WZ_LAW_OFFCR_IND","WZ_LN_CLOSURE","WZ_MOVING","WZ_OTHER","WZ_SHLDER_MDN","WZ_WORKERS_INJ_KILLED"
"2009056729","","2","0","0","0","0","0","0","0","0","1","0","","02","6","2009","5","40.446593","-79.933407","","11","0","0","0","0","0","2","0","0","1","0","0","0","","","0","","2","","40 26:47.734","5","0","79 56:00.265","0","0","0","0","2301","0","0","0","N","0","0","0","2","02301","0","","1.0","","1","N","N","","0","","0","0","0","","3","N","","2","0","0","0","0","0","0","2","0","2","","","","N","","","","","","","","","",""
"2009056731","","1","0","0","0","0","0","0","0","0","1","0","","02","6","2009","3","40.522601","-80.005439","","11","0","0","0","0","0","0","0","0","1","0","0","0","","","2","","0","","40 31:21.363","2","0","80 00:19.582","4","0","0","0","2116","0","0","0","N","0","0","0","4","02116","2","","1.0","","1","N","N","","0","","0","0","2","","0","N","","3","2","0","0","0","0","0","2","0","3","","","","N","","","","","","","","","",""
"2009056735","","1","0","0","0","0","0","0","0","0","7","0","","02","6","2009","5","40.450672","-80.023482","","11","0","0","0","0","0","1","0","0","","0","0","0","","","0","","1","","40 27:02.419","","0","80 01:24.535","0","0","0","0","2301","0","0","0","N","0","0","0","2","02301","0","","1.0","","98","N","N","","0","","0","0","0","","2","","","1","0","0","0","0","0","0","2","0","1","","","","N","","","","","","","","","",""
"2009056736","","0","0","0","0","0","0","0","0","0","1","0","","02","5","2009","7","40.382765","-79.820895","","11","0","0","0","0","0","0","0","0","1","0","0","0","","","0","","2","","40 22:57.953","3","0","79 49:15.222","0","0","0","0","2111","0","0","0","N","0","0","0","2","02111","0","","1.0","","1","N","N","","1","","0","0","1","","3","N","","2","0","0","0","0","0","0","2","0","2","","","","N","","","","","","","","","",""
"2009056740","","1","0","0","0","0","0","0","0","0","4","0","","02","6","2009","5","40.402308","-79.841693","","11","0","0","0","0","0","2","0","0","2","0","0","0","","","1","","2","","40 24:08.307","5","0","79 50:30.095","8","0","0","0","2449","0","0","0","N","0","0","0","2","02449","0","","1.0","","1","N","N","","1","","0","0","0","","3","Y","","2","1","0","0","0","1","0","2","0","2","","","","N","","","","","","","","","",""
"2009056741","","1","0","0","0","0","0","0","0","0","1","0","","02","6","2009","2","40.375534","-79.796728","","11","0","0","0","0","0","1","0","0","","0","0","0","","","1","","2","","40 22:31.923","","7","79 47:48.221","8","0","0","0","2111","0","0","0","N","0","0","0","2","02111","0","","1.0","","1","N","N","","0","","0","0","1","","2","","","2","1","0","0","0","1","0","2","0","2","","","","N","","","","","","","","","",""
"2009056753","","1","0","0","0","0","0","0","0","0","7","0","","02","6","2009","4","40.557751","-80.168562","","11","0","1","0","0","0","0","0","0","","0","0","0","","","0","","0","","40 33:27.905","","0","80 10:06.824","0","0","0","0","2459","0","0","0","N","0","0","0","1","02459","0","","5.0","","9","N","N","","0","","0","0","0","","0","","","1","0","0","0","0","0","0","1","0","1","","","","N","","","","","","","","","",""
"2009056754","","0","0","0","0","0","0","0","0","0","7","0","","02","6","2009","2","40.411","-79.9555","","11","0","0","0","0","0","0","0","0","","0","0","0","","","1","","2","","40 24:39.600","","0","79 57:19.800","8","0","0","0","2301","0","0","0","N","0","0","0","2","02301","0","","5.0","","1","N","N","","0","","0","0","1","","2","","","1","1","0","0","0","1","0","2","0","1","","","","N","","","","","","","","","",""
"2009056781","","2","0","0","0","0","0","0","0","0","4","0","","02","6","2009","5","40.41413","-79.845872","","11","0","0","0","0","0","1","0","0","","0","0","0","","","1","","2","","40 24:50.869","","0","79 50:45.138","4","0","0","0","2431","0","0","0","N","0","0","0","3","02431","1","","1.0","","1","N","N","","0","","0","0","0","","0","","","2","1","0","0","0","0","0","2","0","2","","","","N","","","","","","","","","",""
"2009056784","","0","0","0","0","0","0","0","0","0","4","0","","02","6","2009","5","40.457739","-80.004754","","11","0","0","0","0","0","0","0","0","","0","0","0","","","0","","0","","40 27:27.860","","7","80 00:17.114","0","0","0","0","2301","0","0","0","N","0","0","0","2","02301","0","","1.0","","1","N","N","","0","","0","0","1","","0","","","2","0","0","0","0","0","0","2","1","2","","","","N","","","","","","","","","",""
"2009056787","","0","0","0","0","0","0","0","0","0","7","0","","02","5","2009","1","40.531232","-80.189624","","11","0","0","0","0","0","0","0","0","1","0","0","0","","","1","","0","","40 31:52.436","1","0","80 11:22.648","2","0","1","1","2213","0","0","0","N","0","0","0","1","02213","0","","4.0","","1","N","N","","0","","0","1","0","","0","N","","1","1","0","0","0","0","0","2","0","1","","","","N","","","","","","","","","",""
"2009056788","","3","0","0","0","0","0","0","0","0","1","0","","02","6","2009","4","40.338318","-80.051483","","11","0","0","1","0","0","0","0","1","2","0","0","0","","","1","","1","","40 20:17.944","2","0","80 03:05.338","4","0","0","0","2407","0","0","0","N","0","0","0","5","02407","1","","1.0","","9","N","N","","0","","0","0","0","","2","N","","3","1","0","0","0","0","0","2","0","3","","","","N","","","","","","","","","",""
"2009056790","","2","0","0","0","0","0","0","0","0","1","0","","02","5","2009","7","40.3451","-80.0274","","11","0","0","0","0","0","1","0","0","","0","0","0","","","2","","1","","40 20:42.360","","0","80 01:38.640","4","0","0","1","2407","0","0","0","N","0","0","0","6","02407","2","","1.0","","1","N","N","","0","","0","0","0","","2","","","3","2","0","0","0","0","0","2","0","3","","","","N","","","","","","","","","",""
"2009056791","","2","0","0","0","0","0","0","0","0","4","0","","02","5","2009","7","40.5172","-80.1605","","11","0","1","0","0","0","1","0","0","1","0","0","0","","","1","","1","","40 31:01.920","1","0","80 09:37.800","4","0","0","0","2420","0","0","0","N","0","0","0","4","02420","1","","1.0","","9","N","N","","0","","0","0","0","","2","N","","2","1","0","0","0","0","0","2","0","2","","","","N","","","","","","","","","",""
"2009056811","","1","0","0","0","0","0","0","0","0","1","0","","02","6","2009","5","40.434885","-79.823338","","11","0","1","0","0","0","0","0","0","","0","0","0","","","0","","0","","40 26:05.587","","0","79 49:24.015","0","0","0","0","2419","0","0","0","N","0","0","0","3","02419","0","","1.0","","1","N","N","","0","","0","0","0","","0","","","2","0","0","0","0","0","0","2","1","2","","","","N","","","","","","","","","",""
"2009056833","","2","0","0","0","0","0","0","0","0","1","0","","02","6","2009","4","40.428685","-80.029535","","11","0","0","0","0","0","0","1","0","","0","0","0","","","0","","0","","40 25:43.267","","0","80 01:46.325","0","0","0","0","2301","0","0","0","N","0","0","0","4","68B03","0","","1.0","","9","N","N","","0","","0","0","2","","0","","","4","0","0","0","0","0","0","2","0","4","","","","N","","","","","","","","","",""
"2009056871","","2","0","0","0","0","0","0","0","0","4","0","","02","6","2009","5","40.471023","-80.008598","","11","0","0","0","0","0","0","0","0","","0","0","0","","","0","","1","","40 28:15.682","","0","80 00:30.952","0","0","0","0","2301","0","0","0","N","0","0","0","2","02301","0","","1.0","","1","N","N","","0","","0","0","0","","2","","","2","0","0","0","0","0","0","2","0","2","","","","N","","","","","","","","","",""
"2009056873","","2","0","0","0","0","0","0","0","0","4","0","","02","6","2009","5","40.553459","-79.971254","","11","0","0","0","0","0","0","1","1","","0","0","0","","","0","","2","","40 33:12.454","","0","79 58:16.516","0","0","0","0","2118","0","0","0","N","0","0","0","2","02118","0","","1.0","","1","N","N","","0","","0","0","0","","0","","","2","0","0","0","0","0","0","2","0","2","","","","N","","","","","","","","","",""
"2009056879","","0","0","0","0","0","0","0","0","0","7","0","","02","6","2009","5","40.467978","-80.021934","","11","0","0","0","0","0","0","0","0","","0","0","0","","","1","","2","","40 28:04.720","","0","80 01:18.961","4","0","0","0","2301","0","0","0","N","0","0","0","1","02301","1","","5.0","","1","N","N","","0","","0","0","1","","0","","","1","1","1","0","0","0","0","2","0","1","","","","N","","","","","","","","","",""
"2009056893","","1","0","0","0","0","0","0","0","0","7","0","","02","6","2009","5","40.414301","-79.992332","","11","0","0","0","0","0","0","0","0","","0","0","0","","","0","","0","","40 24:51.483","","0","79 59:32.395","0","0","0","0","2301","0","0","0","N","0","0","0","3","02301","0","","5.0","","1","N","N","","0","","0","0","0","","0","","","1","0","0","0","0","0","0","2","0","1","","","","N","","","","","","","","","",""
"2009056896","","0","0","0","0","0","0","0","0","0","2","0","","02","5","2009","7","40.3866","-80.0924","","11","0","0","0","0","0","0","0","0","","0","0","0","","","0","","0","","40 23:11.760","","7","80 05:32.640","0","0","0","0","2102","0","0","0","N","0","0","0","2","02102","0","","1.0","","1","N","N","","0","","0","0","1","","2","","","2","0","0","0","0","0","0","2","1","2","","","","N","","","","","","","","","",""
"2009056901","","1","0","0","0","0","0","0","0","0","7","0","","02","6","2009","6","40.435126","-79.956406","","11","0","0","0","0","0","0","0","0","2","0","0","0","","","0","","2","","40 26:06.452","1","0","79 57:23.060","0","0","0","0","2301","0","0","0","N","0","0","0","1","02301","0","","2.0","","1","N","N","","0","","0","0","0","","0","N","","1","0","0","0","0","0","0","2","0","1","","","","N","","","","","","","","","",""
"2009056908","","0","0","0","0","0","0","0","0","0","0","0","","02","5","2009","6","40.578183","-80.041006","","11","0","0","0","0","0","0","0","0","","0","0","0","","","1","","0","","40 34:41.458","","0","80 02:27.621","4","0","0","1","2108","0","0","0","N","0","0","0","1","02108","1","","4.0","","1","N","N","","0","","0","0","0","","0","","","1","1","0","0","0","0","0","2","0","1","","","","N","","","","","","","","","",""
"2009056909","","0","0","0","0","0","0","0","0","0","2","0","","02","5","2009","6","40.5856","-80.0361","","11","0","2","0","0","0","0","0","0","2","0","0","0","","","1","","1","","40 35:08.160","1","0","80 02:09.960","3","0","0","0","2108","0","0","0","N","0","0","0","4","02108","0","","1.0","","1","N","N","","1","","1","0","1","","2","Y","","2","1","0","0","0","0","0","2","0","2","","","","N","","","","","","","","","",""
"2009056910","","2","0","0","0","0","0","0","0","0","1","0","","02","5","2009","4","40.573961","-80.037017","","11","1","0","0","0","0","0","0","0","","0","0","0","","","1","","0","","40 34:26.261","","0","80 02:13.262","3","0","0","0","2108","0","0","0","N","0","0","0","2","02108","0","","1.0","","1","N","N","","0","","1","0","0","","0","","","2","1","0","0","0","0","0","2","0","2","","","","N","","","","","","","","","",""
"2009056911","","1","0","0","0","0","0","0","0","0","4","0","","02","5","2009","4","40.611717","-80.036281","","11","0","0","0","0","0","1","0","0","1","0","0","0","","","0","","1","","40 36:42.181","1","0","80 02:10.611","0","0","0","0","2108","0","0","0","N","0","0","0","2","02108","0","","1.0","","1","N","N","","0","","0","0","1","","3","N","","2","0","0","0","0","0","0","2","0","2","","","","N","","","","","","","","","",""
"2009056912","","2","0","0","0","0","0","0","0","0","1","0","","02","5","2009","5","40.58233","-80.003148","","11","0","1","0","0","0","1","0","0","9","0","0","0","","","2","","2","","40 34:56.389","3","0","80 00:11.334","3","0","0","0","2108","0","0","0","N","0","0","0","2","02108","1","","1.0","","1","N","N","","0","","1","0","0","","0","N","","2","2","0","0","0","0","0","2","0","2","","","","N","","","","","","","","","",""
"2009056929","","1","0","0","0","0","0","0","0","0","1","0","","02","4","2009","3","40.347702","-79.95158","","11","0","0","0","0","0","1","2","0","1","0","0","0","","","2","","1","","40 20:51.728","4","0","79 57:05.687","4","0","0","0","2473","0","0","0","N","0","0","0","5","02473","2","","1.0","","9","N","N","","2","","0","0","1","","2","N","","4","2","0","0","0","0","0","2","0","4","","","","N","","","","","","","","","",""
"2009056930","","1","0","0","0","0","0","0","0","0","4","0","","02","5","2009","7","","","","11","0","0","0","0","0","1","0","0","1","0","0","0","","","1","","1","","","2","0","","8","0","0","0","2473","0","0","0","N","0","0","0","4","02473","0","","1.0","","1","N","N","","0","","0","0","1","","3","N","","2","1","1","0","0","1","0","1","0","2","","","","N","","","","","","","","","",""
"2009056931","","1","0","0","0","0","0","0","0","0","4","0","","02","4","2009","5","40.345743","-79.952101","","11","0","0","0","0","0","0","0","0","2","0","0","0","","","0","","0","","40 20:44.675","1","0","79 57:07.565","0","0","0","0","2473","0","0","0","N","0","0","0","2","02473","0","","1.0","","9","N","N","","0","","0","0","0","","0","N","","2","0","0","0","0","0","0","2","1","2","","","","N","","","","","","","","","",""
"2009056962","","2","0","0","0","0","0","0","0","0","4","0","","02","5","2009","2","40.351204","-79.867826","","11","0","0","0","0","0","1","0","0","1","0","0","0","","","1","","2","","40 21:04.334","3","0","79 52:04.175","8","0","0","0","2304","0","0","0","N","0","0","0","3","02304","0","","1.0","","9","N","N","","0","","0","0","1","","0","Y","","3","1","0","0","0","1","0","2","0","3","","","","N","","","","","","","","","",""
"2009056963","","1","0","0","1","0","0","0","0","0","8","0","","02","5","2009","6","40.351705","-79.831885","","11","0","0","0","0","0","0","0","0","","0","0","0","","","1","","2","","40 21:06.138","","0","79 49:54.786","8","0","0","0","2304","1","0","0","N","0","0","0","2","02304","0","","1.0","","1","N","N","","0","","0","0","0","","0","","","2","1","0","0","0","1","0","2","0","1","","","","N","","","","","","","","","",""
"2009056973","","0","0","0","0","0","0","0","0","0","5","0","","02","5","2009","6","40.571939","-80.036983","","11","1","0","0","0","0","0","0","0","2","0","0","0","","","1","","2","","40 34:18.980","5","0","80 02:13.140","3","0","0","1","2108","0","0","0","N","0","0","0","3","02108","0","","1.0","","1","N","N","","0","","1","0","0","","2","N","","2","1","0","0","0","0","0","2","1","2","","","","N","","","","","","","","","",""
"2009057000","","2","0","0","0","0","0","0","0","0","2","0","","02","3","2009","3","40.440476","-79.8328","","11","0","0","0","0","0","0","0","1","3","1","0","0","","","1","","0","","40 26:25.715","4","0","79 49:58.079","1","0","0","0","2124","0","0","0","N","0","0","0","2","68B03","0","1","1.0","","1","N","N","","0","0","1","0","0","","0","Y","","2","1","1","1","0","0","0","2","0","2","","","","N","","","","","","","","","",""
"2009057001","","0","0","0","0","0","0","0","0","0","7","0","","02","6","2009","4","40.436415","-80.000929","","11","0","0","0","0","0","0","0","0","3","0","0","0","","","0","","0","","40 26:11.094","3","2","80 00:03.343","0","0","0","0","2301","0","0","0","N","0","0","0","3","68B03","0","","2.0","","9","N","N","","0","","0","0","1","","0","Y","","1","0","0","0","0","0","0","2","0","1","","","","N","","","","","","","","","",""
"2009057008","","1","0","0","0","0","0","0","0","0","99","0","","02","5","2009","1","40.67005","-79.714441","","11","0","0","0","0","0","0","0","0","","0","0","0","","","0","","0","","40 40:12.181","","0","79 42:51.989","0","0","0","0","2106","0","0","0","N","0","0","0","1","68D02","0","","1.0","","1","N","N","","0","","0","0","0","","0","","","1","0","0","0","0","0","0","2","0","1","","","","N","","","","","","","","","",""
"2009057009","","1","0","0","0","0","0","0","0","0","7","0","","02","6","2009","4","40.6534","-79.7248","","11","0","0","1","0","0","0","0","0","","0","0","0","","","1","","0","","40 39:12.240","","3","79 43:29.280","4","0","0","0","2106","0","0","0","N","0","0","0","2","68D02","1","","2.0","","9","N","N","","0","","0","0","0","","0","","","1","1","0","0","0","0","0","2","0","1","","","","N","","","","","","","","","",""
"2009057068","","1","0","0","0","0","0","0","0","0","99","0","","02","5","2009","4","40.5774","-79.867","","11","0","0","0","0","0","0","0","0","","0","0","0","","","0","","0","","40 34:38.640","","0","79 52:01.200","0","0","0","0","2209","0","0","0","N","0","0","0","4","68T02","0","","1.0","","1","N","N","","0","","0","0","0","","0","","","1","0","0","0","0","0","0","2","0","1","","","","N","","","","","","","","","",""
"2009057075","","3","0","0","0","0","0","0","0","0","5","1","55","02","6","2009","2","40.537408","-79.822154","","11","0","0","0","0","0","1","2","0","2","0","1","0","","","4","","0","","40 32:14.668","4","3","79 49:19.753","8","0","0","0","2208","0","0","0","N","0","0","0","10","68T02","0","","1.0","","1","N","N","","0","","0","0","0","","8","N","","4","4","0","0","0","4","0","2","0","4","","","N","Y","4","1","N","N","N","N","N","Y","N",""
"2009057076","","1","0","0","0","0","0","0","0","0","99","0","","02","5","2009","6","40.4394","-79.7512","","11","0","0","0","0","0","0","1","0","","0","0","0","","","0","","0","","40 26:21.840","","0","79 45:04.320","0","0","0","0","2446","0","0","0","N","0","0","0","1","68T02","0","","1.0","","1","N","N","","0","","0","0","0","","0","","","1","0","0","0","0","0","0","2","0","1","","","","N","","","","","","","","","",""
"2009057084","","1","0","0","0","0","0","0","0","0","2","0","","02","5","2009","7","40.304522","-79.891097","","11","0","0","0","0","0","0","0","0","","0","0","0","","","1","","0","","40 18:16.280","","0","79 53:27.950","2","0","0","0","2302","0","0","0","N","0","0","0","1","02302","0","","6.0","","1","N","N","","0","","0","1","1","","3","","","2","1","1","0","1","0","0","2","0","2","","","","N","","","","","","","","","",""
"2009057086","","2","0","0","0","0","0","0","0","0","4","0","","02","6","2009","2","40.198941","-79.869395","","11","0","0","0","0","0","1","0","0","1","0","0","0","","","3","","3","","40 11:56.189","3","0","79 52:09.822","3","0","0","0","2204","0","0","0","N","0","0","0","3","02204","2","","1.0","","1","N","N","","0","","1","0","0","","3","Y","","2","3","0","0","0","0","0","2","0","2","","","","N","","","","","","","","","",""
"2009057089","","1","0","0","0","0","0","0","0","0","4","0","","02","6","2009","2","40.548721","-79.838129","","11","0","0","0","0","0","0","0","0","2","0","0","0","","","1","","2","","40 32:55.396","4","0","79 50:17.265","4","0","0","0","2208","0","0","0","N","0","0","0","2","02208","1","","1.0","","1","N","N","","0","","0","0","1","","0","N","","2","1","0","0","0","0","0","2","0","2","","","","N","","","","","","","","","",""
"2009057097","","1","0","0","0","0","0","0","0","0","4","0","","02","6","2009","5","40.438078","-79.994416","","11","0","0","0","0","0","0","0","0","","0","0","0","","","0","","1","","40 26:17.079","","0","79 59:39.896","0","0","0","0","2301","0","0","0","N","0","0","0","6","02301","0","","1.0","","1","N","N","","0","","0","0","1","","2","","","2","0","0","0","0","0","0","2","0","2","","","","N","","","","","","","","","",""
"2009057106","","0","0","0","0","0","0","0","0","0","7","0","","02","6","2009","6","40.323949","-80.069617","","11","0","0","1","0","0","0","0","0","","0","0","0","","","1","","0","","40 19:26.216","","0","80 04:10.622","3","0","0","0","2123","0","0","0","N","0","0","0","1","02123","0","","4.0","","1","N","N","","0","","1","0","1","","0","","","1","1","0","0","0","0","0","2","0","1","","","","N","","","","","","","","","",""
"2009057108","","1","0","0","0","0","0","0","0","0","7","0","25","02","6","2009","5","40.450229","-80.02482","","11","0","0","0","0","0","1","0","0","","0","0","0","","","1","","0","","40 27:00.826","","0","80 01:29.352","4","0","0","0","2301","0","0","0","N","0","0","0","1","02301","1","","1.0","","1","N","N","","0","","0","0","0","","0","","","1","1","0","0","0","0","0","2","0","1","","","Y","Y","4","1","","","N","","","","",""
"2009057119","","2","0","0","0","0","0","0","0","0","4","0","","02","6","2009","6","40.441056","-80.006785","","11","0","0","0","0","0","2","0","0","","0","0","0","","","0","","1","","40 26:27.803","","0","80 00:24.425","0","0","0","0","2301","0","0","0","N","0","0","0","2","02301","0","","1.0","","1","N","N","","0","","0","0","0","","2","","","2","0","0","0","0","0","0","2","0","2","","","","N","","","","","","","","","",""
"2009057123","","1","0","0","0","0","0","0","0","0","8","0","","02","6","2009","6","40.438046","-79.92768","","11","0","0","0","0","0","0","0","1","2","0","0","0","","","1","","1","","40 26:16.965","7","0","79 55:39.648","2","0","0","0","2301","1","0","1","N","1","0","1","2","02301","0","","1.0","","1","N","N","","0","","0","1","0","","2","Y","","2","1","0","0","0","0","0","2","0","1","","","","N","","","","","","","","","",""
"2009057125","","0","0","0","0","0","0","0","0","0","4","0","","02","6","2009","6","40.371007","-80.059755","","11","0","1","0","0","0","0","0","0","2","0","0","0","","","0","","3","","40 22:15.625","3","0","80 03:35.118","0","0","0","0","2109","0","0","0","N","0","0","0","3","02109","0","","1.0","","1","N","N","","0","","0","0","2","","3","N","","2","0","0","0","0","0","0","2","0","2","","","","N","","","","","","","","","",""
"2009057127","","1","0","0","0","0","0","0","0","0","1","0","","02","6","2009","4","40.484084","-79.907441","","11","0","0","0","0","0","0","0","0","","0","0","0","","","1","","0","","40 29:02.704","","0","79 54:26.789","4","0","0","0","2113","0","0","0","N","0","0","0","3","02113","1","","1.0","","1","N","N","","0","","0","0","1","","2","","","2","1","0","0","0","0","0","2","0","2","","","","N","","","","","","","","","",""
"2009057128","","1","0","0","0","0","0","0","0","0","1","1","","02","6","2009","6","40.382506","-79.996014","","11","0","0","0","0","0","1","0","0","1","0","0","0","","","2","","5","","40 22:57.020","2","0","79 59:45.652","8","0","0","0","2301","0","0","0","N","0","0","0","3","02301","0","","1.0","","1","N","N","","1","","0","0","0","","2","N","","2","2","0","0","0","2","0","2","0","2","","","","N","","","","","","","","","",""
"2009057132","","1","0","0","0","0","0","0","0","0","4","0","","02","6","2009","6","40.629621","-80.078734","","11","0","0","0","0","0","0","0","0","","0","0","0","","","0","","2","","40 37:46.635","","7","80 04:43.444","0","0","0","0","2212","0","0","0","N","0","0","0","2","02505","0","","1.0","","9","N","N","","0","","0","0","1","","3","","","2","0","0","0","0","0","0","2","0","2","","","","N","","","","","","","","","",""
"2009057141","","0","0","0","0","0","0","0","0","0","4","0","","02","6","2009","5","40.628946","-80.101162","","11","0","0","0","1","0","1","0","0","","0","0","0","","","0","","2","","40 37:44.205","","0","80 06:04.183","0","0","0","0","2212","0","0","0","N","0","0","0","2","02505","0","","1.0","","1","N","N","","1","","0","0","1","","3","","","2","0","0","0","0","0","0","2","0","2","","","","N","","","","","","","","","",""
"2009057142","","2","0","0","0","0","0","0","0","0","4","0","","02","6","2009","3","40.458687","-79.908061","","11","0","0","0","0","0","0","0","0","","0","0","0","","","0","","1","","40 27:31.273","","0","79 54:29.021","0","0","0","0","2301","0","0","0","N","0","0","0","2","02301","0","","1.0","","1","N","N","","0","","0","0","0","","2","","","2","0","2","0","0","0","0","2","0","2","","","","N","","","","","","","","","",""
"2009057143","","2","0","0","0","0","0","0","0","0","1","0","","02","6","2009","6","40.402308","-79.918031","","11","0","0","0","0","0","0","0","0","","0","0","0","","","0","","0","","40 24:08.307","","0","79 55:04.911","0","0","0","0","2472","0","0","0","N","0","0","0","2","02472","0","","1.0","","1","N","N","","0","","0","0","0","","0","","","2","0","2","0","0","0","0","2","0","2","","","","N","","","","","","","","","",""
"2009057144","","1","0","0","0","0","0","0","0","0","4","0","","02","6","2009","6","40.619186","-80.077971","","11","0","0","0","0","0","1","0","0","","0","0","0","","","0","","1","","40 37:09.071","","0","80 04:40.697","0","0","0","0","2212","0","0","0","N","0","0","0","2","02505","0","","1.0","","1","N","N","","0","","0","0","1","","2","","","2","0","0","0","0","0","0","2","0","2","","","","N","","","","","","","","","",""
"2009057149","","1","0","0","0","0","0","0","0","0","7","0","","02","6","2009","6","40.360467","-79.845383","","11","0","0","0","0","0","0","0","0","","0","0","0","","","1","","0","","40 21:37.681","","3","79 50:43.378","4","0","0","0","2303","0","0","0","N","0","0","0","1","02303","1","","3.0","","1","N","N","","0","","0","0","0","","0","","","1","1","0","0","0","0","0","2","0","1","","","","N","","","","","","","","","",""
"2009057155","","2","0","0","0","0","0","0","0","0","6","0","","02","6","2009","5","40.438707","-79.9996","","11","0","0","0","0","0","0","0","0","","0","0","0","","","0","","1","","40 26:19.345","","0","79 59:58.560","0","0","0","0","2301","0","0","0","N","0","0","0","2","02301","0","","1.0","","1","N","N","","0","","0","0","0","","2","","","2","0","0","0","0","0","0","2","0","2","","","","N","","","","","","","","","",""
"2009057161","","1","0","0","0","0","0","0","0","0","1","0","","02","6","2009","6","40.457516","-79.917399","","11","0","0","0","0","0","0","0","0","2","0","0","0","","","2","","2","","40 27:27.058","7","7","79 55:02.636","8","0","0","0","2301","0","0","0","N","0","0","0","3","02301","0","","1.0","","1","N","Y","","0","","0","0","0","","2","N","","2","2","0","0","0","2","1","2","1","2","","","","N","","","","","","","","","",""
"2009057167","","1","0","0","0","0","0","0","0","0","7","0","","02","6","2009","4","40.492462","-79.910434","","11","0","1","0","0","0","0","0","0","2","0","0","0","","","0","","6","","40 29:32.863","1","2","79 54:37.562","0","0","0","0","2301","0","0","0","N","0","0","0","1","02301","0","","1.0","","9","N","N","","0","","0","0","0","","0","N","","2","0","0","0","0","0","0","2","0","1","","","","N","","","","","","","","","",""
"2009057194","","1","0","0","0","0","0","0","0","0","1","0","","02","6","2009","5","40.435028","-79.982187","","11","0","0","0","0","0","0","0","0","1","0","0","0","","","2","","0","","40 26:06.099","3","0","79 58:55.873","8","0","0","0","2301","0","0","0","N","0","0","0","3","68B03","0","","1.0","","1","N","N","","0","","0","0","0","","0","N","","2","2","0","0","0","2","0","2","1","2","","","","N","","","","","","","","","",""
"2009057227","","2","0","0","0","0","0","0","0","0","4","0","","02","5","2009","2","40.354856","-79.840797","","11","0","0","0","1","0","0","0","0","","0","0","0","","","1","","2","","40 21:17.482","","0","79 50:26.869","8","0","0","0","2304","0","0","0","N","0","0","0","2","02304","0","","1.0","","9","N","N","","0","","0","0","0","","0","","","2","1","0","0","0","1","0","2","0","2","","","","N","","","","","","","","","",""
"2009057228","","1","0","0","0","0","0","0","0","0","5","0","","02","5","2009","3","40.340027","-79.82677","","11","0","0","1","0","0","1","0","0","","0","0","0","","","1","","1","","40 20:24.097","","0","79 49:36.372","8","0","0","1","2304","0","0","0","N","0","0","0","3","02304","0","","1.0","","1","N","N","","0","","0","0","0","","2","","","2","1","0","0","0","1","0","2","0","2","","","","N","","","","","","","","","",""