"CRN","ARRIVAL_TM","AUTOMOBILE_COUNT","BELTED_DEATH_COUNT","BELTED_SUSP_SERIOUS_INJ_COUNT","BICYCLE_COUNT","BICYCLE_DEATH_COUNT","BICYCLE_SUSP_SERIOUS_INJ_COUNT","BUS_COUNT","CHLDPAS_DEATH_COUNT","CHLDPAS_SUSP_SERIOUS_INJ_COUNT","COLLISION_TYPE","COMM_VEH_COUNT","CONS_ZONE_SPD_LIM","COUNTY","CRASH_MONTH","CRASH_YEAR","DAY_OF_WEEK","DEC_LATITUDE","DEC_LONGITUDE","DISPATCH_TM","DISTRICT","DRIVER_COUNT_16YR","DRIVER_COUNT_17YR","DRIVER_COUNT_18YR","DRIVER_COUNT_19YR","DRIVER_COUNT_20YR","DRIVER_COUNT_50_64YR","DRIVER_COUNT_65_74YR","DRIVER_COUNT_75PLUS","EST_HRS_CLOSED","FATAL_COUNT","HEAVY_TRUCK_COUNT","HORSE_BUGGY_COUNT","HOUR_OF_DAY","ILLUMINATION","INJURY_COUNT","INTERSECTION_RELATED","INTERSECT_TYPE","LANE_CLOSED","LATITUDE","LN_CLOSE_DIR","LOCATION_TYPE","LONGITUDE","MAX_SEVERITY_LEVEL","MCYCLE_DEATH_COUNT","MCYCLE_SUSP_SERIOUS_INJ_COUNT","MOTORCYCLE_COUNT","MUNICIPALITY","NONMOTR_COUNT","NONMOTR_DEATH_COUNT","NONMOTR_SUSP_SERIOUS_INJ_COUNT","NTFY_HIWY_MAINT","PED_COUNT","PED_DEATH_COUNT","PED_SUSP_SERIOUS_INJ_COUNT","PERSON_COUNT","POLICE_AGCY","POSSIBLE_INJ_COUNT","RDWY_SURF_TYPE_CD","RELATION_TO_ROAD","ROADWAY_CLEARED","ROAD_CONDITION","SCH_BUS_IND","SCH_ZONE_IND","SECONDARY_CRASH","SMALL_TRUCK_COUNT","SPEC_JURIS_CD","SUSP_MINOR_INJ_COUNT","SUSP_SERIOUS_INJ_COUNT","SUV_COUNT","TCD_FUNC_CD","TCD_TYPE","TFC_DETOUR_IND","TIME_OF_DAY","TOTAL_UNITS","TOT_INJ_COUNT","UNBELTED_OCC_COUNT","UNB_DEATH_COUNT","UNB_SUSP_SERIOUS_INJ_COUNT","UNK_INJ_DEG_COUNT","UNK_INJ_PER_COUNT","URBAN_RURAL","VAN_COUNT","VEHICLE_COUNT","WEATHER1","WEATHER2","WORKERS_PRES","WORK_ZONE_IND","WORK_ZONE_LOC","WORK_ZONE_TYPE","WZ_CLOSE_DETOUR","WZ_FLAGGER","WZ_LAW_OFFCR_IND","WZ_LN_CLOSURE","WZ_MOVING","WZ_OTHER","WZ_SHLDER_MDN","WZ_WORKERS_INJ_KILLED"
"2009058395","","2","0","0","0","0","0","0","0","0","6","0","","02","6","2009","4","40.434901","-79.953082","","11","0","0","0","0","0","0","0","0","","0","0","0","","","0","","0","","40 26:05.643","","0","79 57:11.095","0","0","0","0","2301","0","0","0","N","0","0","0","2","02301","0","","1.0","","1","N","N","","0","","0","0","1","","0","","","3","0","0","0","0","0","0","2","0","3","","","","N","","","","","","","","","",""
"2009058397","","2","0","0","0","0","0","0","0","0","5","0","","02","6","2009","1","40.4455","-80.0999","","11","0","0","0","0","0","1","0","0","1","0","0","0","","","1","","0","","40 26:43.800","1","0","80 05:59.640","3","0","0","0","2115","0","0","0","N","0","0","0","2","02115","0","","1.0","","1","N","N","","2","","1","0","0","","0","N","","4","1","0","0","0","0","0","2","0","4","","","","N","","","","","","","","","",""
"2009058398","","1","0","0","0","0","0","0","0","0","4","0","","02","6","2009","2","40.444948","-80.099546","","11","0","0","0","0","0","1","0","0","1","0","0","0","","","1","","0","","40 26:41.811","1","7","80 05:58.364","4","0","0","0","2115","0","0","0","N","0","0","0","2","02115","1","","1.0","","1","N","N","","0","","0","0","1","","0","N","","2","1","0","0","0","0","0","2","0","2","","","","N","","","","","","","","","",""
"2009058399","","2","0","0","0","0","0","0","0","0","4","0","","02","6","2009","3","40.4494","-80.1073","","11","0","0","0","0","0","1","0","1","1","0","0","0","","","2","","1","","40 26:57.840","2","0","80 06:26.280","3","0","0","0","2115","0","0","0","N","0","0","0","3","02115","1","","1.0","","1","N","N","","0","","1","0","0","","2","N","","2","2","0","0","0","0","0","2","0","2","","","","N","","","","","","","","","",""
"2009058400","","2","0","0","0","0","0","0","0","0","1","0","","02","6","2009","2","40.314856","-80.029799","","11","0","0","0","0","0","0","0","0","2","0","0","0","","","1","","0","","40 18:53.481","1","0","80 01:47.275","3","0","0","0","2407","0","0","0","N","0","0","0","5","02407","0","","1.0","","1","N","N","","0","","1","0","0","","0","N","","2","1","0","0","0","0","0","2","0","2","","","","N","","","","","","","","","",""
"2009058401","","1","0","0","0","0","0","0","0","0","1","0","","02","6","2009","4","40.338318","-80.051483","","11","0","0","0","0","0","0","0","0","1","0","0","0","","","1","","1","","40 20:17.944","4","0","80 03:05.338","4","0","0","0","2407","0","0","0","N","0","0","0","2","02407","1","","1.0","","9","N","N","","0","","0","0","1","","2","N","","2","1","0","0","0","0","0","2","0","2","","","","N","","","","","","","","","",""
"2009058512","","1","0","0","0","0","0","0","0","0","2","0","","02","6","2009","4","40.618969","-79.929545","","11","0","1","0","0","0","0","0","0","1","0","0","0","","","3","","2","","40 37:08.288","6","0","79 55:46.362","4","0","0","0","2217","0","0","0","N","0","0","0","4","02505","1","","1.0","","1","N","N","","0","","0","0","1","","3","Y","","2","3","0","0","0","2","0","2","0","2","","","","N","","","","","","","","","",""
"2009058521","","1","0","0","0","0","0","0","0","0","7","0","","02","6","2009","4","40.453981","-80.014537","","11","0","0","0","0","0","0","0","0","3","0","0","0","","","1","","2","","40 27:14.331","6","0","80 00:52.333","3","0","0","0","2301","0","0","0","N","0","0","0","1","02301","0","","2.0","","1","N","N","","0","","1","0","0","","0","Y","","1","1","1","0","0","0","0","2","0","1","","","","N","","","","","","","","","",""
"2009058524","","2","0","0","0","0","0","0","0","0","4","0","","02","6","2009","4","40.376456","-80.06749","","11","0","1","0","0","0","0","0","0","","0","0","0","","","0","","0","","40 22:35.241","","0","80 04:02.964","0","0","0","0","2109","0","0","0","N","0","0","0","3","02109","0","","1.0","","1","N","N","","0","","0","0","0","","0","","","2","0","0","0","0","0","0","2","0","2","","","","N","","","","","","","","","",""
"2009058526","","1","0","0","0","0","0","0","0","0","7","0","","02","6","2009","4","40.647547","-79.847413","","11","0","0","0","0","0","1","0","0","","0","0","0","","","0","","0","","40 38:51.170","","0","79 50:50.687","0","0","0","0","2220","0","0","0","N","0","0","0","1","02220","0","","5.0","","1","N","N","","0","","0","0","0","","0","","","1","0","0","0","0","0","0","1","0","1","","","","N","","","","","","","","","",""
"2009058527","","0","0","0","0","0","0","0","0","0","5","0","","02","5","2009","7","40.399715","-79.886383","","11","0","0","0","0","0","1","0","0","3","0","0","0","","","1","","2","","40 23:58.974","3","0","79 53:10.979","2","0","1","1","2475","0","0","0","N","0","0","0","2","02475","0","","1.0","","1","N","N","","0","","0","1","0","","0","Y","","2","1","1","0","0","0","0","2","1","2","","","","N","","","","","","","","","",""
"2009058528","","0","0","0","0","0","0","0","0","0","7","0","","02","6","2009","4","40.294112","-79.887167","","11","0","0","0","0","0","0","0","0","","0","0","0","","","0","","1","","40 17:38.803","","0","79 53:13.801","9","0","0","0","2302","0","0","0","N","0","0","0","1","02302","0","","2.0","","1","N","N","","0","","0","0","1","","3","","","1","0","0","0","0","0","1","2","0","1","","","","N","","","","","","","","","",""
"2009058531","","1","0","0","0","0","0","0","0","0","4","0","","02","6","2009","7","40.467636","-80.078884","","11","0","0","0","0","0","0","0","0","2","0","0","0","","","2","","0","","40 28:03.489","5","0","80 04:43.982","4","0","0","0","2444","0","0","0","N","0","0","0","4","02444","1","","1.0","","1","N","N","","0","","0","0","1","","0","Y","","2","2","0","0","0","1","0","2","0","2","","","","N","","","","","","","","","",""
"2009058534","","1","0","0","0","0","0","0","0","0","7","0","","02","6","2009","5","40.462648","-79.803988","","11","0","0","0","0","0","0","0","0","","0","0","0","","","0","","0","","40 27:45.532","","0","79 48:14.356","0","0","0","0","2113","0","0","0","N","0","0","0","1","02113","0","","2.0","","9","N","N","","0","","0","0","0","","0","","","1","0","0","0","0","0","0","2","0","1","","","","N","","","","","","","","","",""
"2009058536","","2","0","0","0","0","0","0","0","0","1","0","99","02","6","2009","4","40.311748","-79.827509","","11","0","0","0","0","0","1","0","0","","0","0","0","","","0","","0","","40 18:42.293","","3","79 49:39.033","0","0","0","0","2105","0","0","0","N","0","0","0","2","02105","0","","1.0","","1","N","N","","0","","0","0","0","","7","","","2","0","0","0","0","0","0","2","0","2","","","Y","Y","3","1","","Y","N","","","","",""
"2009058543","","2","0","0","0","0","0","0","0","0","1","0","","02","6","2009","5","40.461895","-79.860182","","11","0","0","0","0","0","0","0","0","1","0","0","0","","","1","","0","","40 27:42.821","3","0","79 51:36.656","4","0","0","0","2113","0","0","0","N","0","0","0","3","02113","1","","4.0","","8","N","N","","0","","0","0","0","","0","N","","2","1","1","0","0","0","0","2","0","2","","","","N","","","","","","","","","",""
"2009058565","","0","0","0","0","0","0","0","0","0","7","0","","02","6","2009","6","40.4839","-80.1221","","11","0","0","0","0","0","0","0","0","","0","0","0","","","0","","0","","40 29:02.040","","0","80 07:19.560","0","0","0","0","2115","0","0","0","Y","0","0","0","1","68B03","0","","2.0","","1","N","N","","1","","0","0","0","","0","","","1","0","0","0","0","0","0","2","0","1","","","","N","","","","","","","","","",""
"2009058566","","0","0","0","0","0","0","0","0","0","1","0","","02","6","2009","2","40.425744","-79.903694","","11","0","0","0","0","0","0","0","0","","0","0","0","","","1","","0","","40 25:32.679","","3","79 54:13.299","3","0","0","0","2301","0","0","0","N","0","0","0","2","68B03","0","","1.0","","1","N","N","","0","","1","0","2","","0","","","2","1","0","0","0","0","0","2","0","2","","","","N","","","","","","","","","",""
"2009058567","","1","0","0","0","0","0","0","0","0","7","0","","02","6","2009","3","40.5073","-80.1371","","11","0","0","1","0","0","0","0","0","","0","0","0","","","1","","0","","40 30:26.280","","0","80 08:13.560","3","0","0","0","2115","0","0","0","N","0","0","0","1","68B03","0","","2.0","","1","N","N","","0","","1","0","0","","0","","","1","1","0","0","0","0","0","2","0","1","","","","N","","","","","","","","","",""
"2009058568","","1","0","0","0","0","0","0","0","0","7","0","","02","6","2009","4","40.502192","-80.283039","","11","0","0","0","0","0","0","1","0","1","0","0","0","","","1","","0","","40 30:07.892","2","0","80 16:58.941","4","0","0","0","2203","0","0","0","N","0","0","0","1","68B03","1","","4.0","","1","N","N","","0","","0","0","0","","0","N","","1","1","0","0","0","0","0","1","0","1","","","","N","","","","","","","","","",""
"2009058623","","1","0","0","0","0","0","0","0","0","4","0","","02","6","2009","6","40.655338","-80.072153","","11","0","0","0","0","0","0","0","0","","0","0","0","","","0","","0","","40 39:19.218","","5","80 04:19.752","0","0","0","0","2212","0","0","0","N","0","0","0","3","68T02","0","","1.0","","1","N","N","","0","","0","0","1","","3","","","2","0","0","0","0","0","0","2","0","2","","","","N","","","","","","","","","",""
"2009058633","","1","0","0","0","0","0","0","0","0","7","0","","02","6","2009","4","40.477847","-79.736007","","11","0","0","0","0","0","0","0","0","1","0","0","0","","","1","","1","","40 28:40.250","6","0","79 44:09.624","4","0","0","0","2466","0","0","0","N","0","0","0","2","02466","1","","2.0","","9","N","N","","0","","0","0","0","","3","N","","2","1","0","0","0","0","0","2","1","2","","","","N","","","","","","","","","",""
"2009058635","","2","0","0","0","0","0","0","0","0","4","0","","02","6","2009","5","40.477577","-79.785242","","11","0","0","0","1","0","0","0","0","","0","0","0","","","0","","1","","40 28:39.276","","0","79 47:06.870","0","0","0","0","2113","0","0","0","N","0","0","0","2","02113","0","","1.0","","1","N","N","","0","","0","0","0","","2","","","2","0","0","0","0","0","0","2","0","2","","","","N","","","","","","","","","",""
"2009058638","","2","0","0","0","0","0","0","0","0","4","0","","02","6","2009","5","40.445515","-79.856411","","11","0","0","0","0","1","0","0","0","1","0","0","0","","","0","","2","","40 26:43.854","3","0","79 51:23.079","0","0","0","0","2419","0","0","0","N","0","0","0","2","02419","0","","1.0","","1","N","N","","0","","0","0","0","","3","N","","2","0","0","0","0","0","0","2","0","2","","","","N","","","","","","","","","",""
"2009058641","","2","0","0","0","0","0","0","0","0","1","0","","02","6","2009","5","40.445506","-79.930921","","11","0","0","0","0","0","0","0","1","","0","0","0","","","0","","0","","40 26:43.823","","0","79 55:51.317","0","0","0","0","2301","0","0","0","N","0","0","0","2","02301","0","","1.0","","1","N","N","","0","","0","0","0","","0","","","2","0","0","0","0","0","0","2","0","2","","","","N","","","","","","","","","",""
"2009058647","","2","0","0","0","0","0","0","0","0","4","0","","02","6","2009","5","40.477645","-79.844172","","11","0","0","0","0","0","1","0","0","","0","0","0","","","0","","0","","40 28:39.521","","0","79 50:39.018","0","0","0","0","2113","0","0","0","N","0","0","0","2","02113","0","","1.0","","1","N","N","","0","","0","0","0","","0","","","2","0","0","0","0","0","0","2","0","2","","","","N","","","","","","","","","",""
"2009058658","","2","0","0","0","0","0","0","0","0","8","0","","02","6","2009","5","40.44548","-79.961167","","11","0","0","0","0","0","0","0","1","1","0","0","0","","","2","","0","","40 26:43.728","5","0","79 57:40.201","4","0","0","0","2301","0","0","0","N","0","0","0","2","02301","2","","1.0","","1","N","N","","0","","0","0","0","","0","N","","2","2","0","0","0","0","0","2","0","2","","","","N","","","","","","","","","",""
"2009058670","","0","0","0","0","0","0","0","0","0","1","0","","02","6","2009","5","40.326829","-80.076883","","11","0","0","0","0","0","0","0","0","1","0","0","0","","","0","","1","","40 19:36.583","1","0","80 04:36.780","0","0","0","0","2123","0","0","0","N","0","0","0","4","02123","0","","1.0","","1","N","N","","0","","0","0","1","","0","N","","2","0","0","0","0","0","0","2","1","2","","","","N","","","","","","","","","",""
"2009058678","","2","0","0","0","0","0","0","0","0","4","0","","02","6","2009","5","40.471098","-79.920382","","11","0","0","0","0","0","0","1","1","2","0","0","0","","","1","","1","","40 28:15.952","7","0","79 55:13.375","8","0","0","0","2301","0","0","0","N","0","0","0","2","02301","0","","1.0","","9","N","N","","0","","0","0","0","","3","Y","","2","1","0","0","0","1","0","2","0","2","","","","N","","","","","","","","","",""
"2009058680","","2","0","0","0","0","0","0","0","0","4","0","","02","6","2009","4","40.372988","-79.792768","","11","0","0","0","0","0","0","0","0","","0","0","0","","","0","","2","","40 22:22.756","","0","79 47:33.966","0","0","0","0","2111","0","0","0","N","0","0","0","2","02111","0","","1.0","","1","N","N","","0","","0","0","0","","3","","","2","0","1","0","0","0","0","2","0","2","","","","N","","","","","","","","","",""
"2009058689","","2","0","0","0","0","0","0","0","0","1","0","","02","6","2009","2","40.368098","-79.817154","","11","0","0","1","0","0","1","0","0","1","0","0","0","","","0","","2","","40 22:05.154","5","0","79 49:01.756","0","0","0","0","2111","0","0","0","N","0","0","0","2","02111","0","","1.0","","1","N","N","","0","","0","0","0","","0","N","","2","0","0","0","0","0","0","2","0","2","","","","N","","","","","","","","","",""
"2009058695","","0","0","0","0","0","0","0","0","0","7","0","","02","6","2009","4","40.6476","-79.807919","","11","0","0","0","0","0","0","0","0","","0","0","0","","","0","","0","","40 38:51.359","","0","79 48:28.509","0","0","0","0","2202","0","0","0","N","0","0","0","1","02202","0","","4.0","","1","N","N","","0","","0","0","1","","0","","","1","0","0","0","0","0","0","1","0","1","","","","N","","","","","","","","","",""
"2009058696","","2","0","0","0","0","0","0","0","0","1","0","","02","6","2009","5","40.457227","-79.900012","","11","0","0","0","0","0","0","0","0","","0","0","0","","","0","","0","","40 27:26.018","","0","79 54:00.044","9","0","0","0","2301","0","0","0","N","0","0","0","1","02301","0","","6.0","","1","N","N","","0","","0","0","0","","2","","","3","0","0","0","0","0","1","2","0","3","","","","N","","","","","","","","","",""
"2009058719","","1","0","0","0","0","0","0","0","0","1","0","","02","6","2009","5","40.413323","-80.076711","","11","0","1","0","0","0","1","0","0","","0","0","0","","","0","","0","","40 24:47.963","","0","80 04:36.160","0","0","0","0","2117","0","0","0","N","0","0","0","3","02117","0","","1.0","","9","N","N","","0","","0","0","1","","0","","","2","0","0","0","0","0","0","2","0","2","","","","N","","","","","","","","","",""
"2009058762","","1","0","0","0","0","0","0","0","0","4","0","","02","6","2009","2","40.443192","-79.953512","","11","0","0","0","0","0","1","0","0","1","0","0","0","","","0","","1","","40 26:35.490","4","0","79 57:12.644","0","0","0","0","2301","0","0","0","N","0","0","0","3","02301","0","","1.0","","1","N","N","","1","","0","0","0","","2","N","","2","0","2","0","0","0","0","2","0","2","","","","N","","","","","","","","","",""
"2009058849","","1","0","0","0","0","0","0","0","0","1","0","","02","5","2009","1","40.360485","-79.90769","","11","0","0","0","0","0","1","0","0","","0","0","0","","","1","","2","","40 21:37.746","","0","79 54:27.685","4","0","0","0","2473","0","0","0","N","0","0","0","7","02423","1","","1.0","","1","N","N","","1","","0","0","0","","2","","","2","1","1","0","0","0","0","2","0","2","","","","N","","","","","","","","","",""
"2009058850","","1","0","0","0","0","0","0","0","0","7","0","","02","5","2009","6","40.392397","-79.869821","","11","0","0","0","0","0","0","0","0","1","0","0","0","","","0","","0","","40 23:32.628","1","0","79 52:11.354","0","0","0","0","2473","0","0","0","N","0","0","0","1","02473","0","","3.0","","9","N","N","","0","","0","0","0","","0","N","","1","0","0","0","0","0","0","2","0","1","","","","N","","","","","","","","","",""
"2009058851","","1","0","0","0","0","0","0","0","0","0","0","","02","5","2009","7","40.360485","-79.90769","","11","0","0","0","0","0","0","0","1","","0","0","0","","","0","","2","","40 21:37.746","","0","79 54:27.685","0","0","0","0","2473","0","0","0","N","0","0","0","1","02473","0","","1.0","","1","N","N","","0","","0","0","0","","2","","","1","0","0","0","0","0","0","2","0","1","","","","N","","","","","","","","","",""
"2009058852","","1","0","0","0","0","0","0","0","0","7","0","","02","5","2009","6","40.344021","-79.94694","","11","0","0","0","0","0","0","0","1","1","0","0","0","","","0","","0","","40 20:38.475","1","0","79 56:48.984","0","0","0","0","2473","0","0","0","N","0","0","0","1","02473","0","","4.0","","1","N","N","","0","","0","0","0","","2","N","","1","0","0","0","0","0","0","2","0","1","","","","N","","","","","","","","","",""
"2009058853","","1","0","0","0","0","0","0","0","0","0","0","","02","5","2009","6","40.361438","-79.904304","","11","0","0","0","0","0","0","0","0","1","0","0","0","","","0","","0","","40 21:41.178","2","0","79 54:15.495","0","0","0","0","2473","0","0","0","N","0","0","0","1","02473","0","","1.0","","1","N","N","","0","","0","0","0","","0","N","","1","0","0","0","0","0","0","2","0","1","","","","N","","","","","","","","","",""
"2009058903","","1","0","0","0","0","0","0","0","0","5","0","","02","5","2009","7","40.430057","-79.957786","","11","0","0","0","0","0","0","0","0","1","0","0","0","","","0","","1","","40 25:48.205","1","3","79 57:28.031","0","0","0","0","2301","0","0","0","N","0","0","0","3","02301","0","","1.0","","1","N","N","","0","","0","0","1","","2","N","","2","0","0","0","0","0","0","2","0","2","","","","N","","","","","","","","","",""
"2009058904","","2","0","0","0","0","0","0","0","0","7","0","","02","5","2009","6","40.435252","-79.967374","","11","0","0","0","0","0","0","0","0","4","0","0","0","","","3","","6","","40 26:06.906","3","2","79 58:02.546","3","0","0","0","2301","0","0","0","N","0","0","0","4","02301","1","","7.0","","9","N","N","","0","","1","0","0","","0","Y","","2","3","2","0","0","1","0","2","0","2","","","","N","","","","","","","","","",""
"2009058922","","2","0","0","0","0","0","0","0","0","4","0","","02","6","2009","2","40.436887","-79.852014","","11","0","0","1","0","0","0","0","0","2","0","0","0","","","0","","2","","40 26:12.793","3","0","79 51:07.250","0","0","0","0","2431","0","0","0","N","0","0","0","4","02431","0","","1.0","","1","N","N","","0","","0","0","0","","3","N","","2","0","0","0","0","0","0","2","0","2","","","","N","","","","","","","","","",""
"2009058927","","2","0","0","0","0","0","0","0","0","1","0","","02","6","2009","5","40.582344","-79.876626","","11","0","0","0","0","0","1","1","0","","0","0","0","","","3","","0","","40 34:56.438","","0","79 52:35.854","4","0","0","0","2209","0","0","0","N","0","0","0","5","02209","3","","1.0","","1","N","N","","0","","0","0","0","","0","","","2","3","0","0","0","0","0","2","0","2","","","","N","","","","","","","","","",""
"2009058928","","1","0","0","0","0","0","0","0","0","4","0","","02","6","2009","7","40.310036","-80.033195","","11","0","0","0","0","0","1","1","0","","0","0","0","","","1","","0","","40 18:36.131","","0","80 01:59.503","4","0","0","1","2407","0","0","0","N","0","0","0","2","02407","1","","1.0","","1","N","N","","0","","0","0","0","","0","","","2","1","0","0","0","0","0","2","0","2","","","","N","","","","","","","","","",""
"2009058929","","0","0","0","0","0","0","0","0","0","0","0","","02","6","2009","4","40.513609","-80.152697","","11","0","0","0","0","0","0","0","0","1","0","0","0","","","1","","0","","40 30:48.992","3","0","80 09:09.710","3","0","0","1","2420","0","0","0","N","0","0","0","2","02420","0","","1.0","","1","N","N","","0","","1","0","0","","0","N","","1","1","0","0","0","0","0","2","0","1","","","","N","","","","","","","","","",""
"2009059027","","0","0","0","0","0","0","0","0","0","1","0","","02","6","2009","5","40.3872","-80.054788","","11","0","0","0","0","0","0","0","0","1","0","0","0","","","0","","1","","40 23:13.921","1","0","80 03:17.237","0","0","0","0","2109","0","0","0","N","0","0","0","2","02109","0","","1.0","","9","N","N","","2","","0","0","0","","2","N","","2","0","0","0","0","0","0","2","0","2","","","","N","","","","","","","","","",""
"2009059029","","0","0","0","0","0","0","0","0","0","8","0","","02","6","2009","5","40.283313","-79.811635","","11","0","0","0","0","0","1","0","0","1","0","0","0","","","1","","0","","40 16:59.926","2","0","79 48:41.886","8","0","0","0","2105","1","0","0","N","1","0","0","3","02105","0","","1.0","","1","N","N","","0","","0","0","1","","0","N","","2","1","0","0","0","1","0","2","0","1","","","","N","","","","","","","","","",""
"2009059032","","1","0","0","0","0","0","0","0","0","2","0","","02","6","2009","5","40.317927","-79.898851","","11","0","0","0","0","0","1","0","0","2","0","0","0","","","0","","0","","40 19:04.538","5","1","79 53:55.864","0","0","0","0","2440","0","0","0","N","0","0","0","3","02440","0","","1.0","","9","N","N","","1","","0","0","0","","0","N","","2","0","0","0","0","0","0","2","0","2","","","","N","","","","","","","","","",""
"2009059034","","0","0","0","0","0","0","0","0","0","4","0","","02","6","2009","5","40.553453","-79.948983","","11","0","0","0","0","1","0","0","0","1","0","0","0","","","0","","2","","40 33:12.430","4","0","79 56:56.338","9","0","0","0","2118","0","0","0","N","0","0","0","2","02118","0","","1.0","","9","N","N","","0","","0","0","2","","3","N","","2","0","0","0","0","0","1","2","0","2","","","","N","","","","","","","","","",""
"2009059036","","1","0","0","0","0","0","0","0","0","4","1","","02","6","2009","5","40.656483","-79.836994","","11","0","0","0","0","1","1","0","0","","0","1","0","","","0","","0","","40 39:23.337","","0","79 50:13.180","0","0","0","0","2220","0","0","0","N","0","0","0","2","02220","0","","1.0","","9","N","N","","0","","0","0","0","","0","","","2","0","0","0","0","0","0","1","0","2","","","","N","","","","","","","","","",""
"2009059040","","0","0","0","0","0","0","0","0","0","0","0","","02","6","2009","4","40.246189","-79.878821","","11","0","0","0","0","0","1","0","0","2","0","0","0","","","0","","0","","40 14:46.280","5","0","79 52:43.755","0","0","0","0","2204","0","0","0","N","0","0","0","1","02204","0","","1.0","","1","N","N","","0","","0","0","1","","0","Y","","1","0","0","0","0","0","0","1","0","1","","","","N","","","","","","","","","",""
"2009059047","","0","0","0","0","0","0","0","0","0","6","0","","02","6","2009","4","40.309246","-79.892065","","11","0","0","0","0","0","0","0","0","","0","0","0","","","0","","0","","40 18:33.285","","0","79 53:31.434","0","0","0","0","2302","0","0","0","N","0","0","0","2","02302","0","","6.0","","1","N","N","","0","","0","0","2","","0","","","2","0","0","0","0","0","0","2","0","2","","","","N","","","","","","","","","",""
"2009059050","","1","0","0","0","0","0","0","0","0","7","0","","02","6","2009","6","40.44675","-79.979344","","11","0","0","0","0","0","0","0","0","2","0","0","0","","","1","","2","","40 26:48.300","6","0","79 58:45.638","3","0","0","0","2301","0","0","0","N","0","0","0","3","02301","0","","5.0","","9","N","N","","0","","1","0","0","","0","N","","1","1","0","0","0","0","0","2","0","1","","","","N","","","","","","","","","",""
"2009059051","","1","0","0","0","0","0","0","0","0","7","0","","02","6","2009","6","40.501738","-79.98388","","11","0","0","0","0","0","0","0","0","1","0","0","0","","","0","","0","","40 30:06.258","1","0","79 59:01.968","0","0","0","0","2445","0","0","0","N","0","0","0","2","02118","0","","5.0","","9","N","N","","0","","0","0","0","","0","N","","1","0","0","0","0","0","0","2","0","1","","","","N","","","","","","","","","",""
"2009059053","","2","0","0","0","0","0","0","0","0","1","0","","02","6","2009","5","40.388601","-79.830171","","11","0","0","0","0","0","1","0","0","","0","0","0","","","0","","0","","40 23:18.964","","0","79 49:48.615","0","0","0","0","2111","0","0","0","N","0","0","0","2","02111","0","","1.0","","1","N","N","","0","","0","0","0","","0","","","2","0","0","0","0","0","0","2","0","2","","","","N","","","","","","","","","",""
"2009059054","","2","0","0","0","0","0","0","0","0","5","0","","02","6","2009","4","40.432146","-79.931534","","11","0","0","0","0","0","0","0","0","","0","0","0","","","0","","0","","40 25:55.725","","0","79 55:53.522","0","0","0","0","2301","0","0","0","N","0","0","0","0","02301","0","","2.0","","1","N","N","","0","","0","0","0","","0","","","2","0","0","0","0","0","0","2","0","2","","","","N","","","","","","","","","",""
"2009059055","","1","0","0","0","0","0","0","0","0","7","0","","02","6","2009","6","40.428375","-79.9735","","11","0","0","0","0","0","0","0","0","","0","0","0","","","0","","2","","40 25:42.150","","3","79 58:24.600","0","0","0","0","2301","0","0","0","Y","0","0","0","1","02301","0","","3.0","","1","N","N","","0","","0","0","0","","0","","","1","0","0","0","0","0","0","2","0","1","","","","N","","","","","","","","","",""
"2009059057","","1","0","0","0","0","0","0","0","0","7","0","25","02","6","2009","5","40.402309","-79.995492","","11","0","0","0","0","0","1","0","0","2","0","0","0","","","1","","0","","40 24:08.312","6","0","79 59:43.771","4","0","0","0","2301","0","0","0","N","0","0","0","1","02301","1","","5.0","","9","N","N","","0","","0","0","0","","0","Y","","1","1","0","0","0","0","0","2","0","1","","","N","Y","4","1","","","N","","Y","","",""
"2009059074","","1","0","0","0","0","0","0","0","0","1","0","","02","4","2009","5","40.434181","-79.996304","","11","0","0","0","0","1","0","0","0","","0","0","0","","","1","","6","","40 26:03.051","","2","79 59:46.695","4","0","0","0","2301","0","0","0","N","0","0","0","2","68B03","1","","1.0","","9","N","N","","0","","0","0","1","","4","","","2","1","0","0","0","0","0","2","0","2","","","","N","","","","","","","","","",""
"2009059075","","2","0","0","0","0","0","0","0","0","2","0","","02","5","2009","7","40.448327","-80.013581","","11","0","0","0","0","0","0","0","0","4","1","0","0","","","3","","0","","40 26:53.977","4","8","80 00:48.893","1","0","0","0","2301","0","0","0","Y","0","0","0","4","68B03","1","1","1.0","","1","N","N","","0","0","0","2","0","","0","Y","","2","3","3","1","2","0","0","2","0","2","","","","N","","","","","","","","","",""
"2009059076","","2","0","0","0","0","0","0","0","0","1","0","","02","6","2009","5","40.429744","-79.885235","","11","0","0","0","0","0","2","0","0","","0","0","0","","","1","","0","","40 25:47.078","","0","79 53:06.846","4","0","0","0","2426","0","0","0","N","0","0","0","5","68B03","1","","1.0","","1","N","N","","1","","0","0","1","","0","","","5","1","0","0","0","0","0","2","1","5","","","","N","","","","","","","","","",""
"2009059148","","1","0","0","0","0","0","0","0","0","7","0","","02","5","2009","4","40.6682","-80.0985","","11","0","0","0","0","0","0","0","0","2","0","0","0","","","0","","0","","40 40:05.520","3","0","80 05:54.600","0","0","0","0","2212","0","0","0","N","0","0","0","1","68T02","0","","3.0","","9","N","N","","0","","0","0","0","","0","N","","1","0","0","0","0","0","0","2","0","1","","","","N","","","","","","","","","",""