"CRN","ARRIVAL_TM","AUTOMOBILE_COUNT","BELTED_DEATH_COUNT","BELTED_SUSP_SERIOUS_INJ_COUNT","BICYCLE_COUNT","BICYCLE_DEATH_COUNT","BICYCLE_SUSP_SERIOUS_INJ_COUNT","BUS_COUNT","CHLDPAS_DEATH_COUNT","CHLDPAS_SUSP_SERIOUS_INJ_COUNT","COLLISION_TYPE","COMM_VEH_COUNT","CONS_ZONE_SPD_LIM","COUNTY","CRASH_MONTH","CRASH_YEAR","DAY_OF_WEEK","DEC_LATITUDE","DEC_LONGITUDE","DISPATCH_TM","DISTRICT","DRIVER_COUNT_16YR","DRIVER_COUNT_17YR","DRIVER_COUNT_18YR","DRIVER_COUNT_19YR","DRIVER_COUNT_20YR","DRIVER_COUNT_50_64YR","DRIVER_COUNT_65_74YR","DRIVER_COUNT_75PLUS","EST_HRS_CLOSED","FATAL_COUNT","HEAVY_TRUCK_COUNT","HORSE_BUGGY_COUNT","HOUR_OF_DAY","ILLUMINATION","INJURY_COUNT","INTERSECTION_RELATED","INTERSECT_TYPE","LANE_CLOSED","LATITUDE","LN_CLOSE_DIR","LOCATION_TYPE","LONGITUDE","MAX_SEVERITY_LEVEL","MCYCLE_DEATH_COUNT","MCYCLE_SUSP_SERIOUS_INJ_COUNT","MOTORCYCLE_COUNT","MUNICIPALITY","NONMOTR_COUNT","NONMOTR_DEATH_COUNT","NONMOTR_SUSP_SERIOUS_INJ_COUNT","NTFY_HIWY_MAINT","PED_COUNT","PED_DEATH_COUNT","PED_SUSP_SERIOUS_INJ_COUNT","PERSON_COUNT","POLICE_AGCY","POSSIBLE_INJ_COUNT","RDWY_SURF_TYPE_CD","RELATION_TO_ROAD","ROADWAY_CLEARED","ROAD_CONDITION","SCH_BUS_IND","SCH_ZONE_IND","SECONDARY_CRASH","SMALL_TRUCK_COUNT","SPEC_JURIS_CD","SUSP_MINOR_INJ_COUNT","SUSP_SERIOUS_INJ_COUNT","SUV_COUNT","TCD_FUNC_CD","TCD_TYPE","TFC_DETOUR_IND","TIME_OF_DAY","TOTAL_UNITS","TOT_INJ_COUNT","UNBELTED_OCC_COUNT","UNB_DEATH_COUNT","UNB_SUSP_SERIOUS_INJ_COUNT","UNK_INJ_DEG_COUNT","UNK_INJ_PER_COUNT","URBAN_RURAL","VAN_COUNT","VEHICLE_COUNT","WEATHER1","WEATHER2","WORKERS_PRES","WORK_ZONE_IND","WORK_ZONE_LOC","WORK_ZONE_TYPE","WZ_CLOSE_DETOUR","WZ_FLAGGER","WZ_LAW_OFFCR_IND","WZ_LN_CLOSURE","WZ_MOVING","WZ_OTHER","WZ_SHLDER_MDN","WZ_WORKERS_INJ_KILLED"
"2009060738","","1","0","0","0","0","0","0","0","0","4","0","","02","6","2009","1","40.463648","-79.923495","","11","0","0","0","0","0","1","0","0","","0","0","0","","","0","","1","","40 27:49.131","","0","79 55:24.582","0","0","0","0","2301","0","0","0","N","0","0","0","4","02301","0","","1.0","","1","N","N","","0","","0","0","1","","1","","","2","0","0","0","0","0","0","2","0","2","","","","N","","","","","","","","","",""
"2009060817","","1","0","0","0","0","0","0","0","0","5","1","","02","6","2009","3","40.380183","-80.044684","","11","0","0","0","0","0","0","0","0","2","0","1","0","","","0","","0","","40 22:48.657","1","0","80 02:40.861","0","0","0","0","2109","0","0","0","N","0","0","0","3","02109","0","","1.0","","1","N","N","","0","","0","0","0","","0","N","","2","0","0","0","0","0","0","2","0","2","","","","N","","","","","","","","","",""
"2009060818","","1","0","0","0","0","0","0","0","0","2","0","","02","6","2009","3","40.496476","-79.943987","","11","0","0","0","0","0","2","0","0","1","0","0","0","","","0","","3","","40 29:47.313","5","0","79 56:38.353","0","0","0","0","2430","0","0","0","N","0","0","0","2","02430","0","","1.0","","1","N","N","","1","","0","0","0","","2","N","","2","0","0","0","0","0","0","2","0","2","","","","N","","","","","","","","","",""
"2009060821","","1","0","0","0","0","0","0","0","0","99","0","","02","6","2009","4","40.291552","-79.833956","","11","0","0","0","0","0","0","1","0","2","0","0","0","","","1","","2","","40 17:29.587","1","0","79 50:02.241","4","0","0","0","2105","0","0","0","N","0","0","0","1","02105","1","","2.0","","1","N","N","","0","","0","0","0","","0","N","","1","1","0","0","0","0","0","2","0","1","","","","N","","","","","","","","","",""
"2009060822","","3","0","0","0","0","0","0","0","0","1","0","","02","6","2009","3","40.36166","-80.069894","","11","0","0","0","0","0","1","0","0","1","0","0","0","","","1","","2","","40 21:41.975","1","0","80 04:11.617","4","0","0","0","2123","0","0","0","N","0","0","0","5","02123","1","","1.0","","1","N","N","","0","","0","0","0","","3","N","","3","1","0","0","0","0","0","2","0","3","","","","N","","","","","","","","","",""
"2009060823","","1","0","0","0","0","0","0","0","0","4","0","","02","6","2009","3","40.653407","-80.067874","","11","0","0","1","0","0","0","0","0","2","0","0","0","","","1","","2","","40 39:12.266","3","0","80 04:04.348","4","0","0","0","2216","0","0","0","N","0","0","0","2","02505","1","","1.0","","1","N","N","","1","","0","0","0","","3","N","","2","1","0","0","0","0","0","2","0","2","","","","N","","","","","","","","","",""
"2009060824","","1","0","0","0","0","0","0","0","0","7","0","","02","6","2009","2","40.274639","-79.853219","","11","0","0","0","0","0","0","0","0","2","0","0","0","","","0","","0","","40 16:28.699","4","0","79 51:11.589","0","0","0","0","2105","0","0","0","N","0","0","0","1","02105","0","","2.0","","1","","N","","0","","0","0","0","","0","N","","1","0","0","0","0","0","0","2","0","1","","","","N","","","","","","","","","",""
"2009060828","","1","0","0","0","0","0","0","0","0","7","0","","02","6","2009","4","40.523176","-79.811817","","11","0","0","0","0","0","1","0","0","1","0","0","0","","","1","","0","","40 31:23.433","2","0","79 48:42.541","3","0","0","0","2466","0","0","0","N","0","0","0","1","02466","0","","2.0","","9","N","N","","0","","1","0","0","","0","N","","1","1","0","0","0","0","0","2","0","1","","","","N","","","","","","","","","",""
"2009060831","","2","0","0","0","0","0","0","0","0","4","0","","02","6","2009","3","40.435631","-79.982904","","11","0","0","0","0","0","0","0","1","2","0","0","0","","","2","","2","","40 26:08.273","1","0","79 58:58.454","3","0","0","0","2301","0","0","0","N","0","0","0","2","02301","1","","1.0","","1","N","N","","0","","1","0","0","","3","N","","2","2","0","0","0","0","0","2","0","2","","","","N","","","","","","","","","",""
"2009060841","","1","0","0","0","0","0","0","0","0","2","0","","02","6","2009","4","40.463745","-79.923774","","11","0","0","0","0","0","1","1","0","","0","0","0","","","1","","1","","40 27:49.482","","0","79 55:25.586","8","0","0","0","2301","0","0","0","Y","0","0","0","2","02301","0","","1.0","","9","N","N","","0","","0","0","1","","2","","","2","1","0","0","0","1","0","2","0","2","","","","N","","","","","","","","","",""
"2009060843","","1","0","0","0","0","0","0","0","0","1","0","45","02","6","2009","4","40.494198","-79.94294","","11","0","0","0","0","0","0","0","0","1","0","0","0","","","0","","0","","40 29:39.113","1","0","79 56:34.585","0","0","0","0","2430","0","0","0","N","0","0","0","3","02430","0","","1.0","","9","N","N","","2","","0","0","0","","0","N","","3","0","0","0","0","0","0","2","0","3","","","N","Y","3","1","Y","","N","","","","",""
"2009060860","","1","0","0","0","0","0","0","0","0","4","0","","02","6","2009","4","40.367981","-79.983574","","11","0","0","0","0","0","0","0","0","","0","0","0","","","0","","0","","40 22:04.730","","0","79 59:00.866","0","0","0","0","2413","0","0","0","N","0","0","0","1","02413","0","","4.0","","9","N","N","","0","","0","0","0","","2","","","2","0","1","0","0","0","0","2","1","2","","","","N","","","","","","","","","",""
"2009060866","","0","0","0","0","0","0","0","0","0","1","0","","02","6","2009","4","40.430576","-79.998344","","11","0","0","0","0","0","0","0","0","1","0","0","0","","","1","","0","","40 25:50.073","2","3","79 59:54.037","4","0","0","0","2301","0","0","0","N","0","0","0","4","02301","1","","1.0","","1","N","N","","1","","0","0","1","","0","N","","2","1","1","0","0","0","0","2","0","2","","","","N","","","","","","","","","",""
"2009060868","","1","0","0","0","0","0","0","0","0","4","0","","02","6","2009","4","40.488301","-80.107259","","11","0","0","0","0","0","0","0","0","1","0","0","0","","","1","","0","","40 29:17.883","6","0","80 06:26.132","8","0","0","0","2126","0","0","0","N","0","0","0","2","02126","0","","1.0","","1","N","N","","0","","0","0","0","","0","N","","2","1","0","0","0","1","0","2","1","2","","","","N","","","","","","","","","",""
"2009060873","","2","0","0","0","0","0","0","0","0","4","0","","02","6","2009","7","40.444026","-79.926038","","11","0","0","0","0","0","1","0","0","1","0","0","0","","","1","","1","","40 26:38.492","7","0","79 55:33.738","8","0","0","0","2301","0","0","0","N","0","0","0","2","02301","0","","1.0","","1","N","N","","0","","0","0","0","","2","N","","2","1","0","0","0","1","0","2","0","2","","","","N","","","","","","","","","",""
"2009060877","","1","0","0","0","0","0","0","0","0","1","0","","02","6","2009","7","40.455773","-79.910537","","11","0","0","0","0","0","1","0","0","1","0","0","0","","","1","","2","","40 27:20.781","2","0","79 54:37.933","3","0","0","1","2301","0","0","0","N","0","0","0","2","02301","0","","1.0","","1","N","N","","0","","1","0","0","","0","N","","2","1","0","0","0","0","0","2","0","2","","","","N","","","","","","","","","",""
"2009060889","","2","0","0","0","0","0","0","0","0","5","0","","02","6","2009","4","40.486974","-79.916231","","11","0","0","0","0","0","1","0","0","1","0","0","0","","","0","","6","","40 29:13.106","1","2","79 54:58.430","9","0","0","0","2301","0","0","0","N","0","0","0","2","02301","0","","1.0","","9","N","N","","0","","0","0","0","","0","N","","3","0","0","0","0","0","2","2","0","2","","","","N","","","","","","","","","",""
"2009060894","","0","0","0","0","0","0","1","0","0","1","1","","02","6","2009","5","40.436669","-80.000931","","11","0","0","1","0","0","1","0","0","2","0","0","0","","","1","","2","","40 26:12.009","1","3","80 00:03.353","4","0","0","0","2301","0","0","0","","0","0","0","3","02503","1","","1.0","","9","","","","0","","0","0","0","","2","N","","2","1","0","0","0","0","0","2","1","2","","","","N","","","","","","","","","",""
"2009060896","","1","0","0","0","0","0","0","0","0","4","0","","02","6","2009","7","40.4529","-80.1651","","11","0","0","0","0","0","1","0","0","1","0","0","0","","","0","","0","","40 27:10.440","2","7","80 09:54.360","0","0","0","0","2115","0","0","0","N","0","0","0","3","02115","0","","1.0","","1","N","N","","1","","0","0","0","","0","Y","","2","0","0","0","0","0","0","2","0","2","","","","N","","","","","","","","","",""
"2009060897","","1","0","0","0","0","0","0","0","0","7","0","","02","6","2009","3","40.5507","-79.9346","","11","0","0","0","0","0","0","0","0","","0","0","0","","","0","","0","","40 33:02.520","","0","79 56:04.560","0","0","0","0","2209","0","0","0","N","0","0","0","1","02209","0","","4.0","","1","N","N","","0","","0","0","0","","0","","","1","0","1","0","0","0","0","2","0","1","","","","N","","","","","","","","","",""
"2009060898","","1","0","0","0","0","0","0","0","0","7","0","","02","6","2009","5","40.521457","-80.191114","","11","1","0","0","0","0","0","0","0","","0","0","0","","","1","","0","","40 31:17.246","","0","80 11:28.010","4","0","0","0","2213","0","0","0","N","0","0","0","1","02213","1","","4.0","","9","N","N","","0","","0","0","0","","0","","","1","1","0","0","0","0","0","2","0","1","","","","N","","","","","","","","","",""
"2009060899","","1","0","0","0","0","0","0","0","0","7","0","","02","6","2009","3","40.482258","-80.182909","","11","0","0","1","0","0","0","0","0","2","0","0","0","","","0","","0","","40 28:56.128","4","0","80 10:58.471","0","0","0","0","2213","0","0","0","N","0","0","0","1","02213","0","","4.0","","1","N","N","","0","","0","0","0","","0","N","","1","0","0","0","0","0","0","2","0","1","","","","N","","","","","","","","","",""
"2009060900","","2","0","0","0","0","0","0","0","0","4","0","","02","6","2009","2","40.329795","-80.033673","","11","0","0","0","0","0","0","0","1","2","0","0","0","","","2","","1","","40 19:47.262","1","0","80 02:01.222","4","0","0","0","2407","0","0","0","N","0","0","0","2","02407","2","","1.0","","1","N","N","","0","","0","0","0","","3","Y","","2","2","1","0","0","0","0","2","0","2","","","","N","","","","","","","","","",""
"2009060901","","2","0","0","0","0","0","0","0","0","4","0","","02","6","2009","7","40.343943","-80.02715","","11","0","0","0","0","0","0","1","0","","0","0","0","","","0","","0","","40 20:38.194","","0","80 01:37.741","0","0","0","0","2407","0","0","0","N","0","0","0","4","02407","0","","1.0","","1","N","N","","0","","0","0","0","","3","","","2","0","0","0","0","0","0","2","0","2","","","","N","","","","","","","","","",""
"2009060902","","1","0","0","0","0","0","0","0","0","4","0","","02","5","2009","3","40.605977","-79.754614","","11","0","0","0","0","0","1","0","0","1","0","0","0","","","2","","2","","40 36:21.517","3","0","79 45:16.610","4","0","0","0","2464","0","0","0","N","0","0","0","2","02464","2","","1.0","","1","N","N","","0","","0","0","1","","2","Y","","2","2","0","0","0","0","0","2","0","2","","","","N","","","","","","","","","",""
"2009060932","","0","0","0","0","0","0","0","0","0","1","0","","02","5","2009","1","40.4383","-80.006","","11","0","0","0","0","0","1","0","0","2","0","0","0","","","1","","0","","40 26:17.880","3","2","80 00:21.600","2","0","0","0","2301","0","0","0","N","0","0","0","2","68B03","0","","1.0","","1","N","N","","0","","0","1","2","","0","N","","2","1","1","0","0","0","0","2","0","2","","","","N","","","","","","","","","",""
"2009060933","","1","0","0","0","0","0","0","0","0","7","0","","02","6","2009","1","40.59377","-80.095696","","11","0","0","0","0","0","0","0","0","","0","0","0","","","0","","0","","40 35:37.572","","0","80 05:44.506","0","0","0","0","2481","0","0","0","Y","0","0","0","1","68B03","0","","4.0","","1","N","N","","0","","0","0","0","","0","","","1","0","0","0","0","0","0","2","0","1","","","","N","","","","","","","","","",""
"2009060934","","0","0","0","0","0","0","0","0","0","99","0","","02","6","2009","1","40.437231","-80.205263","","11","0","0","0","0","0","0","0","0","","0","0","0","","","0","","0","","40 26:14.031","","0","80 12:18.945","0","0","0","0","2214","0","0","0","N","0","0","0","1","68B03","0","","1.0","","1","N","N","","0","","0","0","1","","0","","","1","0","0","0","0","0","0","2","0","1","","","","N","","","","","","","","","",""
"2009060996","","1","0","0","0","0","0","0","0","0","1","0","","02","6","2009","4","40.464794","-79.979884","","11","0","0","0","0","0","1","0","0","","0","0","0","","","1","","2","","40 27:53.259","","99","79 58:47.582","8","0","0","0","2301","0","0","0","N","0","0","0","2","02301","0","","1.0","","9","N","N","","1","","0","0","0","","0","","","2","1","0","0","0","1","0","2","0","2","","","","N","","","","","","","","","",""
"2009060998","","2","0","0","0","0","0","0","0","0","4","0","","02","6","2009","4","40.455479","-80.006628","","11","0","0","0","0","0","1","0","0","","0","0","0","","","1","","1","","40 27:19.724","","0","80 00:23.860","8","0","0","0","2301","0","0","0","N","0","0","0","3","02301","0","","1.0","","9","N","N","","0","","0","0","0","","2","","","2","1","0","0","0","1","1","2","0","2","","","","N","","","","","","","","","",""
"2009061002","","2","0","0","0","0","0","0","0","0","1","0","","02","6","2009","4","40.445803","-79.998135","","11","0","0","0","0","0","1","0","0","","0","0","0","","","1","","3","","40 26:44.892","","0","79 59:53.286","8","0","0","0","2301","0","0","0","N","0","0","0","2","02301","0","","1.0","","9","N","N","","0","","0","0","0","","0","","","2","1","0","0","0","1","0","2","0","2","","","","N","","","","","","","","","",""
"2009061010","","2","0","0","0","0","0","0","0","0","99","0","","02","6","2009","4","40.457262","-79.997861","","11","0","0","0","0","0","0","0","0","","0","0","0","","","3","","1","","40 27:26.143","","0","79 59:52.299","8","0","0","0","2301","0","0","0","N","0","0","0","3","02301","0","","1.0","","9","N","N","","0","","0","0","0","","2","","","2","3","0","0","0","3","0","2","0","2","","","","N","","","","","","","","","",""
"2009061011","","0","0","0","0","0","0","0","0","0","8","0","","02","6","2009","4","40.478609","-79.758216","","11","0","0","0","0","0","0","0","0","2","0","0","0","","","1","","0","","40 28:42.994","5","0","79 45:29.576","2","0","0","0","2466","1","0","1","N","1","0","1","2","02466","0","","1.0","","1","N","N","","0","","0","1","1","","0","N","","2","1","0","0","0","0","0","2","0","1","","","","N","","","","","","","","","",""
"2009061012","","1","0","0","0","0","0","0","0","0","7","0","","02","6","2009","4","40.422827","-79.989146","","11","0","0","0","0","0","0","0","0","","0","0","0","","","0","","0","","40 25:22.176","","0","79 59:20.924","0","0","0","0","2301","0","0","0","N","0","0","0","1","02301","0","","5.0","","9","N","N","","0","","0","0","0","","0","","","1","0","0","0","0","0","0","2","0","1","","","","N","","","","","","","","","",""
"2009061014","","1","0","0","0","0","0","0","0","0","4","0","","02","6","2009","4","40.291018","-79.996978","","11","0","0","0","0","0","1","0","0","","0","0","0","","","2","","0","","40 17:27.666","","0","79 59:49.121","4","0","0","0","2219","0","0","0","N","0","0","0","2","02219","2","","1.0","","9","N","N","","1","","0","0","0","","0","","","2","2","1","0","0","0","0","2","0","2","","","","N","","","","","","","","","",""
"2009061024","","1","0","0","0","0","0","0","0","0","7","0","","02","6","2009","5","40.440419","-79.950152","","11","0","0","0","0","0","0","0","0","1","0","0","0","","","1","","3","","40 26:25.508","5","3","79 57:00.547","8","0","0","0","2301","0","0","0","Y","0","0","0","1","02301","0","","2.0","","8","N","N","","0","","0","0","0","","0","Y","","1","1","0","0","0","1","0","2","0","1","","","","N","","","","","","","","","",""
"2009061028","","2","0","0","0","0","0","0","0","0","1","0","","02","6","2009","4","40.322199","-79.925998","","11","0","0","0","0","0","1","0","0","2","0","0","0","","","2","","2","","40 19:19.915","1","0","79 55:33.594","8","0","0","0","2440","0","0","0","N","0","0","0","3","02440","0","","1.0","","1","N","N","","0","","0","0","0","","0","N","","2","2","0","0","0","2","1","2","0","2","","","","N","","","","","","","","","",""
"2009061033","","0","0","0","0","0","0","0","0","0","7","0","","02","6","2009","5","40.420527","-79.792663","","11","0","0","0","0","0","0","0","0","","0","0","0","","","0","","2","","40 25:13.897","","0","79 47:33.586","0","0","0","0","2446","0","0","0","N","0","0","0","2","02446","0","","2.0","","9","N","N","","0","","0","0","0","","0","","","1","0","0","0","0","0","0","2","1","1","","","","N","","","","","","","","","",""
"2009061037","","1","0","0","0","0","0","0","0","0","7","0","","02","6","2009","3","40.649191","-79.970459","","11","0","0","0","0","1","0","0","0","2","0","0","0","","","1","","0","","40 38:57.087","5","0","79 58:13.652","8","0","0","0","2217","0","0","0","N","0","0","0","1","02505","0","","5.0","","1","N","N","","0","","0","0","0","","0","Y","","1","1","1","0","0","1","0","2","0","1","","","","N","","","","","","","","","",""
"2009061063","","0","0","0","0","0","0","0","0","0","7","0","","02","5","2009","3","40.5138","-79.8542","","11","0","0","0","0","0","0","1","0","","0","0","0","","","0","","0","","40 30:49.680","","0","79 51:15.120","0","0","0","0","2112","0","0","0","N","0","0","0","1","68D02","0","","4.0","","1","N","N","","0","","0","0","1","","0","","","1","0","0","0","0","0","0","2","0","1","","","","N","","","","","","","","","",""
"2009061064","","1","0","0","0","0","0","0","0","0","7","0","","02","6","2009","4","40.5673","-79.7983","","11","0","0","0","0","0","0","0","0","2","0","0","0","","","0","","0","","40 34:02.280","1","0","79 47:53.880","0","0","0","0","2206","0","0","0","Y","0","0","0","1","68D02","0","","5.0","","1","N","N","","0","","0","0","0","","0","N","","1","0","0","0","0","0","0","2","0","1","","","","N","","","","","","","","","",""
"2009061151","","1","1","0","0","0","0","0","0","0","4","0","","02","6","2009","4","40.493036","-80.011436","","11","0","0","0","0","0","0","0","1","3","1","0","0","","","0","","2","","40 29:34.928","1","0","80 00:41.170","1","0","0","0","2301","0","0","0","N","0","0","0","3","02301","0","2","1.0","","1","N","N","","0","0","0","0","0","","2","Y","","2","0","0","0","0","0","0","2","1","2","","","","N","","","","","","","","","",""
"2009061166","","2","0","0","0","0","0","0","0","0","6","0","","02","6","2009","5","40.543946","-80.192639","","11","0","0","0","0","0","0","2","0","1","0","0","0","","","1","","1","","40 32:38.207","1","0","80 11:33.499","4","0","0","0","2427","0","0","0","N","0","0","0","3","02427","1","","1.0","","1","N","N","","0","","0","0","0","","1","N","","2","1","0","0","0","0","0","2","0","2","","","","N","","","","","","","","","",""
"2009061169","","2","0","0","0","0","0","0","0","0","1","0","","02","6","2009","5","40.430162","-79.957904","","11","0","0","0","0","0","2","0","0","2","0","0","0","","","2","","0","","40 25:48.584","4","0","79 57:28.454","4","0","0","0","2301","0","0","0","N","0","0","0","4","02301","2","","1.0","","1","N","N","","0","","0","0","1","","0","N","","3","2","2","0","0","0","0","2","0","3","","","","N","","","","","","","","","",""
"2009061175","","0","0","0","0","0","0","0","0","0","4","0","","02","6","2009","5","40.432844","-79.918358","","11","0","0","0","0","0","0","0","0","","0","0","0","","","0","","0","","40 25:58.238","","0","79 55:06.088","0","0","0","0","2301","0","0","0","N","0","0","0","3","02301","0","","2.0","","1","N","N","","0","","0","0","1","","0","","","2","0","0","0","0","0","0","2","1","2","","","","N","","","","","","","","","",""
"2009061179","","2","0","0","0","0","0","0","0","0","4","0","","02","6","2009","5","40.453376","-79.980689","","11","0","0","0","0","1","0","0","0","2","0","0","0","","","1","","1","","40 27:12.153","4","0","79 58:50.480","8","0","0","0","2301","0","0","0","N","0","0","0","2","02301","0","","1.0","","1","N","N","","0","","0","0","0","","3","N","","2","1","0","0","0","1","0","2","0","2","","","","N","","","","","","","","","",""
"2009061180","","1","0","0","0","0","0","0","0","0","4","0","","02","6","2009","5","40.461415","-79.924821","","11","1","0","0","0","0","0","0","0","1","0","0","0","","","1","","2","","40 27:41.094","4","0","79 55:29.355","4","0","0","0","2301","0","0","0","N","0","0","0","2","02301","1","","1.0","","1","N","N","","1","","0","0","0","","2","N","","2","1","0","0","0","0","0","2","0","2","","","","N","","","","","","","","","",""
"2009061182","","1","0","0","0","0","0","0","0","0","4","0","","02","6","2009","7","40.349431","-80.112264","","11","0","0","0","0","0","1","0","1","2","0","0","0","","","2","","0","","40 20:57.950","4","0","80 06:44.149","4","0","0","0","2119","0","0","0","N","0","0","0","2","02119","2","","1.0","","1","N","N","","1","","0","0","2","","0","N","","4","2","0","0","0","0","0","2","0","4","","","","N","","","","","","","","","",""
"2009061185","","1","0","0","0","0","0","0","0","0","2","0","","02","6","2009","5","40.317732","-79.814091","","11","0","0","0","0","0","0","0","1","3","0","0","0","","","0","","2","","40 19:03.835","7","0","79 48:50.727","0","0","0","0","2105","0","0","0","N","0","0","0","2","02105","0","","1.0","","1","N","N","","1","","0","0","0","","3","Y","","2","0","0","0","0","0","0","2","0","2","","","","N","","","","","","","","","",""
"2009061190","","2","0","0","0","0","0","0","0","0","4","0","","02","6","2009","5","40.449207","-79.901303","","11","0","0","0","0","0","0","0","0","","0","0","0","","","0","","1","","40 26:57.146","","0","79 54:04.692","0","0","0","0","2301","0","0","0","N","0","0","0","2","02301","0","","1.0","","1","N","N","","0","","0","0","0","","2","","","2","0","0","0","0","0","0","2","0","2","","","","N","","","","","","","","","",""
"2009061191","","2","0","0","0","0","0","0","0","0","4","0","","02","6","2009","5","40.424803","-80.042649","","11","0","0","0","0","0","2","0","0","","0","0","0","","","0","","1","","40 25:29.291","","0","80 02:33.538","0","0","0","0","2435","0","0","0","N","0","0","0","2","02435","0","","1.0","","1","N","N","","0","","0","0","0","","2","","","2","0","0","0","0","0","0","2","0","2","","","","N","","","","","","","","","",""
"2009061201","","3","0","0","0","0","0","0","0","0","3","0","","02","6","2009","4","40.48215","-79.891028","","11","0","0","0","0","0","1","0","0","","0","0","0","","","0","","0","","40 28:55.739","","0","79 53:27.700","9","0","0","0","2113","0","0","0","N","0","0","0","3","02113","0","","1.0","","1","N","N","","0","","0","0","0","","0","","","3","0","0","0","0","0","3","2","0","3","","","","N","","","","","","","","","",""
"2009061202","","0","0","0","0","0","0","0","0","0","1","0","","02","6","2009","4","40.471767","-79.973477","","11","0","0","0","0","0","0","0","0","1","0","0","0","","","0","","0","","40 28:18.362","1","0","79 58:24.518","0","0","0","0","2445","0","0","0","N","0","0","0","2","02445","0","","1.0","","8","N","N","","1","","0","0","1","","0","N","","2","0","0","0","0","0","0","2","0","2","","","","N","","","","","","","","","",""
"2009061203","","2","0","0","0","0","0","0","0","0","4","0","","02","6","2009","5","40.455903","-80.001427","","11","0","0","0","0","0","0","0","0","1","0","0","0","","","0","","1","","40 27:21.250","2","0","80 00:05.137","0","0","0","0","2301","0","0","0","N","0","0","0","3","02301","0","","1.0","","1","N","N","","0","","0","0","0","","3","N","","2","0","0","0","0","0","0","2","0","2","","","","N","","","","","","","","","",""
"2009061204","","0","0","0","0","0","0","0","0","0","0","0","","02","6","2009","3","40.436437","-79.713343","","11","0","0","0","0","0","1","0","0","2","0","0","0","","","1","","0","","40 26:11.173","6","0","79 42:48.034","4","0","0","0","2466","0","0","0","N","0","0","0","1","02466","1","","2.0","","1","N","N","","0","","0","0","0","","0","N","","1","1","0","0","0","0","0","2","1","1","","","","N","","","","","","","","","",""
"2009061216","","0","0","0","0","0","0","0","0","0","7","0","","02","6","2009","4","40.494486","-79.809081","","11","0","0","0","0","0","0","0","0","2","0","0","0","","","0","","0","","40 29:40.148","3","0","79 48:32.692","0","0","0","0","2113","0","0","0","N","0","0","0","1","02113","0","","5.0","","8","N","N","","0","","0","0","0","","0","N","","1","0","0","0","0","0","0","2","1","1","","","","N","","","","","","","","","",""
"2009061217","","1","0","0","0","0","0","0","0","0","1","0","","02","6","2009","4","40.46144","-79.862255","","11","0","0","0","0","0","1","0","1","","0","0","0","","","0","","0","","40 27:41.184","","0","79 51:44.118","0","0","0","0","2113","0","0","0","N","0","0","0","3","02113","0","","1.0","","9","N","N","","0","","0","0","1","","2","","","2","0","0","0","0","0","0","2","0","2","","","","N","","","","","","","","","",""
"2009061219","","2","0","0","0","0","0","0","0","0","4","0","","02","6","2009","5","40.430057","-79.957786","","11","0","0","0","0","0","0","0","0","","0","0","0","","","2","","2","","40 25:48.205","","0","79 57:28.031","3","0","0","0","2301","0","0","0","N","0","0","0","2","02301","1","","1.0","","1","N","N","","0","","1","0","0","","2","","","2","2","0","0","0","0","0","2","0","2","","","","N","","","","","","","","","",""
"2009061223","","0","0","0","0","0","0","0","0","0","7","0","","02","6","2009","4","40.5687","-79.8923","","11","0","0","0","0","0","0","0","0","","0","0","0","","","0","","0","","40 34:07.320","","0","79 53:32.280","0","0","0","0","2209","0","0","0","N","0","0","0","1","02209","0","","5.0","","9","N","N","","1","","0","0","0","","0","","","1","0","0","0","0","0","0","2","0","1","","","","N","","","","","","","","","",""
"2009061224","","0","0","0","0","0","0","0","0","0","7","0","","02","6","2009","4","40.512212","-80.206917","","11","0","0","0","0","0","0","0","0","4","0","0","0","","","1","","0","","40 30:43.963","6","0","80 12:24.901","4","0","0","0","2213","0","0","0","N","0","0","0","1","02213","1","","4.0","","1","N","N","","0","","0","0","0","","0","Y","","1","1","0","0","0","0","0","2","1","1","","","","N","","","","","","","","","",""
"2009061225","","4","0","0","0","0","0","0","0","0","2","0","","02","6","2009","4","40.539399","-80.188917","","11","0","1","0","0","0","0","0","0","2","0","0","0","","","7","","0","","40 32:21.837","5","0","80 11:20.101","3","0","0","0","2458","0","0","0","N","0","0","0","8","02458","5","","1.0","","9","N","N","","0","","2","0","0","","0","N","","4","7","5","0","0","0","0","2","0","4","","","","N","","","","","","","","","",""
"2009061229","","1","0","0","0","0","0","0","0","0","2","0","","02","6","2009","4","40.437827","-79.853059","","11","0","0","0","0","0","1","1","0","1","0","0","0","","","2","","0","","40 26:16.177","4","0","79 51:11.012","3","0","0","0","2419","0","0","0","N","0","0","0","2","02419","0","","1.0","","1","N","N","","1","","2","0","0","","0","N","","2","2","0","0","0","0","0","2","0","2","","","","N","","","","","","","","","",""
"2009061252","","0","0","0","0","0","0","0","0","0","7","0","","02","5","2009","1","40.537126","-79.843673","","11","0","0","0","1","0","0","0","0","","0","0","0","","","0","","0","","40 32:13.655","","0","79 50:37.223","0","0","0","0","2208","0","0","0","Y","0","0","0","2","68D02","0","","3.0","","1","N","N","","1","","0","0","0","","0","","","1","0","0","0","0","0","0","2","0","1","","","","N","","","","","","","","","",""