"CRN","ARRIVAL_TM","AUTOMOBILE_COUNT","BELTED_DEATH_COUNT","BELTED_SUSP_SERIOUS_INJ_COUNT","BICYCLE_COUNT","BICYCLE_DEATH_COUNT","BICYCLE_SUSP_SERIOUS_INJ_COUNT","BUS_COUNT","CHLDPAS_DEATH_COUNT","CHLDPAS_SUSP_SERIOUS_INJ_COUNT","COLLISION_TYPE","COMM_VEH_COUNT","CONS_ZONE_SPD_LIM","COUNTY","CRASH_MONTH","CRASH_YEAR","DAY_OF_WEEK","DEC_LATITUDE","DEC_LONGITUDE","DISPATCH_TM","DISTRICT","DRIVER_COUNT_16YR","DRIVER_COUNT_17YR","DRIVER_COUNT_18YR","DRIVER_COUNT_19YR","DRIVER_COUNT_20YR","DRIVER_COUNT_50_64YR","DRIVER_COUNT_65_74YR","DRIVER_COUNT_75PLUS","EST_HRS_CLOSED","FATAL_COUNT","HEAVY_TRUCK_COUNT","HORSE_BUGGY_COUNT","HOUR_OF_DAY","ILLUMINATION","INJURY_COUNT","INTERSECTION_RELATED","INTERSECT_TYPE","LANE_CLOSED","LATITUDE","LN_CLOSE_DIR","LOCATION_TYPE","LONGITUDE","MAX_SEVERITY_LEVEL","MCYCLE_DEATH_COUNT","MCYCLE_SUSP_SERIOUS_INJ_COUNT","MOTORCYCLE_COUNT","MUNICIPALITY","NONMOTR_COUNT","NONMOTR_DEATH_COUNT","NONMOTR_SUSP_SERIOUS_INJ_COUNT","NTFY_HIWY_MAINT","PED_COUNT","PED_DEATH_COUNT","PED_SUSP_SERIOUS_INJ_COUNT","PERSON_COUNT","POLICE_AGCY","POSSIBLE_INJ_COUNT","RDWY_SURF_TYPE_CD","RELATION_TO_ROAD","ROADWAY_CLEARED","ROAD_CONDITION","SCH_BUS_IND","SCH_ZONE_IND","SECONDARY_CRASH","SMALL_TRUCK_COUNT","SPEC_JURIS_CD","SUSP_MINOR_INJ_COUNT","SUSP_SERIOUS_INJ_COUNT","SUV_COUNT","TCD_FUNC_CD","TCD_TYPE","TFC_DETOUR_IND","TIME_OF_DAY","TOTAL_UNITS","TOT_INJ_COUNT","UNBELTED_OCC_COUNT","UNB_DEATH_COUNT","UNB_SUSP_SERIOUS_INJ_COUNT","UNK_INJ_DEG_COUNT","UNK_INJ_PER_COUNT","URBAN_RURAL","VAN_COUNT","VEHICLE_COUNT","WEATHER1","WEATHER2","WORKERS_PRES","WORK_ZONE_IND","WORK_ZONE_LOC","WORK_ZONE_TYPE","WZ_CLOSE_DETOUR","WZ_FLAGGER","WZ_LAW_OFFCR_IND","WZ_LN_CLOSURE","WZ_MOVING","WZ_OTHER","WZ_SHLDER_MDN","WZ_WORKERS_INJ_KILLED"
"2009063230","1440","0","0","0","0","0","0","0","0","0","0","0","","02","6","2009","2","40.4909","-79.8836","1440","11","0","0","0","0","1","0","0","0","","0","0","0","","","0","","7","","40 29:27.240","","2","79 53:00.960","0","0","0","1","2112","0","0","0","N","0","0","0","1","68D02","0","","1.0","","1","N","N","","0","","0","0","0","","0","","","1","0","0","0","0","0","0","2","0","1","","","","N","","","","","","","","","",""
"2009063288","1318","0","0","0","0","0","0","0","0","0","1","0","","02","6","2009","4","40.525317","-80.005413","1312","11","0","0","0","0","0","1","0","1","","0","0","0","","","1","","0","","40 31:31.141","","0","80 00:19.485","4","0","0","0","2116","0","0","0","N","0","0","0","3","02116","1","","1.0","","1","N","N","","2","","0","0","0","","0","","","2","1","2","0","0","0","0","2","0","2","","","","N","","","","","","","","","",""
"2009063306","0957","1","0","0","0","0","0","0","0","0","4","0","","02","6","2009","5","40.468226","-80.085276","0954","11","0","0","0","0","0","1","0","0","1","0","0","0","","","0","","1","","40 28:05.613","5","0","80 05:06.993","0","0","0","0","2126","0","0","0","N","0","0","0","2","02126","0","","1.0","","1","N","N","","0","","0","0","1","","0","N","","2","0","0","0","0","0","0","2","0","2","","","","N","","","","","","","","","",""
"2009063307","1104","0","0","0","0","0","0","0","0","0","1","0","","02","6","2009","5","40.443224","-80.053239","1059","11","0","0","0","0","0","0","0","0","1","0","0","0","","","2","","2","","40 26:35.606","2","0","80 03:11.660","4","0","0","0","2301","0","0","0","N","0","0","0","4","02301","2","","1.0","","1","N","N","","0","","0","0","2","","0","N","","2","2","0","0","0","0","0","2","0","2","","","","N","","","","","","","","","",""
"2009063310","1325","1","0","0","0","0","0","0","0","0","4","0","","02","6","2009","4","40.415119","-79.990578","1314","11","0","1","0","0","0","0","0","0","","0","0","0","","","0","","2","","40 24:54.428","","0","79 59:26.080","9","0","0","0","2301","0","0","0","N","0","0","0","2","02301","0","","1.0","","1","N","N","","0","","0","0","1","","3","","","2","0","0","0","0","0","1","2","0","2","","","","N","","","","","","","","","",""
"2009063314","0829","2","0","0","0","0","0","0","0","0","1","0","","02","6","2009","5","40.414513","-79.846544","0829","11","0","0","0","0","0","1","0","0","","0","0","0","","","0","","0","","40 24:52.246","","0","79 50:47.557","0","0","0","0","2431","0","0","0","N","0","0","0","2","02431","0","","1.0","","1","N","N","","0","","0","0","0","","2","","","2","0","0","0","0","0","0","2","0","2","","","","N","","","","","","","","","",""
"2009063315","1213","1","0","0","0","0","0","0","0","0","4","0","","02","6","2009","5","40.454076","-79.996814","1208","11","0","0","0","0","0","1","0","0","1","0","0","0","","","0","","5","","40 27:14.672","3","0","79 59:48.532","0","0","0","0","2301","0","0","0","N","0","0","0","2","02301","0","","1.0","","1","N","N","","0","","0","0","0","","2","Y","","2","0","0","0","0","0","0","2","1","2","","","","N","","","","","","","","","",""
"2009063318","1352","1","0","0","0","0","0","0","0","0","1","0","","02","6","2009","2","40.45555","-79.888078","1346","11","0","0","0","0","0","1","0","0","1","0","0","0","","","1","","1","","40 27:19.980","3","0","79 53:17.080","4","0","0","0","2301","0","0","0","N","0","0","0","3","02301","1","","1.0","","1","N","N","","0","","0","0","1","","2","N","","2","1","0","0","0","0","0","2","0","2","","","","N","","","","","","","","","",""
"2009063324","1327","0","0","0","0","0","0","0","0","0","4","0","","02","6","2009","5","40.515941","-80.00437","1327","11","0","0","0","0","0","0","0","0","","0","0","0","","","0","","0","","40 30:57.387","","0","80 00:15.733","0","0","0","0","2116","0","0","0","N","0","0","0","2","02116","0","","1.0","","1","N","N","","1","","0","0","0","","0","","","2","0","0","0","0","0","0","2","1","2","","","","N","","","","","","","","","",""
"2009063329","1710","2","0","0","0","0","0","0","0","0","4","0","","02","6","2009","4","40.399978","-80.024024","1657","11","0","0","0","0","0","0","0","0","","0","0","0","","","1","","0","","40 23:59.922","","7","80 01:26.487","4","0","0","0","2301","0","0","0","N","0","0","0","2","02301","1","","1.0","","1","N","N","","0","","0","0","0","","0","","","2","1","1","0","0","0","0","2","0","2","","","","N","","","","","","","","","",""
"2009063334","1810","3","0","0","0","0","0","0","0","0","6","0","","02","6","2009","6","40.430089","-79.734325","1805","11","0","0","1","0","1","0","0","0","2","0","0","0","","","0","","0","","40 25:48.320","4","0","79 44:03.571","0","0","0","0","2446","0","0","0","N","0","0","0","5","02446","0","","1.0","","1","N","N","","0","","0","0","0","","0","Y","","3","0","5","0","0","0","0","2","0","3","","","","N","","","","","","","","","",""
"2009063347","1740","1","0","0","0","0","0","0","0","0","1","0","","02","6","2009","5","40.465669","-79.979172","1733","11","0","0","0","1","0","0","0","0","1","0","0","0","","","1","","0","","40 27:56.408","2","0","79 58:45.019","8","0","0","0","2301","0","0","0","N","0","0","0","3","02301","0","","1.0","","1","N","N","","1","","0","0","0","","0","N","","2","1","0","0","0","1","0","2","0","2","","","","N","","","","","","","","","",""
"2009063350","1731","1","0","0","0","0","0","0","0","0","7","0","","02","6","2009","5","40.450028","-79.705751","1730","11","0","0","0","0","0","0","0","0","","0","0","0","","","1","","0","","40 27:00.100","","0","79 42:20.703","4","0","0","0","2466","0","0","0","N","0","0","0","1","02466","1","","5.0","","1","N","N","","0","","0","0","0","","0","","","1","1","0","0","0","0","0","2","0","1","","","","N","","","","","","","","","",""
"2009063351","0916","1","0","0","0","0","0","0","0","0","6","0","","02","6","2009","4","40.619485","-79.730383","0910","11","0","0","1","0","0","1","0","0","","0","0","0","","","0","","1","","40 37:10.146","","0","79 43:49.380","0","0","0","0","2106","0","0","0","N","0","0","0","2","02106","0","","1.0","","1","N","N","","1","","0","0","0","","0","","","2","0","0","0","0","0","0","2","0","2","","","","N","","","","","","","","","",""
"2009063382","0432","0","0","0","0","0","0","0","0","0","7","0","","02","6","2009","7","40.421518","-80.095956","0421","11","0","0","0","0","0","0","0","0","","0","0","0","","","1","","0","","40 25:17.464","","0","80 05:45.443","3","0","0","0","2457","0","0","0","N","0","0","0","1","68B03","0","","3.0","","1","N","N","","0","","1","0","1","","0","","","1","1","0","0","0","0","0","2","0","1","","","","N","","","","","","","","","",""
"2009063416","1918","2","0","0","0","0","0","0","0","0","4","0","","02","6","2009","5","40.447956","-80.002082","1912","11","0","0","0","0","0","0","0","0","","0","0","0","","","0","","1","","40 26:52.641","","0","80 00:07.495","9","0","0","0","2301","0","0","0","N","0","0","0","5","02301","0","","1.0","","1","N","N","","0","","0","0","0","","3","","","2","0","0","0","0","0","1","2","0","2","","","","N","","","","","","","","","",""
"2009063418","1815","0","0","0","0","0","0","0","0","0","8","0","","02","6","2009","5","40.476039","-79.959576","1815","11","0","0","0","0","0","0","0","0","3","1","0","0","","","0","","0","","40 28:33.740","6","0","79 57:34.473","1","0","0","0","2301","1","1","0","N","1","1","0","2","02301","0","2","1.0","","1","N","N","","1","0","0","0","0","","0","Y","","2","0","0","0","0","0","0","2","0","1","","","","N","","","","","","","","","",""
"2009063419","1711","2","0","0","0","0","0","0","0","0","4","0","","02","6","2009","3","40.438522","-79.770439","1708","11","0","0","0","0","0","0","0","0","1","0","0","0","","","0","","0","","40 26:18.680","3","0","79 46:13.581","0","0","0","0","2446","0","0","0","N","0","0","0","2","02446","0","","1.0","","1","N","N","","0","","0","0","0","","0","N","","2","0","0","0","0","0","0","2","0","2","","","","N","","","","","","","","","",""
"2009063421","1735","0","0","0","0","0","0","0","0","0","7","0","","02","6","2009","5","40.413024","-79.995023","1725","11","0","1","0","0","0","0","0","0","","0","0","0","","","0","","10","","40 24:46.886","","0","79 59:42.082","0","0","0","0","2301","0","0","0","N","0","0","0","2","02301","0","","5.0","","1","N","N","","0","","0","0","1","","0","","","1","0","0","0","0","0","0","2","0","1","","","","N","","","","","","","","","",""
"2009063423","1930","1","0","0","0","0","0","0","0","0","1","0","","02","6","2009","5","40.428699","-79.988542","1925","11","0","0","1","0","0","0","0","0","","0","0","0","","","0","","1","","40 25:43.317","","0","79 59:18.750","0","0","0","0","2301","0","0","0","N","0","0","0","3","02301","0","","1.0","","1","N","N","","1","","0","0","0","","2","","","2","0","0","0","0","0","0","2","0","2","","","","N","","","","","","","","","",""
"2009063427","1410","1","0","0","0","0","0","0","0","0","1","0","","02","6","2009","5","40.329343","-79.987501","1404","11","0","0","0","0","0","0","0","0","2","0","0","0","","","0","","0","","40 19:45.635","1","0","79 59:15.005","0","0","0","0","2219","0","0","0","N","0","0","0","2","02219","0","","1.0","","1","N","N","","0","","0","0","1","","0","N","","2","0","0","0","0","0","0","2","0","2","","","","N","","","","","","","","","",""
"2009063431","2220","2","0","0","0","0","0","0","0","0","1","0","","02","6","2009","5","40.491735","-80.061294","2218","11","0","0","0","1","0","0","1","0","","0","0","0","","","1","","2","","40 29:30.245","","0","80 03:40.659","8","0","0","0","2404","0","0","0","N","0","0","0","5","02404","0","","1.0","","9","N","N","","0","","0","0","0","","2","","","2","1","0","0","0","1","0","2","0","2","","","","N","","","","","","","","","",""
"2009063433","2304","2","0","0","0","0","0","0","0","0","2","0","","02","6","2009","5","40.449156","-79.762252","2259","11","0","0","0","1","0","0","0","0","2","0","0","0","","","1","","3","","40 26:56.961","7","0","79 45:44.107","4","0","0","0","2446","0","0","0","N","0","0","0","3","02446","1","","1.0","","9","N","N","","0","","0","0","0","","3","Y","","2","1","0","0","0","0","0","2","0","2","","","","N","","","","","","","","","",""
"2009063434","0056","1","0","0","0","0","0","0","0","0","1","0","","02","6","2009","4","40.49527","-79.776807","0050","11","0","0","0","0","0","0","0","0","2","0","0","0","","","1","","0","","40 29:42.973","6","0","79 46:36.504","8","0","0","0","2466","0","0","0","N","0","0","0","1","02466","0","","4.0","","1","N","N","","1","","0","0","0","","0","Y","","2","1","0","0","0","1","0","2","0","2","","","","N","","","","","","","","","",""
"2009063446","2037","0","0","0","0","0","0","0","0","0","7","0","","02","6","2009","5","40.572856","-79.864584","2028","11","0","0","0","0","0","0","0","0","","0","0","0","","","0","","0","","40 34:22.282","","0","79 51:52.504","0","0","0","0","2209","0","0","0","Y","0","0","0","1","02209","0","","2.0","","1","N","N","","1","","0","0","0","","0","","","1","0","0","0","0","0","0","2","0","1","","","","N","","","","","","","","","",""
"2009063455","1628","0","0","0","0","0","0","0","0","0","7","0","","02","5","2009","2","40.505345","-80.031158","1601","11","0","0","0","0","0","0","0","0","3","1","0","0","","","0","","7","","40 30:19.243","2","2","80 01:52.167","1","0","0","0","2116","0","0","0","Y","0","0","0","1","68B03","0","1","3.0","","1","N","N","","0","0","0","0","1","","0","Y","","1","0","1","1","0","0","0","2","0","1","","","","N","","","","","","","","","",""
"2009063456","2200","0","0","0","0","0","0","0","0","0","1","0","","02","5","2009","6","40.416578","-80.057934","2148","11","0","0","1","0","0","0","0","0","2","0","0","0","","","0","","0","","40 24:59.679","1","0","80 03:28.562","0","0","0","0","2435","0","0","0","N","0","0","0","3","68B03","0","","1.0","","1","N","N","","1","","0","0","1","","0","N","","2","0","0","0","0","0","0","2","0","2","","","","N","","","","","","","","","",""
"2009063457","0010","2","0","0","0","0","0","0","0","0","1","0","","02","6","2009","6","40.4367","-80.2099","2326","11","0","0","1","0","0","0","0","0","","0","0","0","","","0","","0","","40 26:12.120","","0","80 12:35.640","0","0","0","0","2214","0","0","0","N","0","0","0","6","68B03","0","","1.0","","1","N","N","","1","","0","0","0","","0","","","3","0","0","0","0","0","0","1","0","3","","","","N","","","","","","","","","",""
"2009063463","1335","1","0","0","0","0","0","0","0","0","0","0","","02","6","2009","6","40.613034","-79.757071","1310","11","0","0","0","0","0","0","0","1","","0","0","0","","","0","","7","","40 36:46.921","","2","79 45:25.456","0","0","0","0","2202","0","0","0","Y","0","0","0","5","68D02","0","","1.0","","1","N","N","","1","","0","0","0","","0","","","2","0","0","0","0","0","0","2","0","2","","","","N","","","","","","","","","",""
"2009063513","0058","1","0","0","0","0","0","0","0","0","7","0","","02","6","2009","6","40.438588","-80.21174","0056","11","0","0","0","0","0","0","0","0","4","1","0","0","","","1","","0","","40 26:18.917","5","0","80 12:42.264","1","0","0","0","2214","0","0","0","N","0","0","0","2","02214","1","2","4.0","","1","N","N","","0","0","0","0","0","","0","N","","1","1","2","1","0","0","0","2","0","1","","","","N","","","","","","","","","",""
"2009063518","1353","2","0","0","0","0","0","0","0","0","4","0","","02","6","2009","2","40.447189","-79.895256","1346","11","0","0","0","0","0","2","0","0","","0","0","0","","","1","","1","","40 26:49.879","","0","79 53:42.922","3","0","0","0","2301","0","0","0","N","0","0","0","2","02301","0","","1.0","","1","N","N","","0","","1","0","0","","2","","","2","1","0","0","0","0","0","2","0","2","","","","N","","","","","","","","","",""
"2009063529","1000","1","0","0","0","0","0","1","0","0","4","1","","02","6","2009","5","40.470971","-80.006082","0925","11","0","0","0","0","0","0","0","0","","0","0","0","","","0","","2","","40 28:15.495","","0","80 00:21.895","9","0","0","0","2301","0","0","0","N","0","0","0","2","02503","0","","1.0","","1","N","N","","0","","0","0","0","","3","","","2","0","0","0","0","0","1","2","0","2","","","","N","","","","","","","","","",""
"2009063533","1031","1","0","0","0","0","0","0","0","0","4","0","","02","6","2009","6","40.485183","-79.856869","1020","11","0","0","0","0","0","1","0","0","","0","0","0","","","0","","2","","40 29:06.657","","0","79 51:24.730","0","0","0","0","2113","0","0","0","N","0","0","0","2","02113","0","","1.0","","1","N","N","","0","","0","0","0","","2","","","2","0","0","0","0","0","0","2","1","2","","","","N","","","","","","","","","",""
"2009063536","1106","2","0","0","0","0","0","0","0","0","4","0","","02","6","2009","6","40.454368","-79.947672","1100","11","0","0","0","0","0","0","0","0","","0","0","0","","","1","","1","","40 27:15.724","","0","79 56:51.620","4","0","0","0","2301","0","0","0","N","0","0","0","2","02301","1","","1.0","","1","N","N","","0","","0","0","0","","2","","","2","1","0","0","0","0","0","2","0","2","","","","N","","","","","","","","","",""
"2009063542","1252","3","0","0","0","0","0","0","0","0","1","0","","02","6","2009","6","40.426745","-80.000886","1242","11","0","0","0","0","0","1","0","0","2","0","0","0","","","1","","0","","40 25:36.283","2","4","80 00:03.189","8","0","0","0","2301","0","0","0","Y","0","0","0","4","02301","0","","1.0","","1","N","N","","0","","0","0","0","","0","N","","3","1","0","0","0","1","2","2","0","3","","","","N","","","","","","","","","",""
"2009063545","1345","1","0","0","0","0","0","0","0","0","4","1","","02","6","2009","6","40.386656","-79.932634","1334","11","0","0","0","1","0","1","0","0","","0","1","0","","","0","","2","","40 23:11.962","","2","79 55:57.481","0","0","0","0","2301","0","0","0","N","0","0","0","2","02301","0","","1.0","","1","N","N","","0","","0","0","0","","3","","","2","0","0","0","0","0","0","2","0","2","","","","N","","","","","","","","","",""
"2009063549","1339","1","0","0","0","0","0","0","0","0","4","0","","02","6","2009","6","40.456355","-79.814999","1331","11","0","0","0","1","0","1","0","0","2","0","0","0","","","4","","0","","40 27:22.879","3","7","79 48:53.996","3","0","0","0","2113","0","0","0","N","0","0","0","4","02113","3","","1.0","","1","N","N","","0","","1","0","0","","0","N","","2","4","2","0","0","0","0","2","1","2","","","","N","","","","","","","","","",""
"2009063552","1420","2","0","0","0","0","0","0","0","0","1","0","","02","6","2009","6","40.400964","-80.043003","1415","11","0","1","1","0","0","0","0","0","","0","0","0","","","0","","0","","40 24:03.471","","0","80 02:34.810","0","0","0","0","2301","0","0","0","N","0","0","0","2","02301","0","","1.0","","1","N","N","","0","","0","0","0","","0","","","2","0","0","0","0","0","0","2","0","2","","","","N","","","","","","","","","",""
"2009063556","1518","1","0","0","0","0","0","0","0","0","4","0","","02","6","2009","2","40.642542","-80.067338","1513","11","0","0","0","0","0","0","0","0","","0","0","0","","","0","","1","","40 38:33.152","","0","80 04:02.418","0","0","0","0","2216","0","0","0","N","0","0","0","2","02505","0","","1.0","","1","N","N","","0","","0","0","0","","2","","","2","0","0","0","0","0","0","2","1","2","","","","N","","","","","","","","","",""
"2009063560","1634","1","0","0","0","0","0","0","0","0","7","0","","02","6","2009","6","40.461557","-79.923384","1629","11","0","0","0","0","0","0","0","0","1","0","0","0","","","0","","1","","40 27:41.605","3","0","79 55:24.182","0","0","0","0","2301","0","0","0","N","0","0","0","2","02301","0","","4.0","","1","N","N","","0","","0","0","0","","3","Y","","1","0","0","0","0","0","0","2","0","1","","","","N","","","","","","","","","",""
"2009063561","1447","2","0","0","0","0","0","0","0","0","6","0","","02","6","2009","5","40.398706","-79.885374","1444","11","0","0","1","0","0","0","1","0","1","0","0","0","","","1","","1","","40 23:55.340","7","0","79 53:07.347","8","0","0","0","2475","0","0","0","N","0","0","0","4","02475","0","","1.0","","1","N","N","","0","","0","0","0","","3","Y","","2","1","2","0","0","1","0","2","0","2","","","","N","","","","","","","","","",""
"2009063562","1511","0","0","0","0","0","0","0","0","0","5","0","","02","6","2009","4","40.617083","-80.05561","1502","11","0","0","0","1","0","0","0","0","","0","0","0","","","1","","2","","40 37:01.498","","0","80 03:20.195","4","0","0","0","2216","0","0","0","N","0","0","0","7","02505","1","","1.0","","1","N","N","","0","","0","0","1","","0","","","2","1","0","0","0","0","0","2","1","2","","","","N","","","","","","","","","",""
"2009063563","1635","2","0","0","0","0","0","0","0","0","6","0","","02","6","2009","6","40.404336","-79.975872","1630","11","0","0","0","0","0","1","0","0","1","0","0","0","","","0","","2","","40 24:15.609","6","0","79 58:33.139","0","0","0","0","2301","0","0","0","N","0","0","0","2","02301","0","","1.0","","1","N","N","","0","","0","0","0","","2","N","","2","0","0","0","0","0","0","2","0","2","","","","N","","","","","","","","","",""
"2009063566","2122","2","0","0","0","0","0","0","0","0","4","0","","02","6","2009","5","40.374469","-80.073299","2119","11","0","0","0","0","0","2","0","0","2","0","0","0","","","0","","1","","40 22:28.088","4","0","80 04:23.876","0","0","0","0","2109","0","0","0","N","0","0","0","4","02109","0","","1.0","","1","N","N","","0","","0","0","0","","2","N","","2","0","0","0","0","0","0","2","0","2","","","","N","","","","","","","","","",""
"2009063567","1512","2","0","1","0","0","0","0","0","0","4","0","","02","6","2009","6","40.427506","-80.023266","1507","11","0","0","0","1","0","0","1","0","","0","0","0","","","6","","0","","40 25:39.023","","0","80 01:23.759","2","0","0","0","2301","0","0","0","N","0","0","0","9","02301","5","","1.0","","1","Y","N","","0","","0","1","2","","0","","","5","6","0","0","0","0","1","2","1","5","","","","N","","","","","","","","","",""
"2009063568","1738","1","0","0","1","0","0","0","0","0","8","0","","02","6","2009","5","40.48134","-79.953085","1724","11","0","0","0","0","0","1","0","0","","0","0","0","","","1","","1","","40 28:52.824","","0","79 57:11.106","4","0","0","0","2301","1","0","0","N","0","0","0","2","02301","1","","1.0","","1","N","N","","0","","0","0","0","","0","","","2","1","0","0","0","0","0","2","0","1","","","","N","","","","","","","","","",""
"2009063570","0146","1","0","0","0","0","0","0","0","0","7","0","","02","6","2009","1","40.507396","-80.227504","0142","11","0","0","0","0","0","0","0","0","","0","0","0","","","0","","2","","40 30:26.625","","0","80 13:39.014","0","0","0","0","2213","0","0","0","N","0","0","0","2","02213","0","","4.0","","1","N","N","","0","","0","0","0","","3","","","1","0","0","0","0","0","0","2","0","1","","","","N","","","","","","","","","",""
"2009063571","0947","1","0","0","0","0","0","0","0","0","1","0","","02","6","2009","3","40.348533","-79.943273","0941","11","0","0","0","0","0","2","0","0","1","0","0","0","","","1","","0","","40 20:54.718","1","0","79 56:35.784","4","0","0","0","2407","0","0","0","N","0","0","0","2","02407","1","","1.0","","1","N","N","","1","","0","0","0","","0","Y","","2","1","0","0","0","0","0","2","0","2","","","","N","","","","","","","","","",""
"2009063574","1730","0","0","0","0","0","0","0","0","0","2","0","","02","6","2009","6","40.473291","-80.00162","1726","11","0","0","1","0","0","0","0","0","","0","0","0","","","1","","0","","40 28:23.847","","0","80 00:05.832","4","0","0","0","2301","0","0","0","N","0","0","0","1","02301","1","","6.0","","1","N","N","","1","","0","0","2","","3","","","3","1","0","0","0","0","0","2","0","3","","","","N","","","","","","","","","",""
"2009063659","1650","1","0","0","0","0","0","0","0","0","4","0","","02","6","2009","6","40.398005","-80.138596","1650","11","0","0","1","0","0","0","0","0","","0","0","0","","","1","","1","","40 23:52.817","","0","80 08:18.946","4","0","0","0","2102","0","0","0","N","0","0","0","2","02102","1","","1.0","","9","N","N","","0","","0","0","1","","0","","","2","1","0","0","0","0","0","2","0","2","","","","N","","","","","","","","","",""
"2009063669","1953","1","0","0","0","0","0","0","0","0","7","0","","02","6","2009","5","40.511481","-79.829442","1950","11","0","0","0","0","0","0","0","0","","0","0","0","","","0","","0","","40 30:41.331","","0","79 49:45.992","0","0","0","0","2113","0","0","0","N","0","0","0","1","02113","0","","5.0","","3","N","N","","0","","0","0","0","","0","","","1","0","0","0","0","0","0","2","0","1","","","","N","","","","","","","","","",""
"2009063672","2100","0","0","0","0","0","0","0","0","0","7","0","","02","6","2009","6","40.408499","-79.975739","2056","11","0","0","0","0","0","0","0","0","","0","0","0","","","1","","0","","40 24:30.596","","0","79 58:32.660","4","0","0","1","2301","0","0","0","N","0","0","0","1","02301","1","","2.0","","1","N","N","","0","","0","0","0","","0","","","1","1","0","0","0","0","0","2","0","1","","","","N","","","","","","","","","",""
"2009063676","0010","1","0","0","0","0","0","0","0","0","7","0","","02","6","2009","6","40.467874","-79.935654","0004","11","0","0","0","1","0","0","0","0","","0","0","0","","","1","","0","","40 28:04.346","","0","79 56:08.354","3","0","0","0","2301","0","0","0","N","0","0","0","1","02301","0","","5.0","","1","N","N","","0","","1","0","0","","0","","","1","1","0","0","0","0","0","2","0","1","","","","N","","","","","","","","","",""
"2009063677","2245","1","0","0","0","0","0","0","0","0","4","0","","02","6","2009","6","40.328756","-80.125304","2241","11","0","0","1","0","0","0","0","0","2","0","0","0","","","0","","1","","40 19:43.520","4","0","80 07:31.094","0","0","0","0","2119","0","0","0","N","0","0","0","3","02119","0","","1.0","","1","N","N","","0","","0","0","1","","3","N","","2","0","0","0","0","0","0","2","0","2","","","","N","","","","","","","","","",""
"2009063678","0704","1","0","0","0","0","0","0","0","0","1","0","","02","6","2009","6","40.398416","-79.948092","0657","11","0","0","0","0","0","1","0","0","2","0","0","0","","","0","","0","","40 23:54.298","6","0","79 56:53.132","0","0","0","0","2403","0","0","0","N","0","0","0","2","02301","0","","1.0","","1","N","N","","0","","0","0","1","","0","N","","2","0","0","0","0","0","0","2","0","2","","","","N","","","","","","","","","",""
"2009063679","1405","0","0","0","0","0","0","0","0","0","0","0","","02","6","2009","6","40.457473","-80.192768","1351","11","0","0","0","0","0","0","0","0","","0","0","0","","","0","","5","","40 27:26.902","","0","80 11:33.964","0","0","0","0","2203","0","0","0","N","0","0","0","1","02203","0","","1.0","","1","N","N","","0","","0","0","1","","2","","","1","0","0","0","0","0","0","2","0","1","","","","N","","","","","","","","","",""
"2009063682","0101","2","0","0","0","0","0","0","0","0","1","0","","02","6","2009","7","40.44435","-79.978923","0051","11","0","0","0","0","0","0","0","0","","0","0","0","","","5","","2","","40 26:39.660","","0","79 58:44.122","4","0","0","0","2301","0","0","0","N","0","0","0","5","02301","5","","1.0","","1","N","N","","0","","0","0","0","","0","","","2","5","2","0","0","0","0","2","0","2","","","","N","","","","","","","","","",""
"2009063685","0305","1","0","0","0","0","0","0","0","0","5","0","","02","6","2009","6","40.422749","-79.96057","0300","11","0","0","0","0","0","0","0","0","","0","0","0","","","0","","0","","40 25:21.896","","0","79 57:38.053","9","0","0","0","2301","0","0","0","N","0","0","0","3","02301","0","","6.0","","1","N","N","","0","","0","0","1","","0","","","2","0","0","0","0","0","1","2","0","2","","","","N","","","","","","","","","",""
"2009063937","0311","2","0","0","0","0","0","0","0","0","7","0","","02","6","2009","7","40.457338","-79.908968","0311","11","0","0","0","0","0","0","0","0","","0","0","0","","","0","","1","","40 27:26.415","","0","79 54:32.284","0","0","0","0","2301","0","0","0","N","0","0","0","1","02301","0","","5.0","","1","N","N","","0","","0","0","0","","2","","","2","0","0","0","0","0","0","2","0","2","","","","N","","","","","","","","","",""
"2009063977","1952","2","0","0","0","0","0","0","0","0","4","0","","02","6","2009","2","40.349704","-79.859596","1911","11","0","0","0","0","0","1","0","0","1","0","0","0","","","0","","1","","40 20:58.934","4","0","79 51:34.545","0","0","0","0","2304","0","0","0","N","0","0","0","3","02402","0","","1.0","","1","N","N","","0","","0","0","0","","3","Y","","2","0","2","0","0","0","0","2","0","2","","","","N","","","","","","","","","",""
"2009063978","1538","1","0","0","0","0","0","0","0","0","1","0","","02","6","2009","6","40.352103","-79.858055","1537","11","0","0","0","0","0","1","0","0","","0","0","0","","","1","","0","","40 21:07.572","","0","79 51:28.999","4","0","0","0","2304","0","0","0","N","0","0","0","5","02304","1","","1.0","","1","N","N","","1","","0","0","0","","0","","","2","1","0","0","0","0","0","2","0","2","","","","N","","","","","","","","","",""
"2009063980","1702","1","0","0","0","0","0","0","0","0","4","0","","02","6","2009","4","40.324797","-79.839178","1701","11","0","0","1","0","0","0","0","0","","0","0","0","","","1","","2","","40 19:29.270","","0","79 50:21.041","8","0","0","0","2304","0","0","0","N","0","0","0","6","02304","0","","1.0","","9","N","N","","0","","0","0","0","","0","","","2","1","0","0","0","1","0","2","1","2","","","","N","","","","","","","","","",""