"CRN","ARRIVAL_TM","AUTOMOBILE_COUNT","BELTED_DEATH_COUNT","BELTED_SUSP_SERIOUS_INJ_COUNT","BICYCLE_COUNT","BICYCLE_DEATH_COUNT","BICYCLE_SUSP_SERIOUS_INJ_COUNT","BUS_COUNT","CHLDPAS_DEATH_COUNT","CHLDPAS_SUSP_SERIOUS_INJ_COUNT","COLLISION_TYPE","COMM_VEH_COUNT","CONS_ZONE_SPD_LIM","COUNTY","CRASH_MONTH","CRASH_YEAR","DAY_OF_WEEK","DEC_LATITUDE","DEC_LONGITUDE","DISPATCH_TM","DISTRICT","DRIVER_COUNT_16YR","DRIVER_COUNT_17YR","DRIVER_COUNT_18YR","DRIVER_COUNT_19YR","DRIVER_COUNT_20YR","DRIVER_COUNT_50_64YR","DRIVER_COUNT_65_74YR","DRIVER_COUNT_75PLUS","EST_HRS_CLOSED","FATAL_COUNT","HEAVY_TRUCK_COUNT","HORSE_BUGGY_COUNT","HOUR_OF_DAY","ILLUMINATION","INJURY_COUNT","INTERSECTION_RELATED","INTERSECT_TYPE","LANE_CLOSED","LATITUDE","LN_CLOSE_DIR","LOCATION_TYPE","LONGITUDE","MAX_SEVERITY_LEVEL","MCYCLE_DEATH_COUNT","MCYCLE_SUSP_SERIOUS_INJ_COUNT","MOTORCYCLE_COUNT","MUNICIPALITY","NONMOTR_COUNT","NONMOTR_DEATH_COUNT","NONMOTR_SUSP_SERIOUS_INJ_COUNT","NTFY_HIWY_MAINT","PED_COUNT","PED_DEATH_COUNT","PED_SUSP_SERIOUS_INJ_COUNT","PERSON_COUNT","POLICE_AGCY","POSSIBLE_INJ_COUNT","RDWY_SURF_TYPE_CD","RELATION_TO_ROAD","ROADWAY_CLEARED","ROAD_CONDITION","SCH_BUS_IND","SCH_ZONE_IND","SECONDARY_CRASH","SMALL_TRUCK_COUNT","SPEC_JURIS_CD","SUSP_MINOR_INJ_COUNT","SUSP_SERIOUS_INJ_COUNT","SUV_COUNT","TCD_FUNC_CD","TCD_TYPE","TFC_DETOUR_IND","TIME_OF_DAY","TOTAL_UNITS","TOT_INJ_COUNT","UNBELTED_OCC_COUNT","UNB_DEATH_COUNT","UNB_SUSP_SERIOUS_INJ_COUNT","UNK_INJ_DEG_COUNT","UNK_INJ_PER_COUNT","URBAN_RURAL","VAN_COUNT","VEHICLE_COUNT","WEATHER1","WEATHER2","WORKERS_PRES","WORK_ZONE_IND","WORK_ZONE_LOC","WORK_ZONE_TYPE","WZ_CLOSE_DETOUR","WZ_FLAGGER","WZ_LAW_OFFCR_IND","WZ_LN_CLOSURE","WZ_MOVING","WZ_OTHER","WZ_SHLDER_MDN","WZ_WORKERS_INJ_KILLED"
"2009064010","0126","1","0","0","0","0","0","0","0","0","7","0","","02","6","2009","5","40.463","-80.1936","0118","11","0","0","0","0","0","0","0","0","","0","0","0","","","0","","0","","40 27:46.800","","0","80 11:36.960","0","0","0","0","2213","0","0","0","N","0","0","0","2","68B03","0","","3.0","","9","N","N","","0","","0","0","0","","0","","","1","0","0","0","0","0","0","2","0","1","","","","N","","","","","","","","","",""
"2009064068","2015","1","0","0","0","0","0","0","0","0","7","0","","02","6","2009","5","40.486707","-79.778353","2001","11","0","0","0","1","0","0","0","0","","0","0","0","","","1","","0","","40 29:12.144","","0","79 46:42.071","4","0","0","0","2466","0","0","0","N","0","0","0","1","68T02","1","","1.0","","1","N","N","","0","","0","0","0","","0","","","1","1","0","0","0","0","0","2","0","1","","","","N","","","","","","","","","",""
"2009064082","0833","1","0","0","0","0","0","0","0","0","5","0","","02","6","2009","7","40.427508","-79.918934","0822","11","0","0","0","1","0","0","1","0","","0","0","0","","","0","","2","","40 25:39.028","","0","79 55:08.162","0","0","0","0","2301","0","0","0","N","0","0","0","2","02301","0","","1.0","","1","N","N","","0","","0","0","1","","3","","","2","0","0","0","0","0","0","2","0","2","","","","N","","","","","","","","","",""
"2009064083","1310","1","0","0","0","0","0","0","0","0","4","0","","02","6","2009","6","40.436681","-79.781955","1305","11","0","0","0","0","0","1","0","0","1","0","0","0","","","0","","0","","40 26:12.052","3","0","79 46:55.037","0","0","0","0","2446","0","0","0","N","0","0","0","5","02446","0","","1.0","","1","N","N","","0","","0","0","1","","0","N","","2","0","1","0","0","0","0","2","0","2","","","","N","","","","","","","","","",""
"2009064085","0722","1","0","0","0","0","0","0","0","0","7","0","","02","6","2009","7","40.664877","-80.137247","0717","11","0","0","0","0","0","1","0","0","1","0","0","0","","","0","","0","","40 39:53.558","4","0","80 08:14.090","0","0","0","0","2212","0","0","0","N","0","0","0","1","02505","0","","5.0","","1","N","N","","0","","0","0","0","","0","N","","1","0","0","0","0","0","0","1","0","1","","","","N","","","","","","","","","",""
"2009064094","0957","1","0","0","0","0","0","0","0","0","7","0","","02","6","2009","7","40.464295","-79.9534","0952","11","0","0","0","0","0","0","0","1","","0","0","0","","","0","","10","","40 27:51.462","","0","79 57:12.240","0","0","0","0","2301","0","0","0","N","0","0","0","1","02301","0","","4.0","","1","N","N","","0","","0","0","0","","0","","","1","0","0","0","0","0","0","2","0","1","","","","N","","","","","","","","","",""
"2009064095","1106","2","0","0","0","0","0","0","0","0","1","0","","02","6","2009","7","40.478742","-80.105783","1057","11","0","1","0","0","0","0","0","0","1","0","0","0","","","0","","2","","40 28:43.471","5","0","80 06:20.818","0","0","0","0","2126","0","0","0","N","0","0","0","3","02126","0","","1.0","","1","N","N","","0","","0","0","0","","0","N","","2","0","0","0","0","0","0","2","0","2","","","","N","","","","","","","","","",""
"2009064096","1007","1","0","0","0","0","0","0","0","0","99","0","","02","6","2009","7","40.434121","-79.751616","1006","11","0","0","0","0","0","0","0","2","","0","0","0","","","1","","0","","40 26:02.835","","0","79 45:05.819","8","0","0","0","2446","0","0","0","N","0","0","0","3","02446","0","","1.0","","1","N","N","","0","","0","0","1","","0","","","2","1","0","0","0","1","0","2","0","2","","","","N","","","","","","","","","",""
"2009064099","1422","1","0","0","0","0","0","0","0","0","4","1","","02","6","2009","6","40.453019","-80.039483","1420","11","0","0","0","0","0","3","0","0","2","0","1","0","","","3","","2","","40 27:10.869","2","0","80 02:22.140","8","0","0","0","2301","0","0","0","N","0","0","0","9","02301","0","","1.0","","1","N","N","","2","","0","0","2","","2","Y","","6","3","0","0","0","3","0","2","0","6","","","","N","","","","","","","","","",""
"2009064101","1126","1","0","0","0","0","0","0","0","0","4","0","","02","6","2009","7","40.365512","-79.912327","1113","11","0","0","0","0","0","0","1","0","","0","0","0","","","0","","2","","40 21:55.843","","0","79 54:44.377","0","0","0","0","2301","0","0","0","N","0","0","0","3","02301","0","","1.0","","1","N","N","","1","","0","0","0","","0","","","2","0","0","0","0","0","0","2","0","2","","","","N","","","","","","","","","",""
"2009064102","1135","0","0","0","0","0","0","0","0","0","1","1","","02","6","2009","7","40.397641","-80.109513","1130","11","0","0","0","0","0","2","0","0","","0","1","0","","","0","","2","","40 23:51.507","","0","80 06:34.246","0","0","0","0","2301","0","0","0","N","0","0","0","3","02301","0","","1.0","","1","N","N","","1","","0","0","0","","2","","","3","0","0","0","0","0","0","2","1","3","","","","N","","","","","","","","","",""
"2009064103","1200","1","0","0","0","0","0","0","0","0","4","0","","02","6","2009","7","40.442442","-80.00323","1156","11","0","0","0","0","0","0","0","0","","0","0","0","","","1","","1","","40 26:32.791","","0","80 00:11.628","4","0","0","0","2301","0","0","0","N","0","0","0","5","02301","1","","1.0","","1","N","N","","0","","0","0","1","","2","","","3","1","0","0","0","0","0","2","0","2","","","","N","","","","","","","","","",""
"2009064121","1543","2","0","0","0","0","0","0","0","0","1","0","","02","6","2009","7","40.620576","-80.054713","1540","11","0","0","0","0","0","1","0","0","","0","0","0","","","0","","2","","40 37:14.075","","0","80 03:16.966","0","0","0","0","2216","0","0","0","N","0","0","0","7","02505","0","","1.0","","1","N","N","","1","","0","0","1","","0","","","4","0","0","0","0","0","0","2","0","4","","","","N","","","","","","","","","",""
"2009064123","1547","1","0","0","0","0","0","0","0","0","1","0","","02","6","2009","7","40.343943","-79.798758","1542","11","0","1","0","0","0","1","0","0","","0","0","0","","","0","","2","","40 20:38.193","","0","79 47:55.529","0","0","0","0","2477","0","0","0","N","0","0","0","6","02477","0","","1.0","","1","N","N","","0","","0","0","1","","3","","","2","0","0","0","0","0","0","2","0","2","","","","N","","","","","","","","","",""
"2009064143","0220","1","0","0","0","0","0","0","0","0","99","0","","02","6","2009","6","40.471902","-80.004778","0210","11","0","0","0","0","0","0","0","0","","0","0","0","","","0","","0","","40 28:18.848","","0","80 00:17.201","0","0","0","0","2301","0","0","0","N","0","0","0","1","68B03","0","","1.0","","1","N","N","","0","","0","0","0","","0","","","1","0","0","0","0","0","0","2","0","1","","","","N","","","","","","","","","",""
"2009064144","1515","0","0","0","0","0","0","0","0","0","1","1","","02","6","2009","3","40.618185","-80.096018","1501","11","0","0","0","0","0","0","0","0","","0","1","0","","","0","","0","","40 37:05.466","","0","80 05:45.666","0","0","0","0","2212","0","0","0","N","0","0","0","2","68B03","0","","1.0","","1","N","N","","0","","0","0","1","","0","","","2","0","0","0","0","0","0","2","0","2","","","","N","","","","","","","","","",""
"2009064145","2045","1","0","0","0","0","0","0","0","0","7","0","","02","6","2009","4","40.526215","-80.071093","2040","11","0","0","0","0","0","0","0","0","","0","0","0","","","0","","0","","40 31:34.374","","0","80 04:15.935","0","0","0","0","2215","0","0","0","N","0","0","0","1","68B03","0","","3.0","","9","N","N","","0","","0","0","0","","0","","","1","0","0","0","0","0","0","2","0","1","","","","N","","","","","","","","","",""
"2009064146","2050","0","0","0","0","0","0","0","0","0","99","1","","02","6","2009","2","40.428891","-79.932419","2013","11","0","0","0","0","0","1","0","0","3","0","1","0","","","0","","0","","40 25:44.009","3","0","79 55:56.707","0","0","0","0","2301","0","0","0","N","0","0","0","1","68B03","0","","1.0","","1","N","N","","0","","0","0","0","","0","N","","1","0","0","0","0","0","0","2","0","1","","","","N","","","","","","","","","",""
"2009064147","1847","1","0","0","0","0","0","0","0","0","7","0","","02","6","2009","4","40.427674","-80.129501","1841","11","0","0","0","0","0","0","0","0","1","0","0","0","","","0","","0","","40 25:39.627","3","0","80 07:46.204","0","0","0","0","2102","0","0","0","N","0","0","0","1","68B03","0","","3.0","","1","N","N","","0","","0","0","0","","0","N","","1","0","0","0","0","0","0","2","0","1","","","","N","","","","","","","","","",""
"2009064148","1919","0","0","0","0","0","0","0","0","0","1","0","","02","6","2009","4","40.428907","-80.132346","1919","11","1","0","0","0","0","1","0","0","1","0","0","0","","","0","","0","","40 25:44.065","3","0","80 07:56.447","0","0","0","0","2115","0","0","0","N","0","0","0","8","68B03","0","","1.0","","1","N","N","","1","","0","0","1","","0","N","","3","0","0","0","0","0","0","2","1","3","","","","N","","","","","","","","","",""
"2009064151","2330","0","0","0","0","0","0","0","0","0","1","0","","02","6","2009","3","40.497511","-79.940399","2315","11","0","0","0","0","0","1","0","0","","0","0","0","","","1","","2","","40 29:51.041","","0","79 56:25.435","4","0","0","0","2430","0","0","0","N","0","0","0","2","68D02","1","","1.0","","1","N","N","","0","","0","0","0","","3","","","2","1","0","0","0","0","1","2","1","2","","","","N","","","","","","","","","",""
"2009064165","1748","3","0","0","0","0","0","0","0","0","1","0","","02","6","2009","2","40.434031","-79.732496","1742","11","0","0","0","0","0","1","0","0","1","0","0","0","","","0","","2","","40 26:02.513","3","0","79 43:56.987","0","0","0","0","2446","0","0","0","N","0","0","0","6","02446","0","","1.0","","1","N","N","","0","","0","0","1","","0","N","","4","0","0","0","0","0","0","2","0","4","","","","N","","","","","","","","","",""
"2009064167","1920","1","0","0","0","0","0","0","0","0","1","0","","02","6","2009","7","40.412688","-79.921165","1913","11","0","0","0","0","0","0","0","0","","0","0","0","","","0","","10","","40 24:45.677","","3","79 55:16.194","0","0","0","0","2301","0","0","0","N","0","0","0","4","02301","0","","1.0","","1","N","N","","0","","0","0","1","","0","","","2","0","0","0","0","0","0","2","0","2","","","","N","","","","","","","","","",""
"2009064168","2122","1","0","0","0","0","0","0","0","0","7","0","","02","6","2009","6","40.537573","-79.962401","2122","11","0","0","0","0","0","0","0","0","1","0","0","0","","","1","","0","","40 32:15.263","1","0","79 57:44.645","8","0","0","0","2118","0","0","0","N","0","0","0","1","02118","0","","2.0","","1","N","N","","0","","0","0","0","","0","N","","1","1","1","0","0","1","0","2","0","1","","","","N","","","","","","","","","",""
"2009064169","0847","1","0","0","0","0","0","0","0","0","7","0","","02","6","2009","7","40.458695","-79.907951","0840","11","0","0","0","0","0","1","0","0","2","0","0","0","","","0","","1","","40 27:31.302","2","0","79 54:28.625","9","0","0","0","2301","0","0","0","N","0","0","0","2","02301","0","","4.0","","1","N","N","","0","","0","0","0","","2","N","","1","0","0","0","0","0","2","2","0","1","","","","N","","","","","","","","","",""
"2009064181","2310","2","0","0","0","0","0","0","0","0","4","0","","02","6","2009","7","40.453019","-80.039483","2307","11","0","0","1","0","0","0","0","0","2","0","0","0","","","1","","2","","40 27:10.869","6","4","80 02:22.140","3","0","0","0","2301","0","0","0","N","0","0","0","2","02301","0","","1.0","","1","N","N","","0","","1","0","0","","2","N","","2","1","0","0","0","0","0","2","0","2","","","","N","","","","","","","","","",""
"2009064184","2321","3","0","0","0","0","0","0","0","0","1","0","","02","6","2009","7","40.381606","-79.995601","2315","11","0","0","0","0","0","1","0","0","2","0","0","0","","","2","","0","","40 22:53.782","3","0","79 59:44.165","8","0","0","0","2301","0","0","0","N","0","0","0","6","02301","0","","1.0","","1","N","N","","0","","0","0","1","","0","N","","4","2","0","0","0","2","0","2","0","4","","","","N","","","","","","","","","",""
"2009064191","1134","2","0","0","0","0","0","0","0","0","1","0","","02","6","2009","7","40.588201","-79.750026","1130","11","0","0","0","0","0","1","0","0","","0","0","0","","","1","","1","","40 35:17.522","","0","79 45:00.095","3","0","0","0","2464","0","0","0","N","0","0","0","2","64305","0","","1.0","","1","N","N","","0","","1","0","0","","0","","","2","1","0","0","0","0","0","2","0","2","","","","N","","","","","","","","","",""
"2009064194","1230","2","0","0","0","0","0","0","0","0","1","0","","02","6","2009","6","40.267791","-79.903224","1222","11","0","0","0","0","0","1","0","0","","0","0","0","","","0","","2","","40 16:04.046","","0","79 54:11.608","0","0","0","0","2440","0","0","0","N","0","0","0","2","02440","0","","1.0","","1","N","N","","0","","0","0","0","","0","","","2","0","0","0","0","0","0","2","0","2","","","","N","","","","","","","","","",""
"2009064199","1758","1","0","0","0","0","0","0","0","0","4","0","","02","6","2009","7","40.650858","-79.708357","1757","11","0","0","0","0","0","2","0","0","","0","0","0","","","0","","1","","40 39:03.087","","0","79 42:30.085","0","0","0","0","2106","0","0","0","N","0","0","0","2","02106","0","","1.0","","1","N","N","","1","","0","0","0","","2","","","2","0","0","0","0","0","0","2","0","2","","","","N","","","","","","","","","",""
"2009064224","1613","3","0","0","0","0","0","0","0","0","1","0","","02","6","2009","6","40.516775","-80.093651","1610","11","0","0","0","0","0","0","0","0","1","0","0","0","","","0","","0","","40 31:00.390","3","7","80 05:37.143","0","0","0","0","2429","0","0","0","N","0","0","0","3","02215","0","","1.0","","1","Y","N","","0","","0","0","0","","0","N","","3","0","0","0","0","0","0","2","0","3","","","","N","","","","","","","","","",""
"2009064232","1347","2","0","0","0","0","0","0","0","0","6","0","","02","6","2009","1","40.449322","-79.920933","1347","11","0","0","0","0","0","0","0","0","","0","0","0","","","0","","0","","40 26:57.559","","0","79 55:15.358","0","0","0","0","2301","0","0","0","N","0","0","0","1","02301","0","","1.0","","1","N","N","","0","","0","0","0","","0","","","2","0","0","0","0","0","0","2","0","2","","","","N","","","","","","","","","",""
"2009064237","1326","0","0","0","0","0","0","0","0","0","0","0","","02","6","2009","1","40.475503","-79.866354","1326","11","0","0","0","0","0","0","0","0","","0","0","0","","","1","","0","","40 28:31.810","","0","79 51:58.874","4","0","0","1","2113","0","0","0","N","0","0","0","1","02113","1","","1.0","","1","N","N","","0","","0","0","0","","0","","","1","1","0","0","0","0","0","2","0","1","","","","N","","","","","","","","","",""
"2009064239","1542","2","0","0","0","0","0","0","0","0","1","0","","02","6","2009","3","40.433708","-79.756824","1539","11","0","0","0","0","0","2","0","1","","0","0","0","","","0","","0","","40 26:01.347","","0","79 45:24.567","0","0","0","0","2446","0","0","0","N","0","0","0","3","02446","0","","1.0","","1","N","N","","0","","0","0","1","","0","","","3","0","0","0","0","0","0","2","0","3","","","","N","","","","","","","","","",""
"2009064245","1837","1","0","0","0","0","0","0","0","0","4","0","","02","6","2009","7","40.449706","-80.025099","1837","11","0","0","0","0","0","0","0","0","1","0","0","0","","","0","","1","","40 26:58.940","1","8","80 01:30.356","0","0","0","0","2301","0","0","0","N","0","0","0","3","02301","0","","1.0","","1","N","N","","0","","0","0","1","","2","N","","2","0","0","0","0","0","0","2","0","2","","","","N","","","","","","","","","",""
"2009064250","1612","0","0","0","0","0","0","0","0","0","7","0","","02","6","2009","1","40.369886","-79.784584","1612","11","0","0","1","0","0","0","0","0","","0","0","0","","","0","","0","","40 22:11.588","","0","79 47:04.504","0","0","0","0","2111","0","0","0","N","0","0","0","1","02111","0","","5.0","","9","N","N","","0","","0","0","1","","0","","","1","0","0","0","0","0","0","2","0","1","","","","N","","","","","","","","","",""
"2009064257","1820","2","0","0","0","0","0","0","0","0","4","0","","02","6","2009","5","40.392643","-80.066968","1819","11","0","0","0","0","0","0","0","0","2","0","0","0","","","0","","0","","40 23:33.515","3","7","80 04:01.085","0","0","0","0","2117","0","0","0","N","0","0","0","2","02117","0","","1.0","","1","N","N","","0","","0","0","0","","0","N","","2","0","0","0","0","0","0","2","0","2","","","","N","","","","","","","","","",""
"2009064266","1615","1","0","0","0","0","0","0","0","0","4","0","","02","6","2009","1","40.448927","-79.76192","1608","11","0","0","0","0","0","0","0","0","1","0","0","0","","","0","","3","","40 26:56.137","2","0","79 45:42.912","0","0","0","0","2446","0","0","0","N","0","0","0","6","02446","0","","1.0","","9","N","N","","1","","0","0","0","","3","N","","2","0","0","0","0","0","0","2","0","2","","","","N","","","","","","","","","",""
"2009064269","1945","1","0","0","0","0","0","0","0","0","7","0","","02","6","2009","1","40.478166","-80.035853","1934","11","0","0","0","0","0","0","0","0","","0","0","0","","","0","","0","","40 28:41.397","","0","80 02:09.070","0","0","0","0","2301","0","0","0","N","0","0","0","1","02301","0","","4.0","","1","N","N","","0","","0","0","0","","0","","","1","0","0","0","0","0","0","2","0","1","","","","N","","","","","","","","","",""
"2009064271","2054","1","0","0","0","0","0","0","0","0","7","0","","02","6","2009","7","40.487191","-79.940599","2049","11","0","0","0","0","0","0","0","0","","0","0","0","","","1","","0","","40 29:13.886","","0","79 56:26.157","8","0","0","0","2301","0","0","0","N","0","0","0","1","02301","0","","5.0","","1","N","N","","0","","0","0","0","","0","","","1","1","0","0","0","1","0","2","0","1","","","","N","","","","","","","","","",""
"2009064276","1331","1","0","0","0","0","0","0","0","0","6","0","","02","6","2009","4","40.489575","-80.049928","1327","11","0","0","0","0","0","0","0","0","1","0","0","0","","","1","","1","","40 29:22.470","2","0","80 02:59.740","8","0","0","0","2404","0","0","0","N","0","0","0","3","02402","0","","1.0","","1","N","N","","0","","0","0","1","","3","Y","","2","1","0","0","0","1","0","2","0","2","","","","N","","","","","","","","","",""
"2009064277","2244","1","0","0","0","0","0","0","0","0","1","0","","02","6","2009","1","40.324771","-79.808562","2240","11","0","0","0","0","0","1","0","0","","0","0","0","","","0","","2","","40 19:29.176","","0","79 48:30.824","9","0","0","0","2477","0","0","0","N","0","0","0","1","02477","0","","1.0","","1","N","N","","0","","0","0","1","","0","","","2","0","0","0","0","0","1","2","0","2","","","","N","","","","","","","","","",""
"2009064278","1749","1","0","0","0","0","0","0","0","0","4","0","","02","6","2009","1","40.555332","-79.803755","1745","11","0","0","0","1","0","0","0","0","","0","0","0","","","0","","0","","40 33:19.195","","0","79 48:13.518","0","0","0","0","2121","0","0","0","N","0","0","0","1","02121","0","","4.0","","1","N","N","","1","","0","0","0","","0","","","2","0","0","0","0","0","0","2","0","2","","","","N","","","","","","","","","",""
"2009064288","0341","2","0","0","0","0","0","0","0","0","5","0","","02","6","2009","1","40.395097","-79.981491","0337","11","0","0","0","0","0","0","0","0","","0","0","0","","","0","","0","","40 23:42.349","","0","79 58:53.367","9","0","0","0","2301","0","0","0","N","0","0","0","1","02301","0","","2.0","","1","N","N","","0","","0","0","0","","0","","","2","0","0","0","0","0","1","2","0","2","","","","N","","","","","","","","","",""
"2009064292","0655","0","0","0","0","0","0","0","0","0","7","0","","02","6","2009","1","40.414145","-79.989334","0651","11","0","0","0","0","0","0","0","0","","0","0","0","","","0","","0","","40 24:50.922","","0","79 59:21.602","9","0","0","0","2301","0","0","0","N","0","0","0","1","02301","0","","5.0","","1","N","N","","0","","0","0","1","","0","","","1","0","0","0","0","0","1","2","0","1","","","","N","","","","","","","","","",""
"2009064305","0230","0","0","0","0","0","0","0","0","0","7","0","","02","6","2009","7","40.2805","-79.9331","0223","11","0","0","0","0","0","1","0","0","","0","0","0","","","1","","0","","40 16:49.800","","0","79 55:59.160","4","0","0","0","2440","0","0","0","N","0","0","0","2","68T09","1","","5.0","","1","N","N","","1","","0","0","0","","0","","","1","1","0","0","0","0","0","2","0","1","","","","N","","","","","","","","","",""
"2009064310","1310","1","0","0","0","0","0","0","0","0","1","0","","02","6","2009","4","40.427594","-79.890588","1252","11","0","0","0","0","0","0","0","0","","0","0","0","","","0","","6","","40 25:39.339","","2","79 53:26.116","0","0","0","0","2301","0","0","0","N","0","0","0","2","68B03","0","","1.0","","1","N","N","","1","","0","0","0","","4","","","2","0","0","0","0","0","0","2","0","2","","","","N","","","","","","","","","",""
"2009064311","1846","3","0","0","0","0","0","0","0","0","1","0","","02","6","2009","2","40.411814","-80.076735","1816","11","0","0","0","0","0","2","0","0","2","0","0","0","","","2","","0","","40 24:42.529","1","0","80 04:36.247","8","0","0","0","2117","0","0","0","N","0","0","0","6","68B03","0","","1.0","","1","N","N","","0","","0","0","0","","0","N","","3","2","0","0","0","2","2","2","0","3","","","","N","","","","","","","","","",""
"2009064312","1535","1","0","0","0","0","0","0","0","0","7","0","","02","6","2009","4","40.5631","-80.1144","1501","11","0","0","0","0","0","0","0","0","","0","0","0","","","0","","0","","40 33:47.160","","0","80 06:51.840","0","0","0","0","2460","0","0","0","N","0","0","0","2","68B03","0","","4.0","","9","N","N","","0","","0","0","0","","0","","","1","0","0","0","0","0","0","1","0","1","","","","N","","","","","","","","","",""
"2009064346","1220","0","0","0","0","0","0","0","0","0","7","0","","02","6","2009","3","40.464801","-79.999995","1154","11","0","0","0","0","0","0","0","0","1","0","0","0","","","1","","0","","40 27:53.285","2","0","79 59:59.982","8","0","0","0","2301","0","0","0","N","0","0","0","1","68B03","0","","2.0","","1","N","N","","0","","0","0","1","","0","N","","1","1","0","0","0","1","0","2","0","1","","","","N","","","","","","","","","",""
"2009064462","1143","0","0","0","0","0","0","0","0","0","4","0","","02","6","2009","2","40.462247","-79.969641","1141","11","0","0","0","0","0","1","0","1","1","0","0","0","","","0","","1","","40 27:44.089","3","0","79 58:10.707","0","0","0","0","2301","0","0","0","N","0","0","0","2","02301","0","","1.0","","1","N","N","","1","","0","0","1","","3","N","","2","0","0","0","0","0","0","2","0","2","","","","N","","","","","","","","","",""
"2009064473","1142","2","0","0","0","0","0","0","0","0","2","0","","02","6","2009","2","40.452738","-79.910456","1137","11","0","0","0","0","0","2","0","0","1","0","0","0","","","0","","1","","40 27:09.858","4","0","79 54:37.642","0","0","0","0","2301","0","0","0","N","0","0","0","2","02301","0","","1.0","","1","N","N","","0","","0","0","0","","2","Y","","2","0","0","0","0","0","0","2","0","2","","","","N","","","","","","","","","",""
"2009064480","0000","1","0","0","0","0","0","0","0","0","1","0","","02","5","2009","2","","","","11","0","0","0","1","0","0","0","0","","0","0","0","","","0","","0","","","","0","","9","0","0","0","2115","0","0","0","N","0","0","0","2","00000","0","","1.0","","9","N","N","","0","","0","0","0","","0","","","2","0","0","0","0","0","1","1","1","2","","","","N","","","","","","","","","",""
"2009064497","2300","0","0","0","0","0","0","0","0","0","8","0","","02","6","2009","1","40.457404","-79.896284","2238","11","0","0","0","0","0","0","0","0","1","0","0","0","","","1","","1","","40 27:26.654","1","0","79 53:46.622","3","0","0","0","2301","1","0","0","N","1","0","0","3","02301","0","","1.0","","1","N","N","","0","","1","0","1","","2","N","","2","1","0","0","0","0","0","2","0","1","","","","N","","","","","","","","","",""
"2009064499","1555","0","0","0","0","0","0","0","0","0","1","0","","02","6","2009","5","40.425941","-80.020005","1545","11","0","0","0","0","0","0","0","0","","0","0","0","","","0","","0","","40 25:33.388","","0","80 01:12.018","0","0","0","0","2301","0","0","0","N","0","0","0","3","02301","0","","1.0","","1","N","N","","1","","0","0","0","","0","","","2","0","0","0","0","0","0","2","1","2","","","","N","","","","","","","","","",""
"2009064502","1540","1","0","0","0","0","0","0","0","0","7","0","","02","6","2009","2","40.388857","-80.091486","1535","11","0","1","0","0","0","0","0","0","1","0","0","0","","","1","","0","","40 23:19.885","5","0","80 05:29.351","8","0","0","0","2437","0","0","0","N","0","0","0","4","02437","0","","5.0","","1","N","N","","0","","0","0","0","","0","Y","","1","1","0","0","0","1","0","2","0","1","","","","N","","","","","","","","","",""
"2009064514","1617","1","0","0","0","0","0","0","0","0","7","0","","02","6","2009","2","40.507996","-79.762972","1615","11","0","0","0","0","0","1","0","0","2","0","0","0","","","1","","0","","40 30:28.785","1","0","79 45:46.700","4","0","0","0","2466","0","0","0","N","0","0","0","1","02466","1","","5.0","","1","N","N","","0","","0","0","0","","0","Y","","1","1","0","0","0","0","0","2","0","1","","","","N","","","","","","","","","",""
"2009064519","1439","1","0","0","0","0","0","0","0","0","4","0","","02","6","2009","7","40.513294","-80.257206","1433","11","0","0","0","0","0","0","0","1","1","0","0","0","","","2","","2","","40 30:47.857","6","0","80 15:25.940","4","0","0","0","2213","0","0","0","N","0","0","0","5","02213","2","","1.0","","1","N","N","","1","","0","0","0","","0","N","","2","2","0","0","0","0","0","2","0","2","","","","N","","","","","","","","","",""
"2009064520","1638","2","0","0","0","0","0","0","0","0","1","0","","02","6","2009","6","40.505949","-80.223098","1635","11","0","0","0","0","0","0","0","0","2","0","0","0","","","1","","0","","40 30:21.415","2","0","80 13:23.154","3","0","0","0","2213","0","0","0","N","0","0","0","4","02213","0","","1.0","","9","N","N","","0","","1","0","1","","0","N","","3","1","0","0","0","0","0","2","0","3","","","","N","","","","","","","","","",""
"2009064521","1437","1","0","0","0","0","0","0","0","0","1","0","","02","6","2009","6","40.507686","-80.204514","1431","11","0","0","0","0","0","1","0","0","","0","0","0","","","1","","2","","40 30:27.670","","0","80 12:16.252","8","0","0","0","2213","0","0","0","N","0","0","0","3","02213","0","","1.0","","1","N","N","","0","","0","0","0","","0","","","2","1","0","0","0","1","0","2","1","2","","","","N","","","","","","","","","",""
"2009064522","0723","0","0","0","0","0","0","0","0","0","7","0","","02","6","2009","5","40.537316","-80.233599","0718","11","0","0","0","1","0","0","0","0","2","0","0","0","","","1","","0","","40 32:14.336","6","0","80 14:00.957","3","0","0","0","2213","0","0","0","N","0","0","0","2","02213","0","","5.0","","9","N","N","","0","","1","0","1","","0","Y","","1","1","0","0","0","0","0","2","0","1","","","","N","","","","","","","","","",""
"2009064523","2004","0","0","0","0","0","0","0","0","0","7","0","","02","6","2009","3","40.2976","-80.0443","2002","11","0","0","0","0","0","0","0","0","","0","0","0","","","1","","0","","40 17:51.360","","0","80 02:39.480","3","0","0","0","2407","0","0","0","N","0","0","0","1","02407","0","","2.0","","1","N","N","","1","","1","0","0","","0","","","1","1","1","0","0","0","0","2","0","1","","","","N","","","","","","","","","",""