"CRN","ARRIVAL_TM","AUTOMOBILE_COUNT","BELTED_DEATH_COUNT","BELTED_SUSP_SERIOUS_INJ_COUNT","BICYCLE_COUNT","BICYCLE_DEATH_COUNT","BICYCLE_SUSP_SERIOUS_INJ_COUNT","BUS_COUNT","CHLDPAS_DEATH_COUNT","CHLDPAS_SUSP_SERIOUS_INJ_COUNT","COLLISION_TYPE","COMM_VEH_COUNT","CONS_ZONE_SPD_LIM","COUNTY","CRASH_MONTH","CRASH_YEAR","DAY_OF_WEEK","DEC_LATITUDE","DEC_LONGITUDE","DISPATCH_TM","DISTRICT","DRIVER_COUNT_16YR","DRIVER_COUNT_17YR","DRIVER_COUNT_18YR","DRIVER_COUNT_19YR","DRIVER_COUNT_20YR","DRIVER_COUNT_50_64YR","DRIVER_COUNT_65_74YR","DRIVER_COUNT_75PLUS","EST_HRS_CLOSED","FATAL_COUNT","HEAVY_TRUCK_COUNT","HORSE_BUGGY_COUNT","HOUR_OF_DAY","ILLUMINATION","INJURY_COUNT","INTERSECTION_RELATED","INTERSECT_TYPE","LANE_CLOSED","LATITUDE","LN_CLOSE_DIR","LOCATION_TYPE","LONGITUDE","MAX_SEVERITY_LEVEL","MCYCLE_DEATH_COUNT","MCYCLE_SUSP_SERIOUS_INJ_COUNT","MOTORCYCLE_COUNT","MUNICIPALITY","NONMOTR_COUNT","NONMOTR_DEATH_COUNT","NONMOTR_SUSP_SERIOUS_INJ_COUNT","NTFY_HIWY_MAINT","PED_COUNT","PED_DEATH_COUNT","PED_SUSP_SERIOUS_INJ_COUNT","PERSON_COUNT","POLICE_AGCY","POSSIBLE_INJ_COUNT","RDWY_SURF_TYPE_CD","RELATION_TO_ROAD","ROADWAY_CLEARED","ROAD_CONDITION","SCH_BUS_IND","SCH_ZONE_IND","SECONDARY_CRASH","SMALL_TRUCK_COUNT","SPEC_JURIS_CD","SUSP_MINOR_INJ_COUNT","SUSP_SERIOUS_INJ_COUNT","SUV_COUNT","TCD_FUNC_CD","TCD_TYPE","TFC_DETOUR_IND","TIME_OF_DAY","TOTAL_UNITS","TOT_INJ_COUNT","UNBELTED_OCC_COUNT","UNB_DEATH_COUNT","UNB_SUSP_SERIOUS_INJ_COUNT","UNK_INJ_DEG_COUNT","UNK_INJ_PER_COUNT","URBAN_RURAL","VAN_COUNT","VEHICLE_COUNT","WEATHER1","WEATHER2","WORKERS_PRES","WORK_ZONE_IND","WORK_ZONE_LOC","WORK_ZONE_TYPE","WZ_CLOSE_DETOUR","WZ_FLAGGER","WZ_LAW_OFFCR_IND","WZ_LN_CLOSURE","WZ_MOVING","WZ_OTHER","WZ_SHLDER_MDN","WZ_WORKERS_INJ_KILLED"
"2009067204","0442","1","0","0","0","0","0","0","0","0","7","0","","02","6","2009","3","40.448503","-80.062905","0442","11","0","0","0","0","0","0","0","0","","0","0","0","","","0","","0","","40 26:54.610","","0","80 03:46.458","0","0","0","0","2439","0","0","0","N","0","0","0","1","02439","0","","4.0","","1","N","N","","0","","0","0","0","","0","","","1","0","1","0","0","0","0","2","0","1","","","","N","","","","","","","","","",""
"2009067315","1401","1","0","0","0","0","0","0","0","0","1","0","","02","7","2009","5","40.398259","-79.999779","1358","11","0","0","0","0","1","0","0","0","","0","0","0","","","0","","2","","40 23:53.732","","0","79 59:59.203","0","0","0","0","2301","0","0","0","N","0","0","0","2","02301","0","","1.0","","9","N","N","","1","","0","0","0","","0","","","2","0","0","0","0","0","0","2","0","2","","","","N","","","","","","","","","",""
"2009067320","1302","1","0","0","0","0","0","0","0","0","4","0","","02","6","2009","6","40.413284","-79.987821","1300","11","0","0","0","0","1","0","0","0","","0","0","0","","","0","","2","","40 24:47.822","","0","79 59:16.155","9","0","0","0","2447","0","0","0","N","0","0","0","2","02447","0","","1.0","","1","N","N","","1","","0","0","0","","3","","","2","0","0","0","0","0","1","2","0","2","","","","N","","","","","","","","","",""
"2009067321","0717","1","0","0","0","0","0","0","0","0","1","0","","02","6","2009","5","40.412749","-79.989239","0717","11","0","0","0","0","0","1","0","0","1","0","0","0","","","1","","2","","40 24:45.896","1","0","79 59:21.260","4","0","0","0","2447","0","0","0","N","0","0","0","2","02447","1","","1.0","","1","N","N","","0","","0","0","1","","0","N","","2","1","0","0","0","0","0","2","0","2","","","","N","","","","","","","","","",""
"2009067405","1636","0","0","0","0","0","0","0","0","0","1","0","","02","6","2009","2","40.367874","-79.929597","1635","11","0","1","0","0","0","0","0","0","","0","0","0","","","1","","2","","40 22:04.346","","0","79 55:46.549","4","0","0","0","2473","0","0","0","N","0","0","0","4","02473","1","","1.0","","1","N","N","","1","","0","0","2","","2","","","3","1","0","0","0","0","0","2","0","3","","","","N","","","","","","","","","",""
"2009067413","1124","0","0","0","0","0","0","0","0","0","7","0","","02","6","2009","5","40.396217","-79.881083","1121","11","0","0","0","0","0","0","0","0","","0","0","0","","","1","","1","","40 23:46.381","","0","79 52:51.900","4","0","0","0","2473","0","0","0","N","0","0","0","1","02473","1","","5.0","","1","N","N","","0","","0","0","1","","0","","","1","1","0","0","0","0","0","2","0","1","","","","N","","","","","","","","","",""
"2009067415","1106","0","0","0","0","0","0","0","0","0","8","0","","02","6","2009","4","","","1103","11","0","0","0","0","0","1","0","0","1","0","0","0","","","1","","0","","","3","7","","4","0","0","0","2478","1","0","0","N","1","0","0","2","02473","1","","1.0","","1","N","N","","0","","0","0","1","","2","N","","2","1","1","0","0","0","0","1","0","1","","","","N","","","","","","","","","",""
"2009067416","0817","1","0","0","0","0","0","0","0","0","1","0","","02","6","2009","3","40.376891","-79.875523","0816","11","0","0","0","0","0","1","0","0","","0","0","0","","","1","","2","","40 22:36.807","","0","79 52:31.882","8","0","0","0","2473","0","0","0","N","0","0","0","2","02473","0","","1.0","","1","N","N","","1","","0","0","0","","3","","","2","1","0","0","0","1","0","2","0","2","","","","N","","","","","","","","","",""
"2009067417","1553","1","0","0","0","0","0","0","0","0","4","0","","02","6","2009","7","40.352984","-79.917303","1550","11","1","0","0","0","0","0","0","1","1","0","0","0","","","1","","2","","40 21:10.742","3","0","79 55:02.290","8","0","0","0","2473","0","0","0","N","0","0","0","5","02473","0","","1.0","","1","N","N","","0","","0","0","1","","2","N","","2","1","0","0","0","1","0","2","0","2","","","","N","","","","","","","","","",""
"2009067418","0705","1","0","0","0","0","0","0","0","0","7","0","","02","6","2009","7","40.347785","-79.93032","0701","11","0","0","0","0","0","0","0","0","1","0","0","0","","","1","","0","","40 20:52.026","6","0","79 55:49.152","8","0","0","0","2473","0","0","0","N","0","0","0","1","02473","0","","4.0","","9","N","N","","0","","0","0","0","","0","N","","1","1","0","0","0","1","0","2","0","1","","","","N","","","","","","","","","",""
"2009067725","1840","2","0","0","0","0","0","0","0","0","4","0","","02","6","2009","6","40.650858","-79.708357","1836","11","0","0","0","0","0","0","0","0","","0","0","0","","","2","","1","","40 39:03.087","","0","79 42:30.085","8","0","0","0","2106","0","0","0","N","0","0","0","2","02106","0","","1.0","","1","N","N","","0","","0","0","0","","2","","","2","2","0","0","0","2","0","2","0","2","","","","N","","","","","","","","","",""
"2009067734","0821","2","0","0","0","0","0","0","0","0","1","0","","02","5","2009","6","40.542278","-80.013328","0812","11","0","0","0","0","0","1","0","0","2","0","0","0","","","0","","0","","40 32:32.199","2","0","80 00:47.981","0","0","0","0","2116","0","0","0","N","0","0","0","2","02116","0","","1.0","","1","Y","N","","0","","0","0","0","","8","N","","2","0","0","0","0","0","0","2","0","2","","","","N","","","","","","","","","",""
"2009067741","0852","1","0","0","0","0","0","0","0","0","7","0","","02","7","2009","5","40.293542","-79.810183","0846","11","0","0","0","0","0","0","0","0","3","0","0","0","","","0","","0","","40 17:36.750","5","0","79 48:36.658","0","0","0","0","2105","0","0","0","N","0","0","0","1","02105","0","","5.0","","9","N","N","","0","","0","0","0","","0","N","","1","0","0","0","0","0","0","2","0","1","","","","N","","","","","","","","","",""
"2009067742","1420","1","0","0","0","0","0","0","0","0","4","0","","02","6","2009","3","40.405112","-79.908782","1420","11","0","0","0","1","0","1","0","0","","0","0","0","","","0","","1","","40 24:18.403","","0","79 54:31.615","0","0","0","0","2438","0","0","0","N","0","0","0","4","02438","0","","1.0","","1","N","","","0","","0","0","0","","3","","","2","0","0","0","0","0","0","2","1","2","","","","N","","","","","","","","","",""
"2009067743","1140","0","0","0","0","0","0","0","0","0","7","0","","02","7","2009","6","40.510167","-79.895884","1136","11","0","0","0","0","0","0","0","0","","0","0","0","","","0","","0","","40 30:36.601","","0","79 53:45.182","0","0","0","0","2432","0","0","0","Y","0","0","0","1","02432","0","","5.0","","9","N","N","","1","","0","0","0","","0","","","1","0","0","0","0","0","0","2","0","1","","","","N","","","","","","","","","",""
"2009067748","1736","2","0","0","0","0","0","0","0","0","4","0","","02","6","2009","3","40.347259","-79.972289","1734","11","0","0","0","0","0","0","1","0","","0","0","0","","","0","","1","","40 20:50.134","","0","79 58:20.241","0","0","0","0","2403","0","0","0","N","0","0","0","3","02403","0","","1.0","","1","N","N","","0","","0","0","0","","3","","","2","0","0","0","0","0","0","2","0","2","","","","N","","","","","","","","","",""
"2009067749","1352","1","0","0","0","0","0","0","0","0","1","0","","02","7","2009","6","40.477254","-79.743945","1344","11","0","1","0","0","0","0","0","0","2","0","0","0","","","1","","2","","40 28:38.115","3","0","79 44:38.203","8","0","0","0","2466","0","0","0","N","0","0","0","2","02466","0","","1.0","","9","N","N","","0","","0","0","1","","3","N","","2","1","0","0","0","1","0","2","0","2","","","","N","","","","","","","","","",""
"2009067751","1240","2","0","0","0","0","0","0","0","0","1","0","","02","7","2009","6","40.552116","-80.023354","1236","11","0","0","0","1","0","0","0","0","1","0","0","0","","","2","","1","","40 33:07.617","1","0","80 01:24.074","4","0","0","0","2116","0","0","0","N","0","0","0","4","02116","2","","1.0","","1","N","N","","0","","0","0","0","","2","N","","2","2","0","0","0","0","0","2","0","2","","","","N","","","","","","","","","",""
"2009067762","2229","1","0","0","0","0","0","0","0","0","4","0","","02","6","2009","3","40.493751","-80.03792","2225","11","0","0","0","0","0","0","0","0","","0","1","0","","","0","","2","","40 29:37.503","","0","80 02:16.512","0","0","0","0","2116","0","0","0","N","0","0","0","1","02116","0","","4.0","","1","N","N","","0","","0","0","0","","0","","","2","0","0","0","0","0","0","2","0","2","","","","N","","","","","","","","","",""
"2009067765","1727","2","0","0","0","0","0","0","0","0","1","0","","02","7","2009","6","40.468989","-80.278377","1723","11","0","0","0","0","0","1","1","0","","0","0","0","","","1","","0","","40 28:08.362","","0","80 16:42.156","4","0","0","0","2203","0","0","0","N","0","0","0","2","02203","1","","1.0","","1","N","N","","0","","0","0","0","","0","","","2","1","1","0","0","0","0","1","0","2","","","","N","","","","","","","","","",""
"2009067768","1233","1","0","0","0","0","0","0","0","0","1","0","","02","6","2009","6","40.345973","-80.054154","1211","11","0","0","0","0","0","0","0","0","","0","0","0","","","1","","0","","40 20:45.502","","0","80 03:14.954","8","0","0","0","2407","0","0","0","N","0","0","0","2","02407","0","","1.0","","1","N","N","","0","","0","0","1","","0","","","2","1","0","0","0","1","0","2","0","2","","","","N","","","","","","","","","",""
"2009067769","0720","1","0","0","0","0","0","0","0","0","7","0","","02","7","2009","5","40.3415","-80.0259","0717","11","0","0","0","0","0","0","0","0","1","0","0","0","","","1","","0","","40 20:29.400","1","0","80 01:33.240","4","0","0","0","2407","0","0","0","N","0","0","0","1","02407","1","","2.0","","1","N","N","","0","","0","0","0","","0","Y","","1","1","1","0","0","0","0","2","0","1","","","","N","","","","","","","","","",""
"2009067790","1740","3","0","0","0","0","0","0","0","0","1","0","","02","7","2009","4","40.582939","-80.098332","1734","11","0","0","0","0","0","0","0","0","","0","0","0","","","0","","0","","40 34:58.580","","0","80 05:53.996","0","0","0","0","2481","0","0","0","N","0","0","0","3","68B03","0","","1.0","","1","N","N","","0","","0","0","0","","0","","","3","0","0","0","0","0","0","2","0","3","","","","N","","","","","","","","","",""
"2009067791","1320","1","0","0","0","0","0","0","0","0","1","0","","02","7","2009","5","40.425011","-80.119028","1306","11","0","0","0","0","0","0","0","0","2","0","0","0","","","0","","0","","40 25:30.039","3","0","80 07:08.502","0","0","0","0","2102","0","0","0","N","0","0","0","3","68B03","0","","1.0","","9","N","N","","0","","0","0","1","","0","Y","","2","0","0","0","0","0","0","2","0","2","","","","N","","","","","","","","","",""
"2009067824","2255","1","0","0","0","0","0","0","0","0","4","0","","02","6","2009","3","40.42167","-80.049914","2253","11","0","0","0","0","0","0","1","0","2","0","0","0","","","3","","1","","40 25:18.012","6","0","80 02:59.690","8","0","0","0","2435","0","0","0","N","0","0","0","4","02435","0","","1.0","","9","N","N","","0","","0","0","0","","2","N","","2","3","0","0","0","3","0","2","1","2","","","","N","","","","","","","","","",""
"2009067829","1811","0","0","0","0","0","0","0","0","0","2","0","","02","7","2009","6","40.401801","-80.022264","1810","11","0","0","0","0","0","0","0","0","1","0","0","0","","","1","","0","","40 24:06.484","6","0","80 01:20.150","3","0","0","1","2301","0","0","0","Y","0","0","0","1","02301","0","","6.0","","1","N","N","","1","","1","0","0","","0","N","","2","1","0","0","0","0","0","2","0","2","","","","N","","","","","","","","","",""
"2009067831","1859","0","0","0","0","0","0","0","0","0","8","0","","02","7","2009","6","","","1848","11","0","1","0","0","0","0","0","0","1","0","0","0","","","1","","10","","","5","7","","2","0","0","0","2413","1","0","1","N","1","0","1","2","02413","0","","1.0","","1","N","N","","0","","0","1","1","","0","Y","","2","1","0","0","0","0","0","1","0","1","","","","N","","","","","","","","","",""
"2009067834","1850","2","0","0","0","0","0","0","0","0","1","0","","02","7","2009","6","40.429186","-79.999223","1840","11","0","0","0","0","0","1","0","0","2","0","0","0","","","0","","2","","40 25:45.071","1","4","79 59:57.204","0","0","0","0","2301","0","0","0","N","0","0","0","4","02301","0","","1.0","","1","N","N","","0","","0","0","0","","0","N","","2","0","0","0","0","0","0","2","0","2","","","","N","","","","","","","","","",""
"2009067839","1651","2","0","0","0","0","0","0","0","0","4","0","","02","7","2009","6","40.393852","-80.046304","1650","11","0","0","0","0","0","1","0","0","","0","0","0","","","1","","3","","40 23:37.868","","0","80 02:46.694","4","0","0","0","2109","0","0","0","N","0","0","0","4","02109","1","","1.0","","1","N","N","","0","","0","0","0","","2","","","2","1","0","0","0","0","0","2","0","2","","","","N","","","","","","","","","",""
"2009067845","0304","0","0","0","0","0","0","0","0","0","7","0","","02","7","2009","6","40.519924","-79.942571","0300","11","0","0","0","0","0","0","1","0","","0","0","0","","","0","","0","","40 31:11.727","","0","79 56:33.254","0","0","0","0","2118","0","0","0","N","0","0","0","1","02118","0","","4.0","","1","N","N","","0","","0","0","1","","0","","","1","0","0","0","0","0","0","2","0","1","","","","N","","","","","","","","","",""
"2009067937","1705","1","0","0","0","0","0","0","0","0","7","0","","02","6","2009","3","40.6525","-80.0581","1655","11","0","0","0","0","0","0","0","0","","0","0","0","","","0","","0","","40 39:09.000","","0","80 03:29.160","0","0","0","0","2216","0","0","0","N","0","0","0","1","68T02","0","","3.0","","9","N","N","","0","","0","0","0","","0","","","1","0","0","0","0","0","0","2","0","1","","","","N","","","","","","","","","",""
"2009067947","1401","0","0","0","0","0","0","0","0","0","2","0","","02","7","2009","6","40.529501","-79.711299","1344","11","0","0","0","0","0","1","0","0","2","0","0","0","","","2","","0","","40 31:46.205","5","0","79 42:40.677","4","0","0","0","2466","0","0","0","N","0","0","0","2","02466","2","","1.0","","9","N","N","","1","","0","0","1","","0","N","","2","2","0","0","0","0","0","1","0","2","","","","N","","","","","","","","","",""
"2009067952","1501","1","0","0","0","0","0","0","0","0","1","0","","02","7","2009","6","40.458326","-79.930385","1456","11","0","0","1","0","0","1","0","0","1","0","0","0","","","0","","0","","40 27:29.973","3","0","79 55:49.386","0","0","0","0","2301","0","0","0","N","0","0","0","2","02301","0","","1.0","","1","N","N","","0","","0","0","1","","0","N","","2","0","0","0","0","0","0","2","0","2","","","","N","","","","","","","","","",""
"2009067956","1450","0","0","0","0","0","0","0","0","0","5","1","","02","7","2009","6","40.465691","-79.948009","1429","11","0","0","0","0","0","1","0","0","","0","0","0","","","1","","0","","40 27:56.487","","0","79 56:52.832","8","0","0","1","2301","0","0","0","N","0","0","0","2","02301","0","","1.0","","9","N","N","","0","","0","0","0","","0","","","2","1","0","0","0","1","0","2","1","2","","","","N","","","","","","","","","",""
"2009067958","0730","1","0","0","0","0","0","0","0","0","4","0","","02","7","2009","7","40.385818","-79.941625","0727","11","0","0","0","0","0","0","0","0","","0","0","0","","","0","","0","","40 23:08.944","","0","79 56:29.850","0","0","0","0","2403","0","0","0","N","0","0","0","1","02403","0","","5.0","","1","N","N","","1","","0","0","0","","0","","","2","0","0","0","0","0","0","2","0","2","","","","N","","","","","","","","","",""
"2009067959","1013","1","0","0","0","0","0","0","0","0","1","0","","02","7","2009","7","40.461025","-79.706304","1002","11","0","0","0","1","0","1","0","0","","0","0","0","","","0","","0","","40 27:39.691","","0","79 42:22.696","0","0","0","0","2466","0","0","0","N","0","0","0","3","02466","0","","1.0","","1","N","N","","1","","0","0","0","","0","","","2","0","0","0","0","0","0","2","0","2","","","","N","","","","","","","","","",""
"2009067960","1220","2","0","0","0","0","0","0","0","0","4","0","","02","7","2009","7","40.429789","-80.024939","1215","11","0","0","0","0","0","0","0","0","1","0","0","0","","","0","","6","","40 25:47.241","2","2","80 01:29.782","0","0","0","0","2301","0","0","0","N","0","0","0","4","02301","0","","1.0","","1","N","N","","0","","0","0","0","","0","N","","2","0","0","0","0","0","0","2","0","2","","","","N","","","","","","","","","",""
"2009067961","1038","0","0","0","0","0","0","0","0","0","2","0","","02","7","2009","7","40.461025","-79.706304","1038","11","0","0","1","0","0","0","0","0","2","0","0","0","","","2","","0","","40 27:39.691","6","0","79 42:22.696","8","0","0","0","2466","0","0","0","N","0","0","0","2","02466","0","","1.0","","1","N","N","","0","","0","0","2","","0","N","","2","2","0","0","0","2","0","2","0","2","","","","N","","","","","","","","","",""
"2009067967","1357","2","0","0","0","0","0","0","0","0","1","0","","02","7","2009","6","40.407528","-80.083702","1354","11","0","0","0","1","1","0","0","0","1","0","0","0","","","1","","2","","40 24:27.101","2","0","80 05:01.328","4","0","0","0","2415","0","0","0","N","0","0","0","2","02415","1","","1.0","","1","N","N","","0","","0","0","0","","0","N","","2","1","0","0","0","0","0","2","0","2","","","","N","","","","","","","","","",""
"2009067970","1820","1","0","0","0","0","0","0","0","0","7","0","","02","7","2009","6","40.358298","-80.007539","1818","11","0","0","0","0","0","0","1","0","3","0","0","0","","","4","","0","","40 21:29.872","4","0","80 00:27.140","3","0","0","0","2476","0","0","0","N","0","0","0","5","02476","1","","5.0","","1","N","N","","0","","3","0","0","","0","Y","","2","4","0","0","0","0","0","2","1","2","","","","N","","","","","","","","","",""
"2009067971","2356","2","0","0","0","0","0","0","0","0","4","0","","02","7","2009","4","40.331981","-79.951769","2355","11","0","0","0","2","0","0","0","0","","0","0","0","","","0","","2","","40 19:55.131","","0","79 57:06.368","0","0","0","0","2454","0","0","0","N","0","0","0","2","02454","0","","1.0","","1","N","N","","0","","0","0","0","","3","","","2","0","0","0","0","0","0","2","0","2","","","","N","","","","","","","","","",""
"2009067975","2217","2","0","0","0","0","0","0","0","0","1","0","","02","7","2009","6","40.464483","-79.96598","2212","11","0","0","0","0","0","0","0","0","","0","0","0","","","0","","2","","40 27:52.138","","0","79 57:57.528","0","0","0","0","2301","0","0","0","N","0","0","0","2","02301","0","","1.0","","1","N","N","","0","","0","0","0","","0","","","2","0","0","0","0","0","0","2","0","2","","","","N","","","","","","","","","",""
"2009067979","0256","2","0","0","0","0","0","0","0","0","2","0","","02","6","2009","7","40.512719","-80.028658","0251","11","0","0","0","0","0","0","0","0","","0","0","0","","","0","","0","","40 30:45.790","","0","80 01:43.169","0","0","0","0","2474","0","0","0","N","0","0","0","1","02474","0","","6.0","","1","N","N","","1","","0","0","0","","0","","","3","0","0","0","0","0","0","2","0","3","","","","N","","","","","","","","","",""
"2009067980","1543","1","0","0","0","0","0","0","0","0","1","0","","02","7","2009","7","40.458951","-79.921457","1535","11","0","0","0","1","0","0","0","0","","0","0","0","","","0","","1","","40 27:32.223","","7","79 55:17.245","0","0","0","0","2301","0","0","0","N","0","0","0","6","02301","0","","1.0","","1","N","N","","0","","0","0","1","","0","","","2","0","0","0","0","0","0","2","0","2","","","","N","","","","","","","","","",""
"2009067983","1708","1","0","0","0","0","0","0","0","0","1","0","","02","7","2009","7","40.486394","-80.016102","1701","11","0","0","0","0","0","0","0","0","","0","0","0","","","0","","0","","40 29:11.018","","0","80 00:57.967","0","0","0","0","2301","0","0","0","N","0","0","0","2","02301","0","","4.0","","1","N","N","","0","","0","0","1","","0","","","2","0","0","0","0","0","0","2","0","2","","","","N","","","","","","","","","",""
"2009067986","1742","1","0","0","1","0","0","0","0","0","8","0","","02","7","2009","7","40.388314","-79.833135","1741","11","1","0","0","0","0","0","0","0","","0","0","0","","","1","","2","","40 23:17.930","","0","79 49:59.286","4","0","0","0","2111","1","0","0","N","0","0","0","3","02111","1","","1.0","","1","N","N","","0","","0","0","0","","0","","","2","1","0","0","0","0","0","2","0","1","","","","N","","","","","","","","","",""
"2009067989","1806","2","0","0","0","0","0","0","0","0","4","0","","02","7","2009","7","40.446952","-79.978866","1806","11","0","0","0","0","0","1","0","0","","0","0","0","","","1","","2","","40 26:49.027","","0","79 58:43.917","8","0","0","0","2301","0","0","0","N","0","0","0","4","02301","0","","1.0","","1","N","N","","0","","0","0","0","","0","","","2","1","0","0","0","1","0","2","0","2","","","","N","","","","","","","","","",""
"2009067998","0916","1","0","0","0","0","0","0","0","0","1","0","","02","4","2009","4","40.422472","-80.100396","0849","11","0","0","0","0","0","0","0","0","","0","0","0","","","1","","0","","40 25:20.898","","0","80 06:01.425","4","0","0","0","2115","0","0","0","N","0","0","0","3","68B03","1","","1.0","","9","N","N","","0","","0","0","1","","0","","","2","1","0","0","0","0","0","2","0","2","","","","N","","","","","","","","","",""
"2009067999","2204","0","0","0","0","0","0","0","0","0","1","0","","02","5","2009","7","40.412526","-80.078445","2157","11","0","0","0","0","0","1","0","0","","0","0","0","","","0","","0","","40 24:45.092","","0","80 04:42.402","0","0","0","0","2117","0","0","0","N","0","0","0","3","68B03","0","","1.0","","1","N","N","","1","","0","0","2","","0","","","3","0","0","0","0","0","0","2","0","3","","","","N","","","","","","","","","",""
"2009068024","1926","2","0","0","0","0","0","0","0","0","4","0","","02","7","2009","7","40.451349","-79.713346","1919","11","0","0","0","0","0","1","0","1","","0","0","0","","","0","","0","","40 27:04.857","","0","79 42:48.044","9","0","0","0","2466","0","0","0","N","0","0","0","4","02466","0","","1.0","","1","N","N","","0","","0","0","0","","0","","","2","0","0","0","0","0","1","2","0","2","","","","N","","","","","","","","","",""
"2009068026","2045","1","0","0","0","0","0","0","0","0","5","0","","02","7","2009","7","40.449657","-80.068069","2040","11","0","0","0","0","0","0","0","0","","0","0","0","","","0","","0","","40 26:58.765","","0","80 04:05.048","0","0","0","0","2301","0","0","0","N","0","0","0","1","02301","0","","6.0","","1","N","N","","1","","0","0","0","","0","","","2","0","0","0","0","0","0","2","0","2","","","","N","","","","","","","","","",""
"2009068034","0410","2","0","0","0","0","0","0","0","0","4","0","","02","7","2009","7","40.432683","-80.064691","0410","11","0","0","0","0","0","0","0","0","","0","0","0","","","0","","0","","40 25:57.658","","0","80 03:52.887","0","0","0","0","2421","0","0","0","N","0","0","0","1","02421","0","","1.0","","1","N","N","","0","","0","0","0","","0","","","2","0","0","0","0","0","0","2","0","2","","","","N","","","","","","","","","",""
"2009068035","1804","0","0","0","0","0","0","0","0","0","5","0","","02","7","2009","7","40.307148","-79.810208","1802","11","0","0","0","0","0","0","0","0","2","0","0","0","","","2","","0","","40 18:25.731","6","0","79 48:36.748","3","0","0","2","2105","0","0","0","N","0","0","0","2","02105","1","","4.0","","1","N","N","","0","","1","0","0","","0","Y","","2","2","0","0","0","0","0","2","0","2","","","","N","","","","","","","","","",""
"2009068043","1328","2","0","0","0","0","0","0","0","0","4","0","","02","7","2009","7","40.428417","-79.974621","1325","11","0","0","0","0","0","1","0","0","1","0","0","0","","","3","","1","","40 25:42.300","5","0","79 58:28.634","8","0","0","0","2301","0","0","0","N","0","0","0","4","02301","0","","1.0","","1","N","N","","0","","0","0","0","","2","N","","2","3","0","0","0","3","0","2","0","2","","","","N","","","","","","","","","",""
"2009068054","1315","0","0","0","0","0","0","0","0","0","7","0","","02","6","2009","4","40.452855","-79.889178","1315","11","0","0","1","0","0","0","0","0","","0","0","0","","","0","","0","","40 27:10.278","","0","79 53:21.040","9","0","0","0","2301","0","0","0","N","0","0","0","1","02301","0","","5.0","","1","N","N","","1","","0","0","0","","2","","","2","0","0","0","0","0","1","2","1","2","","","","N","","","","","","","","","",""
"2009068055","0948","1","0","0","0","0","0","0","0","0","1","0","","02","7","2009","1","40.453184","-79.891127","0941","11","0","0","0","0","0","0","0","0","","0","0","0","","","1","","1","","40 27:11.462","","0","79 53:28.057","8","0","0","0","2301","1","0","0","N","1","0","0","3","02301","0","","1.0","","1","N","N","","0","","0","0","1","","2","","","3","1","0","0","0","1","1","2","0","2","","","","N","","","","","","","","","",""
"2009068057","0930","2","0","0","0","0","0","0","0","0","2","0","","02","7","2009","1","40.362817","-79.986295","0928","11","0","0","0","0","0","0","1","0","1","0","0","0","","","2","","0","","40 21:46.141","6","0","79 59:10.662","8","0","0","0","2413","0","0","0","N","0","0","0","2","02413","0","","1.0","","1","N","N","","0","","0","0","0","","0","Y","","2","2","1","0","0","2","0","2","0","2","","","","N","","","","","","","","","",""
"2009068060","1256","0","0","0","0","0","0","0","0","0","0","0","","02","7","2009","1","40.438322","-79.97947","1248","11","0","0","0","0","0","1","0","0","","0","0","0","","","1","","2","","40 26:17.959","","0","79 58:46.092","8","0","0","1","2301","0","0","0","N","0","0","0","1","02301","0","","1.0","","1","N","N","","0","","0","0","0","","3","","","1","1","0","0","0","1","0","2","0","1","","","","N","","","","","","","","","",""
"2009068082","1958","0","0","0","0","0","0","0","0","0","4","0","","02","7","2009","5","40.666259","-79.744054","1956","11","0","1","0","0","0","1","0","0","","0","0","0","","","0","","2","","40 39:58.534","","0","79 44:38.594","0","0","0","0","2202","0","0","0","N","0","0","0","4","02202","0","","1.0","","9","N","N","","2","","0","0","0","","3","","","2","0","0","0","0","0","0","1","0","2","","","","N","","","","","","","","","",""
"2009068084","1715","1","0","0","0","0","0","0","0","0","1","0","","02","6","2009","1","40.39499","-79.839303","1709","11","0","0","0","0","0","0","0","0","","0","0","0","","","0","","1","","40 23:41.964","","0","79 50:21.490","0","0","0","0","2425","0","0","0","N","0","0","0","2","02425","0","","4.0","","1","N","N","","0","","0","0","1","","0","","","2","0","0","0","0","0","0","2","0","2","","","","N","","","","","","","","","",""
"2009068085","1620","3","0","0","0","0","0","0","0","0","4","0","","02","7","2009","1","40.441026","-79.993872","1606","11","0","0","0","0","0","0","0","0","","0","0","0","","","0","","1","","40 26:27.693","","0","79 59:37.939","0","0","0","0","2301","0","0","0","N","0","0","0","6","02301","0","","1.0","","1","N","N","","1","","0","0","0","","2","","","4","0","0","0","0","0","0","2","0","4","","","","N","","","","","","","","","",""
"2009068087","1907","1","0","0","0","0","0","0","0","0","7","0","","02","6","2009","1","40.400208","-79.835258","1906","11","0","0","0","0","0","0","0","0","1","0","0","0","","","1","","2","","40 24:00.748","3","0","79 50:06.928","4","0","0","0","2425","0","0","0","N","0","0","0","1","02425","1","","5.0","","1","N","N","","0","","0","0","0","","3","N","","1","1","0","0","0","0","0","2","0","1","","","","N","","","","","","","","","",""