"CRN","ARRIVAL_TM","AUTOMOBILE_COUNT","BELTED_DEATH_COUNT","BELTED_SUSP_SERIOUS_INJ_COUNT","BICYCLE_COUNT","BICYCLE_DEATH_COUNT","BICYCLE_SUSP_SERIOUS_INJ_COUNT","BUS_COUNT","CHLDPAS_DEATH_COUNT","CHLDPAS_SUSP_SERIOUS_INJ_COUNT","COLLISION_TYPE","COMM_VEH_COUNT","CONS_ZONE_SPD_LIM","COUNTY","CRASH_MONTH","CRASH_YEAR","DAY_OF_WEEK","DEC_LATITUDE","DEC_LONGITUDE","DISPATCH_TM","DISTRICT","DRIVER_COUNT_16YR","DRIVER_COUNT_17YR","DRIVER_COUNT_18YR","DRIVER_COUNT_19YR","DRIVER_COUNT_20YR","DRIVER_COUNT_50_64YR","DRIVER_COUNT_65_74YR","DRIVER_COUNT_75PLUS","EST_HRS_CLOSED","FATAL_COUNT","HEAVY_TRUCK_COUNT","HORSE_BUGGY_COUNT","HOUR_OF_DAY","ILLUMINATION","INJURY_COUNT","INTERSECTION_RELATED","INTERSECT_TYPE","LANE_CLOSED","LATITUDE","LN_CLOSE_DIR","LOCATION_TYPE","LONGITUDE","MAX_SEVERITY_LEVEL","MCYCLE_DEATH_COUNT","MCYCLE_SUSP_SERIOUS_INJ_COUNT","MOTORCYCLE_COUNT","MUNICIPALITY","NONMOTR_COUNT","NONMOTR_DEATH_COUNT","NONMOTR_SUSP_SERIOUS_INJ_COUNT","NTFY_HIWY_MAINT","PED_COUNT","PED_DEATH_COUNT","PED_SUSP_SERIOUS_INJ_COUNT","PERSON_COUNT","POLICE_AGCY","POSSIBLE_INJ_COUNT","RDWY_SURF_TYPE_CD","RELATION_TO_ROAD","ROADWAY_CLEARED","ROAD_CONDITION","SCH_BUS_IND","SCH_ZONE_IND","SECONDARY_CRASH","SMALL_TRUCK_COUNT","SPEC_JURIS_CD","SUSP_MINOR_INJ_COUNT","SUSP_SERIOUS_INJ_COUNT","SUV_COUNT","TCD_FUNC_CD","TCD_TYPE","TFC_DETOUR_IND","TIME_OF_DAY","TOTAL_UNITS","TOT_INJ_COUNT","UNBELTED_OCC_COUNT","UNB_DEATH_COUNT","UNB_SUSP_SERIOUS_INJ_COUNT","UNK_INJ_DEG_COUNT","UNK_INJ_PER_COUNT","URBAN_RURAL","VAN_COUNT","VEHICLE_COUNT","WEATHER1","WEATHER2","WORKERS_PRES","WORK_ZONE_IND","WORK_ZONE_LOC","WORK_ZONE_TYPE","WZ_CLOSE_DETOUR","WZ_FLAGGER","WZ_LAW_OFFCR_IND","WZ_LN_CLOSURE","WZ_MOVING","WZ_OTHER","WZ_SHLDER_MDN","WZ_WORKERS_INJ_KILLED"
"2009068874","0729","1","0","0","0","0","0","0","0","0","4","0","","02","7","2009","2","40.513927","-80.030006","0725","11","0","0","0","0","0","0","0","0","","0","0","0","","","0","","2","","40 30:50.136","","0","80 01:48.022","0","0","0","0","2116","0","0","0","N","0","0","0","3","02116","0","","1.0","","1","N","N","","0","","0","0","0","","3","","","2","0","2","0","0","0","0","2","1","2","","","","N","","","","","","","","","",""
"2009068982","1340","0","0","0","0","0","0","0","0","0","1","0","35","02","7","2009","3","40.478764","-80.043064","1334","11","0","0","0","0","0","0","0","0","","0","0","0","","","1","","1","","40 28:43.550","","8","80 02:35.031","3","0","0","0","2301","0","0","0","Y","0","0","0","4","02301","0","","1.0","","1","N","N","","1","","1","0","0","","4","","","2","1","0","0","0","0","0","2","1","2","","","U","Y","5","1","","","N","Y","","","",""
"2009068985","1502","1","0","0","0","0","0","0","0","0","0","0","","02","7","2009","3","40.520311","-79.777845","1453","11","0","0","0","0","0","0","0","0","2","0","0","0","","","0","","2","","40 31:13.119","1","0","79 46:40.242","0","0","0","0","2466","0","0","0","N","0","0","0","5","02466","0","","1.0","","1","N","N","","0","","0","0","0","","0","N","","1","0","0","0","0","0","0","2","0","1","","","","N","","","","","","","","","",""
"2009068991","0730","1","0","0","0","0","0","0","0","0","4","0","","02","7","2009","2","40.355171","-79.83524","0643","11","0","0","0","0","0","1","1","0","5","1","0","0","","","0","","2","","40 21:18.617","7","0","79 50:06.865","1","1","0","1","2304","0","0","0","N","0","0","0","3","02501","0","2","1.0","","1","N","N","","1","0","0","0","0","","2","Y","","3","0","0","0","0","0","0","2","0","3","","","","N","","","","","","","","","",""
"2009068996","2256","1","0","0","0","0","0","0","0","0","7","0","","02","7","2009","2","40.318167","-80.001306","2248","11","0","1","0","0","0","0","0","0","","0","0","0","","","1","","0","","40 19:05.400","","0","80 00:04.700","3","0","0","0","2219","0","0","0","N","0","0","0","1","02501","0","","5.0","","1","N","N","","0","","1","0","0","","0","","","1","1","0","0","0","0","0","2","0","1","","","","N","","","","","","","","","",""
"2009068998","0746","0","0","0","0","0","0","0","0","0","1","1","","02","7","2009","4","40.484024","-79.907175","0740","11","0","0","0","0","0","2","0","0","","0","0","0","","","1","","0","","40 29:02.488","","0","79 54:25.829","8","0","0","0","2301","0","0","0","N","0","0","0","3","02301","0","","1.0","","1","N","N","","0","","0","0","1","","0","","","3","1","0","0","0","1","0","2","1","3","","","","N","","","","","","","","","",""
"2009069010","1225","2","0","0","0","0","0","1","0","0","5","1","","02","7","2009","3","40.439368","-79.961815","1215","11","0","0","0","0","0","0","0","1","","0","0","0","","","0","","2","","40 26:21.724","","0","79 57:42.534","0","0","0","0","2301","0","0","0","N","0","0","0","9","02503","0","","1.0","","1","N","N","","0","","0","0","0","","0","","","3","0","0","0","0","0","0","2","0","3","","","","N","","","","","","","","","",""
"2009069014","0830","2","0","0","0","0","0","0","0","0","1","0","","02","7","2009","4","40.484224","-79.907886","0830","11","0","0","0","0","0","1","0","0","","0","0","0","","","0","","1","","40 29:03.206","","0","79 54:28.391","0","0","0","0","2301","0","0","0","N","0","0","0","2","02301","0","","1.0","","1","N","N","","0","","0","0","0","","2","","","2","0","0","0","0","0","0","2","0","2","","","","N","","","","","","","","","",""
"2009069029","1320","1","0","0","0","0","0","0","0","0","7","0","","02","7","2009","4","40.462752","-79.89756","1250","11","0","0","0","0","0","0","0","0","","0","0","0","","","1","","10","","40 27:45.907","","99","79 53:51.216","4","0","0","0","2301","0","0","0","N","0","0","0","1","02301","1","","5.0","","1","N","N","","0","","0","0","0","","0","","","1","1","0","0","0","0","0","2","0","1","","","","N","","","","","","","","","",""
"2009069031","1408","1","0","0","0","0","0","0","0","0","4","1","","02","7","2009","5","40.36166","-80.069894","1402","11","0","0","0","0","0","0","0","1","2","0","1","0","","","0","","2","","40 21:41.975","3","0","80 04:11.617","0","0","0","0","2123","0","0","0","N","0","0","0","2","02123","0","","1.0","","9","N","N","","0","","0","0","0","","3","N","","2","0","0","0","0","0","0","2","0","2","","","","N","","","","","","","","","",""
"2009069032","1237","5","0","0","0","0","0","0","0","0","1","1","","02","7","2009","4","40.470363","-79.908527","1232","11","1","0","0","0","0","2","2","1","","0","1","0","","","6","","0","","40 28:13.307","","0","79 54:30.696","2","0","0","0","2301","0","0","0","N","0","0","0","12","02301","2","","1.0","","1","N","N","","2","","1","1","0","","0","","","8","6","0","0","0","2","0","2","0","8","","","","N","","","","","","","","","",""
"2009069053","0944","2","0","0","0","0","0","0","0","0","4","0","","02","6","2009","2","40.340122","-80.042539","0942","11","0","0","0","0","0","2","0","0","2","0","0","0","","","1","","0","","40 20:24.439","5","0","80 02:33.140","4","0","0","0","2407","0","0","0","N","0","0","0","4","02407","1","","1.0","","1","N","N","","1","","0","0","0","","0","Y","","3","1","0","0","0","0","0","2","0","3","","","","N","","","","","","","","","",""
"2009069090","0340","1","0","0","0","0","0","0","0","0","7","0","","02","7","2009","2","40.542648","-80.082079","0310","11","0","0","0","1","0","0","0","0","","0","0","0","","","0","","0","","40 32:33.532","","0","80 04:55.485","0","0","0","0","2215","0","0","0","Y","0","0","0","1","68B03","0","","4.0","","1","N","N","","0","","0","0","0","","0","","","1","0","0","0","0","0","0","2","0","1","","","","N","","","","","","","","","",""
"2009069123","1728","1","0","0","1","0","0","0","0","0","8","0","","02","7","2009","4","40.437838","-79.964029","1719","11","0","0","0","0","0","1","0","0","","0","0","0","","","1","","1","","40 26:16.216","","0","79 57:50.504","8","0","0","0","2301","1","0","0","N","0","0","0","2","02301","0","","5.0","","1","N","N","","0","","0","0","0","","2","","","2","1","0","0","0","1","0","2","0","1","","","","N","","","","","","","","","",""
"2009069125","1925","0","0","0","0","0","0","0","0","0","0","0","","02","7","2009","4","40.424805","-79.979558","1920","11","0","1","0","0","0","0","0","0","","0","0","0","","","1","","3","","40 25:29.298","","0","79 58:46.408","4","0","0","1","2301","0","0","0","N","0","0","0","4","02301","1","","1.0","","1","N","N","","1","","0","0","0","","3","","","2","1","0","0","0","0","0","2","0","2","","","","N","","","","","","","","","",""
"2009069127","1701","2","0","0","0","0","0","0","0","0","4","0","","02","7","2009","3","40.544313","-79.919011","1654","11","0","0","0","0","0","0","0","0","","0","0","0","","","0","","3","","40 32:39.525","","0","79 55:08.441","0","0","0","0","2209","0","0","0","N","0","0","0","6","02209","0","","1.0","","1","N","N","","0","","0","0","0","","0","","","2","0","0","0","0","0","0","2","0","2","","","","N","","","","","","","","","",""
"2009069136","2052","0","0","0","1","0","0","0","0","0","8","0","","02","7","2009","4","40.467978","-80.021934","2026","11","0","0","0","0","0","1","0","0","","0","0","0","","","1","","2","","40 28:04.720","","0","80 01:18.961","8","0","0","0","2301","1","0","0","N","0","0","0","2","02301","0","","1.0","","1","N","N","","1","","0","0","0","","3","","","2","1","0","0","0","1","0","2","0","1","","","","N","","","","","","","","","",""
"2009069144","2030","1","0","0","0","0","0","0","0","0","8","0","","02","7","2009","4","40.446779","-79.950564","2021","11","0","0","0","0","0","0","0","0","","0","0","0","","","1","","1","","40 26:48.404","","0","79 57:02.030","3","0","0","0","2301","1","0","0","N","1","0","0","3","02301","0","","1.0","","1","N","N","","0","","1","0","0","","2","","","2","1","0","0","0","0","0","2","0","1","","","","N","","","","","","","","","",""
"2009069146","2141","0","0","0","0","0","0","0","0","0","2","0","","02","7","2009","4","40.42279","-80.040249","2141","11","0","0","0","0","0","0","0","0","","0","0","0","","","1","","0","","40 25:22.043","","7","80 02:24.896","3","0","0","1","2435","0","0","0","N","0","0","0","3","02435","0","","1.0","","1","N","N","","0","","1","0","1","","3","","","2","1","0","0","0","0","0","2","0","2","","","","N","","","","","","","","","",""
"2009069150","0303","0","0","0","0","0","0","0","0","0","4","0","","02","7","2009","4","40.467485","-79.946673","0259","11","0","0","0","0","0","0","0","0","2","0","1","0","","","2","","0","","40 28:02.946","6","0","79 56:48.022","4","0","0","0","2301","0","0","0","N","0","0","0","6","02301","2","","1.0","","1","N","N","","0","","0","0","1","","0","Y","","2","2","0","0","0","0","0","2","0","2","","","","N","","","","","","","","","",""
"2009069152","2323","1","0","0","0","0","0","0","0","0","1","0","","02","7","2009","4","40.381154","-79.811838","2323","11","0","0","0","0","0","0","0","0","","0","0","0","","","0","","1","","40 22:52.153","","0","79 48:42.618","0","0","0","1","2424","0","0","0","N","0","0","0","2","02424","0","","1.0","","1","N","N","","0","","0","0","0","","2","","","2","0","0","0","0","0","0","2","0","2","","","","N","","","","","","","","","",""
"2009069160","0028","2","0","0","0","0","0","0","0","0","4","0","","02","7","2009","5","40.635458","-79.939419","0026","11","0","0","0","0","2","0","0","0","1","0","0","0","","","1","","1","","40 38:07.648","6","0","79 56:21.908","8","0","0","0","2217","0","0","0","N","0","0","0","2","02505","0","","1.0","","1","N","N","","0","","0","0","0","","2","N","","2","1","0","0","0","1","0","2","0","2","","","","N","","","","","","","","","",""
"2009069163","0515","1","0","0","0","0","0","0","0","0","4","1","","02","7","2009","5","40.454048","-79.912459","0510","11","0","0","0","0","0","0","0","0","","0","1","0","","","0","","1","","40 27:14.573","","0","79 54:44.853","0","0","0","0","2301","0","0","0","N","0","0","0","4","02301","0","","1.0","","1","N","N","","0","","0","0","0","","2","","","2","0","2","0","0","0","0","2","0","2","","","","N","","","","","","","","","",""
"2009069164","0312","1","0","0","0","0","0","0","0","0","7","0","","02","7","2009","5","40.472132","-79.942726","0312","11","0","0","0","0","0","0","0","0","","0","0","0","","","1","","1","","40 28:19.675","","0","79 56:33.813","8","0","0","0","2301","0","0","0","N","0","0","0","1","02301","0","","4.0","","1","N","N","","0","","0","0","0","","0","","","1","1","1","0","0","1","0","2","0","1","","","","N","","","","","","","","","",""
"2009069180","1250","4","0","0","0","0","0","0","0","0","1","0","","02","7","2009","5","40.421638","-80.096709","1224","11","0","0","0","0","0","1","0","1","2","0","0","0","","","0","","0","","40 25:17.897","1","0","80 05:48.153","0","0","0","0","2115","0","0","0","N","0","0","0","5","68B03","0","","1.0","","9","N","N","","0","","0","0","0","","0","N","","4","0","0","0","0","0","0","2","0","4","","","","N","","","","","","","","","",""
"2009069181","2219","1","0","0","0","0","0","0","0","0","4","0","","02","7","2009","6","40.438374","-80.191658","2207","11","0","0","0","1","0","0","0","0","2","0","0","0","","","0","","2","","40 26:18.148","2","0","80 11:29.970","0","0","0","0","2214","0","0","0","N","0","0","0","3","68B03","0","","1.0","","1","N","N","","0","","0","0","1","","0","N","","2","0","0","0","0","0","0","2","0","2","","","","N","","","","","","","","","",""
"2009069222","0825","1","0","0","0","0","0","0","0","0","99","0","","02","7","2009","3","40.5832","-79.8727","0820","11","0","0","0","0","0","1","0","0","","0","0","0","","","0","","0","","40 34:59.520","","0","79 52:21.720","0","0","0","0","2209","0","0","0","N","0","0","0","1","68T02","0","","1.0","","1","N","N","","0","","0","0","0","","0","","","1","0","0","0","0","0","0","2","0","1","","","","N","","","","","","","","","",""
"2009069363","1232","0","0","0","0","0","0","0","0","0","4","0","","02","7","2009","2","40.272618","-79.901541","1227","11","0","0","0","0","0","1","1","0","","0","0","0","","","0","","0","","40 16:21.424","","0","79 54:05.547","0","0","0","0","2440","0","0","0","N","0","0","0","3","02440","0","","1.0","","1","N","N","","1","","0","0","0","","0","","","2","0","0","0","0","0","0","2","1","2","","","","N","","","","","","","","","",""
"2009069374","2209","1","0","0","0","0","0","0","0","0","7","0","","02","6","2009","1","40.58298","-80.038808","2204","11","0","0","1","0","0","0","0","0","2","0","0","0","","","0","","0","","40 34:58.729","1","0","80 02:19.708","0","0","0","0","2108","0","0","0","N","0","0","0","1","02108","0","","4.0","","1","N","N","","0","","0","0","0","","0","Y","","1","0","1","0","0","0","0","2","0","1","","","","N","","","","","","","","","",""
"2009069375","0325","1","0","0","0","0","0","0","0","0","7","0","","02","6","2009","5","40.583986","-79.999353","0319","11","0","0","0","0","0","0","0","0","1","0","0","0","","","1","","0","","40 35:02.351","2","0","79 59:57.670","8","0","0","0","2108","0","0","0","N","0","0","0","1","02108","0","","4.0","","9","N","N","","0","","0","0","0","","0","N","","1","1","0","0","0","1","0","2","0","1","","","","N","","","","","","","","","",""
"2009069377","0922","0","0","0","0","0","0","0","0","0","1","0","","02","6","2009","6","40.567193","-80.015158","0919","11","0","0","0","0","0","0","0","0","1","0","0","0","","","0","","0","","40 34:01.895","6","0","80 00:54.568","0","0","0","0","2108","0","0","0","N","0","0","0","2","02108","0","","1.0","","1","N","N","","2","","0","0","0","","0","N","","2","0","0","0","0","0","0","2","0","2","","","","N","","","","","","","","","",""
"2009069378","1334","0","0","0","0","0","0","0","0","0","7","0","15","02","6","2009","6","40.556173","-80.043831","1333","11","0","0","0","0","0","0","0","1","1","0","0","0","","","1","","0","","40 33:22.222","4","0","80 02:37.791","4","0","0","0","2108","0","0","0","N","0","0","0","1","02108","1","","2.0","","1","N","N","","2","","0","0","0","","0","N","","2","1","1","0","0","0","0","2","0","2","","","Y","Y","4","3","U","U","N","Y","U","U","Y",""
"2009069432","1358","2","0","0","0","0","0","0","0","0","4","0","","02","6","2009","3","40.377105","-79.889307","1356","11","0","0","0","0","0","0","0","0","1","0","0","0","","","0","","0","","40 22:37.577","6","0","79 53:21.506","0","0","0","0","2473","0","0","0","N","0","0","0","2","02473","0","","1.0","","1","N","N","","0","","0","0","0","","0","N","","2","0","0","0","0","0","0","2","0","2","","","","N","","","","","","","","","",""
"2009069433","0939","0","0","0","0","0","0","0","0","0","0","0","","02","6","2009","7","40.34236","-79.938237","0939","11","0","0","0","0","0","0","0","0","1","0","0","0","","","0","","0","","40 20:32.496","2","0","79 56:17.652","0","0","0","0","2473","0","0","0","N","0","0","0","2","02473","0","","1.0","","1","N","N","","0","","0","0","1","","0","N","","1","0","0","0","0","0","0","2","0","1","","","","N","","","","","","","","","",""
"2009069434","1703","1","0","0","1","0","0","0","0","0","8","0","","02","6","2009","3","40.3657","-79.8593","1659","11","0","0","0","0","0","1","0","0","2","0","0","0","","","1","","1","","40 21:56.520","7","0","79 51:33.480","3","0","0","0","2473","1","0","0","N","0","0","0","2","02473","0","","1.0","","1","N","N","","0","","1","0","0","","3","Y","","2","1","0","0","0","0","0","2","0","1","","","","N","","","","","","","","","",""
"2009069435","1619","1","0","0","0","0","0","0","0","0","1","0","","02","6","2009","7","40.367874","-79.929597","1615","11","0","0","0","0","0","0","1","0","1","0","0","0","","","1","","2","","40 22:04.346","1","0","79 55:46.549","8","0","0","0","2473","0","0","0","N","0","0","0","3","02473","0","","1.0","","1","N","N","","0","","0","0","1","","0","N","","2","1","0","0","0","1","0","2","0","2","","","","N","","","","","","","","","",""
"2009069437","0610","1","0","0","0","0","0","0","0","0","4","0","","02","6","2009","4","40.346061","-79.925821","0604","11","0","0","0","0","0","1","0","0","2","0","0","0","","","1","","2","","40 20:45.818","6","0","79 55:32.954","8","0","0","0","2473","0","0","0","N","0","0","0","2","02473","0","","1.0","","1","N","N","","1","","0","0","0","","0","N","","3","1","0","0","0","1","0","2","1","3","","","","N","","","","","","","","","",""
"2009069438","1532","1","0","0","0","0","0","0","0","0","4","0","","02","6","2009","4","40.3482","-79.9473","1532","11","0","0","0","0","0","2","0","0","2","0","0","0","","","0","","1","","40 20:53.520","4","0","79 56:50.280","0","0","0","0","2473","0","0","0","N","0","0","0","2","02473","0","","1.0","","1","N","N","","0","","0","0","1","","2","Y","","2","0","0","0","0","0","0","2","0","2","","","","N","","","","","","","","","",""
"2009069439","1627","1","0","0","0","0","0","0","0","0","7","0","","02","6","2009","4","","","1627","11","0","0","0","0","0","1","0","0","","0","0","0","","","0","","2","","","","7","","0","0","0","0","2473","0","0","0","N","0","0","0","2","02473","0","","5.0","","1","N","N","","0","","0","0","0","","0","","","1","0","0","0","0","0","0","1","0","1","","","","N","","","","","","","","","",""
"2009069440","1048","0","0","0","0","0","0","0","0","0","2","0","","02","6","2009","4","40.340329","-79.93829","1045","11","0","0","0","0","0","1","1","0","","0","0","0","","","1","","2","","40 20:25.183","","7","79 56:17.845","4","0","0","1","2473","0","0","0","N","0","0","0","2","02473","1","","1.0","","1","N","N","","0","","0","0","1","","2","","","2","1","0","0","0","0","0","2","0","2","","","","N","","","","","","","","","",""
"2009069471","0028","2","0","0","0","0","0","0","0","0","4","0","","02","6","2009","1","40.453082","-79.980335","0028","11","0","0","1","0","0","0","0","0","2","0","0","0","","","0","","1","","40 27:11.095","7","0","79 58:49.206","9","0","0","0","2301","0","0","0","N","0","0","0","3","02301","0","","1.0","","1","N","N","","0","","0","0","0","","0","Y","","2","0","0","0","0","0","1","2","0","2","","","","N","","","","","","","","","",""
"2009069472","0303","1","0","0","0","0","0","0","0","0","4","0","","02","6","2009","1","40.458676","-79.908034","0259","11","0","0","0","0","1","0","0","0","1","0","0","0","","","0","","1","","40 27:31.233","1","0","79 54:28.922","0","0","0","0","2301","0","0","0","N","0","0","0","5","02301","0","","1.0","","1","N","N","","0","","0","0","0","","2","N","","2","0","1","0","0","0","0","2","1","2","","","","N","","","","","","","","","",""
"2009069473","0229","1","0","0","0","0","0","0","0","0","8","0","","02","6","2009","1","40.454215","-79.884099","0227","11","0","0","0","0","0","1","0","0","1","0","0","0","","","1","","0","","40 27:15.173","6","0","79 53:02.758","8","0","0","0","2301","1","0","0","N","1","0","0","2","02301","0","","1.0","","1","N","N","","0","","0","0","0","","0","N","","2","1","0","0","0","1","0","2","0","1","","","","N","","","","","","","","","",""
"2009069474","0210","1","0","0","0","0","0","0","0","0","5","0","","02","6","2009","1","40.477654","-79.946457","0203","11","0","0","0","0","0","0","0","0","","0","0","0","","","0","","0","","40 28:39.554","","0","79 56:47.245","0","0","0","0","2301","0","0","0","N","0","0","0","1","02301","0","","6.0","","1","N","N","","0","","0","0","0","","0","","","2","0","0","0","0","0","0","2","0","2","","","","N","","","","","","","","","",""
"2009069498","0339","0","0","0","0","0","0","0","0","0","7","0","","02","7","2009","5","40.2761","-79.890068","0339","11","0","0","0","0","0","0","0","0","","0","0","0","","","1","","0","","40 16:33.959","","0","79 53:24.243","8","0","0","0","2428","0","0","0","Y","0","0","0","1","02428","0","","1.0","","1","N","N","","0","","0","0","1","","0","","","1","1","0","0","0","1","0","2","0","1","","","","N","","","","","","","","","",""
"2009069503","1210","1","0","0","0","0","0","0","0","0","4","1","","02","7","2009","4","40.414138","-80.0095","1202","11","0","0","0","0","0","2","0","0","","0","1","0","","","0","","1","","40 24:50.897","","2","80 00:34.199","0","0","0","0","2301","0","0","0","N","0","0","0","2","02301","0","","1.0","","1","N","N","","0","","0","0","0","","2","","","2","0","0","0","0","0","0","2","0","2","","","","N","","","","","","","","","",""
"2009069508","0812","2","0","0","0","0","0","0","0","0","5","0","","02","7","2009","5","40.441141","-80.04688","0805","11","0","0","0","0","0","0","0","0","","0","0","0","","","0","","0","","40 26:28.107","","0","80 02:48.768","0","0","0","0","2301","0","0","0","N","0","0","0","2","02301","0","","1.0","","1","N","N","","0","","0","0","0","","0","","","2","0","0","0","0","0","0","2","0","2","","","","N","","","","","","","","","",""
"2009069519","0919","2","0","0","0","0","0","0","0","0","1","0","","02","7","2009","5","40.372857","-80.048989","0918","11","0","0","0","0","0","1","0","0","1","0","0","0","","","1","","2","","40 22:22.285","1","0","80 02:56.360","4","0","0","0","2109","0","0","0","N","0","0","0","3","02109","1","","1.0","","1","N","N","","1","","0","0","0","","2","N","","3","1","0","0","0","0","0","2","0","3","","","","N","","","","","","","","","",""
"2009069525","1354","1","0","0","0","0","0","0","0","0","4","1","","02","7","2009","6","40.371773","-80.082575","1350","11","0","0","0","0","0","0","0","1","","0","1","0","","","0","","2","","40 22:18.382","","0","80 04:57.270","0","0","0","0","2117","0","0","0","N","0","0","0","2","02117","0","","1.0","","1","N","N","","0","","0","0","0","","0","","","2","0","0","0","0","0","0","2","0","2","","","","N","","","","","","","","","",""
"2009069536","1139","1","0","0","0","0","0","0","0","0","4","0","","02","7","2009","5","40.426986","-79.970254","1137","11","0","0","0","0","0","0","1","0","1","0","0","0","","","2","","1","","40 25:37.149","4","0","79 58:12.914","8","0","0","0","2301","0","0","0","N","0","0","0","3","02301","0","","1.0","","1","N","N","","1","","0","0","0","","3","Y","","2","2","0","0","0","2","0","2","0","2","","","","N","","","","","","","","","",""
"2009069544","1358","2","0","0","0","0","0","0","0","0","4","0","","02","7","2009","2","40.233562","-79.856811","1355","11","0","0","0","0","0","0","1","0","1","0","0","0","","","3","","1","","40 14:00.822","5","0","79 51:24.519","3","0","0","0","2204","0","0","0","N","0","0","0","3","02204","1","","1.0","","1","N","N","","0","","2","0","0","","2","N","","2","3","3","0","0","0","0","1","0","2","","","","N","","","","","","","","","",""
"2009069547","0639","1","0","0","0","0","0","0","0","0","2","1","","02","7","2009","2","40.461284","-79.867554","0627","11","0","0","0","0","0","1","0","0","","0","1","0","","","0","","0","","40 27:40.622","","0","79 52:03.194","0","0","0","0","2113","0","0","0","N","0","0","0","1","02113","0","","6.0","","1","N","N","","0","","0","0","1","","0","","","3","0","0","0","0","0","0","2","0","3","","","","N","","","","","","","","","",""
"2009069556","2039","0","0","0","0","0","0","0","0","0","7","0","","02","7","2009","7","40.421918","-79.804268","2036","11","0","0","0","0","0","1","0","0","3","0","0","0","","","1","","0","","40 25:18.906","6","0","79 48:15.365","3","0","0","0","2446","0","0","0","N","0","0","0","1","02446","0","","2.0","","1","N","N","","0","","1","0","0","","0","Y","","1","1","0","0","0","0","0","2","1","1","","","","N","","","","","","","","","",""
"2009069558","1656","2","0","0","0","0","0","0","0","0","1","0","","02","7","2009","5","40.501405","-80.075044","1653","11","0","0","0","0","0","0","0","0","2","0","0","0","","","0","","2","","40 30:05.058","5","0","80 04:30.158","9","0","0","0","2402","0","0","0","N","0","0","0","3","02402","0","","1.0","","1","N","N","","0","","0","0","0","","2","Y","","2","0","0","0","0","0","1","2","0","2","","","","N","","","","","","","","","",""
"2009069559","1717","1","0","0","0","0","0","0","0","0","7","0","","02","7","2009","6","40.510378","-80.097197","1713","11","0","0","0","0","0","0","0","0","2","0","0","0","","","0","","0","","40 30:37.362","5","0","80 05:49.909","0","0","0","0","2429","0","0","0","N","0","0","0","1","02215","0","","5.0","","1","N","N","","0","","0","0","0","","0","Y","","1","0","0","0","0","0","0","2","0","1","","","","N","","","","","","","","","",""
"2009069560","1734","1","0","0","0","0","0","0","0","0","1","0","","02","7","2009","5","40.447701","-79.827565","1726","11","0","0","0","0","0","0","0","0","","0","0","0","","","0","","0","","40 26:51.724","","0","79 49:39.234","0","0","0","0","2113","0","0","0","Y","0","0","0","3","02113","0","","1.0","","1","N","N","","1","","0","0","0","","0","","","2","0","0","0","0","0","0","2","0","2","","","","N","","","","","","","","","",""
"2009069562","1728","1","0","0","0","0","0","0","0","0","99","0","","02","7","2009","5","40.404372","-80.033446","1723","11","0","0","0","0","0","1","0","0","","0","0","0","","","0","","0","","40 24:15.739","","0","80 02:00.405","0","0","0","0","2301","0","0","0","N","0","0","0","1","02301","0","","4.0","","1","N","N","","0","","0","0","0","","0","","","1","0","0","0","0","0","0","2","0","1","","","","N","","","","","","","","","",""
"2009069565","1547","0","0","0","0","0","0","0","0","0","7","0","","02","7","2009","5","40.475169","-79.902195","1542","11","0","0","0","0","0","1","0","0","1","0","0","0","","","1","","0","","40 28:30.610","3","0","79 54:07.901","8","0","0","1","2301","0","0","0","N","0","0","0","1","02301","0","","2.0","","1","N","N","","0","","0","0","0","","0","N","","1","1","0","0","0","1","0","2","0","1","","","","N","","","","","","","","","",""
"2009069566","0615","0","0","0","1","0","0","0","0","0","8","0","","02","6","2009","3","40.485183","-79.856869","0609","11","0","0","0","0","0","0","0","0","","0","0","0","","","1","","2","","40 29:06.657","","0","79 51:24.730","8","0","0","0","2113","1","0","0","N","0","0","0","2","02113","0","","1.0","","9","N","N","","0","","0","0","0","","2","","","2","1","0","0","0","1","1","2","0","1","","","","N","","","","","","","","","",""
"2009069572","0006","1","0","0","0","0","0","0","0","0","7","0","","02","7","2009","5","40.612055","-79.812019","0000","11","0","0","0","0","0","0","0","0","2","0","0","0","","","1","","0","","40 36:43.398","6","0","79 48:43.268","4","0","0","0","2206","0","0","0","N","0","0","0","1","02206","1","","5.0","","1","N","N","","0","","0","0","0","","0","N","","1","1","0","0","0","0","0","1","0","1","","","","N","","","","","","","","","",""
"2009069573","1452","0","0","0","0","0","0","0","0","0","7","0","","02","7","2009","2","40.324879","-80.040331","1449","11","0","0","0","0","0","0","0","1","3","1","0","0","","","0","","2","","40 19:29.564","6","0","80 02:25.191","1","0","0","0","2407","0","0","0","N","0","0","0","1","02407","0","2","2.0","","1","N","N","","1","0","0","0","0","","3","N","","1","0","1","1","0","0","0","2","0","1","","","","N","","","","","","","","","",""
"2009069633","1515","1","0","0","0","0","0","0","0","0","99","0","","02","7","2009","7","40.436444","-79.749433","1446","11","0","0","0","0","0","1","0","0","","0","0","0","","","0","","0","","40 26:11.198","","0","79 44:57.957","0","0","0","0","2446","0","0","0","N","0","0","0","1","68T02","0","","1.0","","1","N","N","","0","","0","0","0","","0","","","1","0","0","0","0","0","0","2","0","1","","","","N","","","","","","","","","",""