"CRN","ARRIVAL_TM","AUTOMOBILE_COUNT","BELTED_DEATH_COUNT","BELTED_SUSP_SERIOUS_INJ_COUNT","BICYCLE_COUNT","BICYCLE_DEATH_COUNT","BICYCLE_SUSP_SERIOUS_INJ_COUNT","BUS_COUNT","CHLDPAS_DEATH_COUNT","CHLDPAS_SUSP_SERIOUS_INJ_COUNT","COLLISION_TYPE","COMM_VEH_COUNT","CONS_ZONE_SPD_LIM","COUNTY","CRASH_MONTH","CRASH_YEAR","DAY_OF_WEEK","DEC_LATITUDE","DEC_LONGITUDE","DISPATCH_TM","DISTRICT","DRIVER_COUNT_16YR","DRIVER_COUNT_17YR","DRIVER_COUNT_18YR","DRIVER_COUNT_19YR","DRIVER_COUNT_20YR","DRIVER_COUNT_50_64YR","DRIVER_COUNT_65_74YR","DRIVER_COUNT_75PLUS","EST_HRS_CLOSED","FATAL_COUNT","HEAVY_TRUCK_COUNT","HORSE_BUGGY_COUNT","HOUR_OF_DAY","ILLUMINATION","INJURY_COUNT","INTERSECTION_RELATED","INTERSECT_TYPE","LANE_CLOSED","LATITUDE","LN_CLOSE_DIR","LOCATION_TYPE","LONGITUDE","MAX_SEVERITY_LEVEL","MCYCLE_DEATH_COUNT","MCYCLE_SUSP_SERIOUS_INJ_COUNT","MOTORCYCLE_COUNT","MUNICIPALITY","NONMOTR_COUNT","NONMOTR_DEATH_COUNT","NONMOTR_SUSP_SERIOUS_INJ_COUNT","NTFY_HIWY_MAINT","PED_COUNT","PED_DEATH_COUNT","PED_SUSP_SERIOUS_INJ_COUNT","PERSON_COUNT","POLICE_AGCY","POSSIBLE_INJ_COUNT","RDWY_SURF_TYPE_CD","RELATION_TO_ROAD","ROADWAY_CLEARED","ROAD_CONDITION","SCH_BUS_IND","SCH_ZONE_IND","SECONDARY_CRASH","SMALL_TRUCK_COUNT","SPEC_JURIS_CD","SUSP_MINOR_INJ_COUNT","SUSP_SERIOUS_INJ_COUNT","SUV_COUNT","TCD_FUNC_CD","TCD_TYPE","TFC_DETOUR_IND","TIME_OF_DAY","TOTAL_UNITS","TOT_INJ_COUNT","UNBELTED_OCC_COUNT","UNB_DEATH_COUNT","UNB_SUSP_SERIOUS_INJ_COUNT","UNK_INJ_DEG_COUNT","UNK_INJ_PER_COUNT","URBAN_RURAL","VAN_COUNT","VEHICLE_COUNT","WEATHER1","WEATHER2","WORKERS_PRES","WORK_ZONE_IND","WORK_ZONE_LOC","WORK_ZONE_TYPE","WZ_CLOSE_DETOUR","WZ_FLAGGER","WZ_LAW_OFFCR_IND","WZ_LN_CLOSURE","WZ_MOVING","WZ_OTHER","WZ_SHLDER_MDN","WZ_WORKERS_INJ_KILLED"
"2009069652","2257","2","0","0","0","0","0","0","0","0","4","0","","02","7","2009","5","40.428134","-79.977691","2254","11","0","0","0","0","0","1","0","0","2","0","0","0","","","1","","1","","40 25:41.282","7","0","79 58:39.687","8","0","0","0","2301","0","0","0","N","0","0","0","5","02301","0","","1.0","","1","N","N","","0","","0","0","0","","0","N","","2","1","0","0","0","1","0","2","0","2","","","","N","","","","","","","","","",""
"2009069655","2305","1","0","0","0","0","0","0","0","0","7","0","","02","7","2009","5","40.313456","-79.965679","2301","11","0","0","1","0","0","0","0","0","","0","0","0","","","2","","0","","40 18:48.441","","0","79 57:56.444","8","0","0","0","2440","0","0","0","N","0","0","0","2","02440","0","","2.0","","1","N","N","","0","","0","0","0","","0","","","1","2","0","0","0","2","0","2","0","1","","","","N","","","","","","","","","",""
"2009069661","1319","2","0","0","0","0","0","0","0","0","4","0","","02","7","2009","4","","","1313","11","0","0","0","0","1","1","0","0","","0","0","0","","","0","","1","","40 28:13.44","","0","80 13:13.44","0","0","0","0","2203","0","0","0","N","0","0","0","2","02203","0","","1.0","","1","N","N","","0","","0","0","0","","2","","","2","0","0","0","0","0","0","2","0","2","","","","N","","","","","","","","","",""
"2009069663","0032","1","0","0","0","0","0","0","0","0","1","0","","02","7","2009","5","40.365548","-79.908869","2324","11","0","0","0","0","0","1","0","0","2","0","0","0","","","0","","0","","40 21:55.971","1","0","79 54:31.928","9","0","0","0","2301","0","0","0","N","0","0","0","1","02301","0","","5.0","","1","N","N","","0","","0","0","0","","0","N","","2","0","0","0","0","0","1","2","1","2","","","","N","","","","","","","","","",""
"2009069768","1405","2","0","0","0","0","0","0","0","0","1","0","","02","7","2009","5","40.429354","-79.999194","1358","11","0","0","0","1","0","0","0","0","","0","0","0","","","0","","1","","40 25:45.675","","3","79 59:57.097","0","0","0","0","2301","0","0","0","N","0","0","0","3","02301","0","","1.0","","1","N","N","","0","","0","0","0","","2","","","2","0","0","0","0","0","0","2","0","2","","","","N","","","","","","","","","",""
"2009069777","1406","2","0","0","0","0","0","0","0","0","4","0","","02","7","2009","5","40.421078","-79.980518","1402","11","0","0","0","0","0","0","0","0","","0","0","0","","","0","","0","","40 25:15.882","","0","79 58:49.864","0","0","0","0","2301","0","0","0","N","0","0","0","1","02301","0","","1.0","","1","N","N","","0","","0","0","0","","0","","","2","0","0","0","0","0","0","2","0","2","","","","N","","","","","","","","","",""
"2009069783","1439","0","0","0","0","0","0","0","0","0","7","0","","02","7","2009","5","40.377597","-79.921054","1432","11","0","0","0","0","0","0","0","0","1","0","0","0","","","0","","0","","40 22:39.349","2","0","79 55:15.793","0","0","0","0","2301","0","0","0","N","0","0","0","1","02301","0","","5.0","","1","N","N","","0","","0","0","0","","0","N","","1","0","0","0","0","0","0","2","1","1","","","","N","","","","","","","","","",""
"2009069784","1152","0","0","0","0","0","0","0","0","0","4","0","","02","7","2009","5","40.386496","-80.09233","1145","11","0","0","0","0","0","0","0","0","","0","0","0","","","2","","0","","40 23:11.384","","7","80 05:32.387","8","0","0","0","2102","0","0","0","N","0","0","0","8","02102","0","","1.0","","1","N","N","","0","","0","0","1","","2","","","2","2","0","0","0","2","0","2","1","2","","","","N","","","","","","","","","",""
"2009069789","0930","1","0","0","0","0","0","0","0","0","5","1","","02","7","2009","6","40.404473","-80.019141","0920","11","0","0","0","0","0","0","0","0","","0","1","0","","","0","","0","","40 24:16.101","","0","80 01:08.908","0","0","0","0","2301","0","0","0","N","0","0","0","2","02301","0","","1.0","","1","N","N","","0","","0","0","0","","0","","","2","0","0","0","0","0","0","2","0","2","","","","N","","","","","","","","","",""
"2009069798","0904","0","0","0","0","0","0","0","0","0","1","2","40","02","7","2009","6","40.247524","-79.875388","0857","11","0","0","0","0","0","0","1","0","","0","2","0","","","1","","0","","40 14:51.088","","0","79 52:31.398","8","0","0","0","2204","0","0","0","N","0","0","0","2","02204","0","","1.0","","1","N","N","","0","","0","0","0","","0","","","2","1","0","0","0","1","0","1","0","2","","","Y","Y","4","1","","","N","Y","","","",""
"2009069802","0932","1","0","0","0","0","0","0","0","0","7","0","","02","7","2009","6","40.389928","-80.079914","0930","11","0","0","0","0","0","0","0","1","","0","0","0","","","2","","0","","40 23:23.740","","0","80 04:47.690","4","0","0","0","2117","0","0","0","N","0","0","0","2","02117","2","","5.0","","1","N","N","","0","","0","0","0","","0","","","1","2","2","0","0","0","0","2","0","1","","","","N","","","","","","","","","",""
"2009069813","1315","2","0","0","0","0","0","0","0","0","1","0","","02","7","2009","6","40.450647","-79.905789","1308","11","0","0","0","0","0","0","0","0","","0","0","0","","","1","","2","","40 27:02.329","","0","79 54:20.839","3","0","0","0","2301","0","0","0","N","0","0","0","3","02301","0","","1.0","","1","N","N","","0","","1","0","0","","0","","","2","1","0","0","0","0","0","2","0","2","","","","N","","","","","","","","","",""
"2009069814","1624","0","0","0","0","0","0","0","0","0","2","0","","02","7","2009","3","40.346803","-80.113467","1619","11","0","0","1","0","0","0","0","0","","0","0","0","","","0","","0","","40 20:48.490","","0","80 06:48.480","0","0","0","0","2119","0","0","0","N","0","0","0","2","02119","0","","1.0","","1","N","N","","0","","0","0","2","","0","","","2","0","0","0","0","0","0","2","0","2","","","","N","","","","","","","","","",""
"2009069819","2144","2","0","0","0","0","0","0","0","0","1","0","","02","7","2009","5","40.41719","-80.014509","2140","11","0","0","0","0","0","1","0","0","1","0","0","0","","","1","","0","","40 25:01.884","2","0","80 00:52.232","8","0","0","0","2301","0","0","0","N","0","0","0","5","02301","0","","1.0","","1","N","N","","1","","0","0","0","","0","N","","3","1","2","0","0","1","0","2","0","3","","","","N","","","","","","","","","",""
"2009069823","1456","1","0","0","0","0","0","0","0","0","1","0","","02","7","2009","6","40.481814","-79.850647","1453","11","0","0","0","0","0","1","1","0","1","0","0","0","","","1","","0","","40 28:54.529","2","0","79 51:02.329","4","0","0","0","2113","0","0","0","N","0","0","0","9","02113","1","","1.0","","1","N","N","","0","","0","0","2","","0","N","","4","1","0","0","0","0","0","2","1","4","","","","N","","","","","","","","","",""
"2009069827","1935","1","0","0","0","0","0","0","0","0","4","0","","02","7","2009","5","40.414211","-79.901403","1932","11","1","0","0","0","0","0","0","0","2","0","0","0","","","2","","0","","40 24:51.159","3","7","79 54:05.050","8","0","0","0","2448","0","0","0","","0","0","0","3","02448","0","","1.0","","1","","","","0","","0","0","1","","3","N","","2","2","0","0","0","2","0","2","0","2","","","","N","","","","","","","","","",""
"2009069829","1526","0","0","0","0","0","0","0","0","0","4","0","","02","7","2009","6","40.618647","-79.907411","1526","11","0","0","0","0","0","0","0","0","","0","0","0","","","0","","0","","40 37:07.130","","0","79 54:26.678","0","0","0","0","2220","0","0","0","N","0","0","0","3","02220","0","","4.0","","1","N","N","","2","","0","0","0","","0","","","2","0","0","0","0","0","0","2","0","2","","","","N","","","","","","","","","",""
"2009069833","1521","1","0","0","0","0","0","0","0","0","4","0","","02","7","2009","6","40.456904","-79.758798","1510","11","0","0","0","1","0","0","0","0","2","0","0","0","","","0","","2","","40 27:24.855","2","0","79 45:31.673","0","0","0","0","2446","0","0","0","N","0","0","0","4","02466","0","","1.0","","1","N","N","","1","","0","0","0","","0","Y","","2","0","0","0","0","0","0","2","0","2","","","","N","","","","","","","","","",""
"2009069834","2105","0","0","0","0","0","0","0","0","0","3","0","","02","7","2009","6","40.445306","-79.935114","2100","11","0","0","0","0","0","0","0","0","","0","0","0","","","0","","0","","40 26:43.102","","0","79 56:06.412","9","0","0","1","2301","0","0","0","N","0","0","0","1","02301","0","","6.0","","1","N","N","","0","","0","0","0","","0","","","2","0","0","0","0","0","1","2","0","2","","","","N","","","","","","","","","",""
"2009069847","1733","0","0","0","0","0","0","0","0","0","4","0","","02","7","2009","4","40.501964","-80.15863","1725","11","0","0","0","0","0","0","1","0","2","0","0","0","","","2","","0","","40 30:07.070","4","0","80 09:31.068","8","0","0","0","2213","0","0","0","N","0","0","0","5","02213","0","","1.0","","1","N","N","","2","","0","0","0","","0","N","","2","2","0","0","0","2","0","2","0","2","","","","N","","","","","","","","","",""
"2009069877","0721","0","0","0","0","0","0","0","0","0","99","0","","02","6","2009","4","40.425033","-80.117173","0700","11","0","0","0","0","0","0","0","0","","0","0","0","","","0","","0","","40 25:30.120","","0","80 07:01.823","0","0","0","0","2102","0","0","0","N","0","0","0","1","68B03","0","","1.0","","1","N","N","","0","","0","0","0","","0","","","1","0","0","0","0","0","0","2","1","1","","","","N","","","","","","","","","",""
"2009069878","1850","1","0","0","0","0","0","0","0","0","7","0","","02","7","2009","5","40.521422","-80.142714","1839","11","0","0","0","0","0","0","0","0","1","0","0","0","","","0","","0","","40 31:17.120","1","0","80 08:33.771","0","0","0","0","2434","0","0","0","N","0","0","0","1","68B03","0","","4.0","","1","N","N","","0","","0","0","0","","0","N","","1","0","0","0","0","0","0","2","0","1","","","","N","","","","","","","","","",""
"2009069943","1901","1","0","0","0","0","0","0","0","0","6","0","","02","6","2009","4","40.392989","-79.886007","1901","11","0","1","0","0","0","0","0","0","","0","0","0","","","1","","0","","40 23:34.759","","0","79 53:09.624","3","0","0","1","2473","0","0","0","N","0","0","0","2","02473","0","","1.0","","9","N","N","","0","","1","0","0","","0","","","2","1","0","0","0","0","1","2","0","2","","","","N","","","","","","","","","",""
"2009069965","2302","0","0","0","0","0","0","0","0","0","1","0","","02","7","2009","6","40.425777","-80.019884","2256","11","0","0","0","0","0","1","0","1","","0","0","0","","","1","","1","","40 25:32.796","","0","80 01:11.584","4","0","0","0","2301","0","0","0","N","0","0","0","2","02301","1","","1.0","","1","N","N","","0","","0","0","0","","2","","","2","1","0","0","0","0","1","2","2","2","","","","N","","","","","","","","","",""
"2009069967","2242","2","0","0","0","0","0","0","0","0","1","0","","02","7","2009","5","40.30074","-79.923681","2239","11","0","0","0","0","0","1","0","0","","0","0","0","","","0","","2","","40 18:02.664","","0","79 55:25.251","0","0","0","0","2440","0","0","0","N","0","0","0","2","02440","0","","1.0","","1","N","N","","0","","0","0","0","","0","","","2","0","0","0","0","0","0","2","0","2","","","","N","","","","","","","","","",""
"2009069974","0233","0","0","0","0","0","0","0","0","0","7","0","","02","7","2009","7","40.425777","-80.019884","0231","11","0","0","0","0","0","0","0","0","2","0","0","0","","","0","","1","","40 25:32.796","2","0","80 01:11.584","0","0","0","0","2301","0","0","0","N","0","0","0","1","02301","0","","5.0","","1","N","N","","0","","0","0","1","","2","N","","1","0","0","0","0","0","0","2","0","1","","","","N","","","","","","","","","",""
"2009069976","0300","1","0","0","0","0","0","0","0","0","1","1","99","02","7","2009","6","40.625973","-79.941757","0257","11","0","0","0","0","0","0","0","0","2","0","1","0","","","1","","1","","40 37:33.504","5","0","79 56:30.326","8","0","0","0","2217","0","0","0","N","0","0","0","1","02505","0","","1.0","","1","N","N","","0","","0","0","0","","2","N","","2","1","0","0","0","1","0","2","0","2","","","Y","Y","1","1","","","N","","","","",""
"2009069977","0428","1","0","0","0","0","0","0","0","0","7","0","","02","7","2009","7","40.42293","-79.977871","0425","11","0","0","0","0","0","0","0","0","2","0","0","0","","","1","","0","","40 25:22.549","1","0","79 58:40.337","8","0","0","0","2301","0","0","0","N","0","0","0","1","02301","0","","5.0","","1","N","N","","0","","0","0","0","","0","N","","1","1","0","0","0","1","0","2","0","1","","","","N","","","","","","","","","",""
"2009069999","1045","2","0","0","0","0","0","0","0","0","1","0","","02","7","2009","6","40.458592","-79.707894","1041","11","0","0","0","0","0","1","1","0","","0","0","0","","","2","","0","","40 27:30.931","","0","79 42:28.419","8","0","0","0","2466","0","0","0","N","0","0","0","3","02466","0","","1.0","","1","N","N","","0","","0","0","0","","0","","","2","2","0","0","0","2","0","2","0","2","","","","N","","","","","","","","","",""
"2009070104","0708","2","0","0","0","0","0","0","0","0","4","0","","02","7","2009","7","40.343784","-79.970812","0658","11","0","0","0","0","0","0","0","0","","0","0","0","","","2","","0","","40 20:37.623","","7","79 58:14.923","8","0","0","0","2403","0","0","0","N","0","0","0","2","02403","0","","1.0","","1","N","N","","0","","0","0","0","","2","","","2","2","0","0","0","2","0","2","0","2","","","","N","","","","","","","","","",""
"2009070118","1026","1","0","0","0","0","0","0","0","0","2","0","","02","7","2009","7","40.456768","-79.916314","1015","11","0","0","0","0","0","0","0","0","","0","0","0","","","0","","0","","40 27:24.363","","7","79 54:58.729","0","0","0","0","2301","0","0","0","N","0","0","0","2","02301","0","","1.0","","1","N","N","","1","","0","0","0","","2","","","2","0","0","0","0","0","0","2","0","2","","","","N","","","","","","","","","",""
"2009070119","1755","1","0","0","0","0","0","0","0","0","7","0","","02","7","2009","5","40.530009","-80.006203","1754","11","0","0","0","0","0","0","0","0","1","0","0","0","","","0","","0","","40 31:48.031","6","0","80 00:22.329","0","0","0","0","2116","0","0","0","N","0","0","0","1","02116","0","","5.0","","1","N","N","","0","","0","0","0","","0","N","","1","0","0","0","0","0","0","2","0","1","","","","N","","","","","","","","","",""
"2009070120","1354","1","0","0","0","0","0","0","0","0","7","0","","02","7","2009","6","40.500035","-80.012548","1352","11","0","0","0","0","0","1","0","0","2","0","0","0","","","0","","0","","40 30:00.125","5","0","80 00:45.171","0","0","0","0","2116","0","0","0","N","0","0","0","2","02116","0","","4.0","","1","N","N","","0","","0","0","0","","3","N","","1","0","0","0","0","0","0","2","0","1","","","","N","","","","","","","","","",""
"2009070121","1602","2","0","0","0","0","0","0","0","0","1","0","","02","7","2009","3","40.541231","-79.788223","1559","11","0","0","0","0","0","0","0","0","","0","0","0","","","0","","0","","40 32:28.431","","0","79 47:17.604","9","0","0","0","2462","0","0","0","N","0","0","0","2","02462","0","","1.0","","1","N","N","","0","","0","0","0","","0","","","2","0","0","0","0","0","2","2","0","2","","","","N","","","","","","","","","",""
"2009070125","0806","0","0","0","0","0","0","0","0","0","0","0","","02","7","2009","2","40.552903","-80.105484","0806","11","1","0","0","0","0","0","0","0","","0","0","0","","","1","","0","","40 33:10.449","","0","80 06:19.743","4","0","0","1","2215","0","0","0","N","0","0","0","2","02215","1","","1.0","","1","N","N","","1","","0","0","0","","0","","","2","1","0","0","0","0","0","2","0","2","","","","N","","","","","","","","","",""
"2009070126","0840","1","0","0","0","0","0","0","0","0","7","0","","02","7","2009","7","40.544994","-79.77581","0836","11","0","0","0","0","0","0","0","0","","0","0","0","","","0","","0","","40 32:41.978","","0","79 46:32.917","9","0","0","0","2462","0","0","0","N","0","0","0","1","02462","0","","5.0","","1","N","N","","0","","0","0","0","","0","","","1","0","0","0","0","0","1","1","0","1","","","","N","","","","","","","","","",""
"2009070133","1133","1","0","0","0","0","0","0","0","0","4","0","","02","7","2009","7","40.633043","-79.853601","1131","11","0","0","0","0","0","0","0","0","","0","0","0","","","0","","3","","40 37:58.954","","0","79 51:12.962","0","0","0","0","2220","0","0","0","N","0","0","0","2","02220","0","","1.0","","1","N","N","","1","","0","0","0","","0","","","2","0","0","0","0","0","0","2","0","2","","","","N","","","","","","","","","",""
"2009070136","1240","2","0","0","0","0","0","0","0","0","4","0","","02","7","2009","7","40.344704","-79.99697","1234","11","0","0","0","0","0","0","0","1","2","0","0","0","","","1","","2","","40 20:40.934","4","0","79 59:49.092","4","0","0","0","2403","0","0","0","N","0","0","0","1","02403","1","","5.0","","1","N","N","","0","","0","0","0","","0","N","","2","1","1","0","0","0","0","2","0","2","","","","N","","","","","","","","","",""
"2009070142","1650","1","0","0","0","0","0","0","0","0","1","0","","02","7","2009","3","40.458017","-79.759694","1644","11","0","0","0","0","0","0","0","0","","0","0","0","","","0","","0","","40 27:28.860","","0","79 45:34.900","0","0","0","0","2446","0","0","0","N","0","0","0","2","02446","0","","1.0","","1","N","N","","0","","0","0","0","","0","","","2","0","0","0","0","0","0","2","1","2","","","","N","","","","","","","","","",""
"2009070143","2134","0","0","0","0","0","0","0","0","0","1","0","","02","7","2009","6","40.404563","-80.091236","2131","11","0","0","0","0","0","1","0","0","","0","0","0","","","1","","2","","40 24:16.428","","0","80 05:28.451","4","0","0","1","2415","0","0","0","N","0","0","0","3","02415","1","","1.0","","1","N","N","","1","","0","0","0","","2","","","2","1","0","0","0","0","0","2","0","2","","","","N","","","","","","","","","",""
"2009070145","0140","0","0","0","0","0","0","0","0","0","2","0","","02","7","2009","7","40.462341","-79.905559","0135","11","0","0","0","0","0","1","0","0","","0","0","0","","","1","","2","","40 27:44.428","","0","79 54:20.012","3","0","0","1","2301","0","0","0","N","0","0","0","3","02301","0","","1.0","","1","N","N","","0","","1","0","1","","0","","","2","1","0","0","0","0","0","2","0","2","","","","N","","","","","","","","","",""
"2009070151","1505","3","0","0","0","0","0","0","0","0","4","0","","02","7","2009","7","40.496014","-80.007929","1450","11","0","0","0","0","0","1","0","0","","0","0","0","","","2","","1","","40 29:45.651","","0","80 00:28.545","8","0","0","0","2301","0","0","0","N","0","0","0","6","02301","0","","1.0","","1","N","N","","0","","0","0","0","","3","","","3","2","0","0","0","2","0","2","0","3","","","","N","","","","","","","","","",""
"2009070152","1514","1","0","0","0","0","0","0","0","0","1","0","","02","7","2009","5","40.431249","-79.751371","1506","11","0","0","0","0","0","2","0","0","","0","0","0","","","0","","0","","40 25:52.495","","0","79 45:04.935","0","0","0","0","2446","0","0","0","N","0","0","0","3","02446","0","","1.0","","9","N","N","","0","","0","0","1","","0","","","2","0","2","0","0","0","0","2","0","2","","","","N","","","","","","","","","",""
"2009070153","1618","0","0","0","0","0","0","0","0","0","7","0","","02","7","2009","7","40.460088","-79.843668","1614","11","0","0","0","0","0","0","0","1","","0","0","0","","","0","","0","","40 27:36.316","","0","79 50:37.206","0","0","0","0","2113","0","0","0","N","0","0","0","1","02113","0","","5.0","","1","N","N","","0","","0","0","0","","0","","","1","0","0","0","0","0","0","2","1","1","","","","N","","","","","","","","","",""
"2009070156","1607","0","0","0","0","0","0","0","0","0","5","0","","02","7","2009","7","40.36166","-80.069894","1601","11","0","0","0","0","0","0","0","0","1","0","0","0","","","0","","3","","40 21:41.975","4","0","80 04:11.617","0","0","0","0","2123","0","0","0","N","0","0","0","5","02123","0","","1.0","","1","N","N","","1","","0","0","2","","2","N","","3","0","0","0","0","0","0","2","0","3","","","","N","","","","","","","","","",""
"2009070166","1121","2","0","0","0","0","0","0","0","0","1","0","","02","6","2009","5","","","1113","11","0","0","0","0","0","1","0","0","1","0","0","0","","","4","","0","","40 25:24.24","3","0","80 06:22.68","8","0","0","0","2115","0","0","0","N","0","0","0","6","68B03","0","","1.0","","1","N","N","","0","","0","0","1","","0","N","","3","4","0","0","0","4","0","2","0","3","","","","N","","","","","","","","","",""
"2009070182","1749","1","0","0","1","0","0","0","0","0","8","0","","02","7","2009","7","40.45938","-80.022775","1745","11","0","0","0","0","0","0","0","0","","0","0","0","","","1","","2","","40 27:33.768","","0","80 01:21.990","3","0","0","0","2301","1","0","0","N","0","0","0","2","02301","0","","1.0","","1","N","N","","0","","1","0","0","","3","","","2","1","0","0","0","0","0","2","0","1","","","","N","","","","","","","","","",""
"2009070186","1848","1","0","0","0","0","0","0","0","0","7","0","","02","7","2009","7","40.380165","-80.000314","1839","11","0","0","0","0","0","1","0","0","2","0","0","0","","","0","","0","","40 22:48.594","5","0","80 00:01.129","0","0","0","0","2301","0","0","0","N","0","0","0","1","02301","0","","2.0","","1","N","N","","0","","0","0","0","","0","Y","","1","0","0","0","0","0","0","2","0","1","","","","N","","","","","","","","","",""
"2009070187","1933","1","0","0","0","0","0","0","0","0","4","0","","02","7","2009","7","40.372594","-80.226092","1932","11","0","0","0","0","0","0","0","0","1","0","0","0","","","5","","2","","40 22:21.337","6","0","80 13:33.931","4","0","0","0","2214","0","0","0","N","0","0","0","7","62422","5","","1.0","","1","N","N","","0","","0","0","0","","3","N","","2","5","0","0","0","0","0","2","1","2","","","","N","","","","","","","","","",""
"2009070188","0047","1","0","0","0","0","0","0","0","0","7","0","","02","7","2009","7","40.273039","-79.896135","0047","11","0","0","0","0","0","0","0","0","2","0","0","0","","","1","","1","","40 16:22.939","6","0","79 53:46.086","3","0","0","0","2428","0","0","0","Y","0","0","0","2","02428","0","","5.0","","1","N","N","","0","","1","0","0","","0","N","","1","1","2","0","0","0","0","2","0","1","","","","N","","","","","","","","","",""
"2009070191","2148","2","0","0","0","0","0","0","0","0","4","0","","02","7","2009","7","40.442181","-79.994981","2145","11","0","0","0","0","1","0","0","0","","0","0","0","","","2","","1","","40 26:31.851","","0","79 59:41.931","4","0","0","0","2301","0","0","0","N","0","0","0","7","02301","2","","1.0","","1","N","N","","0","","0","0","0","","2","","","2","2","0","0","0","0","0","2","0","2","","","","N","","","","","","","","","",""
"2009070193","0248","2","0","0","0","0","0","0","0","0","4","0","","02","7","2009","7","40.353735","-79.989693","0246","11","0","0","0","0","0","0","0","0","3","0","0","0","","","0","","0","","40 21:13.446","5","0","79 59:22.894","0","0","0","0","2476","0","0","0","N","0","0","0","1","02476","0","","2.0","","1","N","N","","0","","0","0","1","","0","Y","","3","0","1","0","0","0","0","2","0","3","","","","N","","","","","","","","","",""
"2009070196","0024","0","0","0","0","0","0","0","0","0","7","0","","02","7","2009","1","40.481529","-79.876121","0014","11","0","0","0","0","0","0","0","0","1","0","0","0","","","0","","2","","40 28:53.503","1","3","79 52:34.034","0","0","0","0","2113","0","0","0","","0","0","0","1","02113","0","","5.0","","1","N","N","","0","","0","0","1","","0","N","","1","0","0","0","0","0","0","2","0","1","","","","N","","","","","","","","","",""
"2009070202","0019","1","0","0","0","0","0","0","0","0","7","0","","02","7","2009","1","40.448204","-80.011169","0016","11","0","0","0","0","0","1","0","0","3","0","0","0","","","0","","0","","40 26:53.536","4","1","80 00:40.208","9","0","0","0","2301","0","0","0","N","0","0","0","1","02301","0","","5.0","","1","N","N","","0","","0","0","0","","0","Y","","1","0","1","0","0","0","1","2","0","1","","","","N","","","","","","","","","",""
"2009070208","0100","1","0","0","0","0","0","0","0","0","4","0","","02","7","2009","1","40.343302","-80.06036","0058","11","0","0","0","0","0","1","0","0","2","0","0","0","","","0","","1","","40 20:35.887","2","0","80 03:37.295","0","0","0","0","2123","0","0","0","N","0","0","0","4","02123","0","","1.0","","1","N","N","","0","","0","0","1","","2","N","","2","0","1","0","0","0","0","2","0","2","","","","N","","","","","","","","","",""
"2009070210","0349","0","0","0","0","0","0","0","0","0","7","0","","02","7","2009","6","40.641305","-80.108271","0330","11","0","0","0","0","0","1","0","0","","0","0","0","","","0","","2","","40 38:28.698","","0","80 06:29.774","0","0","0","0","2212","0","0","0","N","0","0","0","1","02505","0","","5.0","","1","N","N","","0","","0","0","1","","3","","","1","0","0","0","0","0","0","2","0","1","","","","N","","","","","","","","","",""
"2009070211","0235","2","0","0","0","0","0","0","0","0","2","0","","02","7","2009","1","40.389524","-79.934047","0229","11","0","0","0","0","0","0","0","0","2","0","0","0","","","3","","0","","40 23:22.286","3","0","79 56:02.570","4","0","0","0","2301","0","0","0","N","0","0","0","4","02301","1","","1.0","","1","N","N","","0","","0","0","0","","0","N","","2","3","0","0","0","2","1","2","0","2","","","","N","","","","","","","","","",""
"2009070228","1640","1","0","0","0","0","0","0","0","0","4","0","","02","7","2009","5","40.4051","-79.906889","1640","11","0","0","0","0","0","1","0","0","","0","0","0","","","1","","1","","40 24:18.360","","0","79 54:24.800","8","0","0","0","2438","0","0","0","N","0","0","0","2","02438","0","","1.0","","1","N","N","","0","","0","0","1","","3","","","2","1","0","0","0","1","0","2","0","2","","","","N","","","","","","","","","",""
"2009070230","1035","2","0","0","0","0","0","0","0","0","4","0","","02","7","2009","1","40.424253","-79.99392","1029","11","0","0","0","0","0","0","0","1","","0","0","0","","","0","","2","","40 25:27.310","","0","79 59:38.112","0","0","0","0","2301","0","0","0","N","0","0","0","1","02301","0","","1.0","","1","N","N","","0","","0","0","0","","3","","","2","0","0","0","0","0","0","2","0","2","","","","N","","","","","","","","","",""
"2009070232","0955","2","0","0","0","0","0","0","0","0","5","0","","02","7","2009","1","40.465303","-79.945215","0945","11","0","0","0","0","0","0","0","0","","0","0","0","","","0","","1","","40 27:55.090","","0","79 56:42.774","0","0","0","0","2301","0","0","0","N","0","0","0","2","02301","0","","1.0","","1","N","N","","0","","0","0","0","","2","","","2","0","0","0","0","0","0","2","0","2","","","","N","","","","","","","","","",""
"2009070235","1115","1","0","0","0","0","0","0","0","0","8","0","","02","7","2009","1","40.395358","-80.030702","1109","11","0","0","0","0","0","0","0","1","","0","0","0","","","1","","2","","40 23:43.288","","0","80 01:50.527","8","0","0","0","2301","1","0","0","N","1","0","0","3","02301","0","","1.0","","1","N","N","","0","","0","0","0","","3","","","2","1","0","0","0","1","0","2","0","1","","","","N","","","","","","","","","",""
"2009070237","1148","1","0","0","0","0","0","0","0","0","7","0","","02","7","2009","1","40.464886","-79.830966","1143","11","0","0","0","0","0","0","0","1","","0","0","0","","","0","","0","","40 27:53.589","","0","79 49:51.479","0","0","0","0","2113","0","0","0","N","0","0","0","1","02113","0","","2.0","","1","N","N","","0","","0","0","0","","0","","","1","0","1","0","0","0","0","2","0","1","","","","N","","","","","","","","","",""