"CRN","ARRIVAL_TM","AUTOMOBILE_COUNT","BELTED_DEATH_COUNT","BELTED_SUSP_SERIOUS_INJ_COUNT","BICYCLE_COUNT","BICYCLE_DEATH_COUNT","BICYCLE_SUSP_SERIOUS_INJ_COUNT","BUS_COUNT","CHLDPAS_DEATH_COUNT","CHLDPAS_SUSP_SERIOUS_INJ_COUNT","COLLISION_TYPE","COMM_VEH_COUNT","CONS_ZONE_SPD_LIM","COUNTY","CRASH_MONTH","CRASH_YEAR","DAY_OF_WEEK","DEC_LATITUDE","DEC_LONGITUDE","DISPATCH_TM","DISTRICT","DRIVER_COUNT_16YR","DRIVER_COUNT_17YR","DRIVER_COUNT_18YR","DRIVER_COUNT_19YR","DRIVER_COUNT_20YR","DRIVER_COUNT_50_64YR","DRIVER_COUNT_65_74YR","DRIVER_COUNT_75PLUS","EST_HRS_CLOSED","FATAL_COUNT","HEAVY_TRUCK_COUNT","HORSE_BUGGY_COUNT","HOUR_OF_DAY","ILLUMINATION","INJURY_COUNT","INTERSECTION_RELATED","INTERSECT_TYPE","LANE_CLOSED","LATITUDE","LN_CLOSE_DIR","LOCATION_TYPE","LONGITUDE","MAX_SEVERITY_LEVEL","MCYCLE_DEATH_COUNT","MCYCLE_SUSP_SERIOUS_INJ_COUNT","MOTORCYCLE_COUNT","MUNICIPALITY","NONMOTR_COUNT","NONMOTR_DEATH_COUNT","NONMOTR_SUSP_SERIOUS_INJ_COUNT","NTFY_HIWY_MAINT","PED_COUNT","PED_DEATH_COUNT","PED_SUSP_SERIOUS_INJ_COUNT","PERSON_COUNT","POLICE_AGCY","POSSIBLE_INJ_COUNT","RDWY_SURF_TYPE_CD","RELATION_TO_ROAD","ROADWAY_CLEARED","ROAD_CONDITION","SCH_BUS_IND","SCH_ZONE_IND","SECONDARY_CRASH","SMALL_TRUCK_COUNT","SPEC_JURIS_CD","SUSP_MINOR_INJ_COUNT","SUSP_SERIOUS_INJ_COUNT","SUV_COUNT","TCD_FUNC_CD","TCD_TYPE","TFC_DETOUR_IND","TIME_OF_DAY","TOTAL_UNITS","TOT_INJ_COUNT","UNBELTED_OCC_COUNT","UNB_DEATH_COUNT","UNB_SUSP_SERIOUS_INJ_COUNT","UNK_INJ_DEG_COUNT","UNK_INJ_PER_COUNT","URBAN_RURAL","VAN_COUNT","VEHICLE_COUNT","WEATHER1","WEATHER2","WORKERS_PRES","WORK_ZONE_IND","WORK_ZONE_LOC","WORK_ZONE_TYPE","WZ_CLOSE_DETOUR","WZ_FLAGGER","WZ_LAW_OFFCR_IND","WZ_LN_CLOSURE","WZ_MOVING","WZ_OTHER","WZ_SHLDER_MDN","WZ_WORKERS_INJ_KILLED"
"2009072556","","1","0","0","0","0","0","0","0","0","1","0","","02","7","2009","6","40.393064","-79.819075","","11","0","0","0","0","0","1","0","0","","0","0","0","","","0","","0","","40 23:35.031","","0","79 49:08.670","0","0","0","0","2111","0","0","0","N","0","0","0","2","02111","0","","1.0","","9","N","N","","1","","0","0","0","","0","","","2","0","0","0","0","0","0","2","0","2","","","","N","","","","","","","","","",""
"2009072568","","3","0","0","0","0","0","0","0","0","1","0","","02","7","2009","7","40.408808","-80.049588","","11","0","0","0","0","0","1","0","1","1","0","0","0","","","1","","0","","40 24:31.708","2","0","80 02:58.516","8","0","0","0","2435","0","0","0","N","0","0","0","4","02435","0","","1.0","","1","N","N","","0","","0","0","1","","0","N","","4","1","0","0","0","1","0","2","0","4","","","","N","","","","","","","","","",""
"2009072601","","1","0","0","0","0","0","0","0","0","4","0","","02","7","2009","7","40.391141","-79.977255","","11","0","0","0","0","0","0","0","0","1","0","0","0","","","1","","2","","40 23:28.107","2","0","79 58:38.118","8","0","0","0","2301","0","0","0","N","0","0","0","5","02301","0","","1.0","","1","N","N","","0","","0","0","1","","3","N","","2","1","0","0","0","1","0","2","0","2","","","","N","","","","","","","","","",""
"2009072608","","0","0","0","0","0","0","0","0","0","1","0","","02","7","2009","7","40.344118","-79.971682","","11","0","0","0","0","0","0","0","0","2","0","0","0","","","2","","0","","40 20:38.825","1","0","79 58:18.056","4","0","0","0","2403","0","0","0","N","0","0","0","2","02403","2","","1.0","","1","N","N","","2","","0","0","0","","2","N","","2","2","0","0","0","0","0","2","0","2","","","","N","","","","","","","","","",""
"2009072609","","2","0","0","0","0","0","0","0","0","5","0","","02","7","2009","7","40.451044","-80.000943","","11","0","0","0","0","0","2","0","0","","0","0","0","","","0","","0","","40 27:03.758","","0","80 00:03.394","0","0","0","0","2301","0","0","0","","0","0","0","4","02301","0","","1.0","","9","","","","0","","0","0","0","","0","","","2","0","0","0","0","0","0","2","0","2","","","","N","","","","","","","","","",""
"2009072610","","0","0","0","0","0","0","0","0","0","7","0","","02","7","2009","7","40.476694","-79.998575","","11","0","0","0","0","0","0","0","0","","0","0","0","","","0","","0","","40 28:36.098","","0","79 59:54.870","0","0","0","0","2301","0","0","0","N","0","0","0","0","02301","0","","5.0","","1","N","N","","0","","0","0","1","","0","","","1","0","0","0","0","0","0","2","0","1","","","","N","","","","","","","","","",""
"2009072615","","2","0","0","0","0","0","0","0","0","4","0","","02","7","2009","7","40.46141","-79.932009","","11","0","0","0","0","0","0","0","0","","0","0","0","","","0","","0","","40 27:41.076","","0","79 55:55.232","0","0","0","0","2301","0","0","0","N","0","0","0","1","02301","0","","1.0","","1","N","N","","0","","0","0","2","","0","","","4","0","0","0","0","0","0","2","0","4","","","","N","","","","","","","","","",""
"2009072630","","0","0","0","0","0","0","0","0","0","0","0","","02","7","2009","2","40.508199","-80.125748","","11","0","0","0","0","0","1","0","0","3","0","0","0","","","0","","2","","40 30:29.516","5","0","80 07:32.692","0","0","0","0","2110","0","0","0","N","0","0","0","1","02215","0","","1.0","","1","N","N","","1","","0","0","0","","0","N","","1","0","0","0","0","0","0","2","0","1","","","","N","","","","","","","","","",""
"2009072650","","0","0","0","0","0","0","0","0","0","99","0","","02","7","2009","1","40.440494","-79.989138","","11","0","0","0","0","0","0","0","0","","0","0","0","","","0","","0","","40 26:25.778","","0","79 59:20.896","9","0","0","0","2301","0","0","0","N","0","0","0","1","02301","0","","1.0","","1","N","N","","0","","0","0","1","","0","","","1","0","0","0","0","0","1","2","0","1","","","","N","","","","","","","","","",""
"2009072657","","2","0","0","0","0","0","0","0","0","1","0","","02","7","2009","1","40.45934","-79.842809","","11","0","0","0","0","0","1","0","0","","0","0","0","","","2","","0","","40 27:33.624","","0","79 50:34.113","8","0","0","0","2113","0","0","0","N","0","0","0","6","02113","0","","1.0","","1","N","N","","0","","0","0","0","","0","","","2","2","0","0","0","2","0","2","0","2","","","","N","","","","","","","","","",""
"2009072669","","1","0","0","0","0","0","0","0","0","7","0","","02","7","2009","7","40.616208","-79.867999","","11","0","0","0","0","0","0","0","0","1","0","0","0","","","1","","0","","40 36:58.348","5","0","79 52:04.795","8","0","0","0","2220","0","0","0","N","0","0","0","1","02220","0","","5.0","","1","N","N","","0","","0","0","0","","0","N","","1","1","0","0","0","1","0","2","0","1","","","","N","","","","","","","","","",""
"2009072677","","2","0","0","0","0","0","0","0","0","4","0","","02","7","2009","1","40.4545","-79.9217","","11","0","0","0","0","0","1","0","0","","0","0","0","","","2","","1","","40 27:16.200","","0","79 55:18.120","4","0","0","0","2301","0","0","0","N","0","0","0","2","02301","2","","1.0","","1","N","N","","0","","0","0","0","","3","","","2","2","0","0","0","0","0","2","0","2","","","","N","","","","","","","","","",""
"2009072678","","2","0","0","0","0","0","0","0","0","0","0","","02","7","2009","1","40.355619","-79.99082","","11","0","0","0","0","1","0","0","0","","0","0","0","","","0","","0","","40 21:20.228","","0","79 59:26.952","0","0","0","0","2476","0","0","0","N","0","0","0","1","02476","0","","6.0","","1","N","N","","0","","0","0","0","","0","","","2","0","0","0","0","0","0","2","0","2","","","","N","","","","","","","","","",""
"2009072680","","1","0","0","0","0","0","0","0","0","7","0","","02","7","2009","1","40.375854","-79.993987","","11","0","0","0","0","0","0","0","0","1","0","0","0","","","0","","3","","40 22:33.073","1","0","79 59:38.353","0","0","0","0","2476","0","0","0","N","0","0","0","1","02476","0","","2.0","","1","N","N","","0","","0","0","0","","2","Y","","1","0","0","0","0","0","0","2","0","1","","","","N","","","","","","","","","",""
"2009072684","","3","0","0","0","0","0","0","0","0","1","0","","02","7","2009","1","40.414639","-80.009412","","11","0","0","0","0","0","1","0","0","","0","0","0","","","0","","0","","40 24:52.700","","4","80 00:33.882","0","0","0","0","2301","0","0","0","N","0","0","0","4","02301","0","","1.0","","1","N","N","","0","","0","0","1","","2","","","4","0","0","0","0","0","0","2","0","4","","","","N","","","","","","","","","",""
"2009072690","","1","0","0","0","0","0","0","0","0","7","0","","02","7","2009","7","40.393251","-79.809699","","11","0","0","0","0","0","0","0","0","1","0","0","0","","","1","","0","","40 23:35.705","4","0","79 48:34.918","8","0","0","0","2111","0","0","0","N","0","0","0","1","02111","0","","2.0","","1","N","N","","0","","0","0","0","","0","N","","1","1","0","0","0","1","0","2","0","1","","","","N","","","","","","","","","",""
"2009072694","","1","0","0","0","0","0","0","0","0","7","0","","02","7","2009","7","40.377709","-80.117831","","11","0","1","0","0","0","0","0","0","1","0","0","0","","","0","","0","","40 22:39.753","2","0","80 07:04.190","0","0","0","0","2102","0","0","0","Y","0","0","0","1","02102","0","","2.0","","1","N","N","","0","","0","0","0","","0","Y","","1","0","0","0","0","0","0","2","0","1","","","","N","","","","","","","","","",""
"2009072700","","1","0","0","0","0","0","0","0","0","7","0","","02","7","2009","2","40.44414","-80.028092","","11","0","0","0","0","0","0","0","0","1","0","0","0","","","0","","1","","40 26:38.905","3","3","80 01:41.132","0","0","0","0","2301","0","0","0","N","0","0","0","1","02301","0","","3.0","","1","N","N","","0","","0","0","0","","1","N","","1","0","0","0","0","0","0","2","0","1","","","","N","","","","","","","","","",""
"2009072702","","1","0","0","0","0","0","0","0","0","7","0","","02","7","2009","6","40.376138","-79.968743","","11","1","0","0","0","0","0","0","0","2","0","0","0","","","3","","0","","40 22:34.096","5","0","79 58:07.474","4","0","0","0","2413","0","0","0","N","0","0","0","4","02413","1","","5.0","","1","N","N","","1","","0","0","2","","3","Y","","4","3","2","0","0","2","1","2","0","4","","","","N","","","","","","","","","",""
"2009072742","","0","0","0","0","0","0","1","0","0","1","1","","02","7","2009","3","40.293803","-80.03059","","11","0","0","0","0","0","1","1","0","","0","0","0","","","2","","0","","40 17:37.689","","0","80 01:50.123","4","0","0","0","2407","0","0","0","N","0","0","0","15","02407","2","","1.0","","1","N","N","","1","","0","0","1","","0","","","3","2","0","0","0","0","0","2","0","3","","","","N","","","","","","","","","",""
"2009072774","","1","0","0","0","0","0","0","0","0","7","0","","02","6","2009","6","40.520322","-80.06284","","11","0","0","0","0","0","0","0","0","","0","0","0","","","1","","0","","40 31:13.160","","0","80 03:46.223","3","0","0","0","2215","0","0","0","N","0","0","0","1","68B03","0","","2.0","","1","N","N","","0","","1","0","0","","0","","","1","1","1","0","0","0","0","2","0","1","","","","N","","","","","","","","","",""
"2009072775","","2","0","0","0","0","0","0","0","0","5","0","","02","7","2009","7","40.442775","-79.838381","","11","0","0","0","0","0","2","0","0","2","0","0","0","","","1","","0","","40 26:33.989","4","0","79 50:18.170","4","0","0","0","2419","0","0","0","N","0","0","0","4","68B03","1","","1.0","","9","N","N","","0","","0","0","0","","0","N","","3","1","0","0","0","0","1","2","0","3","","","","N","","","","","","","","","",""
"2009072776","","1","0","0","0","0","0","0","0","0","1","0","","02","7","2009","7","40.425712","-79.904346","","11","0","0","0","0","0","0","0","0","1","0","0","0","","","0","","0","","40 25:32.563","4","0","79 54:15.646","0","0","0","0","2301","0","0","0","N","0","0","0","3","68B03","0","","1.0","","1","N","N","","0","","0","0","1","","0","N","","2","0","0","0","0","0","0","2","0","2","","","","N","","","","","","","","","",""
"2009072858","","2","0","0","0","0","0","0","0","0","7","0","","02","7","2009","6","40.445632","-79.976483","","11","0","0","0","0","0","1","0","0","6","0","0","0","","","1","","1","","40 26:44.275","7","0","79 58:35.338","8","0","0","0","2301","0","0","0","N","0","0","0","3","02301","0","","5.0","","1","N","N","","0","","0","0","0","","0","Y","","2","1","0","0","0","1","1","2","0","2","","","","N","","","","","","","","","",""
"2009072864","","1","0","0","0","0","0","0","0","0","1","0","","02","7","2009","1","40.55083","-80.089091","","11","0","0","0","0","0","0","0","0","","0","0","0","","","0","","0","","40 33:02.987","","0","80 05:20.729","0","0","0","0","2215","0","0","0","N","0","0","0","2","02215","0","","1.0","","1","N","N","","1","","0","0","0","","0","","","2","0","0","0","0","0","0","2","0","2","","","","N","","","","","","","","","",""
"2009072865","","0","0","0","0","0","0","0","0","0","4","0","","02","7","2009","2","40.426292","-79.963576","","11","0","0","0","0","0","1","0","0","1","0","1","0","","","1","","1","","40 25:34.651","3","0","79 57:48.873","8","0","0","0","2301","0","0","0","N","0","0","0","2","02301","0","","1.0","","1","N","N","","0","","0","0","1","","2","N","","2","1","0","0","0","1","0","2","0","2","","","","N","","","","","","","","","",""
"2009072866","","0","0","0","1","0","0","0","0","0","8","0","","02","7","2009","5","40.462228","-79.960846","","11","0","0","0","0","0","0","0","0","","0","0","0","","","1","","2","","40 27:44.020","","0","79 57:39.045","4","0","0","0","2301","1","0","0","N","0","0","0","2","02301","1","","1.0","","1","N","N","","1","","0","0","0","","0","","","2","1","0","0","0","0","0","2","0","1","","","","N","","","","","","","","","",""
"2009072869","","1","0","0","0","0","0","0","0","0","4","0","","02","7","2009","2","40.489147","-80.0798","","11","0","0","0","0","0","0","0","0","1","0","0","0","","","1","","1","","40 29:20.928","6","0","80 04:47.279","3","0","0","0","2122","0","0","0","N","0","0","0","2","02126","0","","1.0","","1","N","N","","0","","1","0","0","","3","N","","2","1","0","0","0","0","0","2","1","2","","","","N","","","","","","","","","",""
"2009072886","","2","0","0","0","0","0","0","0","0","4","0","","02","7","2009","2","40.407768","-79.891723","","11","0","0","0","0","0","0","0","0","1","0","0","0","","","2","","2","","40 24:27.964","4","0","79 53:30.202","4","0","0","0","2448","0","0","0","N","0","0","0","6","02448","2","","1.0","","1","N","N","","0","","0","0","0","","3","N","","2","2","0","0","0","0","0","2","0","2","","","","N","","","","","","","","","",""
"2009072902","","1","0","0","0","0","0","0","0","0","4","1","","02","7","2009","2","40.411043","-79.955537","","11","0","0","0","0","0","0","0","0","","0","1","0","","","0","","2","","40 24:39.753","","0","79 57:19.932","0","0","0","0","2301","0","0","0","N","0","0","0","2","02301","0","","9.0","","1","N","N","","0","","0","0","0","","2","","","2","0","0","0","0","0","0","2","0","2","","","","N","","","","","","","","","",""
"2009072911","","0","0","0","0","0","0","0","0","0","0","0","","02","7","2009","1","40.458479","-80.069208","","11","0","0","1","0","0","0","0","0","1","0","0","0","","","1","","1","","40 27:30.524","4","0","80 04:09.148","3","0","0","1","2301","0","0","0","N","0","0","0","1","02301","0","","1.0","","1","N","N","","0","","1","0","0","","0","N","","1","1","0","0","0","0","0","2","0","1","","","","N","","","","","","","","","",""
"2009072912","","1","0","0","0","0","0","0","0","0","7","0","","02","7","2009","2","40.450846","-79.886404","","11","0","0","0","0","0","0","0","0","","0","0","0","","","2","","2","","40 27:03.045","","0","79 53:11.054","8","0","0","0","2301","0","0","0","N","0","0","0","5","02301","0","","5.0","","1","N","N","","0","","0","0","0","","0","","","1","2","5","0","0","2","0","2","0","1","","","","N","","","","","","","","","",""
"2009072913","","1","0","0","0","0","0","0","0","0","1","0","","02","7","2009","2","40.35036","-79.926999","","11","0","0","0","0","1","0","0","0","2","0","0","0","","","0","","1","","40 21:01.295","1","0","79 55:37.197","0","0","0","0","2473","0","0","0","N","0","0","0","5","02473","0","","1.0","","1","N","N","","0","","0","0","1","","2","N","","2","0","0","0","0","0","0","2","0","2","","","","N","","","","","","","","","",""
"2009072914","","3","0","0","0","0","0","0","0","0","1","0","","02","7","2009","3","40.438802","-79.752134","","11","0","0","0","0","0","0","0","0","1","0","0","0","","","1","","0","","40 26:19.686","6","0","79 45:07.683","8","0","0","0","2446","0","0","0","N","0","0","0","4","02446","0","","1.0","","1","N","N","","0","","0","0","0","","0","N","","3","1","0","0","0","1","0","2","0","3","","","","N","","","","","","","","","",""
"2009072917","","2","0","0","0","0","0","0","0","0","4","0","","02","7","2009","2","40.407427","-79.824964","","11","0","0","0","0","0","0","1","0","1","0","0","0","","","1","","2","","40 24:26.737","1","0","79 49:29.870","4","0","0","0","2467","0","0","0","N","0","0","0","3","02467","1","","1.0","","9","N","N","","0","","0","0","0","","3","Y","","2","1","0","0","0","0","0","2","0","2","","","","N","","","","","","","","","",""
"2009072919","","2","0","0","0","0","0","0","0","0","1","0","25","02","7","2009","2","40.364099","-79.842806","","11","0","0","0","0","0","0","0","0","6","0","0","0","","","0","","0","","40 21:50.758","2","0","79 50:34.102","0","0","0","0","2303","0","0","0","N","0","0","0","2","02303","0","","1.0","","1","N","N","","0","","0","0","0","","0","N","","2","0","1","0","0","0","0","2","0","2","","","N","Y","1","1","","","N","Y","","","",""
"2009072922","","2","0","0","0","0","0","0","0","0","4","0","","02","7","2009","4","40.413703","-80.009697","","11","0","0","0","0","0","1","2","0","","0","0","0","","","0","","1","","40 24:49.331","","4","80 00:34.909","0","0","0","0","2301","0","0","0","N","0","0","0","4","02301","0","","1.0","","1","N","N","","0","","0","0","2","","2","","","4","0","0","0","0","0","0","2","0","4","","","","N","","","","","","","","","",""
"2009072925","","1","0","0","0","0","0","0","0","0","4","0","","02","7","2009","2","40.437157","-79.963045","","11","0","0","0","0","0","1","0","0","","0","0","0","","","0","","1","","40 26:13.765","","0","79 57:46.962","0","0","0","0","2301","0","0","0","N","0","0","0","2","02301","0","","1.0","","1","N","N","","1","","0","0","0","","2","","","2","0","0","0","0","0","0","2","0","2","","","","N","","","","","","","","","",""
"2009072929","","1","0","0","0","0","0","0","0","0","99","0","","02","7","2009","6","40.5039","-80.1394","","11","0","0","0","0","0","0","0","0","","0","0","0","","","1","","0","","40 30:14.040","","0","80 08:21.840","4","0","0","0","2115","0","0","0","N","0","0","0","1","02115","1","","1.0","","1","N","N","","0","","0","0","0","","0","","","1","1","0","0","0","0","0","2","0","1","","","","N","","","","","","","","","",""
"2009072930","","1","0","0","0","0","0","0","0","0","4","0","","02","7","2009","1","40.599405","-79.807896","","11","0","0","0","0","0","1","0","0","","0","0","0","","","0","","1","","40 35:57.859","","0","79 48:28.426","0","0","0","0","2206","0","0","0","N","0","0","0","3","02206","0","","1.0","","1","N","N","","1","","0","0","0","","3","","","2","0","0","0","0","0","0","1","0","2","","","","N","","","","","","","","","",""
"2009072931","","0","0","0","0","0","0","0","0","0","7","0","","02","7","2009","5","40.500087","-80.218422","","11","0","0","0","0","0","0","0","0","","0","0","0","","","1","","0","","40 30:00.312","","0","80 13:06.318","8","0","0","0","2213","0","0","0","N","0","0","0","1","02213","0","","5.0","","1","N","N","","0","","0","0","1","","0","","","1","1","1","0","0","1","0","2","0","1","","","","N","","","","","","","","","",""
"2009072932","","2","0","0","0","0","0","0","0","0","1","0","","02","7","2009","2","40.518096","-80.219318","","11","0","0","1","0","0","0","0","1","","0","0","0","","","3","","2","","40 31:05.144","","0","80 13:09.545","8","0","0","0","2213","0","0","0","N","0","0","0","4","02213","0","","1.0","","1","N","N","","0","","0","0","0","","0","","","2","3","1","0","0","3","0","2","0","2","","","","N","","","","","","","","","",""
"2009072933","","1","0","0","0","0","0","0","0","0","1","0","","02","7","2009","7","40.45709","-80.176338","","11","0","0","0","0","0","1","1","0","","0","0","0","","","0","","1","","40 27:25.524","","0","80 10:34.818","0","0","0","0","2213","0","0","0","N","0","0","0","3","02213","0","","1.0","","1","N","N","","0","","0","0","1","","0","","","2","0","0","0","0","0","0","2","0","2","","","","N","","","","","","","","","",""
"2009072934","","1","0","0","0","0","0","0","0","0","7","0","","02","7","2009","7","40.329499","-80.054748","","11","0","0","1","0","0","0","0","0","","0","0","0","","","0","","2","","40 19:46.196","","0","80 03:17.092","0","0","0","0","2407","0","0","0","N","0","0","0","2","02407","0","","5.0","","1","N","N","","0","","0","0","0","","3","","","1","0","0","0","0","0","0","2","0","1","","","","N","","","","","","","","","",""
"2009073052","","3","0","0","0","0","0","0","0","0","1","0","","02","7","2009","2","40.434024","-79.894956","","11","0","0","0","0","0","0","0","0","1","0","0","0","","","0","","0","","40 26:02.486","2","0","79 53:41.841","0","0","0","0","2463","0","0","0","N","0","0","0","4","02463","0","","1.0","","9","N","N","","0","","0","0","0","","0","Y","","3","0","1","0","0","0","0","2","0","3","","","","N","","","","","","","","","",""
"2009073053","","1","0","0","0","0","0","0","0","0","4","0","","02","7","2009","2","40.554027","-79.971211","","11","0","0","0","0","1","1","0","0","1","0","0","0","","","1","","0","","40 33:14.498","5","0","79 58:16.360","8","0","0","0","2118","0","0","0","N","0","0","0","4","02118","0","","1.0","","9","N","N","","1","","0","0","0","","0","Y","","2","1","0","0","0","1","0","2","0","2","","","","N","","","","","","","","","",""
"2009073064","","2","0","0","0","0","0","0","0","0","1","0","","02","7","2009","2","40.468562","-80.080797","","11","0","0","0","0","0","0","0","0","","0","0","0","","","0","","0","","40 28:06.822","","0","80 04:50.870","0","0","0","0","2444","0","0","0","N","0","0","0","1","02444","0","","1.0","","1","N","N","","0","","0","0","0","","0","","","2","0","0","0","0","0","0","2","0","2","","","","N","","","","","","","","","",""
"2009073069","","1","0","0","0","0","0","0","0","0","0","0","","02","7","2009","1","40.634496","-79.883793","","11","0","0","0","0","0","0","0","0","2","0","0","0","","","1","","0","","40 38:04.185","6","0","79 53:01.654","4","0","0","0","2220","0","0","0","Y","0","0","0","1","02220","1","","1.0","","1","N","N","","0","","0","0","0","","0","Y","","1","1","0","0","0","0","0","1","0","1","","","","N","","","","","","","","","",""
"2009073071","","1","0","0","0","0","0","0","0","0","5","0","","02","7","2009","3","40.465876","-80.024872","","11","0","0","0","0","0","0","0","0","","0","0","0","","","0","","0","","40 27:57.153","","0","80 01:29.539","9","0","0","0","2301","0","0","0","N","0","0","0","1","02301","0","","1.0","","9","N","N","","1","","0","0","1","","0","","","3","0","0","0","0","0","1","2","0","3","","","","N","","","","","","","","","",""
"2009073081","","1","0","0","0","0","0","0","0","0","7","0","","02","7","2009","2","40.36465","-79.846948","","11","0","1","0","0","0","0","0","0","","0","0","0","","","0","","2","","40 21:52.740","","0","79 50:49.012","0","0","0","0","2303","0","0","0","N","0","0","0","3","02303","0","","5.0","","1","N","N","","0","","0","0","0","","3","","","1","0","3","0","0","0","0","2","0","1","","","","N","","","","","","","","","",""
"2009073084","","1","0","0","0","0","0","0","0","0","0","0","","02","7","2009","4","40.346308","-80.023343","","11","0","0","1","0","0","0","0","0","","0","0","0","","","1","","0","","40 20:46.708","","0","80 01:24.034","3","0","0","0","2407","0","0","0","N","0","0","0","2","02407","0","","1.0","","1","N","N","","0","","1","0","0","","0","","","1","1","1","0","0","0","0","2","0","1","","","","N","","","","","","","","","",""
"2009073090","","1","0","0","0","0","0","0","0","0","8","0","","02","6","2009","1","40.428948","-79.930588","","11","0","0","0","0","0","1","0","0","3","1","0","0","","","0","","0","","40 25:44.213","4","0","79 55:50.117","1","0","0","0","2301","1","1","0","Y","1","1","0","2","68B03","0","1","1.0","","1","N","N","","0","0","0","0","0","","0","Y","","2","0","1","0","0","0","0","2","0","1","","","","N","","","","","","","","","",""
"2009073226","","0","0","0","0","0","0","0","0","0","0","0","","02","7","2009","4","40.482531","-79.809297","","11","0","0","0","0","0","0","0","0","","0","0","0","","","1","","0","","40 28:57.111","","0","79 48:33.469","8","0","0","1","2113","0","0","0","N","0","0","0","1","02113","0","","1.0","","1","N","N","","0","","0","0","0","","0","","","1","1","0","0","0","1","0","2","0","1","","","","N","","","","","","","","","",""
"2009073228","","1","0","0","0","0","0","0","0","0","4","0","","02","7","2009","7","40.426292","-79.963576","","11","0","0","0","0","0","0","0","0","","0","0","0","","","0","","1","","40 25:34.651","","0","79 57:48.873","9","0","0","0","2301","0","0","0","N","0","0","0","2","02301","0","","1.0","","1","N","N","","0","","0","0","0","","2","","","2","0","0","0","0","0","2","2","0","2","","","","N","","","","","","","","","",""
"2009073231","","2","0","0","0","0","0","0","0","0","4","0","","02","7","2009","3","40.459322","-79.927167","","11","0","0","0","0","0","0","0","0","1","0","0","0","","","0","","0","","40 27:33.560","3","7","79 55:37.800","0","0","0","0","2301","0","0","0","N","0","0","0","4","02301","0","","1.0","","1","N","N","","0","","0","0","0","","0","N","","2","0","0","0","0","0","0","2","0","2","","","","N","","","","","","","","","",""
"2009073233","","0","0","0","0","0","0","0","0","0","8","0","","02","7","2009","3","40.430332","-80.007367","","11","0","0","0","0","0","0","0","0","","0","0","0","","","1","","2","","40 25:49.195","","0","80 00:26.521","8","0","0","0","2301","1","0","0","N","1","0","0","2","02301","0","","1.0","","1","N","N","","0","","0","0","1","","0","","","2","1","0","0","0","1","0","2","0","1","","","","N","","","","","","","","","",""
"2009073247","","1","0","0","0","0","0","0","0","0","7","0","","02","7","2009","3","40.438004","-79.98265","","11","0","0","0","0","0","1","0","0","","0","0","0","","","0","","2","","40 26:16.814","","0","79 58:57.540","0","0","0","0","2301","0","0","0","N","0","0","0","1","02301","0","","5.0","","1","N","N","","0","","0","0","0","","0","","","1","0","0","0","0","0","0","2","0","1","","","","N","","","","","","","","","",""
"2009073253","","0","0","0","0","0","0","0","0","0","1","0","","02","7","2009","3","40.480501","-79.849607","","11","0","0","0","0","0","0","0","0","","0","0","0","","","1","","0","","40 28:49.802","","0","79 50:58.586","8","0","0","0","2113","0","0","0","N","0","0","0","2","02113","0","","1.0","","1","N","N","","1","","0","0","1","","0","","","2","1","0","0","0","1","0","2","0","2","","","","N","","","","","","","","","",""
"2009073254","","1","0","0","0","0","0","0","0","0","4","0","","02","7","2009","3","40.537522","-80.011307","","11","0","0","0","0","0","1","0","0","1","0","0","0","","","1","","1","","40 32:15.080","2","0","80 00:40.705","4","0","0","0","2116","0","0","0","N","0","0","0","4","02116","1","","1.0","","1","N","N","","0","","0","0","1","","2","Y","","2","1","0","0","0","0","0","2","0","2","","","","N","","","","","","","","","",""
"2009073255","","2","0","0","0","0","0","0","0","0","1","0","","02","7","2009","3","40.419162","-79.756779","","11","1","1","0","0","0","0","0","0","","0","0","0","","","0","","0","","40 25:08.983","","0","79 45:24.403","0","0","0","0","2446","0","0","0","N","0","0","0","3","02446","0","","1.0","","1","N","N","","0","","0","0","0","","0","","","2","0","0","0","0","0","0","2","0","2","","","","N","","","","","","","","","",""
"2009073263","","0","0","0","0","0","0","0","0","0","4","0","","02","7","2009","2","40.333537","-80.133396","","11","0","0","0","0","0","1","0","0","1","0","0","0","","","2","","2","","40 20:00.732","2","0","80 08:00.226","8","0","0","0","2119","0","0","0","N","0","0","0","2","02119","0","","1.0","","9","N","N","","0","","0","0","1","","3","N","","2","2","0","0","0","2","0","2","1","2","","","","N","","","","","","","","","",""
"2009073264","","2","0","0","0","0","0","0","0","0","4","0","","02","7","2009","3","40.512414","-79.997594","","11","0","0","0","0","0","0","0","2","","0","0","0","","","0","","0","","40 30:44.691","","0","79 59:51.340","0","0","0","0","2116","0","0","0","N","0","0","0","2","02116","0","","1.0","","1","N","N","","0","","0","0","0","","0","","","2","0","0","0","0","0","0","2","0","2","","","","N","","","","","","","","","",""
"2009073274","","1","0","0","0","0","0","0","0","0","7","0","","02","7","2009","3","40.502983","-79.976238","","11","0","0","0","0","0","0","0","0","1","0","0","0","","","0","","0","","40 30:10.738","5","0","79 58:34.456","0","0","0","1","2118","0","0","0","N","0","0","0","1","02118","0","","5.0","","1","N","N","","0","","0","0","0","","0","Y","","2","0","0","0","0","0","0","2","0","2","","","","N","","","","","","","","","",""