"CRN","ARRIVAL_TM","AUTOMOBILE_COUNT","BELTED_DEATH_COUNT","BELTED_SUSP_SERIOUS_INJ_COUNT","BICYCLE_COUNT","BICYCLE_DEATH_COUNT","BICYCLE_SUSP_SERIOUS_INJ_COUNT","BUS_COUNT","CHLDPAS_DEATH_COUNT","CHLDPAS_SUSP_SERIOUS_INJ_COUNT","COLLISION_TYPE","COMM_VEH_COUNT","CONS_ZONE_SPD_LIM","COUNTY","CRASH_MONTH","CRASH_YEAR","DAY_OF_WEEK","DEC_LATITUDE","DEC_LONGITUDE","DISPATCH_TM","DISTRICT","DRIVER_COUNT_16YR","DRIVER_COUNT_17YR","DRIVER_COUNT_18YR","DRIVER_COUNT_19YR","DRIVER_COUNT_20YR","DRIVER_COUNT_50_64YR","DRIVER_COUNT_65_74YR","DRIVER_COUNT_75PLUS","EST_HRS_CLOSED","FATAL_COUNT","HEAVY_TRUCK_COUNT","HORSE_BUGGY_COUNT","HOUR_OF_DAY","ILLUMINATION","INJURY_COUNT","INTERSECTION_RELATED","INTERSECT_TYPE","LANE_CLOSED","LATITUDE","LN_CLOSE_DIR","LOCATION_TYPE","LONGITUDE","MAX_SEVERITY_LEVEL","MCYCLE_DEATH_COUNT","MCYCLE_SUSP_SERIOUS_INJ_COUNT","MOTORCYCLE_COUNT","MUNICIPALITY","NONMOTR_COUNT","NONMOTR_DEATH_COUNT","NONMOTR_SUSP_SERIOUS_INJ_COUNT","NTFY_HIWY_MAINT","PED_COUNT","PED_DEATH_COUNT","PED_SUSP_SERIOUS_INJ_COUNT","PERSON_COUNT","POLICE_AGCY","POSSIBLE_INJ_COUNT","RDWY_SURF_TYPE_CD","RELATION_TO_ROAD","ROADWAY_CLEARED","ROAD_CONDITION","SCH_BUS_IND","SCH_ZONE_IND","SECONDARY_CRASH","SMALL_TRUCK_COUNT","SPEC_JURIS_CD","SUSP_MINOR_INJ_COUNT","SUSP_SERIOUS_INJ_COUNT","SUV_COUNT","TCD_FUNC_CD","TCD_TYPE","TFC_DETOUR_IND","TIME_OF_DAY","TOTAL_UNITS","TOT_INJ_COUNT","UNBELTED_OCC_COUNT","UNB_DEATH_COUNT","UNB_SUSP_SERIOUS_INJ_COUNT","UNK_INJ_DEG_COUNT","UNK_INJ_PER_COUNT","URBAN_RURAL","VAN_COUNT","VEHICLE_COUNT","WEATHER1","WEATHER2","WORKERS_PRES","WORK_ZONE_IND","WORK_ZONE_LOC","WORK_ZONE_TYPE","WZ_CLOSE_DETOUR","WZ_FLAGGER","WZ_LAW_OFFCR_IND","WZ_LN_CLOSURE","WZ_MOVING","WZ_OTHER","WZ_SHLDER_MDN","WZ_WORKERS_INJ_KILLED"
"2009074984","","1","0","0","0","0","0","0","0","0","8","0","","02","7","2009","7","40.460049","-80.023264","","11","0","0","0","0","0","0","0","0","","0","0","0","","","1","","0","","40 27:36.176","","0","80 01:23.750","8","0","0","0","2301","1","0","0","N","1","0","0","2","02301","0","","1.0","","1","N","N","","0","","0","0","0","","0","","","2","1","0","0","0","1","0","2","0","1","","","","N","","","","","","","","","",""
"2009074997","","0","0","0","0","0","0","0","0","0","7","0","","02","7","2009","4","40.381163","-79.813921","","11","0","1","0","0","0","0","0","0","1","0","0","0","","","0","","0","","40 22:52.185","4","0","79 48:50.117","0","0","0","0","2424","0","0","0","N","0","0","0","1","02111","0","","5.0","","1","N","N","","1","","0","0","0","","0","N","","1","0","1","0","0","0","0","2","0","1","","","","N","","","","","","","","","",""
"2009074998","","1","0","0","0","0","0","0","0","0","1","0","","02","7","2009","1","40.429582","-79.997533","","11","0","0","0","0","0","0","0","1","","0","0","0","","","0","","0","","40 25:46.495","","0","79 59:51.119","9","0","0","0","2301","0","0","0","N","0","0","0","3","02301","0","","1.0","","1","N","N","","1","","0","0","0","","0","","","2","0","0","0","0","0","1","2","0","2","","","","N","","","","","","","","","",""
"2009074999","","1","0","0","0","0","0","0","0","0","4","0","","02","7","2009","1","40.439032","-79.998133","","11","0","0","0","0","0","1","0","0","","0","0","0","","","0","","1","","40 26:20.515","","0","79 59:53.278","0","0","0","0","2301","0","0","0","N","0","0","0","4","02301","0","","1.0","","1","N","N","","0","","0","0","1","","2","","","2","0","0","0","0","0","0","2","0","2","","","","N","","","","","","","","","",""
"2009075005","","0","0","0","0","0","0","0","0","0","7","0","","02","7","2009","7","40.586445","-79.895303","","11","0","0","0","0","0","0","0","0","3","0","0","0","","","0","","0","","40 35:11.201","5","3","79 53:43.092","0","0","0","0","2209","0","0","0","N","0","0","0","1","02209","0","","2.0","","98","N","N","","1","","0","0","0","","0","N","","1","0","0","0","0","0","0","2","0","1","","","","N","","","","","","","","","",""
"2009075009","","0","0","0","0","0","0","0","0","0","7","0","","02","7","2009","1","40.361377","-79.803685","","11","0","0","0","0","0","0","0","0","","0","0","0","","","0","","0","","40 21:40.956","","0","79 48:13.267","0","0","0","0","2477","0","0","0","N","0","0","0","1","02477","0","","5.0","","1","N","N","","0","","0","0","1","","0","","","1","0","0","0","0","0","0","2","0","1","","","","N","","","","","","","","","",""
"2009075010","","2","0","0","0","0","0","0","0","0","1","0","","02","7","2009","7","40.405303","-80.01886","","11","0","0","0","0","0","0","0","0","","0","0","0","","","1","","1","","40 24:19.089","","0","80 01:07.895","4","0","0","0","2301","0","0","0","N","0","0","0","5","02301","1","","1.0","","1","N","N","","0","","0","0","0","","2","","","2","1","0","0","0","0","0","2","0","2","","","","N","","","","","","","","","",""
"2009075013","","0","0","0","0","0","0","0","0","0","4","0","","02","7","2009","6","40.457209","-79.904368","","11","0","0","0","0","0","1","0","0","4","0","0","0","","","0","","1","","40 27:25.954","7","0","79 54:15.724","0","0","0","0","2301","0","0","0","N","0","0","0","3","02301","0","","1.0","","1","N","N","","1","","0","0","0","","2","Y","","2","0","0","0","0","0","0","2","1","2","","","","N","","","","","","","","","",""
"2009075029","","2","0","0","0","0","0","1","0","0","4","1","","02","7","2009","1","40.43722","-79.922918","","11","0","0","0","0","0","0","0","1","1","0","0","0","","","1","","10","","40 26:13.991","1","0","79 55:22.506","4","0","0","0","2301","0","0","0","N","0","0","0","4","02503","1","","1.0","","1","N","N","","0","","0","0","0","","0","N","","3","1","0","0","0","0","0","2","0","3","","","","N","","","","","","","","","",""
"2009075035","","2","0","0","0","0","0","0","0","0","4","0","","02","7","2009","5","40.617023","-79.957828","","11","0","0","0","0","0","1","0","0","1","0","0","0","","","0","","2","","40 37:01.282","2","0","79 57:28.180","0","0","0","0","2217","0","0","0","N","0","0","0","2","02505","0","","1.0","","9","N","N","","0","","0","0","0","","3","N","","2","0","0","0","0","0","0","2","0","2","","","","N","","","","","","","","","",""
"2009075044","","2","0","0","0","0","0","0","0","0","4","0","","02","6","2009","6","40.431657","-80.002901","","11","0","0","0","0","0","1","0","0","","0","0","0","","","2","","0","","40 25:53.965","","0","80 00:10.445","3","0","0","0","2301","0","0","0","N","0","0","0","6","02301","1","","1.0","","9","N","N","","0","","1","0","0","","0","","","2","2","0","0","0","0","0","2","0","2","","","","N","","","","","","","","","",""
"2009075049","","3","0","0","0","0","0","0","0","0","1","0","","02","7","2009","4","40.490009","-79.905433","","11","0","0","0","0","0","2","1","0","","0","0","0","","","1","","2","","40 29:24.031","","0","79 54:19.557","3","0","0","0","2401","0","0","0","N","0","0","0","4","02401","0","","1.0","","1","N","N","","0","","1","0","0","","2","","","3","1","0","0","0","0","0","2","0","3","","","","N","","","","","","","","","",""
"2009075050","","0","0","0","0","0","0","0","0","0","1","0","","02","7","2009","2","40.36744","-79.77875","","11","0","0","0","0","0","3","0","0","2","0","0","0","","","1","","0","","40 22:02.785","4","0","79 46:43.499","8","0","0","2","2111","0","0","0","N","0","0","0","3","02111","0","","1.0","","1","N","N","","1","","0","0","0","","2","Y","","3","1","0","0","0","1","0","2","0","3","","","","N","","","","","","","","","",""
"2009075058","","2","0","0","0","0","0","0","0","0","4","0","","02","7","2009","1","40.391018","-79.810814","","11","0","0","0","0","0","0","0","0","1","0","0","0","","","1","","0","","40 23:27.664","2","0","79 48:38.930","4","0","0","0","2479","0","0","0","N","0","0","0","2","02111","1","","4.0","","1","N","N","","0","","0","0","0","","0","N","","2","1","2","0","0","0","0","2","0","2","","","","N","","","","","","","","","",""
"2009075140","","2","0","0","0","0","0","0","0","0","6","0","","02","7","2009","1","40.418267","-79.974377","","11","0","0","0","0","0","0","0","0","","0","0","0","","","0","","2","","40 25:05.761","","0","79 58:27.757","9","0","0","0","2301","0","0","0","N","0","0","0","2","02301","0","","1.0","","1","N","N","","0","","0","0","0","","3","","","2","0","0","0","0","0","1","2","0","2","","","","N","","","","","","","","","",""
"2009075146","","0","0","0","0","0","0","0","0","0","0","0","","02","7","2009","1","40.441759","-79.991982","","11","0","0","1","0","0","0","0","0","","0","0","0","","","1","","5","","40 26:30.331","","0","79 59:31.134","3","0","0","1","2301","0","0","0","N","0","0","0","1","02301","0","","1.0","","3","N","N","","0","","1","0","0","","2","","","1","1","0","0","0","0","0","2","0","1","","","","N","","","","","","","","","",""
"2009075151","","2","0","0","0","0","0","0","0","0","1","0","","02","7","2009","4","40.442258","-79.713333","","11","0","0","0","0","0","0","0","0","","0","0","0","","","0","","0","","40 26:32.130","","7","79 42:48.000","0","0","0","0","2446","0","0","0","N","0","0","0","3","02446","0","","1.0","","1","N","N","","0","","0","0","1","","2","","","3","0","0","0","0","0","0","2","0","3","","","","N","","","","","","","","","",""
"2009075161","","1","0","0","0","0","0","0","0","0","7","0","","02","7","2009","1","40.348168","-79.947286","","11","0","0","0","0","0","0","0","0","1","0","0","0","","","0","","1","","40 20:53.403","3","0","79 56:50.231","9","0","0","0","2473","0","0","0","N","0","0","0","1","02473","0","","4.0","","1","N","N","","0","","0","0","0","","2","N","","1","0","0","0","0","0","1","2","0","1","","","","N","","","","","","","","","",""
"2009075164","","1","0","0","0","0","0","1","0","0","4","1","","02","7","2009","1","40.442777","-79.996864","","11","0","0","0","0","1","0","0","0","2","0","0","0","","","1","","1","","40 26:33.997","5","0","79 59:48.710","4","0","0","0","2301","0","0","0","N","0","0","0","5","02503","1","","1.0","","1","N","N","","0","","0","0","0","","2","Y","","2","1","2","0","0","0","0","2","0","2","","","","N","","","","","","","","","",""
"2009075174","","2","0","0","0","0","0","0","0","0","7","0","","02","7","2009","1","40.37652","-79.938688","","11","0","0","0","1","0","0","0","0","","0","0","0","","","0","","0","","40 22:35.472","","0","79 56:19.275","9","0","0","0","2301","0","0","0","N","0","0","0","1","02301","0","","5.0","","1","N","N","","0","","0","0","0","","0","","","2","0","1","0","0","0","1","2","0","2","","","","N","","","","","","","","","",""
"2009075183","","1","0","0","0","0","0","0","0","0","4","0","","02","7","2009","5","40.583756","-79.881489","","11","0","0","0","0","1","1","0","0","1","0","0","0","","","0","","0","","40 35:01.522","6","0","79 52:53.361","0","0","0","0","2209","0","0","0","N","0","0","0","4","02209","0","","1.0","","9","N","N","","0","","0","0","0","","0","N","","2","0","0","0","0","0","0","2","1","2","","","","N","","","","","","","","","",""
"2009075197","","2","0","0","0","0","0","0","0","0","1","0","","02","7","2009","5","40.425727","-79.90405","","11","0","0","0","0","0","1","0","0","","0","0","0","","","4","","0","","40 25:32.616","","3","79 54:14.580","4","0","0","0","2301","0","0","0","N","0","0","0","4","68B03","4","","1.0","","1","N","N","","0","","0","0","1","","0","","","3","4","0","0","0","0","0","2","0","3","","","","N","","","","","","","","","",""
"2009075198","","1","0","0","0","0","0","0","0","0","7","0","","02","7","2009","5","40.4845","-80.1237","","11","0","0","0","0","0","1","0","0","","0","0","0","","","0","","0","","40 29:04.200","","0","80 07:25.320","0","0","0","0","2115","0","0","0","N","0","0","0","1","68B03","0","","5.0","","1","N","N","","0","","0","0","0","","0","","","1","0","0","0","0","0","0","2","0","1","","","","N","","","","","","","","","",""
"2009075248","","1","0","0","0","0","0","0","0","0","7","0","","02","7","2009","2","40.442956","-79.818349","","11","0","0","0","0","0","0","0","0","","0","0","0","","","0","","0","","40 26:34.642","","0","79 49:06.055","0","0","0","0","2113","0","0","0","Y","0","0","0","1","02113","0","","5.0","","1","N","N","","0","","0","0","0","","0","","","1","0","0","0","0","0","0","2","0","1","","","","N","","","","","","","","","",""
"2009075254","","2","0","0","0","0","0","0","0","0","4","0","","02","7","2009","4","40.399738","-80.044158","","11","0","0","0","0","1","0","0","0","","0","0","0","","","1","","10","","40 23:59.056","","0","80 02:38.970","4","0","0","0","2301","0","0","0","N","0","0","0","2","02301","1","","1.0","","1","N","N","","0","","0","0","0","","0","","","2","1","0","0","0","0","0","2","0","2","","","","N","","","","","","","","","",""
"2009075268","","2","0","0","0","0","0","0","0","0","5","0","","02","7","2009","2","40.454029","-79.912399","","11","0","0","0","1","0","0","0","0","","0","0","0","","","1","","1","","40 27:14.504","","0","79 54:44.638","4","0","0","0","2301","0","0","0","N","0","0","0","2","02301","1","","1.0","","1","N","N","","0","","0","0","0","","2","","","2","1","0","0","0","0","0","2","0","2","","","","N","","","","","","","","","",""
"2009075284","","1","0","0","0","0","0","0","0","0","4","0","","02","7","2009","2","40.450659","-79.912192","","11","0","0","0","0","0","0","0","0","1","0","0","0","","","0","","0","","40 27:02.372","2","7","79 54:43.891","0","0","0","0","2301","0","0","0","N","0","0","0","3","02301","0","","1.0","","1","N","N","","1","","0","0","0","","0","N","","2","0","0","0","0","0","0","2","0","2","","","","N","","","","","","","","","",""
"2009075286","","1","0","0","0","0","0","0","0","0","6","0","","02","7","2009","2","40.457258","-79.973578","","11","0","0","0","0","1","1","0","0","","0","0","0","","","0","","1","","40 27:26.128","","0","79 58:24.880","0","0","0","1","2301","0","0","0","N","0","0","0","2","02301","0","","1.0","","1","N","N","","0","","0","0","0","","0","","","2","0","0","0","0","0","0","2","0","2","","","","N","","","","","","","","","",""
"2009075287","","1","0","0","0","0","0","0","0","0","1","0","","02","7","2009","2","40.458338","-79.999318","","11","0","0","0","0","0","1","0","0","","0","0","0","","","1","","7","","40 27:30.018","","2","79 59:57.543","4","0","0","0","2301","0","0","0","N","0","0","0","2","02301","1","","1.0","","1","N","N","","1","","0","0","0","","3","","","2","1","0","0","0","0","0","2","0","2","","","","N","","","","","","","","","",""
"2009075288","","0","0","0","0","0","0","0","0","0","4","0","","02","7","2009","2","40.424767","-79.927013","","11","0","0","0","0","0","0","0","0","","0","0","0","","","1","","2","","40 25:29.160","","0","79 55:37.246","4","0","0","0","2301","0","0","0","N","0","0","0","3","02301","1","","1.0","","1","N","N","","0","","0","0","2","","3","","","2","1","0","0","0","0","0","2","0","2","","","","N","","","","","","","","","",""
"2009075297","","1","0","0","0","0","0","0","0","0","2","0","","02","7","2009","7","40.320817","-79.931364","","11","0","0","0","1","0","0","0","0","1","0","0","0","","","2","","0","","40 19:14.940","6","0","79 55:52.910","8","0","0","0","2440","0","0","0","N","0","0","0","2","02440","0","","1.0","","9","N","N","","1","","0","0","0","","0","N","","2","2","0","0","0","2","0","2","0","2","","","","N","","","","","","","","","",""
"2009075299","","0","0","0","0","0","0","0","0","0","0","0","","02","7","2009","2","40.364981","-80.062103","","11","0","0","0","0","0","0","0","0","3","0","0","0","","","0","","0","","40 21:53.931","5","0","80 03:43.570","0","0","0","0","2109","0","0","0","Y","0","0","0","4","02109","0","","1.0","","1","N","N","","0","","0","0","1","","0","Y","","1","0","0","0","0","0","0","2","0","1","","","","N","","","","","","","","","",""
"2009075300","","1","0","0","0","0","0","0","0","0","4","0","","02","7","2009","2","40.460202","-79.969305","","11","0","0","0","0","0","1","0","0","1","0","0","0","","","2","","2","","40 27:36.727","4","0","79 58:09.498","8","0","0","0","2301","0","0","0","N","0","0","0","2","02301","0","","1.0","","1","N","N","","0","","0","0","0","","0","N","","2","2","0","0","0","2","0","2","1","2","","","","N","","","","","","","","","",""
"2009075302","","1","0","0","0","0","0","0","0","0","1","0","","02","7","2009","2","40.313204","-80.088946","","11","0","0","0","0","0","0","0","0","","0","0","0","","","1","","0","","40 18:47.534","","0","80 05:20.205","3","0","0","0","2123","0","0","0","N","0","0","0","5","02123","0","","1.0","","1","N","N","","1","","1","0","0","","0","","","3","1","0","0","0","0","0","2","1","3","","","","N","","","","","","","","","",""
"2009075309","","0","0","0","0","0","0","0","0","0","1","0","","02","7","2009","2","40.400041","-79.905061","","11","0","0","0","0","0","0","1","0","1","0","0","0","","","0","","0","","40 24:00.149","2","0","79 54:18.220","0","0","0","0","2448","0","0","0","N","0","0","0","2","02448","0","","1.0","","1","","N","","1","","0","0","1","","0","N","","2","0","0","0","0","0","0","2","0","2","","","","N","","","","","","","","","",""
"2009075311","","0","0","0","0","0","0","0","0","0","1","0","","02","7","2009","3","40.383093","-79.904469","","11","0","0","0","0","0","0","0","0","1","0","0","0","","","0","","0","","40 22:59.134","1","0","79 54:16.087","0","0","0","1","2448","0","0","0","N","0","0","0","1","02448","0","","6.0","","1","N","N","","1","","0","0","0","","3","N","","2","0","0","0","0","0","0","2","0","2","","","","N","","","","","","","","","",""
"2009075312","","2","0","0","0","0","0","0","0","0","1","0","","02","7","2009","2","40.414278","-79.993909","","11","0","0","0","0","0","0","0","1","","0","0","0","","","0","","0","","40 24:51.400","","0","79 59:38.072","0","0","0","0","2301","0","0","0","N","0","0","0","2","02301","0","","1.0","","1","N","N","","0","","0","0","0","","0","","","2","0","0","0","0","0","0","2","0","2","","","","N","","","","","","","","","",""
"2009075315","","1","0","0","0","0","0","0","0","0","4","0","","02","7","2009","2","40.431664","-79.958734","","11","0","0","0","0","0","1","0","0","1","0","0","0","","","2","","5","","40 25:53.989","2","2","79 57:31.444","4","0","0","0","2301","0","0","0","N","0","0","0","3","02301","2","","1.0","","1","N","N","","0","","0","0","0","","0","Y","","2","2","1","0","0","0","0","2","1","2","","","","N","","","","","","","","","",""
"2009075316","","1","0","0","0","0","0","0","0","0","8","0","","02","7","2009","2","40.483578","-80.024007","","11","0","0","0","0","0","0","0","0","","0","0","0","","","1","","10","","40 29:00.880","","0","80 01:26.425","8","0","0","0","2301","1","0","0","N","1","0","0","2","02301","0","","5.0","","1","N","N","","0","","0","0","0","","0","","","2","1","0","0","0","1","0","2","0","1","","","","N","","","","","","","","","",""
"2009075322","","2","0","0","0","0","0","0","0","0","1","0","","02","7","2009","2","40.532677","-79.958507","","11","0","0","0","0","0","1","0","0","2","0","0","0","","","2","","0","","40 31:57.636","5","0","79 57:30.624","8","0","0","0","2118","0","0","0","N","0","0","0","2","02118","0","","1.0","","1","N","N","","0","","0","0","0","","0","N","","2","2","1","0","0","2","0","2","0","2","","","","N","","","","","","","","","",""
"2009075323","","1","0","0","0","0","0","0","0","0","1","0","","02","7","2009","5","40.439659","-80.0905","","11","0","0","0","0","0","0","0","0","2","0","0","0","","","1","","0","","40 26:22.773","2","7","80 05:25.800","3","0","0","0","2115","0","0","0","N","0","0","0","1","02115","0","","1.0","","1","N","N","","1","","1","0","0","","0","N","","2","1","0","0","0","0","0","2","0","2","","","","N","","","","","","","","","",""
"2009075324","","2","0","0","0","0","0","0","0","0","1","0","","02","7","2009","7","40.450855","-80.138603","","11","0","0","0","1","0","1","0","0","1","0","0","0","","","0","","2","","40 27:03.079","2","0","80 08:18.970","0","0","0","0","2115","0","0","0","N","0","0","0","2","02115","0","","1.0","","1","N","N","","0","","0","0","0","","3","N","","2","0","0","0","0","0","0","2","0","2","","","","N","","","","","","","","","",""
"2009075325","","1","0","0","0","0","0","0","0","0","1","1","","02","7","2009","5","40.330062","-80.058895","","11","0","0","1","0","0","0","0","0","1","0","1","0","","","0","","0","","40 19:48.223","3","0","80 03:32.022","0","0","0","0","2407","0","0","0","N","0","0","0","2","02407","0","","1.0","","9","N","N","","0","","0","0","0","","0","N","","2","0","1","0","0","0","0","2","0","2","","","","N","","","","","","","","","",""
"2009075326","","1","0","0","0","0","0","0","0","0","4","0","","02","7","2009","5","40.517211","-80.160538","","11","0","0","0","0","0","0","1","0","","0","0","0","","","2","","1","","40 31:01.960","","0","80 09:37.937","4","0","0","0","2420","0","0","0","N","0","0","0","2","02420","2","","1.0","","9","N","N","","0","","0","0","1","","2","","","2","2","0","0","0","0","0","2","0","2","","","","N","","","","","","","","","",""
"2009075327","","1","0","0","0","0","0","0","0","0","1","0","","02","7","2009","2","40.535917","-80.183034","","11","0","0","0","0","1","0","0","0","1","0","0","0","","","0","","1","","40 32:09.302","2","0","80 10:58.924","0","0","0","0","2458","0","0","0","N","0","0","0","2","02458","0","","1.0","","1","N","N","","0","","0","0","1","","1","N","","2","0","0","0","0","0","0","2","0","2","","","","N","","","","","","","","","",""
"2009075354","","1","0","0","0","0","0","0","0","0","7","0","","02","7","2009","7","40.427538","-79.890674","","11","0","0","0","0","0","0","0","0","1","0","0","0","","","1","","0","","40 25:39.137","3","0","79 53:26.425","4","0","0","0","2426","0","0","0","N","0","0","0","1","68B03","1","","3.0","","1","N","N","","0","","0","0","0","","0","N","","1","1","0","0","0","0","0","2","0","1","","","","N","","","","","","","","","",""
"2009075355","","1","0","0","0","0","0","0","0","0","7","0","","02","7","2009","1","40.429301","-79.931513","","11","0","0","0","0","0","1","0","0","","0","0","0","","","0","","0","","40 25:45.483","","2","79 55:53.446","0","0","0","0","2301","0","0","0","N","0","0","0","1","68B03","0","","4.0","","1","N","N","","0","","0","0","0","","0","","","1","0","0","0","0","0","0","2","0","1","","","","N","","","","","","","","","",""
"2009075356","","1","0","0","0","0","0","0","0","0","1","0","","02","7","2009","2","40.439397","-79.759518","","11","0","0","0","1","1","0","0","0","","0","0","0","","","0","","0","","40 26:21.829","","2","79 45:34.266","0","0","0","0","2446","0","0","0","N","0","0","0","2","68B03","0","","1.0","","1","N","N","","0","","0","0","1","","4","","","2","0","0","0","0","0","0","2","0","2","","","","N","","","","","","","","","",""
"2009075357","","0","0","0","0","0","0","0","0","0","1","1","","02","7","2009","5","40.648998","-80.094802","","11","0","0","0","0","0","1","0","0","","0","1","0","","","1","","0","","40 38:56.391","","0","80 05:41.286","8","0","0","0","2212","0","0","0","N","0","0","0","3","68B03","0","","1.0","","1","N","N","","2","","0","0","0","","0","","","3","1","0","0","0","1","0","2","0","3","","","","N","","","","","","","","","",""
"2009075358","","0","0","0","0","0","0","0","0","0","7","0","","02","7","2009","5","40.429296","-79.93152","","11","0","0","1","0","0","0","0","0","","0","0","0","","","0","","0","","40 25:45.467","","2","79 55:53.471","0","0","0","0","2301","0","0","0","Y","0","0","0","2","68B03","0","","2.0","","1","N","N","","0","","0","0","1","","0","","","1","0","0","0","0","0","0","2","0","1","","","","N","","","","","","","","","",""
"2009075359","","1","0","0","0","0","0","0","0","0","7","0","","02","7","2009","6","40.431766","-79.959046","","11","0","0","0","0","0","0","0","0","2","0","0","0","","","0","","0","","40 25:54.357","4","3","79 57:32.567","0","0","0","0","2301","0","0","0","N","0","0","0","2","68B03","0","","4.0","","1","N","N","","0","","0","0","0","","0","N","","1","0","0","0","0","0","0","2","0","1","","","","N","","","","","","","","","",""
"2009075360","","0","0","0","0","0","0","0","0","0","1","0","","02","7","2009","7","40.485716","-80.008464","","11","0","0","0","0","0","0","0","0","","0","0","0","","","0","","0","","40 29:08.576","","0","80 00:30.471","0","0","0","0","2301","0","0","0","N","0","0","0","2","68B03","0","","1.0","","1","N","N","","1","","0","0","1","","0","","","2","0","0","0","0","0","0","2","0","2","","","","N","","","","","","","","","",""
"2009075438","","1","0","0","0","0","0","0","0","0","7","0","","02","3","2009","1","40.486526","-79.918865","","11","0","0","0","0","0","0","0","0","9","0","0","0","","","1","","0","","40 29:11.495","5","0","79 55:07.915","4","0","0","0","2301","0","0","0","Y","0","0","0","1","02301","1","","4.0","","1","N","N","","0","","0","0","0","","0","Y","","1","1","0","0","0","0","0","2","0","1","","","","N","","","","","","","","","",""
"2009075460","","1","0","0","0","0","0","0","0","0","7","0","","02","6","2009","6","40.477409","-79.968473","","11","0","0","0","0","0","0","0","0","1","0","0","0","","","0","","7","","40 28:38.674","1","2","79 58:06.503","0","0","0","0","2445","0","0","0","N","0","0","0","1","02445","0","","2.0","","9","N","N","","0","","0","0","0","","0","N","","1","0","0","0","0","0","0","2","0","1","","","","N","","","","","","","","","",""
"2009075465","","1","0","0","0","0","0","0","0","0","0","0","","02","7","2009","5","40.333894","-79.896959","","11","0","0","0","0","0","0","0","0","2","0","0","0","","","1","","0","","40 20:02.018","5","0","79 53:49.051","4","0","0","0","2473","0","0","0","N","0","0","0","1","02473","1","","1.0","","1","N","N","","0","","0","0","0","","0","Y","","1","1","0","0","0","0","0","2","0","1","","","","N","","","","","","","","","",""
"2009075466","","1","0","0","0","0","0","0","0","0","4","0","","02","7","2009","2","40.45914","-79.919738","","11","0","0","0","0","0","0","0","0","","0","0","0","","","0","","0","","40 27:32.903","","7","79 55:11.057","9","0","0","0","2301","0","0","0","N","0","0","0","2","02301","0","","1.0","","1","N","N","","0","","0","0","1","","2","","","2","0","0","0","0","0","2","2","0","2","","","","N","","","","","","","","","",""
"2009075468","","1","0","0","1","0","0","0","0","0","8","0","","02","7","2009","2","40.409431","-79.995424","","11","0","0","0","0","0","0","0","0","","0","0","0","","","1","","1","","40 24:33.951","","0","79 59:43.526","4","0","0","0","2301","1","0","0","N","0","0","0","3","02301","1","","1.0","","1","N","N","","0","","0","0","0","","0","","","2","1","0","0","0","0","0","2","0","1","","","","N","","","","","","","","","",""
"2009075470","","1","0","0","0","0","0","0","0","0","7","0","","02","7","2009","2","40.458338","-79.999318","","11","0","0","0","0","0","0","0","0","","0","0","0","","","1","","2","","40 27:30.018","","2","79 59:57.543","8","0","0","0","2301","0","0","0","N","0","0","0","1","02301","0","","4.0","","1","N","N","","0","","0","0","0","","0","","","1","1","0","0","0","1","0","2","0","1","","","","N","","","","","","","","","",""
"2009075471","","2","0","0","0","0","0","0","0","0","1","0","","02","7","2009","2","40.630612","-80.057409","","11","0","0","0","0","0","2","0","0","1","0","0","0","","","1","","1","","40 37:50.202","2","0","80 03:26.673","4","0","0","0","2216","0","0","0","N","0","0","0","4","02505","1","","1.0","","1","N","N","","0","","0","0","1","","2","N","","3","1","0","0","0","0","0","1","0","3","","","","N","","","","","","","","","",""
"2009075477","","2","0","0","0","0","0","0","0","0","1","0","","02","7","2009","5","40.364131","-80.086883","","11","0","0","0","0","0","1","0","0","","0","0","0","","","0","","2","","40 21:50.871","","0","80 05:12.778","0","0","0","0","2117","0","0","0","N","0","0","0","4","02117","0","","1.0","","1","N","N","","0","","0","0","1","","0","","","3","0","0","0","0","0","0","2","0","3","","","","N","","","","","","","","","",""
"2009075484","","0","0","0","0","0","0","0","0","0","1","0","","02","7","2009","2","40.337886","-79.895022","","11","0","0","0","0","0","1","0","0","","0","1","0","","","0","","0","","40 20:16.389","","0","79 53:42.080","0","0","0","0","2473","0","0","0","N","0","0","0","3","02473","0","","1.0","","1","N","N","","0","","0","0","1","","0","","","2","0","0","0","0","0","0","2","0","2","","","","N","","","","","","","","","",""
"2009075487","","1","0","0","0","0","0","1","0","0","1","1","","02","7","2009","6","40.351825","-79.861879","","11","0","0","0","1","0","1","0","0","2","0","0","0","","","0","","0","","40 21:06.570","2","0","79 51:42.765","0","0","0","0","2304","0","0","0","N","0","0","0","3","02503","0","","1.0","","1","N","N","","0","","0","0","0","","0","N","","2","0","0","0","0","0","0","2","0","2","","","","N","","","","","","","","","",""
"2009075488","","0","0","0","0","0","0","0","0","0","7","0","","02","7","2009","2","40.286181","-79.827781","","11","0","0","0","0","0","0","0","0","3","0","0","0","","","3","","0","","40 17:10.252","6","0","79 49:40.013","8","0","0","0","2105","0","0","0","N","0","0","0","3","02105","0","","5.0","","1","N","N","","1","","0","0","0","","0","Y","","1","3","2","0","0","3","0","2","0","1","","","","N","","","","","","","","","",""