"CRN","ARRIVAL_TM","AUTOMOBILE_COUNT","BELTED_DEATH_COUNT","BELTED_SUSP_SERIOUS_INJ_COUNT","BICYCLE_COUNT","BICYCLE_DEATH_COUNT","BICYCLE_SUSP_SERIOUS_INJ_COUNT","BUS_COUNT","CHLDPAS_DEATH_COUNT","CHLDPAS_SUSP_SERIOUS_INJ_COUNT","COLLISION_TYPE","COMM_VEH_COUNT","CONS_ZONE_SPD_LIM","COUNTY","CRASH_MONTH","CRASH_YEAR","DAY_OF_WEEK","DEC_LATITUDE","DEC_LONGITUDE","DISPATCH_TM","DISTRICT","DRIVER_COUNT_16YR","DRIVER_COUNT_17YR","DRIVER_COUNT_18YR","DRIVER_COUNT_19YR","DRIVER_COUNT_20YR","DRIVER_COUNT_50_64YR","DRIVER_COUNT_65_74YR","DRIVER_COUNT_75PLUS","EST_HRS_CLOSED","FATAL_COUNT","HEAVY_TRUCK_COUNT","HORSE_BUGGY_COUNT","HOUR_OF_DAY","ILLUMINATION","INJURY_COUNT","INTERSECTION_RELATED","INTERSECT_TYPE","LANE_CLOSED","LATITUDE","LN_CLOSE_DIR","LOCATION_TYPE","LONGITUDE","MAX_SEVERITY_LEVEL","MCYCLE_DEATH_COUNT","MCYCLE_SUSP_SERIOUS_INJ_COUNT","MOTORCYCLE_COUNT","MUNICIPALITY","NONMOTR_COUNT","NONMOTR_DEATH_COUNT","NONMOTR_SUSP_SERIOUS_INJ_COUNT","NTFY_HIWY_MAINT","PED_COUNT","PED_DEATH_COUNT","PED_SUSP_SERIOUS_INJ_COUNT","PERSON_COUNT","POLICE_AGCY","POSSIBLE_INJ_COUNT","RDWY_SURF_TYPE_CD","RELATION_TO_ROAD","ROADWAY_CLEARED","ROAD_CONDITION","SCH_BUS_IND","SCH_ZONE_IND","SECONDARY_CRASH","SMALL_TRUCK_COUNT","SPEC_JURIS_CD","SUSP_MINOR_INJ_COUNT","SUSP_SERIOUS_INJ_COUNT","SUV_COUNT","TCD_FUNC_CD","TCD_TYPE","TFC_DETOUR_IND","TIME_OF_DAY","TOTAL_UNITS","TOT_INJ_COUNT","UNBELTED_OCC_COUNT","UNB_DEATH_COUNT","UNB_SUSP_SERIOUS_INJ_COUNT","UNK_INJ_DEG_COUNT","UNK_INJ_PER_COUNT","URBAN_RURAL","VAN_COUNT","VEHICLE_COUNT","WEATHER1","WEATHER2","WORKERS_PRES","WORK_ZONE_IND","WORK_ZONE_LOC","WORK_ZONE_TYPE","WZ_CLOSE_DETOUR","WZ_FLAGGER","WZ_LAW_OFFCR_IND","WZ_LN_CLOSURE","WZ_MOVING","WZ_OTHER","WZ_SHLDER_MDN","WZ_WORKERS_INJ_KILLED"
"2009075493","","1","0","0","0","0","0","0","0","0","7","0","","02","7","2009","1","40.478927","-79.943192","","11","0","0","0","0","0","0","0","0","","0","0","0","","","1","","0","","40 28:44.137","","0","79 56:35.491","4","0","0","0","2301","0","0","0","N","0","0","0","1","02301","1","","2.0","","1","N","N","","0","","0","0","0","","0","","","1","1","0","0","0","0","0","2","0","1","","","","N","","","","","","","","","",""
"2009075494","","0","0","0","0","0","0","0","0","0","0","0","","02","7","2009","1","40.513313","-80.014416","","11","0","0","0","0","0","0","0","0","","0","0","0","","","1","","0","","40 30:47.927","","0","80 00:51.896","8","0","0","1","2116","0","0","0","N","0","0","0","1","02116","0","","1.0","","1","N","N","","0","","0","0","0","","0","","","1","1","0","0","0","1","0","2","0","1","","","","N","","","","","","","","","",""
"2009075577","","1","0","0","0","0","0","0","0","0","4","0","","02","7","2009","2","40.419254","-80.045989","","11","0","0","0","0","0","1","0","0","","0","0","0","","","2","","1","","40 25:09.315","","0","80 02:45.559","3","0","0","0","2435","0","0","0","N","0","0","0","3","02435","1","","1.0","","1","N","N","","0","","1","0","1","","2","","","2","2","0","0","0","0","0","2","0","2","","","","N","","","","","","","","","",""
"2009075580","","1","0","0","0","0","0","0","0","0","1","1","","02","7","2009","3","40.541048","-79.783897","","11","0","0","0","0","0","1","0","0","1","0","1","0","","","1","","0","","40 32:27.774","5","0","79 47:02.028","2","0","0","0","2462","0","0","0","N","0","0","0","2","02462","0","","1.0","","1","N","N","","0","","0","1","0","","2","N","","2","1","0","0","0","0","0","2","0","2","","","","N","","","","","","","","","",""
"2009075583","","0","0","0","0","0","0","0","0","0","7","0","","02","7","2009","3","40.47231","-79.819578","","11","0","0","0","0","0","0","0","0","6","0","0","0","","","1","","0","","40 28:20.316","6","0","79 49:10.480","2","0","0","0","2113","0","0","0","N","0","0","0","1","02113","0","","5.0","","1","N","N","","0","","0","1","1","","0","Y","","1","1","1","0","1","0","0","2","0","1","","","","N","","","","","","","","","",""
"2009075587","","3","0","0","0","0","0","0","0","0","1","0","","02","5","2009","6","40.575591","-79.777981","","11","0","0","0","1","0","0","0","0","2","0","0","0","","","0","","0","","40 34:32.128","2","0","79 46:40.731","0","0","0","0","2104","0","0","0","N","0","0","0","3","02104","0","","1.0","","1","N","N","","0","","0","0","0","","0","Y","","3","0","0","0","0","0","0","2","0","3","","","","N","","","","","","","","","",""
"2009075595","","1","0","0","0","0","0","0","0","0","7","0","","02","7","2009","2","40.541113","-79.801188","","11","0","0","0","0","0","1","0","0","","0","0","0","","","0","","0","","40 32:28.006","","0","79 48:04.276","0","0","0","0","2418","0","0","0","N","0","0","0","1","02418","0","","5.0","","1","N","N","","0","","0","0","0","","0","","","1","0","0","0","0","0","0","2","0","1","","","","N","","","","","","","","","",""
"2009075602","","1","0","0","0","0","0","0","0","0","1","0","","02","7","2009","3","40.38082","-79.967589","","11","0","0","0","1","0","1","0","0","","0","0","0","","","0","","2","","40 22:50.952","","0","79 58:03.320","0","0","0","0","2413","0","0","0","N","0","0","0","4","02413","0","","1.0","","1","N","N","","0","","0","0","1","","3","","","3","0","0","0","0","0","0","2","1","3","","","","N","","","","","","","","","",""
"2009075605","","1","0","0","0","0","0","0","0","0","4","0","","02","7","2009","6","40.336988","-79.97908","","11","0","0","0","1","1","0","0","0","","0","0","0","","","0","","0","","40 20:13.158","","0","79 58:44.687","0","0","0","0","2403","0","0","0","N","0","0","0","2","02403","0","","1.0","","1","N","N","","0","","0","0","1","","0","","","2","0","0","0","0","0","0","2","0","2","","","","N","","","","","","","","","",""
"2009075609","","1","0","0","0","0","0","0","0","0","5","0","","02","7","2009","3","40.441249","-79.959225","","11","0","0","0","0","0","0","0","0","2","0","0","0","","","2","","1","","40 26:28.496","4","0","79 57:33.210","4","0","0","0","2301","2","0","0","N","2","0","0","4","02301","2","","1.0","","1","N","N","","0","","0","0","0","","2","N","","4","2","0","0","0","0","0","2","1","2","","","","N","","","","","","","","","",""
"2009075613","","1","0","0","0","0","0","0","0","0","4","0","","02","7","2009","3","40.459017","-79.817216","","11","1","0","0","0","0","0","0","0","1","0","0","0","","","1","","2","","40 27:32.460","5","0","79 49:01.976","8","0","0","0","2113","0","0","0","N","0","0","0","5","02113","0","","1.0","","1","N","N","","0","","0","0","0","","0","Y","","2","1","0","0","0","1","0","2","1","2","","","","N","","","","","","","","","",""
"2009075614","","1","0","0","0","0","0","0","0","0","4","0","","02","7","2009","2","40.335916","-79.984851","","11","0","0","0","0","0","1","1","0","","0","0","0","","","0","","0","","40 20:09.298","","0","79 59:05.462","0","0","0","1","2403","0","0","0","N","0","0","0","2","02403","0","","1.0","","1","N","N","","0","","0","0","0","","0","","","2","0","0","0","0","0","0","2","0","2","","","","N","","","","","","","","","",""
"2009075617","","2","0","0","0","0","0","0","0","0","4","0","","02","7","2009","4","40.36537","-80.108415","","11","0","0","0","0","1","0","0","0","2","0","0","0","","","1","","0","","40 21:55.331","4","7","80 06:30.295","8","0","0","0","2102","0","0","0","N","0","0","0","2","02102","0","","1.0","","1","N","N","","0","","0","0","0","","2","N","","2","1","1","0","0","1","0","2","0","2","","","","N","","","","","","","","","",""
"2009075618","","1","0","0","0","0","0","0","0","0","1","0","","02","7","2009","3","40.367874","-79.929597","","11","1","0","0","0","0","0","0","0","","0","0","0","","","0","","2","","40 22:04.346","","0","79 55:46.549","0","0","0","0","2473","0","0","0","N","0","0","0","3","02473","0","","1.0","","1","N","N","","1","","0","0","0","","2","","","2","0","0","0","0","0","0","2","0","2","","","","N","","","","","","","","","",""
"2009075620","","1","0","0","0","0","0","0","0","0","7","0","","02","7","2009","6","40.569192","-79.92803","","11","0","0","0","0","0","1","0","0","","0","0","0","","","0","","0","","40 34:09.091","","7","79 55:40.908","0","0","0","0","2207","0","0","0","N","0","0","0","2","02501","0","","5.0","","1","N","N","","0","","0","0","1","","0","","","2","0","0","0","0","0","0","2","0","2","","","","N","","","","","","","","","",""
"2009075629","","1","0","0","0","0","0","0","0","0","8","0","","02","7","2009","2","40.457134","-79.95529","","11","0","0","0","0","0","0","0","1","","0","0","0","","","1","","0","","40 27:25.682","","0","79 57:19.044","8","0","0","0","2301","1","0","0","N","1","0","0","3","02301","0","","1.0","","1","N","N","","0","","0","0","0","","2","","","2","1","0","0","0","1","0","2","0","1","","","","N","","","","","","","","","",""
"2009075630","","1","0","0","0","0","0","0","0","0","1","0","","02","7","2009","3","40.357861","-80.126158","","11","0","0","0","0","0","1","1","0","","0","0","0","","","0","","2","","40 21:28.301","","0","80 07:34.168","0","0","0","0","2119","0","0","0","N","0","0","0","2","02119","0","","7.0","","1","N","N","","1","","0","0","0","","0","","","2","0","0","0","0","0","0","2","0","2","","","","N","","","","","","","","","",""
"2009075632","","0","0","0","0","0","0","0","0","0","7","0","","02","7","2009","3","40.283652","-79.837454","","11","0","0","0","0","0","0","1","0","","0","0","0","","","1","","3","","40 17:01.147","","0","79 50:14.836","8","0","0","0","2105","0","0","0","N","0","0","0","1","02105","0","","5.0","","1","N","N","","0","","0","0","1","","0","","","1","1","0","0","0","1","0","2","0","1","","","","N","","","","","","","","","",""
"2009075639","","1","0","0","0","0","0","0","0","0","1","0","","02","7","2009","3","40.334601","-79.812008","","11","0","0","0","0","0","1","0","1","1","0","0","0","","","1","","0","","40 20:04.564","5","0","79 48:43.230","4","0","0","0","2477","0","0","0","N","0","0","0","2","02477","1","","1.0","","1","N","N","","0","","0","0","1","","0","Y","","2","1","0","0","0","0","0","2","0","2","","","","N","","","","","","","","","",""
"2009075642","","1","0","0","0","0","0","0","0","0","4","0","","02","7","2009","3","40.476403","-79.780466","","11","0","0","0","1","0","1","0","0","2","0","0","0","","","1","","2","","40 28:35.052","4","0","79 46:49.677","4","0","0","0","2113","0","0","0","N","0","0","0","3","02113","1","","1.0","","1","N","N","","0","","0","0","1","","3","N","","2","1","2","0","0","0","0","2","0","2","","","","N","","","","","","","","","",""
"2009075643","","1","0","0","0","0","0","0","0","0","7","0","","02","7","2009","4","40.359924","-80.101721","","11","0","0","1","0","0","0","0","0","2","0","0","0","","","2","","2","","40 21:35.726","1","0","80 06:06.195","3","0","0","0","2414","0","0","0","N","0","0","0","2","02414","0","","5.0","","1","N","N","","0","","2","0","0","","3","N","","1","2","0","0","0","0","0","2","0","1","","","","N","","","","","","","","","",""
"2009075691","","2","0","0","0","0","0","0","0","0","1","0","","02","6","2009","3","40.425986","-79.899025","","11","0","0","0","0","0","1","0","0","","0","0","0","","","1","","0","","40 25:33.550","","0","79 53:56.489","4","0","0","0","2301","0","0","0","N","0","0","0","3","68B03","1","","1.0","","1","N","N","","1","","0","0","0","","0","","","3","1","0","0","0","0","0","2","0","3","","","","N","","","","","","","","","",""
"2009075693","","0","0","0","0","0","0","0","0","0","7","0","","02","7","2009","6","40.434002","-80.143059","","11","0","0","0","0","0","0","0","0","","0","0","0","","","0","","0","","40 26:02.406","","0","80 08:35.013","0","0","0","0","2115","0","0","0","N","0","0","0","1","68B03","0","","2.0","","1","N","N","","0","","0","0","1","","0","","","1","0","0","0","0","0","0","2","0","1","","","","N","","","","","","","","","",""
"2009075694","","1","0","0","0","0","0","0","0","0","7","0","","02","7","2009","5","40.429426","-79.956754","","11","0","0","0","0","0","0","0","0","2","0","0","0","","","1","","0","","40 25:45.932","3","0","79 57:24.316","4","0","0","0","2301","0","0","0","N","0","0","0","2","68B03","1","","3.0","","9","N","N","","0","","0","0","1","","0","N","","2","1","0","0","0","0","0","2","0","2","","","","N","","","","","","","","","",""
"2009075731","","1","0","0","0","0","0","0","0","0","7","0","55","02","7","2009","1","40.5336","-79.8213","","11","0","0","0","0","0","0","0","0","1","0","0","0","","","1","","0","","40 32:00.960","4","0","79 49:16.680","4","0","0","0","2466","0","0","0","N","0","0","0","1","68T02","1","","2.0","","1","N","N","","0","","0","0","0","","0","N","","1","1","0","0","0","0","0","1","0","1","","","N","Y","8","1","N","N","N","N","N","Y","N",""
"2009075734","","2","0","0","0","0","0","0","0","0","4","0","","02","7","2009","3","40.375321","-79.827331","","11","0","0","0","0","0","1","0","0","1","0","0","0","","","2","","1","","40 22:31.157","4","0","79 49:38.391","8","0","0","0","2111","0","0","0","N","0","0","0","3","02111","0","","1.0","","1","N","N","","0","","0","0","0","","3","N","","2","2","0","0","0","2","0","2","0","2","","","","N","","","","","","","","","",""
"2009075735","","1","0","0","0","0","0","0","0","0","7","0","","02","7","2009","5","40.475516","-79.75468","","11","0","0","0","0","0","0","0","0","3","0","0","0","","","1","","0","","40 28:31.858","5","0","79 45:16.849","8","0","0","0","2466","0","0","0","N","0","0","0","1","02466","0","","2.0","","1","N","N","","0","","0","0","0","","0","Y","","1","1","0","0","0","1","0","2","0","1","","","","N","","","","","","","","","",""
"2009075736","","4","0","0","0","0","0","0","0","0","1","0","","02","7","2009","3","40.618779","-79.908108","","11","0","0","0","0","0","0","1","1","1","0","0","0","","","3","","2","","40 37:07.606","7","0","79 54:29.188","4","0","0","0","2220","0","0","0","N","0","0","0","7","02220","3","","1.0","","1","N","N","","0","","0","0","0","","0","N","","4","3","0","0","0","0","0","2","0","4","","","","N","","","","","","","","","",""
"2009075749","","1","0","0","0","0","0","0","0","0","7","0","","02","7","2009","7","40.457258","-79.973578","","11","0","0","0","0","0","0","0","0","1","0","0","0","","","0","","1","","40 27:26.128","3","0","79 58:24.880","0","0","0","0","2301","0","0","0","N","0","0","0","0","02301","0","","2.0","","1","N","N","","0","","0","0","0","","3","Y","","1","0","0","0","0","0","0","2","0","1","","","","N","","","","","","","","","",""
"2009075751","","0","0","0","0","0","0","0","0","0","0","0","","02","7","2009","3","40.552061","-79.837189","","11","0","0","0","0","0","0","0","0","2","0","0","0","","","0","","0","","40 33:07.420","1","0","79 50:13.880","0","0","0","0","2208","0","0","0","N","0","0","0","1","02208","0","","1.0","","1","N","N","","1","","0","0","0","","0","N","","1","0","0","0","0","0","0","2","0","1","","","","N","","","","","","","","","",""
"2009075759","","2","0","0","0","0","0","0","0","0","6","0","","02","7","2009","3","40.451914","-79.843818","","11","0","0","0","0","0","1","0","0","","0","0","0","","","1","","0","","40 27:06.890","","0","79 50:37.746","4","0","0","0","2113","0","0","0","N","0","0","0","4","02113","1","","1.0","","1","N","N","","0","","0","0","0","","0","","","2","1","0","0","0","0","0","2","0","2","","","","N","","","","","","","","","",""
"2009075774","","1","0","0","0","0","0","0","0","0","7","0","","02","5","2009","7","40.429057","-79.956193","","11","0","0","0","0","0","0","0","0","1","0","0","0","","","1","","0","","40 25:44.606","4","0","79 57:22.296","3","0","0","0","2301","0","0","0","Y","0","0","0","1","68B03","0","","2.0","","1","N","N","","0","","1","0","0","","0","N","","1","1","0","0","0","0","0","2","0","1","","","","N","","","","","","","","","",""
"2009075775","","1","0","0","0","0","0","0","0","0","7","0","","02","6","2009","3","40.428718","-79.934948","","11","0","0","0","0","0","0","0","0","","0","0","0","","","1","","0","","40 25:43.386","","0","79 56:05.811","8","0","0","0","2301","0","0","0","Y","0","0","0","1","68B03","0","","5.0","","1","N","N","","0","","0","0","0","","0","","","1","1","0","0","0","1","0","2","0","1","","","","N","","","","","","","","","",""
"2009075776","","1","0","0","0","0","0","0","0","0","5","1","","02","7","2009","5","40.415013","-80.083534","","11","0","0","0","0","0","0","0","0","1","0","1","0","","","0","","0","","40 24:54.047","2","0","80 05:00.724","0","0","0","0","2415","0","0","0","N","0","0","0","3","68B03","0","","1.0","","1","N","N","","0","","0","0","0","","0","N","","2","0","0","0","0","0","0","2","0","2","","","","N","","","","","","","","","",""
"2009075777","","1","0","0","0","0","0","0","0","0","7","0","","02","7","2009","7","40.343664","-80.122381","","11","0","0","0","0","0","1","0","0","2","0","0","0","","","2","","0","","40 20:37.192","2","0","80 07:20.573","8","0","0","0","2119","0","0","0","N","0","0","0","2","68B03","0","","3.0","","1","N","N","","0","","0","0","0","","0","N","","1","2","0","0","0","2","0","2","0","1","","","","N","","","","","","","","","",""
"2009075839","","1","0","0","0","0","0","0","0","0","1","1","","02","7","2009","4","40.412962","-80.007923","","11","0","0","0","0","0","0","0","0","","0","1","0","","","0","","1","","40 24:46.663","","2","80 00:28.523","0","0","0","0","2301","0","0","0","N","0","0","0","3","02301","0","","1.0","","1","N","N","","0","","0","0","0","","2","","","2","0","0","0","0","0","0","2","0","2","","","","N","","","","","","","","","",""
"2009075849","","2","0","0","0","0","0","0","0","0","2","0","","02","7","2009","2","40.441025","-79.985999","","11","0","0","0","0","0","0","1","0","","0","0","0","","","2","","0","","40 26:27.691","","0","79 59:09.598","4","0","0","0","2301","0","0","0","N","0","0","0","2","02301","2","","6.0","","1","N","N","","0","","0","0","0","","2","","","2","2","0","0","0","0","0","2","0","2","","","","N","","","","","","","","","",""
"2009075851","","1","0","0","0","0","0","0","0","0","7","0","","02","6","2009","5","40.407868","-79.831061","","11","0","0","0","0","0","0","0","0","","0","0","0","","","0","","0","","40 24:28.324","","0","79 49:51.819","0","0","0","0","2467","0","0","0","N","0","0","0","1","02467","0","","5.0","","1","N","N","","0","","0","0","0","","0","","","1","0","0","0","0","0","0","2","0","1","","","","N","","","","","","","","","",""
"2009075853","","0","0","0","0","0","0","0","0","0","0","0","","02","7","2009","4","40.429854","-79.751251","","11","0","0","0","0","0","1","0","0","1","0","0","0","","","1","","0","","40 25:47.476","1","0","79 45:04.504","4","0","0","1","2446","0","0","0","N","0","0","0","1","02446","1","","1.0","","9","N","N","","0","","0","0","0","","0","N","","1","1","0","0","0","0","0","2","0","1","","","","N","","","","","","","","","",""
"2009075854","","0","0","0","0","0","0","0","0","0","4","1","","02","7","2009","4","40.321117","-79.942255","","11","0","0","0","0","0","1","0","0","","0","1","0","","","0","","2","","40 19:16.022","","7","79 56:32.119","0","0","0","0","2454","0","0","0","N","0","0","0","2","02454","0","","1.0","","8","N","N","","0","","0","0","1","","2","","","2","0","2","0","0","0","0","2","0","2","","","","N","","","","","","","","","",""
"2009075856","","2","0","0","0","0","0","0","0","0","2","0","","02","7","2009","4","40.495612","-80.066625","","11","0","0","0","0","0","0","0","0","","0","0","0","","","1","","0","","40 29:44.202","","0","80 03:59.851","4","0","0","0","2402","0","0","0","N","0","0","0","2","02402","1","","1.0","","1","N","N","","0","","0","0","0","","0","","","2","1","0","0","0","0","0","2","0","2","","","","N","","","","","","","","","",""
"2009075858","","1","0","0","0","0","0","0","0","0","5","0","","02","7","2009","4","40.371838","-79.843671","","11","0","0","1","0","0","0","0","0","","0","0","0","","","1","","2","","40 22:18.618","","0","79 50:37.217","8","0","0","0","2303","0","0","0","N","0","0","0","6","02303","0","","1.0","","9","N","N","","0","","0","0","1","","2","","","2","1","0","0","0","1","0","2","0","2","","","","N","","","","","","","","","",""
"2009075868","","2","0","0","0","0","0","0","0","0","4","0","","02","7","2009","4","40.453184","-79.891127","","11","0","0","0","0","0","0","0","0","","0","0","0","","","0","","1","","40 27:11.462","","0","79 53:28.057","0","0","0","0","2301","0","0","0","N","0","0","0","6","02301","0","","1.0","","9","N","N","","0","","0","0","0","","2","","","2","0","0","0","0","0","0","2","0","2","","","","N","","","","","","","","","",""
"2009075873","","1","0","0","0","0","0","0","0","0","1","0","","02","7","2009","4","40.554311","-79.971196","","11","0","0","0","0","1","1","0","0","1","0","0","0","","","0","","0","","40 33:15.521","2","0","79 58:16.306","0","0","0","0","2207","0","0","0","N","0","0","0","3","02207","0","","1.0","","9","N","N","","0","","0","0","2","","0","N","","3","0","0","0","0","0","0","2","0","3","","","","N","","","","","","","","","",""
"2009075874","","2","0","0","0","0","0","0","0","0","1","0","","02","7","2009","3","40.399498","-80.000188","","11","0","0","0","0","0","2","1","0","","0","0","0","","","5","","2","","40 23:58.193","","0","80 00:00.675","8","0","0","0","2301","0","0","0","N","0","0","0","10","02301","0","","1.0","","9","N","N","","1","","0","0","2","","0","","","5","5","1","0","0","5","0","2","0","5","","","","N","","","","","","","","","",""
"2009075876","","1","0","0","0","0","0","0","0","0","4","0","","02","7","2009","4","40.399498","-80.000188","","11","0","0","1","0","0","0","0","0","","0","0","0","","","2","","2","","40 23:58.193","","0","80 00:00.675","4","0","0","0","2301","0","0","0","N","0","0","0","3","02301","1","","1.0","","9","N","N","","1","","0","0","0","","0","","","2","2","0","0","0","1","0","2","0","2","","","","N","","","","","","","","","",""
"2009075879","","1","0","0","0","0","0","0","0","0","1","0","","02","7","2009","4","40.39423","-79.936475","","11","0","0","0","0","0","0","0","0","","0","0","0","","","0","","6","","40 23:39.229","","2","79 56:11.311","0","0","0","0","2301","0","0","0","N","0","0","0","2","02301","0","","7.0","","9","N","N","","0","","0","0","1","","4","","","2","0","1","0","0","0","0","2","0","2","","","","N","","","","","","","","","",""
"2009075883","","0","0","0","0","0","0","0","0","0","0","0","","02","7","2009","4","","","","11","0","0","0","0","0","0","0","0","","0","0","0","","","1","","1","","","","0","","4","0","0","1","2473","0","0","0","N","0","0","0","1","02473","1","","1.0","","1","N","N","","0","","0","0","0","","0","","","1","1","0","0","0","0","0","1","0","1","","","","N","","","","","","","","","",""
"2009075888","","1","0","0","0","0","0","0","0","0","1","0","","02","7","2009","4","40.437036","-79.998439","","11","0","0","0","0","0","0","0","0","","0","0","0","","","0","","0","","40 26:13.331","","0","79 59:54.379","0","0","0","0","2301","0","0","0","N","0","0","0","3","02301","0","","1.0","","9","N","N","","0","","0","0","1","","0","","","2","0","0","0","0","0","0","2","0","2","","","","N","","","","","","","","","",""
"2009075889","","1","0","0","0","0","0","0","0","0","4","0","","02","7","2009","4","40.533628","-80.018909","","11","0","0","0","0","0","0","0","1","","0","0","0","","","0","","0","","40 32:01.060","","0","80 01:08.072","0","0","0","0","2116","0","0","0","N","0","0","0","1","02116","0","","5.0","","9","N","N","","2","","0","0","1","","0","","","4","0","0","0","0","0","0","2","0","4","","","","N","","","","","","","","","",""
"2009075892","","1","0","0","0","0","0","0","0","0","4","0","","02","7","2009","6","","","","11","0","0","0","0","0","0","0","0","1","0","0","0","","","0","","2","","","3","0","","0","0","0","0","2102","0","0","0","N","0","0","0","2","02102","0","","1.0","","1","N","N","","1","","0","0","0","","2","N","","2","0","0","0","0","0","0","1","0","2","","","","N","","","","","","","","","",""
"2009075893","","3","0","0","0","0","0","0","0","0","1","0","","02","7","2009","4","40.386641","-79.932101","","11","0","0","0","0","0","0","0","0","1","0","0","0","","","0","","1","","40 23:11.908","1","0","79 55:55.565","0","0","0","0","2301","0","0","0","N","0","0","0","3","02301","0","","1.0","","1","N","N","","0","","0","0","0","","2","N","","3","0","0","0","0","0","0","2","0","3","","","","N","","","","","","","","","",""
"2009075900","","0","0","0","0","0","0","0","0","0","7","0","","02","7","2009","3","40.429153","-79.731503","","11","0","0","0","0","0","0","0","0","2","0","0","0","","","0","","0","","40 25:44.951","6","0","79 43:53.410","0","0","0","0","2446","0","0","0","N","0","0","0","1","02446","0","","2.0","","1","N","N","","0","","0","0","0","","0","Y","","1","0","0","0","0","0","0","2","1","1","","","","N","","","","","","","","","",""
"2009075904","","1","0","0","0","0","0","0","0","0","7","0","","02","7","2009","2","40.427383","-79.725093","","11","0","0","0","0","0","0","0","1","2","0","0","0","","","0","","0","","40 25:38.579","3","0","79 43:30.334","0","0","0","0","2446","0","0","0","N","0","0","0","1","02446","0","","3.0","","1","N","N","","0","","0","0","0","","0","N","","1","0","0","0","0","0","0","2","0","1","","","","N","","","","","","","","","",""
"2009075910","","1","0","0","0","0","0","0","0","0","7","0","","02","7","2009","4","40.458729","-79.957516","","11","0","0","0","0","0","0","0","0","1","0","0","0","","","0","","0","","40 27:31.426","4","0","79 57:27.057","0","0","0","0","2301","0","0","0","N","0","0","0","1","02301","0","","2.0","","8","N","N","","0","","0","0","0","","0","N","","1","0","0","0","0","0","0","2","0","1","","","","N","","","","","","","","","",""
"2009075918","","0","0","0","0","0","0","0","0","0","1","0","","02","7","2009","7","40.348464","-80.052197","","11","0","0","0","0","0","1","0","0","","0","0","0","","","1","","1","","40 20:54.472","","0","80 03:07.909","8","0","0","0","2407","0","0","0","N","0","0","0","2","02407","0","","1.0","","1","N","N","","0","","0","0","2","","2","","","2","1","0","0","0","1","0","2","0","2","","","","N","","","","","","","","","",""
"2009075919","","2","0","0","0","0","0","0","0","0","1","0","","02","7","2009","1","40.300696","-80.030224","","11","0","0","0","0","1","1","0","0","1","0","0","0","","","1","","0","","40 18:02.507","1","0","80 01:48.807","4","0","0","0","2407","0","0","0","N","0","0","0","2","02407","1","","1.0","","1","N","N","","0","","0","0","0","","0","N","","2","1","0","0","0","0","0","2","0","2","","","","N","","","","","","","","","",""
"2009075920","","2","0","0","0","0","0","0","0","0","1","0","","02","7","2009","3","40.328055","-80.037754","","11","0","0","0","0","0","0","1","1","1","0","0","0","","","0","","2","","40 19:40.999","4","0","80 02:15.913","0","0","0","0","2407","0","0","0","N","0","0","0","3","02407","0","","1.0","","1","N","N","","0","","0","0","0","","2","Y","","2","0","0","0","0","0","0","2","0","2","","","","N","","","","","","","","","",""
"2009075989","","2","0","0","0","0","0","0","0","0","2","0","","02","7","2009","4","40.357874","-80.00121","","11","0","0","0","0","0","1","0","1","2","0","0","0","","","0","","0","","40 21:28.347","2","0","80 00:04.355","0","0","0","0","2476","0","0","0","N","0","0","0","2","02476","0","","1.0","","9","N","N","","0","","0","0","0","","0","N","","2","0","0","0","0","0","0","2","0","2","","","","N","","","","","","","","","",""
"2009075992","","0","0","0","0","0","0","0","0","0","7","0","","02","7","2009","4","40.353632","-80.119644","","11","0","0","0","0","0","1","0","0","1","0","0","0","","","1","","0","","40 21:13.074","1","0","80 07:10.719","4","0","0","0","2119","0","0","0","N","0","0","0","1","02119","1","","5.0","","9","N","N","","0","","0","0","1","","0","N","","1","1","0","0","0","0","0","2","0","1","","","","N","","","","","","","","","",""
"2009075994","","1","0","0","0","0","0","0","0","0","8","0","","02","7","2009","4","40.464484","-79.930088","","11","0","0","0","0","0","0","0","0","1","0","0","0","","","1","","2","","40 27:52.142","1","0","79 55:48.316","2","0","0","0","2301","1","0","1","N","1","0","1","3","02301","0","","1.0","","9","N","N","","0","","0","1","0","","3","Y","","2","1","0","0","0","0","0","2","0","1","","","","N","","","","","","","","","",""
"2009075995","","0","0","0","0","0","0","1","0","0","1","1","","02","7","2009","4","40.510863","-79.956964","","11","0","0","0","0","0","0","1","0","","0","0","0","","","2","","2","","40 30:39.107","","0","79 57:25.069","4","0","0","0","2118","0","0","0","N","0","0","0","3","02503","2","","1.0","","9","N","N","","0","","0","0","1","","0","","","2","2","0","0","0","0","0","2","0","2","","","","N","","","","","","","","","",""
"2009076004","","1","0","0","0","0","0","0","0","0","1","0","","02","7","2009","4","40.476222","-79.848376","","11","0","0","1","0","0","1","0","0","","0","0","0","","","0","","0","","40 28:34.398","","0","79 50:54.154","0","0","0","0","2113","0","0","0","N","0","0","0","2","02113","0","","1.0","","9","N","N","","0","","0","0","1","","0","","","2","0","0","0","0","0","0","2","0","2","","","","N","","","","","","","","","",""