"CRN","ARRIVAL_TM","AUTOMOBILE_COUNT","BELTED_DEATH_COUNT","BELTED_SUSP_SERIOUS_INJ_COUNT","BICYCLE_COUNT","BICYCLE_DEATH_COUNT","BICYCLE_SUSP_SERIOUS_INJ_COUNT","BUS_COUNT","CHLDPAS_DEATH_COUNT","CHLDPAS_SUSP_SERIOUS_INJ_COUNT","COLLISION_TYPE","COMM_VEH_COUNT","CONS_ZONE_SPD_LIM","COUNTY","CRASH_MONTH","CRASH_YEAR","DAY_OF_WEEK","DEC_LATITUDE","DEC_LONGITUDE","DISPATCH_TM","DISTRICT","DRIVER_COUNT_16YR","DRIVER_COUNT_17YR","DRIVER_COUNT_18YR","DRIVER_COUNT_19YR","DRIVER_COUNT_20YR","DRIVER_COUNT_50_64YR","DRIVER_COUNT_65_74YR","DRIVER_COUNT_75PLUS","EST_HRS_CLOSED","FATAL_COUNT","HEAVY_TRUCK_COUNT","HORSE_BUGGY_COUNT","HOUR_OF_DAY","ILLUMINATION","INJURY_COUNT","INTERSECTION_RELATED","INTERSECT_TYPE","LANE_CLOSED","LATITUDE","LN_CLOSE_DIR","LOCATION_TYPE","LONGITUDE","MAX_SEVERITY_LEVEL","MCYCLE_DEATH_COUNT","MCYCLE_SUSP_SERIOUS_INJ_COUNT","MOTORCYCLE_COUNT","MUNICIPALITY","NONMOTR_COUNT","NONMOTR_DEATH_COUNT","NONMOTR_SUSP_SERIOUS_INJ_COUNT","NTFY_HIWY_MAINT","PED_COUNT","PED_DEATH_COUNT","PED_SUSP_SERIOUS_INJ_COUNT","PERSON_COUNT","POLICE_AGCY","POSSIBLE_INJ_COUNT","RDWY_SURF_TYPE_CD","RELATION_TO_ROAD","ROADWAY_CLEARED","ROAD_CONDITION","SCH_BUS_IND","SCH_ZONE_IND","SECONDARY_CRASH","SMALL_TRUCK_COUNT","SPEC_JURIS_CD","SUSP_MINOR_INJ_COUNT","SUSP_SERIOUS_INJ_COUNT","SUV_COUNT","TCD_FUNC_CD","TCD_TYPE","TFC_DETOUR_IND","TIME_OF_DAY","TOTAL_UNITS","TOT_INJ_COUNT","UNBELTED_OCC_COUNT","UNB_DEATH_COUNT","UNB_SUSP_SERIOUS_INJ_COUNT","UNK_INJ_DEG_COUNT","UNK_INJ_PER_COUNT","URBAN_RURAL","VAN_COUNT","VEHICLE_COUNT","WEATHER1","WEATHER2","WORKERS_PRES","WORK_ZONE_IND","WORK_ZONE_LOC","WORK_ZONE_TYPE","WZ_CLOSE_DETOUR","WZ_FLAGGER","WZ_LAW_OFFCR_IND","WZ_LN_CLOSURE","WZ_MOVING","WZ_OTHER","WZ_SHLDER_MDN","WZ_WORKERS_INJ_KILLED"
"2009076007","","0","0","0","0","0","0","0","0","0","5","0","","02","7","2009","4","40.428342","-79.973069","","11","0","1","0","0","0","0","0","0","","0","0","0","","","3","","1","","40 25:42.031","","0","79 58:23.048","8","0","0","0","2301","0","0","0","N","0","0","0","3","02301","0","","1.0","","9","N","N","","0","","0","0","4","","3","","","4","3","0","0","0","3","0","2","0","4","","","","N","","","","","","","","","",""
"2009076011","","0","0","0","0","0","0","0","0","0","7","0","","02","7","2009","3","40.657023","-79.98469","","11","0","0","0","0","1","0","0","0","","0","0","0","","","0","","0","","40 39:25.282","","0","79 59:04.884","0","0","0","0","2217","0","0","0","N","0","0","0","1","02505","0","","5.0","","9","N","N","","1","","0","0","0","","0","","","1","0","0","0","0","0","0","1","0","1","","","","N","","","","","","","","","",""
"2009076018","","0","0","0","0","0","0","0","0","0","7","0","","02","7","2009","6","40.397858","-80.10583","","11","0","0","0","0","0","1","0","0","","0","0","0","","","1","","2","","40 23:52.289","","2","80 06:20.987","2","0","1","1","2102","0","0","0","N","0","0","0","1","02102","0","","3.0","","1","N","N","","0","","0","1","0","","3","","","1","1","0","0","0","0","0","2","0","1","","","","N","","","","","","","","","",""
"2009076022","","2","0","0","0","0","0","0","0","0","1","0","","02","7","2009","6","40.467","-80.0249","","11","0","0","0","0","0","1","0","0","1","0","0","0","","","1","","1","","40 28:01.200","2","0","80 01:29.640","8","0","0","0","2301","0","0","0","N","0","0","0","3","02301","0","","1.0","","1","N","N","","0","","0","0","0","","2","N","","2","1","0","0","0","1","0","2","0","2","","","","N","","","","","","","","","",""
"2009076023","","1","0","0","0","0","0","0","0","0","1","0","","02","7","2009","6","40.198194","-79.905475","","11","0","0","0","1","0","0","1","0","2","0","0","0","","","3","","2","","40 11:53.500","4","0","79 54:19.709","8","0","0","0","2204","0","0","0","N","0","0","0","3","02204","0","","1.0","","1","N","N","","0","","0","0","0","","0","N","","2","3","0","0","0","3","0","1","1","2","","","","N","","","","","","","","","",""
"2009076030","","1","0","0","0","0","0","0","0","0","4","0","","02","7","2009","4","40.416826","-80.029827","","11","0","0","0","0","0","0","1","0","","0","0","0","","","0","","1","","40 25:00.574","","0","80 01:47.376","0","0","0","0","2301","0","0","0","N","0","0","0","3","02301","0","","1.0","","9","N","N","","0","","0","0","1","","2","","","2","0","0","0","0","0","0","2","0","2","","","","N","","","","","","","","","",""
"2009076040","","1","0","0","0","0","0","0","0","0","7","0","90","02","7","2009","4","40.361407","-79.844803","","11","0","0","0","0","0","0","0","0","","0","0","0","","","0","","7","","40 21:41.065","","8","79 50:41.292","0","0","0","0","2303","0","0","0","N","0","0","0","1","02303","0","","3.0","","1","N","N","","0","","0","0","0","","0","","","1","0","0","0","0","0","0","2","0","1","","","N","Y","2","1","","","N","","","","Y",""
"2009076175","","0","0","0","0","0","0","0","0","0","1","0","","02","7","2009","4","40.345109","-80.075074","","11","0","0","0","0","0","0","0","0","2","0","0","0","","","0","","0","","40 20:42.392","3","0","80 04:30.266","0","0","0","0","2123","0","0","0","N","0","0","0","1","02123","0","","1.0","","9","N","N","","0","","0","0","1","","0","N","","2","0","0","0","0","0","0","2","1","2","","","","N","","","","","","","","","",""
"2009076178","","2","0","0","0","0","0","0","0","0","1","0","","02","7","2009","4","40.435617","-79.756027","","11","0","0","1","0","0","1","0","0","","0","0","0","","","2","","0","","40 26:08.222","","7","79 45:21.697","4","0","0","0","2446","0","0","0","N","0","0","0","3","02446","1","","1.0","","9","N","N","","0","","0","0","0","","0","","","2","2","2","0","0","1","0","2","0","2","","","","N","","","","","","","","","",""
"2009076189","","2","0","0","0","0","0","0","0","0","1","0","","02","7","2009","4","40.500941","-80.074314","","11","0","0","0","1","0","0","0","0","","0","0","0","","","0","","2","","40 30:03.386","","0","80 04:27.531","0","0","0","0","2402","0","0","0","N","0","0","0","3","02402","0","","1.0","","9","N","N","","0","","0","0","0","","0","","","2","0","0","0","0","0","0","2","0","2","","","","N","","","","","","","","","",""
"2009076194","","1","0","0","0","0","0","0","0","0","4","0","","02","7","2009","4","40.427144","-79.753063","","11","0","1","0","0","0","0","0","0","2","0","0","0","","","2","","0","","40 25:37.717","1","7","79 45:11.028","4","0","0","0","2446","0","0","0","N","0","0","0","4","02446","1","","1.0","","9","N","N","","2","","0","0","0","","0","N","","3","2","0","0","0","1","0","2","0","3","","","","N","","","","","","","","","",""
"2009076198","","1","0","0","0","0","0","0","0","0","1","0","","02","7","2009","4","40.595559","-79.978812","","11","0","0","0","0","2","0","0","0","1","0","0","0","","","1","","0","","40 35:44.014","4","7","79 58:43.723","4","0","0","0","2207","0","0","0","N","0","0","0","4","02207","1","","1.0","","9","N","N","","0","","0","0","2","","0","N","","3","1","0","0","0","0","0","1","0","3","","","","N","","","","","","","","","",""
"2009076199","","1","0","0","0","0","0","0","0","0","4","0","","02","7","2009","5","40.256214","-79.92533","","11","0","0","0","0","0","1","0","0","","0","0","0","","","0","","2","","40 15:22.370","","0","79 55:31.188","0","0","0","0","2440","0","0","0","N","0","0","0","2","02440","0","","1.0","","1","N","N","","0","","0","0","1","","3","","","2","0","1","0","0","0","0","2","0","2","","","","N","","","","","","","","","",""
"2009076203","","1","0","0","0","0","0","0","0","0","2","0","","02","7","2009","4","40.462081","-79.70586","","11","0","0","0","0","0","0","1","0","","0","0","0","","","1","","0","","40 27:43.490","","7","79 42:21.095","8","0","0","0","2466","0","0","0","N","0","0","0","2","02466","0","","1.0","","1","N","N","","1","","0","0","0","","0","","","2","1","0","0","0","1","0","2","0","2","","","","N","","","","","","","","","",""
"2009076208","","1","0","0","0","0","0","0","0","0","1","0","","02","7","2009","7","40.534212","-80.052119","","11","0","0","0","0","0","1","0","0","","0","0","0","","","0","","0","","40 32:03.164","","0","80 03:07.630","0","0","0","0","2116","0","0","0","N","0","0","0","2","02116","0","","1.0","","1","N","N","","0","","0","0","1","","0","","","2","0","0","0","0","0","0","2","0","2","","","","N","","","","","","","","","",""
"2009076216","","2","0","0","0","0","0","0","0","0","1","0","25","02","7","2009","5","40.403441","-79.882186","","11","0","0","0","0","0","1","0","0","1","0","0","0","","","0","","0","","40 24:12.387","2","0","79 52:55.871","0","0","0","0","2475","0","0","0","N","0","0","0","2","02475","0","","1.0","","1","N","N","","0","","0","0","0","","2","N","","2","0","1","0","0","0","0","2","0","2","","","N","Y","8","1","","","N","","","Y","",""
"2009076219","","1","0","0","0","0","0","0","0","0","4","0","","02","7","2009","5","40.382005","-79.995814","","11","0","0","0","0","0","0","0","0","","0","0","0","","","0","","0","","40 22:55.219","","0","79 59:44.930","0","0","0","0","2301","0","0","0","N","0","0","0","2","02301","0","","1.0","","1","N","N","","1","","0","0","0","","0","","","2","0","0","0","0","0","0","2","0","2","","","","N","","","","","","","","","",""
"2009076222","","1","0","0","0","0","0","0","0","0","1","0","","02","7","2009","4","40.465968","-80.113203","","11","0","0","0","0","0","0","0","0","1","0","0","0","","","0","","2","","40 27:57.484","6","0","80 06:47.530","9","0","0","0","2126","0","0","0","N","0","0","0","5","02126","0","","1.0","","9","N","N","","1","","0","0","0","","3","N","","2","0","0","0","0","0","4","2","0","2","","","","N","","","","","","","","","",""
"2009076228","","0","0","0","0","0","0","0","0","0","0","0","","02","7","2009","5","40.414181","-80.043936","","11","0","0","0","0","0","1","0","0","9","0","0","0","","","0","","2","","40 24:51.051","3","0","80 02:38.169","0","0","0","0","2435","0","0","0","N","0","0","0","1","02435","0","","2.0","","1","N","N","","0","","0","0","1","","3","N","","1","0","0","0","0","0","0","2","0","1","","","","N","","","","","","","","","",""
"2009076229","","1","0","0","0","0","0","0","0","0","7","0","","02","7","2009","4","40.494935","-79.80856","","11","0","0","0","0","0","0","0","0","1","0","0","0","","","0","","2","","40 29:41.767","5","0","79 48:30.816","0","0","0","0","2113","0","0","0","N","0","0","0","1","02113","0","","4.0","","1","N","N","","0","","0","0","0","","0","N","","1","0","0","0","0","0","0","2","0","1","","","","N","","","","","","","","","",""
"2009076236","","2","0","0","0","0","0","0","0","0","1","0","","02","7","2009","5","40.363464","-79.773477","","11","0","0","0","0","0","2","0","0","1","0","0","0","","","0","","2","","40 21:48.470","3","0","79 46:24.517","0","0","0","0","2111","0","0","0","N","0","0","0","3","02111","0","","1.0","","1","N","N","","0","","0","0","0","","3","N","","2","0","0","0","0","0","0","2","0","2","","","","N","","","","","","","","","",""
"2009076238","","0","0","0","0","0","0","0","0","0","7","0","","02","7","2009","5","40.377495","-80.140216","","11","0","0","0","0","0","0","0","0","3","1","0","0","","","0","","0","","40 22:38.982","6","0","80 08:24.777","1","0","0","0","2102","0","0","0","N","0","0","0","1","02102","0","2","5.0","","1","N","N","","1","0","0","0","0","","0","Y","","1","0","1","1","0","0","0","2","0","1","","","","N","","","","","","","","","",""
"2009076247","","1","0","0","0","0","0","0","0","0","2","0","","02","7","2009","5","40.366321","-80.025843","","11","0","0","0","0","0","1","0","0","1","0","0","0","","","1","","2","","40 21:58.757","4","0","80 01:33.036","3","0","0","1","2416","0","0","0","N","0","0","0","2","02416","0","","1.0","","1","N","N","","0","","1","0","0","","0","Y","","2","1","0","0","0","0","0","2","0","2","","","","N","","","","","","","","","",""
"2009076303","","2","0","0","0","0","0","0","0","0","5","0","","02","6","2009","6","40.433084","-79.87036","","11","0","0","0","0","0","1","0","0","","0","0","0","","","3","","0","","40 25:59.101","","0","79 52:13.297","3","0","0","0","2478","0","0","0","N","0","0","0","4","68B03","2","","1.0","","1","N","N","","0","","1","0","0","","0","","","2","3","0","0","0","0","0","2","0","2","","","","N","","","","","","","","","",""
"2009076304","","1","0","0","0","0","0","0","0","0","0","0","","02","7","2009","1","40.529385","-80.072009","","11","0","0","0","0","1","0","0","0","","0","0","0","","","1","","0","","40 31:45.785","","0","80 04:19.234","8","0","0","0","2215","0","0","0","N","0","0","0","1","68B03","0","","3.0","","1","N","N","","0","","0","0","0","","0","","","1","1","0","0","0","1","0","2","0","1","","","","N","","","","","","","","","",""
"2009076305","","0","0","0","0","0","0","0","0","0","7","0","","02","7","2009","4","40.6212","-80.096","","11","1","0","0","0","0","0","0","0","","0","0","0","","","0","","0","","40 37:16.320","","0","80 05:45.600","0","0","0","0","2212","0","0","0","N","0","0","0","1","68B03","0","","4.0","","9","N","N","","0","","0","0","1","","0","","","1","0","0","0","0","0","0","2","0","1","","","","N","","","","","","","","","",""
"2009076344","","2","0","0","0","0","0","0","0","0","1","0","","02","7","2009","5","40.4342","-79.748","","11","0","0","0","0","0","0","0","0","1","0","0","0","","","0","","6","","40 26:03.120","3","2","79 44:52.800","0","0","0","0","2446","0","0","0","N","0","0","0","2","68T09","0","","1.0","","1","N","N","","0","","0","0","0","","4","N","","2","0","0","0","0","0","0","2","0","2","","","","N","","","","","","","","","",""
"2009076357","","0","0","0","0","0","0","0","0","0","2","0","","02","7","2009","5","40.278972","-79.836704","","11","0","0","1","0","0","0","1","0","","0","0","0","","","0","","2","","40 16:44.299","","0","79 50:12.134","0","0","0","0","2105","0","0","0","N","0","0","0","4","02105","0","","1.0","","1","N","N","","0","","0","0","1","","0","","","2","0","0","0","0","0","0","2","1","2","","","","N","","","","","","","","","",""
"2009076360","","0","0","0","0","0","0","0","0","0","4","0","","02","7","2009","5","40.377772","-79.976649","","11","0","0","0","0","0","0","0","0","","0","0","0","","","1","","1","","40 22:39.979","","0","79 58:35.936","8","0","0","1","2413","0","0","0","N","0","0","0","2","02413","0","","1.0","","1","N","N","","0","","0","0","1","","0","","","2","1","0","0","0","1","0","2","0","2","","","","N","","","","","","","","","",""
"2009076363","","1","0","0","0","0","0","0","0","0","1","0","","02","7","2009","5","40.381575","-80.045223","","11","0","0","0","0","0","0","0","0","2","0","0","0","","","0","","2","","40 22:53.670","4","0","80 02:42.802","0","0","0","0","2109","0","0","0","N","0","0","0","2","02109","0","","1.0","","1","N","N","","0","","0","0","1","","0","N","","2","0","0","0","0","0","0","2","0","2","","","","N","","","","","","","","","",""
"2009076365","","1","0","0","0","0","0","0","0","0","7","0","","02","7","2009","4","40.661312","-80.000932","","11","0","1","0","0","0","0","0","0","","0","0","0","","","0","","0","","40 39:40.723","","0","80 00:03.356","0","0","0","0","2216","0","0","0","N","0","0","0","1","02505","0","","5.0","","9","N","N","","0","","0","0","0","","0","","","1","0","0","0","0","0","0","1","0","1","","","","N","","","","","","","","","",""
"2009076367","","1","0","0","0","0","0","0","0","0","7","0","","02","7","2009","5","40.462685","-79.945596","","11","0","0","0","0","0","0","0","0","","0","0","0","","","0","","1","","40 27:45.666","","0","79 56:44.145","0","0","0","0","2301","0","0","0","N","0","0","0","1","02301","0","","2.0","","9","N","N","","0","","0","0","0","","0","","","1","0","0","0","0","0","0","2","0","1","","","","N","","","","","","","","","",""
"2009076369","","2","0","0","0","0","0","0","0","0","4","0","","02","7","2009","5","40.470518","-80.011199","","11","0","0","0","0","0","0","0","0","","0","0","0","","","1","","2","","40 28:13.864","","0","80 00:40.316","8","0","0","0","2301","0","0","0","N","0","0","0","2","02301","0","","1.0","","9","N","N","","0","","0","0","0","","3","","","2","1","2","0","0","1","0","2","0","2","","","","N","","","","","","","","","",""
"2009076376","","0","0","0","0","0","0","0","0","0","4","0","","02","7","2009","6","40.515375","-80.119058","","11","0","0","0","0","0","0","0","0","","0","0","0","","","1","","2","","40 30:55.350","","0","80 07:08.608","4","0","0","0","2211","0","0","0","N","0","0","0","2","02215","1","","1.0","","1","N","N","","0","","0","0","2","","0","","","2","1","0","0","0","0","0","2","0","2","","","","N","","","","","","","","","",""
"2009076379","","2","0","0","0","0","0","0","0","0","1","0","","02","7","2009","5","40.435357","-80.01287","","11","0","0","0","0","0","1","0","0","","0","0","0","","","2","","1","","40 26:07.285","","0","80 00:46.332","3","0","0","0","2301","0","0","0","N","0","0","0","3","02301","1","","1.0","","1","N","N","","0","","1","0","0","","2","","","2","2","0","0","0","0","0","2","0","2","","","","N","","","","","","","","","",""
"2009076380","","0","0","0","0","0","0","0","0","0","0","0","","02","7","2009","5","40.470081","-80.27929","","11","0","0","1","0","0","0","0","0","","0","0","0","","","1","","0","","40 28:12.290","","0","80 16:45.443","8","0","0","0","2203","0","0","0","N","0","0","0","1","02203","0","","1.0","","1","N","N","","1","","0","0","0","","0","","","1","1","0","0","0","1","0","1","0","1","","","","N","","","","","","","","","",""
"2009076381","","1","0","0","0","0","0","0","0","0","7","0","","02","7","2009","7","40.462469","-80.102975","","11","0","0","0","0","0","0","0","0","","0","0","0","","","0","","0","","40 27:44.888","","0","80 06:10.710","0","0","0","0","2126","0","0","0","N","0","0","0","1","02126","0","","2.0","","1","N","N","","0","","0","0","0","","0","","","1","0","0","0","0","0","0","2","0","1","","","","N","","","","","","","","","",""
"2009076383","","0","0","0","0","0","0","0","0","0","7","0","","02","7","2009","6","40.474032","-79.733709","","11","0","0","0","0","0","0","0","0","1","0","0","0","","","1","","0","","40 28:26.515","5","0","79 44:01.353","8","0","0","0","2466","0","0","0","N","0","0","0","1","02466","0","","2.0","","1","N","N","","0","","0","0","1","","0","N","","1","1","0","0","0","1","0","2","0","1","","","","N","","","","","","","","","",""
"2009076400","","3","0","0","0","0","0","0","0","0","7","0","","02","7","2009","4","40.441011","-79.835314","","11","0","0","0","0","0","1","0","0","1","0","0","0","","","1","","0","","40 26:27.639","3","0","79 50:07.132","3","0","0","0","2419","0","0","0","N","0","0","0","3","68B03","0","","2.0","","9","N","N","","0","","1","0","0","","0","N","","3","1","0","0","0","0","0","2","0","3","","","","N","","","","","","","","","",""
"2009076401","","2","0","0","0","0","0","0","0","0","1","0","","02","7","2009","4","40.428849","-79.956164","","11","0","0","0","0","0","0","0","0","","0","0","0","","","0","","6","","40 25:43.856","","2","79 57:22.191","0","0","0","0","2301","0","0","0","N","0","0","0","2","68B03","0","","1.0","","1","N","N","","0","","0","0","0","","4","","","2","0","0","0","0","0","0","2","0","2","","","","N","","","","","","","","","",""
"2009076459","","1","0","0","0","0","0","0","0","0","7","0","","02","7","2009","5","40.361339","-79.831818","","11","0","0","0","0","0","0","0","0","","0","0","0","","","0","","0","","40 21:40.819","","0","79 49:54.545","0","0","0","0","2304","0","0","0","N","0","0","0","1","02304","0","","2.0","","1","N","N","","0","","0","0","0","","0","","","1","0","0","0","0","0","0","2","0","1","","","","N","","","","","","","","","",""
"2009076460","","0","0","0","0","0","0","0","0","0","1","0","","02","7","2009","6","40.346679","-79.835355","","11","0","0","1","0","0","1","0","0","2","0","0","0","","","0","","0","","40 20:48.044","2","0","79 50:07.278","0","0","0","0","2304","0","0","0","N","0","0","0","2","02304","0","","1.0","","9","N","N","","0","","0","0","1","","0","N","","2","0","0","0","0","0","0","2","1","2","","","","N","","","","","","","","","",""
"2009076563","","1","0","0","0","0","0","0","0","0","4","0","","02","7","2009","5","40.559854","-80.014443","","11","0","0","0","1","0","0","0","0","2","0","0","0","","","0","","2","","40 33:35.474","2","0","80 00:51.993","0","0","0","0","2108","0","0","0","N","0","0","0","3","02108","0","","1.0","","1","N","N","","0","","0","0","1","","3","N","","2","0","0","0","0","0","0","2","0","2","","","","N","","","","","","","","","",""
"2009076564","","1","0","0","0","0","0","0","0","0","7","0","","02","7","2009","3","40.572053","-80.021751","","11","0","0","0","0","0","0","0","0","","0","0","0","","","0","","0","","40 34:19.389","","0","80 01:18.305","0","0","0","0","2108","0","0","0","N","0","0","0","1","02108","0","","4.0","","9","N","N","","0","","0","0","0","","0","","","1","0","0","0","0","0","0","2","0","1","","","","N","","","","","","","","","",""
"2009076565","","1","0","0","0","0","0","0","0","0","7","0","","02","7","2009","4","40.563121","-80.041383","","11","0","0","0","0","1","0","0","0","2","0","0","0","","","0","","0","","40 33:47.235","1","0","80 02:28.978","0","0","0","0","2108","0","0","0","N","0","0","0","1","02108","0","","4.0","","1","N","N","","0","","0","0","0","","0","N","","1","0","0","0","0","0","0","2","0","1","","","","N","","","","","","","","","",""
"2009076566","","2","0","0","0","0","0","0","0","0","4","0","","02","7","2009","7","40.563837","-79.990054","","11","0","1","0","0","0","2","0","0","2","0","0","0","","","1","","0","","40 33:49.812","4","7","79 59:24.196","8","0","0","0","2108","0","0","0","N","0","0","0","3","02108","0","","1.0","","1","N","N","","0","","0","0","1","","0","N","","3","1","0","0","0","1","0","2","0","3","","","","N","","","","","","","","","",""
"2009076575","","0","0","0","0","0","0","0","0","0","7","0","","02","7","2009","2","40.442725","-80.070503","","11","0","0","0","1","0","0","0","0","1","0","0","0","","","1","","0","","40 26:33.810","1","0","80 04:13.810","3","0","0","0","2439","0","0","0","N","0","0","0","1","02439","0","","5.0","","1","N","N","","1","","1","0","0","","0","N","","1","1","0","0","0","0","0","2","0","1","","","","N","","","","","","","","","",""
"2009076612","","1","0","0","0","0","0","0","0","0","0","0","","02","7","2009","1","40.347668","-79.947284","","11","0","0","0","0","0","0","0","0","1","0","0","0","","","0","","0","","40 20:51.603","2","0","79 56:50.221","0","0","0","0","2473","0","0","0","N","0","0","0","4","02473","0","","1.0","","1","N","N","","0","","0","0","0","","0","Y","","1","0","0","0","0","0","0","2","0","1","","","","N","","","","","","","","","",""
"2009076616","","1","0","0","0","0","0","0","0","0","4","0","","02","7","2009","7","40.347321","-79.944739","","11","0","0","0","0","0","0","0","0","","0","0","0","","","1","","1","","40 20:50.355","","0","79 56:41.060","4","0","0","0","2473","0","0","0","N","0","0","0","2","02473","1","","1.0","","1","N","N","","0","","0","0","1","","3","","","2","1","0","0","0","0","0","2","0","2","","","","N","","","","","","","","","",""
"2009076618","","1","0","0","0","0","0","0","0","0","4","0","","02","7","2009","6","40.352984","-79.917303","","11","0","0","0","0","0","0","0","1","1","0","0","0","","","1","","2","","40 21:10.742","3","0","79 55:02.290","2","0","0","0","2473","0","0","0","N","0","0","0","2","02473","0","","1.0","","1","N","N","","0","","0","1","1","","2","N","","2","1","1","0","1","0","0","2","0","2","","","","N","","","","","","","","","",""
"2009076635","","2","0","0","0","0","0","0","0","0","1","0","","02","7","2009","2","40.346633","-79.835413","","11","0","0","0","0","0","2","0","0","1","0","0","0","","","0","","0","","40 20:47.878","1","0","79 50:07.486","0","0","0","0","2304","0","0","0","N","0","0","0","2","02304","0","","1.0","","1","N","N","","0","","0","0","0","","0","N","","2","0","0","0","0","0","0","2","0","2","","","","N","","","","","","","","","",""
"2009076636","","0","0","0","0","0","0","0","0","0","1","1","","02","7","2009","4","40.351378","-79.866678","","11","0","0","0","0","0","0","0","0","1","0","1","0","","","2","","1","","40 21:04.959","4","0","79 52:00.040","8","0","0","0","2304","0","0","0","N","0","0","0","3","02304","0","","1.0","","1","N","N","","1","","0","0","0","","2","Y","","2","2","0","0","0","2","0","2","0","2","","","","N","","","","","","","","","",""
"2009076637","","2","0","0","0","0","0","0","0","0","1","0","","02","7","2009","6","40.348522","-79.830572","","11","0","0","0","0","0","0","1","0","","0","0","0","","","3","","2","","40 20:54.679","","0","79 49:50.059","4","0","0","0","2304","0","0","0","N","0","0","0","3","02304","1","","1.0","","1","N","N","","0","","0","0","0","","0","","","2","3","3","0","0","2","0","2","0","2","","","","N","","","","","","","","","",""
"2009076638","","1","0","0","0","0","0","0","0","0","7","0","","02","7","2009","2","40.350143","-79.861479","","11","0","0","0","0","0","0","0","0","","0","0","0","","","1","","0","","40 21:00.514","","0","79 51:41.324","8","0","0","0","2304","0","0","0","N","0","0","0","1","02304","0","","5.0","","1","N","N","","0","","0","0","0","","0","","","1","1","1","0","0","1","0","2","0","1","","","","N","","","","","","","","","",""
"2009076639","","0","0","0","0","0","0","0","0","0","8","0","","02","7","2009","3","40.345381","-79.844111","","11","0","0","0","0","0","0","0","0","","0","0","0","","","1","","0","","40 20:43.371","","0","79 50:38.799","8","0","0","0","2304","1","0","0","N","1","0","0","2","02304","0","","1.0","","1","N","N","","1","","0","0","0","","0","","","2","1","1","0","0","1","0","2","0","1","","","","N","","","","","","","","","",""
"2009076640","","0","0","0","0","0","0","0","0","0","8","0","","02","7","2009","1","40.352092","-79.851009","","11","0","0","0","0","0","0","0","0","","0","0","0","","","1","","1","","40 21:07.531","","0","79 51:03.632","3","0","0","0","2304","1","0","0","N","1","0","0","3","02304","0","","1.0","","1","N","N","","0","","1","0","1","","2","","","2","1","0","0","0","0","0","2","0","1","","","","N","","","","","","","","","",""
"2009076641","","1","0","0","0","0","0","0","0","0","1","0","","02","7","2009","2","40.344959","-79.838293","","11","0","0","0","0","0","1","0","0","","0","0","0","","","2","","0","","40 20:41.852","","0","79 50:17.854","8","0","0","0","2304","0","0","0","N","0","0","0","3","02304","0","","1.0","","1","N","N","","1","","0","0","0","","0","","","2","2","0","0","0","2","1","2","0","2","","","","N","","","","","","","","","",""
"2009076671","","1","0","0","0","0","0","0","0","0","8","0","","02","7","2009","2","40.407919","-79.909152","","11","0","0","0","0","0","1","0","0","","0","0","0","","","1","","1","","40 24:28.507","","0","79 54:32.946","4","0","0","0","2438","1","0","0","N","1","0","0","2","02438","1","","1.0","","1","N","N","","0","","0","0","0","","2","","","2","1","1","0","0","0","0","2","0","1","","","","N","","","","","","","","","",""
"2009076673","","3","0","0","0","0","0","0","0","0","1","0","","02","7","2009","3","40.596899","-79.947669","","11","0","1","0","0","0","0","0","0","","0","0","0","","","1","","0","","40 35:48.835","","0","79 56:51.610","4","0","0","0","2207","0","0","0","N","0","0","0","5","02207","1","","1.0","","1","N","N","","0","","0","0","0","","0","","","3","1","0","0","0","0","0","2","0","3","","","","N","","","","","","","","","",""
"2009076674","","2","0","0","0","0","0","0","0","0","4","0","","02","7","2009","4","40.424805","-79.979558","","11","0","0","0","0","0","0","0","0","","0","0","0","","","0","","2","","40 25:29.298","","0","79 58:46.408","0","0","0","0","2301","0","0","0","N","0","0","0","2","02301","0","","1.0","","9","N","N","","0","","0","0","0","","3","","","2","0","0","0","0","0","0","2","0","2","","","","N","","","","","","","","","",""
"2009076677","","0","0","0","0","0","0","0","0","0","99","0","","02","7","2009","5","40.369446","-79.783459","","11","0","0","0","0","0","0","0","0","","0","0","0","","","0","","0","","40 22:10.005","","0","79 47:00.453","0","0","0","0","2111","0","0","0","N","0","0","0","1","02111","0","","2.0","","1","N","N","","0","","0","0","1","","0","","","1","0","1","0","0","0","0","2","0","1","","","","N","","","","","","","","","",""
"2009076683","","1","0","0","0","0","0","0","0","0","4","0","","02","6","2009","2","40.371773","-80.082575","","11","0","0","0","0","0","1","1","0","2","0","0","0","","","0","","2","","40 22:18.382","4","0","80 04:57.270","0","0","0","0","2117","0","0","0","N","0","0","0","2","02117","0","","1.0","","1","N","N","","1","","0","0","0","","3","N","","2","0","0","0","0","0","0","2","0","2","","","","N","","","","","","","","","",""
"2009076700","","2","0","0","0","0","0","0","0","0","1","0","","02","7","2009","1","40.431774","-79.893294","","11","0","0","1","0","0","0","0","0","","0","0","0","","","1","","1","","40 25:54.386","","0","79 53:35.858","8","0","0","0","2463","0","0","0","N","0","0","0","2","02463","0","","1.0","","1","N","N","","0","","0","0","0","","0","","","2","1","1","0","0","1","0","2","0","2","","","","N","","","","","","","","","",""