"CRN","ARRIVAL_TM","AUTOMOBILE_COUNT","BELTED_DEATH_COUNT","BELTED_SUSP_SERIOUS_INJ_COUNT","BICYCLE_COUNT","BICYCLE_DEATH_COUNT","BICYCLE_SUSP_SERIOUS_INJ_COUNT","BUS_COUNT","CHLDPAS_DEATH_COUNT","CHLDPAS_SUSP_SERIOUS_INJ_COUNT","COLLISION_TYPE","COMM_VEH_COUNT","CONS_ZONE_SPD_LIM","COUNTY","CRASH_MONTH","CRASH_YEAR","DAY_OF_WEEK","DEC_LATITUDE","DEC_LONGITUDE","DISPATCH_TM","DISTRICT","DRIVER_COUNT_16YR","DRIVER_COUNT_17YR","DRIVER_COUNT_18YR","DRIVER_COUNT_19YR","DRIVER_COUNT_20YR","DRIVER_COUNT_50_64YR","DRIVER_COUNT_65_74YR","DRIVER_COUNT_75PLUS","EST_HRS_CLOSED","FATAL_COUNT","HEAVY_TRUCK_COUNT","HORSE_BUGGY_COUNT","HOUR_OF_DAY","ILLUMINATION","INJURY_COUNT","INTERSECTION_RELATED","INTERSECT_TYPE","LANE_CLOSED","LATITUDE","LN_CLOSE_DIR","LOCATION_TYPE","LONGITUDE","MAX_SEVERITY_LEVEL","MCYCLE_DEATH_COUNT","MCYCLE_SUSP_SERIOUS_INJ_COUNT","MOTORCYCLE_COUNT","MUNICIPALITY","NONMOTR_COUNT","NONMOTR_DEATH_COUNT","NONMOTR_SUSP_SERIOUS_INJ_COUNT","NTFY_HIWY_MAINT","PED_COUNT","PED_DEATH_COUNT","PED_SUSP_SERIOUS_INJ_COUNT","PERSON_COUNT","POLICE_AGCY","POSSIBLE_INJ_COUNT","RDWY_SURF_TYPE_CD","RELATION_TO_ROAD","ROADWAY_CLEARED","ROAD_CONDITION","SCH_BUS_IND","SCH_ZONE_IND","SECONDARY_CRASH","SMALL_TRUCK_COUNT","SPEC_JURIS_CD","SUSP_MINOR_INJ_COUNT","SUSP_SERIOUS_INJ_COUNT","SUV_COUNT","TCD_FUNC_CD","TCD_TYPE","TFC_DETOUR_IND","TIME_OF_DAY","TOTAL_UNITS","TOT_INJ_COUNT","UNBELTED_OCC_COUNT","UNB_DEATH_COUNT","UNB_SUSP_SERIOUS_INJ_COUNT","UNK_INJ_DEG_COUNT","UNK_INJ_PER_COUNT","URBAN_RURAL","VAN_COUNT","VEHICLE_COUNT","WEATHER1","WEATHER2","WORKERS_PRES","WORK_ZONE_IND","WORK_ZONE_LOC","WORK_ZONE_TYPE","WZ_CLOSE_DETOUR","WZ_FLAGGER","WZ_LAW_OFFCR_IND","WZ_LN_CLOSURE","WZ_MOVING","WZ_OTHER","WZ_SHLDER_MDN","WZ_WORKERS_INJ_KILLED"
"2009076701","","2","0","0","0","0","0","0","0","0","4","0","","02","7","2009","6","40.469833","-79.963717","","11","0","0","0","0","0","1","0","0","1","0","0","0","","","3","","2","","40 28:11.397","1","0","79 57:49.382","8","0","0","0","2301","0","0","0","N","0","0","0","4","02301","0","","1.0","","9","N","N","","1","","0","0","0","","3","Y","","3","3","0","0","0","3","0","2","0","3","","","","N","","","","","","","","","",""
"2009076704","","0","0","0","0","0","0","0","0","0","4","1","","02","7","2009","3","40.429314","-79.996733","","11","0","0","0","0","0","0","0","0","","0","1","0","","","0","","0","","40 25:45.529","","0","79 59:48.238","0","0","0","0","2301","0","0","0","N","0","0","0","2","02301","0","","1.0","","1","N","N","","1","","0","0","0","","0","","","2","0","2","0","0","0","0","2","0","2","","","","N","","","","","","","","","",""
"2009076711","","1","0","0","0","0","0","0","0","0","1","0","","02","7","2009","6","40.454427","-79.823549","","11","0","0","1","0","0","0","0","0","","0","0","0","","","1","","0","","40 27:15.938","","0","79 49:24.777","4","0","0","0","2113","0","0","0","N","0","0","0","2","02113","1","","1.0","","9","N","N","","1","","0","0","0","","0","","","2","1","0","0","0","0","0","2","0","2","","","","N","","","","","","","","","",""
"2009076720","","0","0","0","0","0","0","0","0","0","8","0","","02","7","2009","6","40.497611","-80.059676","","11","0","0","0","0","0","1","0","0","","0","0","0","","","1","","0","","40 29:51.400","","0","80 03:34.833","4","0","0","0","2404","1","0","0","N","1","0","0","2","02404","1","","1.0","","1","N","N","","0","","0","0","1","","0","","","2","1","0","0","0","0","0","2","0","1","","","","N","","","","","","","","","",""
"2009076721","","2","0","0","0","0","0","0","0","0","4","0","","02","7","2009","6","40.397668","-79.769328","","11","0","0","0","0","0","1","1","0","","0","0","0","","","1","","1","","40 23:51.606","","0","79 46:09.579","3","0","0","0","2446","0","0","0","N","0","0","0","2","02446","0","","1.0","","9","N","N","","0","","1","0","0","","2","","","2","1","0","0","0","0","0","2","0","2","","","","N","","","","","","","","","",""
"2009076737","","1","0","0","0","0","0","0","0","0","7","0","","02","7","2009","5","40.289824","-79.96939","","11","0","1","0","0","0","0","0","0","3","0","0","0","","","0","","0","","40 17:23.367","5","3","79 58:09.804","0","0","0","0","2440","0","0","0","Y","0","0","0","4","02440","0","","4.0","","9","N","N","","0","","0","0","0","","0","N","","1","0","1","0","0","0","0","2","0","1","","","","N","","","","","","","","","",""
"2009076744","","1","0","0","0","0","0","0","0","0","5","0","","02","7","2009","5","40.402916","-79.891559","","11","0","0","0","0","0","1","0","0","1","0","0","0","","","0","","0","","40 24:10.497","5","0","79 53:29.611","0","0","0","0","2448","0","0","0","N","0","0","0","1","02448","0","","1.0","","1","N","N","","0","","0","0","0","","0","N","","2","0","0","0","0","0","0","2","1","2","","","","N","","","","","","","","","",""
"2009076746","","2","0","0","0","0","0","0","0","0","4","0","","02","7","2009","6","40.468993","-79.962715","","11","0","0","0","0","0","1","0","0","2","0","0","0","","","0","","0","","40 28:08.374","2","7","79 57:45.775","0","0","0","0","2301","0","0","0","N","0","0","0","2","02301","0","","1.0","","9","N","N","","0","","0","0","0","","0","N","","2","0","0","0","0","0","0","2","0","2","","","","N","","","","","","","","","",""
"2009076756","","1","0","0","0","0","0","0","0","0","2","0","","02","7","2009","6","40.355111","-79.979371","","11","0","0","0","0","0","1","0","0","2","0","0","0","","","2","","0","","40 21:18.400","2","0","79 58:45.735","4","0","0","0","2476","0","0","0","N","0","0","0","9","02476","2","","1.0","","1","N","N","","0","","0","0","1","","0","N","","4","2","0","0","0","0","0","2","2","4","","","","N","","","","","","","","","",""
"2009076760","","0","0","0","0","0","0","0","0","0","7","0","","02","7","2009","1","40.576914","-79.88933","","11","0","0","0","0","0","0","0","0","1","0","0","0","","","1","","0","","40 34:36.892","5","0","79 53:21.589","3","0","0","1","2209","0","0","0","N","0","0","0","1","02209","0","","4.0","","1","N","N","","0","","1","0","0","","0","Y","","1","1","0","0","0","0","0","2","0","1","","","","N","","","","","","","","","",""
"2009076761","","1","0","0","0","0","0","0","0","0","1","0","45","02","7","2009","4","40.458218","-80.17374","","11","0","0","0","0","0","1","0","0","","0","0","0","","","0","","0","","40 27:29.583","","0","80 10:25.465","0","0","0","0","2213","0","0","0","N","0","0","0","2","02213","0","","2.0","","98","N","N","","0","","0","0","1","","0","","","2","0","0","0","0","0","0","2","0","2","","","N","Y","4","2","N","N","N","N","N","Y","N",""
"2009076762","","1","0","0","0","0","0","0","0","0","8","0","","02","7","2009","4","40.340579","-80.052275","","11","0","0","0","0","0","0","0","0","3","0","0","0","","","1","","3","","40 20:26.084","1","0","80 03:08.190","3","0","0","0","2407","1","0","0","N","1","0","0","2","02407","0","","1.0","","9","N","N","","0","","1","0","0","","2","Y","","2","1","0","0","0","0","0","2","0","1","","","","N","","","","","","","","","",""
"2009076763","","1","0","0","1","0","0","0","0","0","8","0","","02","7","2009","2","40.368178","-80.022069","","11","0","0","0","0","1","0","0","0","","0","0","0","","","1","","0","","40 22:05.440","","0","80 01:19.448","4","0","0","0","2416","1","0","0","N","0","0","0","3","02416","1","","1.0","","1","N","N","","0","","0","0","0","","0","","","2","1","0","0","0","0","0","2","0","1","","","","N","","","","","","","","","",""
"2009076764","","1","0","0","0","0","0","0","0","0","4","0","","02","7","2009","5","40.501251","-80.074658","","11","0","0","0","0","1","0","0","0","1","0","0","0","","","1","","0","","40 30:04.503","5","0","80 04:28.769","4","0","0","0","2458","0","0","0","N","0","0","0","3","02458","1","","1.0","","1","N","N","","0","","0","0","0","","0","N","","2","1","2","0","0","0","0","2","1","2","","","","N","","","","","","","","","",""
"2009076910","","1","0","0","0","0","0","0","0","0","7","0","","02","7","2009","5","40.6428","-80.0139","","11","0","0","0","0","0","0","0","0","","0","0","0","","","0","","0","","40 38:34.080","","0","80 00:50.040","0","0","0","0","2216","0","0","0","N","0","0","0","1","68T02","0","","3.0","","9","N","N","","0","","0","0","0","","0","","","1","0","0","0","0","0","0","2","0","1","","","","N","","","","","","","","","",""
"2009076939","","0","0","0","0","0","0","0","0","0","0","0","","02","6","2009","6","40.351988","-79.90856","","11","0","0","0","0","0","1","0","0","1","0","0","0","","","1","","0","","40 21:07.156","3","0","79 54:30.816","3","0","0","1","2473","0","0","0","N","0","0","0","1","02473","0","","4.0","","1","N","N","","0","","1","0","0","","0","N","","1","1","0","0","0","0","0","2","0","1","","","","N","","","","","","","","","",""
"2009076951","","2","0","0","0","0","0","0","0","0","1","0","","02","7","2009","6","40.595163","-79.978346","","11","0","0","0","0","0","0","0","0","","0","0","0","","","2","","0","","40 35:42.585","","0","79 58:42.046","8","0","0","0","2207","0","0","0","N","0","0","0","4","02207","0","","1.0","","9","N","N","","0","","0","0","0","","0","","","2","2","0","0","0","2","0","1","0","2","","","","N","","","","","","","","","",""
"2009076953","","1","0","0","0","0","0","0","0","0","7","0","","02","7","2009","6","40.479233","-79.872743","","11","0","0","0","0","0","0","0","0","4","0","0","0","","","2","","0","","40 28:45.238","5","0","79 52:21.874","8","0","0","0","2113","0","0","0","N","0","0","0","2","02113","0","","2.0","","1","N","N","","0","","0","0","0","","0","Y","","1","2","0","0","0","2","0","2","0","1","","","","N","","","","","","","","","",""
"2009076959","","0","0","0","0","0","0","0","0","0","2","0","","02","7","2009","4","40.510415","-80.095498","","11","0","0","0","0","1","1","0","0","","0","0","0","","","1","","0","","40 30:37.495","","0","80 05:43.794","3","0","0","0","2402","0","0","0","N","0","0","0","2","02402","0","","1.0","","1","N","N","","1","","1","0","1","","0","","","2","1","0","0","0","0","0","2","0","2","","","","N","","","","","","","","","",""
"2009076961","","0","0","0","0","0","0","0","0","0","4","0","","02","7","2009","7","40.489351","-79.820068","","11","0","0","0","0","0","1","0","0","","0","0","0","","","1","","2","","40 29:21.662","","0","79 49:12.244","4","0","0","0","2113","0","0","0","N","0","0","0","3","02113","1","","1.0","","1","N","N","","0","","0","0","2","","3","","","2","1","0","0","0","0","0","2","0","2","","","","N","","","","","","","","","",""
"2009076975","","0","0","0","0","0","0","0","0","0","1","0","","02","7","2009","6","40.552855","-80.105981","","11","0","0","0","0","0","0","0","0","","0","0","0","","","0","","0","","40 33:10.279","","0","80 06:21.530","0","0","0","0","2215","0","0","0","N","0","0","0","2","02215","0","","1.0","","9","N","N","","1","","0","0","1","","0","","","2","0","0","0","0","0","0","2","0","2","","","","N","","","","","","","","","",""
"2009076976","","1","0","0","0","0","0","0","0","0","7","0","","02","7","2009","6","40.438023","-79.99402","","11","0","0","0","0","0","0","0","0","","0","0","0","","","0","","0","","40 26:16.882","","0","79 59:38.472","0","0","0","0","2301","0","0","0","N","0","0","0","2","02301","0","","4.0","","1","N","N","","0","","0","0","0","","2","","","1","0","0","0","0","0","0","2","0","1","","","","N","","","","","","","","","",""
"2009076980","","1","0","0","0","0","0","0","0","0","8","0","","02","7","2009","6","40.417712","-79.963602","","11","0","0","0","0","0","0","0","0","3","0","0","0","","","1","","2","","40 25:03.763","7","0","79 57:48.967","2","0","0","0","2301","1","0","1","N","1","0","1","2","02301","0","","1.0","","1","N","N","","0","","0","1","0","","0","Y","","2","1","0","0","0","0","1","2","0","1","","","","N","","","","","","","","","",""
"2009076988","","1","0","0","0","0","0","0","0","0","4","0","","02","8","2009","7","40.425799","-80.019809","","11","0","0","0","0","0","1","0","0","2","0","0","0","","","0","","1","","40 25:32.876","7","0","80 01:11.311","0","0","0","0","2301","0","0","0","N","0","0","0","3","02301","0","","1.0","","1","N","N","","0","","0","0","0","","2","N","","2","0","0","0","0","0","0","2","1","2","","","","N","","","","","","","","","",""
"2009076989","","2","0","0","0","0","0","0","0","0","4","0","","02","7","2009","6","40.431711","-80.013701","","11","0","0","0","0","0","0","0","0","1","0","0","0","","","0","","2","","40 25:54.159","1","0","80 00:49.323","9","0","0","0","2301","0","0","0","N","0","0","0","2","02301","0","","1.0","","1","N","N","","0","","0","0","0","","1","N","","2","0","0","0","0","0","2","2","0","2","","","","N","","","","","","","","","",""
"2009076995","","1","0","0","0","0","0","0","0","0","7","0","","02","8","2009","7","40.425007","-79.980844","","11","0","0","0","0","0","0","0","0","3","0","0","0","","","0","","0","","40 25:30.025","2","0","79 58:51.038","0","0","0","0","2301","0","0","0","N","0","0","0","2","02301","0","","2.0","","1","N","N","","0","","0","0","0","","0","N","","1","0","0","0","0","0","0","2","0","1","","","","N","","","","","","","","","",""
"2009076996","","2","0","0","0","0","0","0","0","0","5","0","","02","7","2009","5","40.417428","-79.879196","","11","0","0","0","0","0","0","0","0","","0","0","0","","","0","","0","","40 25:02.739","","0","79 52:45.104","0","0","0","0","2463","0","0","0","N","0","0","0","1","02463","0","","2.0","","1","N","N","","0","","0","0","0","","0","","","3","0","0","0","0","0","0","2","1","3","","","","N","","","","","","","","","",""
"2009077000","","1","0","0","0","0","0","0","0","0","4","0","","02","7","2009","3","40.2928","-80.0308","","11","0","0","0","0","0","1","0","1","3","0","0","0","","","2","","0","","40 17:34.080","5","0","80 01:50.880","3","0","0","1","2407","0","0","0","N","0","0","0","3","02407","1","","1.0","","1","N","N","","0","","1","0","0","","0","Y","","2","2","0","0","0","0","0","2","0","2","","","","N","","","","","","","","","",""
"2009077001","","2","0","0","0","0","0","0","0","0","4","0","","02","7","2009","4","40.325868","-80.049323","","11","0","0","1","0","1","0","0","0","","0","0","0","","","0","","1","","40 19:33.124","","0","80 02:57.561","0","0","0","0","2407","0","0","0","N","0","0","0","2","02407","0","","1.0","","9","N","N","","0","","0","0","0","","2","","","2","0","0","0","0","0","0","2","0","2","","","","N","","","","","","","","","",""
"2009077008","","1","0","0","0","0","0","0","0","0","7","0","","02","7","2009","7","40.468911","-80.002193","","11","0","0","0","0","0","0","0","1","","0","0","0","","","1","","0","","40 28:08.081","","0","80 00:07.893","8","0","0","0","2301","0","0","0","N","0","0","0","2","68B03","0","","2.0","","1","N","N","","0","","0","0","0","","0","","","1","1","0","0","0","1","0","2","0","1","","","","N","","","","","","","","","",""
"2009077009","","2","0","0","0","0","0","0","0","0","1","0","","02","7","2009","2","40.4442","-79.8417","","11","0","0","0","0","0","1","0","0","2","0","0","0","","","0","","0","","40 26:39.120","3","2","79 50:30.120","0","0","0","0","2419","0","0","0","N","0","0","0","2","68B03","0","","1.0","","1","N","N","","0","","0","0","0","","4","N","","2","0","1","0","0","0","0","2","0","2","","","","N","","","","","","","","","",""
"2009077055","","1","0","0","0","0","0","0","0","0","2","0","","02","7","2009","4","40.349833","-79.856152","","11","0","0","0","0","0","1","0","0","1","0","0","0","","","1","","1","","40 20:59.398","7","0","79 51:22.147","8","0","0","0","2304","0","0","0","N","0","0","0","2","02304","0","","1.0","","9","N","N","","0","","0","0","1","","3","N","","2","1","0","0","0","1","0","2","0","2","","","","N","","","","","","","","","",""
"2009077063","","0","0","0","0","0","0","0","0","0","7","0","","02","7","2009","1","40.572019","-80.016386","","11","0","0","0","0","0","0","0","0","1","0","0","0","","","0","","1","","40 34:19.267","3","0","80 00:58.989","9","0","0","0","2108","0","0","0","Y","0","0","0","2","02108","0","","4.0","","1","N","N","","0","","0","0","1","","2","N","","1","0","0","0","0","0","2","2","0","1","","","","N","","","","","","","","","",""
"2009077065","","0","0","0","0","0","0","0","0","0","2","0","","02","7","2009","4","40.609991","-80.053301","","11","0","0","0","0","0","1","0","0","2","0","0","0","","","2","","1","","40 36:35.967","5","0","80 03:11.883","4","0","0","0","2108","0","0","0","N","0","0","0","2","02108","2","","1.0","","1","N","N","","0","","0","0","1","","2","N","","2","2","1","0","0","0","0","2","1","2","","","","N","","","","","","","","","",""
"2009077071","","2","0","0","0","0","0","0","0","0","2","0","","02","6","2009","6","40.383715","-79.877378","","11","0","0","0","0","0","0","0","0","2","0","0","0","","","1","","0","","40 23:01.373","4","0","79 52:38.562","3","0","0","0","2473","0","0","0","N","0","0","0","1","02473","0","","2.0","","1","N","N","","0","","1","0","0","","0","N","","2","1","1","0","0","0","0","2","0","2","","","","N","","","","","","","","","",""
"2009077072","","1","0","0","0","0","0","0","0","0","4","0","","02","7","2009","5","40.385001","-79.862741","","11","0","1","0","0","0","0","0","0","1","0","0","0","","","2","","1","","40 23:06.005","2","0","79 51:45.866","4","0","0","0","2473","0","0","0","N","0","0","0","2","02473","2","","1.0","","1","N","N","","0","","0","0","1","","2","N","","2","2","0","0","0","0","0","2","0","2","","","","N","","","","","","","","","",""
"2009077073","","1","0","0","0","0","0","0","0","0","1","0","","02","7","2009","5","40.34889","-79.939012","","11","0","0","0","0","0","0","0","0","2","0","0","0","","","0","","2","","40 20:56.003","3","0","79 56:20.443","0","0","0","0","2473","0","0","0","N","0","0","0","2","02473","0","","1.0","","1","N","N","","0","","0","0","1","","2","N","","2","0","0","0","0","0","0","2","0","2","","","","N","","","","","","","","","",""
"2009077093","","1","0","0","0","0","0","0","0","0","4","0","","02","7","2009","6","40.639716","-79.953888","","11","0","1","0","0","0","1","0","0","1","0","0","0","","","0","","1","","40 38:22.977","2","0","79 57:13.996","0","0","0","0","2217","0","0","0","N","0","0","0","2","02505","0","","1.0","","9","N","N","","0","","0","0","1","","3","N","","2","0","0","0","0","0","0","2","0","2","","","","N","","","","","","","","","",""
"2009077095","","2","0","0","0","0","0","0","0","0","2","0","","02","7","2009","4","","","","11","1","0","0","0","0","0","1","0","1","0","0","0","","","1","","0","","","4","7","","4","0","0","0","2217","0","0","0","N","0","0","0","4","02505","1","","1.0","","9","N","N","","0","","0","0","0","","0","N","","2","1","0","0","0","0","0","1","0","2","","","","N","","","","","","","","","",""
"2009077105","","2","0","0","0","0","0","0","0","0","2","0","","02","7","2009","5","40.419779","-79.889083","","11","0","0","0","0","0","0","0","0","","0","0","0","","","0","","2","","40 25:11.204","","0","79 53:20.698","9","0","0","0","2463","0","0","0","N","0","0","0","2","02463","0","","1.0","","1","N","N","","0","","0","0","0","","0","","","2","0","0","0","0","0","2","2","0","2","","","","N","","","","","","","","","",""
"2009077108","","2","0","0","0","0","0","0","0","0","1","0","","02","7","2009","6","40.401967","-80.000684","","11","0","0","0","0","0","1","0","0","","0","0","0","","","1","","1","","40 24:07.080","","0","80 00:02.464","4","0","0","0","2301","0","0","0","","0","0","0","3","02301","1","","1.0","","9","N","N","","0","","0","0","0","","2","","","2","1","0","0","0","0","0","2","0","2","","","","N","","","","","","","","","",""
"2009077110","","2","0","0","0","0","0","0","0","0","7","0","","02","7","2009","6","40.381301","-79.812464","","11","0","0","0","0","0","0","0","0","","0","0","0","","","1","","0","","40 22:52.682","","7","79 48:44.871","8","0","0","0","2424","0","0","0","N","0","0","0","2","02424","0","","9.0","","9","N","N","","0","","0","0","0","","8","","","2","1","0","0","0","1","0","2","0","2","","","","N","","","","","","","","","",""
"2009077111","","0","0","0","0","0","0","0","0","0","7","0","","02","8","2009","7","40.43735","-79.977734","","11","0","0","0","0","0","0","0","0","","0","0","0","","","1","","1","","40 26:14.460","","0","79 58:39.842","3","0","0","0","2301","0","0","0","N","0","0","0","1","02301","0","","4.0","","1","N","N","","0","","1","0","0","","2","","","1","1","0","0","0","0","0","2","1","1","","","","N","","","","","","","","","",""
"2009077115","","1","0","0","0","0","0","0","0","0","4","0","","02","8","2009","7","40.365848","-79.776833","","11","0","0","0","0","0","1","1","0","2","0","0","0","","","2","","2","","40 21:57.051","4","0","79 46:36.597","3","0","0","0","2111","0","0","0","N","0","0","0","2","02111","0","","1.0","","1","N","N","","0","","2","0","1","","3","Y","","2","2","0","0","0","0","0","2","0","2","","","","N","","","","","","","","","",""
"2009077116","","1","0","0","1","0","0","0","0","0","8","0","","02","7","2009","5","40.51458","-79.948057","","11","0","0","0","0","0","0","0","0","","0","0","0","","","1","","0","","40 30:52.488","","0","79 56:53.005","4","0","0","0","2118","1","0","0","N","0","0","0","2","02118","1","","1.0","","1","N","N","","0","","0","0","0","","0","","","2","1","1","0","0","0","0","2","0","1","","","","N","","","","","","","","","",""
"2009077117","","2","0","0","0","0","0","0","0","0","6","0","","02","8","2009","7","40.374469","-80.073299","","11","0","0","0","0","0","0","1","0","1","0","0","0","","","1","","1","","40 22:28.088","3","0","80 04:23.876","8","0","0","0","2109","0","0","0","N","0","0","0","3","02109","0","","1.0","","1","N","N","","0","","0","0","0","","2","N","","2","1","0","0","0","1","0","2","0","2","","","","N","","","","","","","","","",""
"2009077129","","1","0","0","0","0","0","0","0","0","0","0","","02","7","2009","5","40.3686","-79.929129","","11","0","0","0","0","0","0","0","0","","0","0","0","","","0","","0","","40 22:06.959","","0","79 55:44.864","0","0","0","0","2473","0","0","0","Y","0","0","0","1","02473","0","","1.0","","1","N","N","","0","","0","0","0","","0","","","1","0","0","0","0","0","0","2","0","1","","","","N","","","","","","","","","",""
"2009077130","","2","0","0","0","0","0","0","0","0","5","0","","02","8","2009","7","40.426799","-80.057738","","11","0","1","0","0","0","0","1","0","","0","0","0","","","1","","0","","40 25:36.476","","0","80 03:27.856","4","0","0","0","2301","0","0","0","N","0","0","0","2","02301","1","","1.0","","1","N","N","","0","","0","0","0","","0","","","2","1","0","0","0","0","0","2","0","2","","","","N","","","","","","","","","",""
"2009077131","","2","0","0","0","0","0","0","0","0","4","0","","02","7","2009","6","40.334255","-79.985012","","11","0","0","0","0","0","0","0","1","","0","0","0","","","1","","0","","40 20:03.318","","0","79 59:06.043","8","0","0","0","2403","0","0","0","N","0","0","0","1","02403","0","","5.0","","1","N","N","","0","","0","0","0","","0","","","2","1","0","0","0","1","0","2","0","2","","","","N","","","","","","","","","",""
"2009077137","","1","0","0","0","0","0","0","0","0","4","0","","02","8","2009","7","40.457354","-79.997395","","11","0","0","0","0","0","1","0","0","","0","0","0","","","1","","1","","40 27:26.474","","0","79 59:50.622","4","0","0","1","2301","0","0","0","N","0","0","0","2","02301","1","","1.0","","1","N","N","","0","","0","0","0","","3","","","2","1","0","0","0","0","0","2","0","2","","","","N","","","","","","","","","",""
"2009077144","","1","0","0","0","0","0","0","0","0","2","0","","02","7","2009","6","40.369927","-79.813574","","11","0","0","0","0","0","0","0","0","3","0","0","0","","","2","","0","","40 22:11.737","6","0","79 48:48.868","3","0","0","1","2111","0","0","0","N","0","0","0","2","02111","1","","1.0","","9","N","N","","0","","1","0","0","","0","Y","","2","2","0","0","0","0","0","2","0","2","","","","N","","","","","","","","","",""
"2009077147","","2","0","0","0","0","0","0","0","0","1","0","","02","7","2009","1","40.370573","-79.982392","","11","0","0","0","0","0","0","1","0","","0","0","0","","","1","","1","","40 22:14.063","","0","79 58:56.611","8","0","0","0","2413","0","0","0","N","0","0","0","5","02413","0","","1.0","","1","N","N","","0","","0","0","0","","2","","","3","1","0","0","0","1","1","2","1","3","","","","N","","","","","","","","","",""
"2009077223","","1","0","0","0","0","0","0","0","0","5","0","","02","8","2009","7","40.635239","-80.06106","","11","0","0","1","0","0","0","0","0","","0","0","0","","","0","","0","","40 38:06.859","","7","80 03:39.815","0","0","0","0","2216","0","0","0","N","0","0","0","5","02505","0","","1.0","","1","N","N","","0","","0","0","1","","0","","","2","0","0","0","0","0","0","2","0","2","","","","N","","","","","","","","","",""
"2009077228","","1","0","0","1","0","0","0","0","0","8","0","","02","8","2009","7","40.420731","-79.998908","","11","0","0","0","0","0","0","0","0","1","0","0","0","","","1","","2","","40 25:14.631","2","0","79 59:56.068","8","0","0","0","2301","1","0","0","N","0","0","0","6","02301","0","","1.0","","1","N","N","","0","","0","0","0","","0","Y","","2","1","0","0","0","1","0","2","0","1","","","","N","","","","","","","","","",""
"2009077229","","1","0","0","0","0","0","0","0","0","4","0","","02","8","2009","7","40.449222","-80.004544","","11","0","0","0","0","0","0","0","0","","0","0","0","","","1","","1","","40 26:57.199","","1","80 00:16.358","3","0","0","0","2301","0","0","0","N","0","0","0","3","02301","0","","1.0","","1","N","N","","0","","1","0","1","","2","","","2","1","0","0","0","0","0","2","0","2","","","","N","","","","","","","","","",""
"2009077242","","0","0","0","0","0","0","0","0","0","7","0","","02","7","2009","7","40.45367","-79.99776","","11","0","0","0","0","0","0","0","0","","0","0","0","","","0","","0","","40 27:13.212","","2","79 59:51.936","0","0","0","0","2301","0","0","0","N","0","0","0","2","02301","0","","7.0","","1","N","N","","0","","0","0","1","","8","","","2","0","0","0","0","0","0","2","0","1","","","","N","","","","","","","","","",""
"2009077243","","1","0","0","0","0","0","0","0","0","7","0","","02","8","2009","7","40.381226","-80.173216","","11","0","0","1","0","0","0","0","0","","0","0","0","","","0","","1","","40 22:52.412","","0","80 10:23.577","0","0","0","0","2119","0","0","0","N","0","0","0","1","02119","0","","5.0","","1","N","N","","0","","0","0","0","","0","","","1","0","0","0","0","0","0","2","0","1","","","","N","","","","","","","","","",""
"2009077246","","1","0","0","0","0","0","0","0","0","7","0","","02","7","2009","5","40.411809","-79.922801","","11","0","0","0","1","0","0","0","0","","0","0","0","","","0","","2","","40 24:42.512","","0","79 55:22.083","0","0","0","0","2301","0","0","0","Y","0","0","0","1","02301","0","","5.0","","1","N","N","","0","","0","0","0","","0","","","1","0","0","0","0","0","0","2","0","1","","","","N","","","","","","","","","",""
"2009077248","","2","0","0","0","0","0","0","0","0","4","0","","02","8","2009","1","40.441249","-79.959225","","11","0","0","0","0","0","0","0","0","2","0","0","0","","","0","","2","","40 26:28.496","3","0","79 57:33.210","0","0","0","0","2301","0","0","0","N","0","0","0","4","02301","0","","1.0","","1","N","N","","0","","0","0","0","","2","N","","2","0","1","0","0","0","0","2","0","2","","","","N","","","","","","","","","",""
"2009077257","","2","0","0","0","0","0","0","0","0","1","0","","02","6","2009","2","40.43945","-80.010298","","11","0","0","0","0","0","1","0","0","","0","0","0","","","0","","0","","40 26:22.021","","3","80 00:37.074","0","0","0","0","2301","0","0","0","N","0","0","0","2","68B03","0","","1.0","","1","N","N","","0","","0","0","0","","0","","","2","0","0","0","0","0","0","2","0","2","","","","N","","","","","","","","","",""
"2009077258","","0","0","0","0","0","0","0","0","0","1","0","","02","7","2009","5","40.425632","-79.905795","","11","0","1","1","1","0","0","0","0","","0","0","0","","","0","","0","","40 25:32.275","","3","79 54:20.861","0","0","0","0","2301","0","0","0","N","0","0","0","10","68B03","0","","1.0","","1","N","N","","0","","0","0","3","","0","","","3","0","0","0","0","0","0","2","0","3","","","","N","","","","","","","","","",""
"2009077287","","1","0","0","0","0","0","0","0","0","1","0","","02","8","2009","7","40.424056","-79.884258","","11","0","0","0","0","0","0","0","0","","0","0","0","","","1","","2","","40 25:26.601","","0","79 53:03.328","4","0","0","0","2463","0","0","0","N","0","0","0","1","02463","1","","1.0","","1","N","N","","0","","0","0","0","","0","","","2","1","0","0","0","0","0","2","0","2","","","","N","","","","","","","","","",""
"2009077292","","0","0","0","0","0","0","0","0","0","7","0","","02","8","2009","1","40.308569","-79.889311","","11","0","0","0","0","0","0","0","0","2","0","0","0","","","1","","0","","40 18:30.849","1","0","79 53:21.520","3","0","0","0","2302","0","0","0","Y","0","0","0","1","02302","0","","5.0","","9","N","N","","0","","1","0","1","","0","N","","1","1","1","0","0","0","0","2","0","1","","","","N","","","","","","","","","",""