"CRN","ARRIVAL_TM","AUTOMOBILE_COUNT","BELTED_DEATH_COUNT","BELTED_SUSP_SERIOUS_INJ_COUNT","BICYCLE_COUNT","BICYCLE_DEATH_COUNT","BICYCLE_SUSP_SERIOUS_INJ_COUNT","BUS_COUNT","CHLDPAS_DEATH_COUNT","CHLDPAS_SUSP_SERIOUS_INJ_COUNT","COLLISION_TYPE","COMM_VEH_COUNT","CONS_ZONE_SPD_LIM","COUNTY","CRASH_MONTH","CRASH_YEAR","DAY_OF_WEEK","DEC_LATITUDE","DEC_LONGITUDE","DISPATCH_TM","DISTRICT","DRIVER_COUNT_16YR","DRIVER_COUNT_17YR","DRIVER_COUNT_18YR","DRIVER_COUNT_19YR","DRIVER_COUNT_20YR","DRIVER_COUNT_50_64YR","DRIVER_COUNT_65_74YR","DRIVER_COUNT_75PLUS","EST_HRS_CLOSED","FATAL_COUNT","HEAVY_TRUCK_COUNT","HORSE_BUGGY_COUNT","HOUR_OF_DAY","ILLUMINATION","INJURY_COUNT","INTERSECTION_RELATED","INTERSECT_TYPE","LANE_CLOSED","LATITUDE","LN_CLOSE_DIR","LOCATION_TYPE","LONGITUDE","MAX_SEVERITY_LEVEL","MCYCLE_DEATH_COUNT","MCYCLE_SUSP_SERIOUS_INJ_COUNT","MOTORCYCLE_COUNT","MUNICIPALITY","NONMOTR_COUNT","NONMOTR_DEATH_COUNT","NONMOTR_SUSP_SERIOUS_INJ_COUNT","NTFY_HIWY_MAINT","PED_COUNT","PED_DEATH_COUNT","PED_SUSP_SERIOUS_INJ_COUNT","PERSON_COUNT","POLICE_AGCY","POSSIBLE_INJ_COUNT","RDWY_SURF_TYPE_CD","RELATION_TO_ROAD","ROADWAY_CLEARED","ROAD_CONDITION","SCH_BUS_IND","SCH_ZONE_IND","SECONDARY_CRASH","SMALL_TRUCK_COUNT","SPEC_JURIS_CD","SUSP_MINOR_INJ_COUNT","SUSP_SERIOUS_INJ_COUNT","SUV_COUNT","TCD_FUNC_CD","TCD_TYPE","TFC_DETOUR_IND","TIME_OF_DAY","TOTAL_UNITS","TOT_INJ_COUNT","UNBELTED_OCC_COUNT","UNB_DEATH_COUNT","UNB_SUSP_SERIOUS_INJ_COUNT","UNK_INJ_DEG_COUNT","UNK_INJ_PER_COUNT","URBAN_RURAL","VAN_COUNT","VEHICLE_COUNT","WEATHER1","WEATHER2","WORKERS_PRES","WORK_ZONE_IND","WORK_ZONE_LOC","WORK_ZONE_TYPE","WZ_CLOSE_DETOUR","WZ_FLAGGER","WZ_LAW_OFFCR_IND","WZ_LN_CLOSURE","WZ_MOVING","WZ_OTHER","WZ_SHLDER_MDN","WZ_WORKERS_INJ_KILLED"
"2009080453","","2","0","0","0","0","0","0","0","0","6","0","","02","8","2009","2","40.360683","-79.994095","","11","0","0","0","0","0","1","0","0","1","0","0","0","","","1","","0","","40 21:38.460","4","0","79 59:38.741","3","0","0","0","2476","0","0","0","N","0","0","0","2","02476","0","","1.0","","1","N","N","","0","","1","0","0","","0","Y","","2","1","1","0","0","0","0","2","0","2","","","","N","","","","","","","","","",""
"2009080457","","3","0","0","0","0","0","0","0","0","5","0","","02","8","2009","3","40.426251","-80.007779","","11","0","0","0","0","0","0","0","0","2","0","0","0","","","0","","0","","40 25:34.503","7","0","80 00:28.004","0","0","0","0","2301","0","0","0","N","0","0","0","3","02301","0","","6.0","","1","N","N","","0","","0","0","0","","0","N","","3","0","3","0","0","0","0","2","0","3","","","","N","","","","","","","","","",""
"2009080458","","1","0","0","0","0","0","0","0","0","7","0","","02","8","2009","2","40.424485","-79.896125","","11","0","0","0","0","0","0","0","1","","0","0","0","","","1","","2","","40 25:28.147","","7","79 53:46.051","8","0","0","0","2463","0","0","0","N","0","0","0","1","02463","0","","4.0","","1","N","N","","0","","0","0","0","","0","","","1","1","0","0","0","1","0","2","0","1","","","","N","","","","","","","","","",""
"2009080471","","1","0","0","0","0","0","0","0","0","1","0","","02","8","2009","3","40.47094","-79.965517","","11","0","0","0","0","0","1","0","0","","0","0","0","","","0","","0","","40 28:15.384","","3","79 57:55.862","0","0","0","0","2301","0","0","0","N","0","0","0","2","02301","0","","1.0","","1","N","N","","1","","0","0","0","","0","","","2","0","0","0","0","0","0","2","0","2","","","","N","","","","","","","","","",""
"2009080477","","2","0","0","0","0","0","0","0","0","4","0","","02","8","2009","2","40.432541","-79.893826","","11","0","0","0","0","0","0","0","0","2","0","0","0","","","1","","0","","40 25:57.147","5","0","79 53:37.773","4","0","0","0","2463","0","0","0","N","0","0","0","1","02463","1","","6.0","","1","N","N","","0","","0","0","0","","0","Y","","2","1","0","0","0","0","0","2","0","2","","","","N","","","","","","","","","",""
"2009080481","","2","0","0","0","0","0","0","0","0","4","0","","02","7","2009","3","40.397733","-79.887806","","11","0","0","0","0","1","1","0","0","","0","0","0","","","3","","1","","40 23:51.838","","0","79 53:16.101","4","0","0","0","2475","0","0","0","N","0","0","0","3","02475","1","","1.0","","1","N","N","","0","","0","0","0","","0","","","2","3","0","0","0","2","0","2","0","2","","","","N","","","","","","","","","",""
"2009080482","","0","0","0","0","0","0","0","0","0","4","0","","02","7","2009","4","40.530539","-80.011016","","11","0","0","0","1","0","0","0","0","1","0","0","0","","","0","","0","","40 31:49.942","6","0","80 00:39.658","0","0","0","0","2116","0","0","0","N","0","0","0","2","02116","0","","1.0","","9","N","N","","0","","0","0","2","","0","N","","2","0","0","0","0","0","0","2","0","2","","","","N","","","","","","","","","",""
"2009080484","","0","0","0","0","0","0","0","0","0","7","0","","02","8","2009","2","40.412361","-80.132633","","11","0","1","0","0","0","0","0","0","","0","0","0","","","1","","0","","40 24:44.500","","0","80 07:57.480","8","0","0","0","2102","0","0","0","N","0","0","0","1","02102","0","","5.0","","9","N","N","","1","","0","0","0","","0","","","1","1","0","0","0","1","0","1","0","1","","","","N","","","","","","","","","",""
"2009080485","","1","0","0","0","0","0","0","0","0","4","0","","02","8","2009","3","40.523765","-80.071929","","11","0","0","0","0","0","0","0","0","","0","0","0","","","1","","1","","40 31:25.554","","0","80 04:18.945","8","0","0","0","2215","0","0","0","N","0","0","0","3","02215","0","","1.0","","1","N","N","","0","","0","0","1","","2","","","2","1","0","0","0","1","0","2","0","2","","","","N","","","","","","","","","",""
"2009080487","","1","0","0","0","0","0","0","0","0","2","0","","02","8","2009","3","40.569798","-79.928061","","11","0","0","0","0","0","0","0","0","","0","0","0","","","0","","2","","40 34:11.272","","0","79 55:41.019","0","0","0","0","2207","0","0","0","N","0","0","0","2","02207","0","","1.0","","1","N","N","","0","","0","0","1","","3","","","2","0","0","0","0","0","0","2","0","2","","","","N","","","","","","","","","",""
"2009080492","","2","0","0","0","0","0","0","0","0","4","0","","02","8","2009","3","40.465005","-79.923186","","11","0","0","0","0","0","2","0","0","","0","0","0","","","0","","0","","40 27:54.018","","7","79 55:23.470","0","0","0","0","2301","0","0","0","N","0","0","0","3","02301","0","","1.0","","1","N","N","","0","","0","0","0","","0","","","2","0","0","0","0","0","0","2","0","2","","","","N","","","","","","","","","",""
"2009080500","","1","0","0","0","0","0","0","0","0","4","0","","02","8","2009","3","40.400136","-80.06452","","11","0","0","0","0","0","0","0","0","1","0","0","0","","","0","","0","","40 24:00.491","2","0","80 03:52.273","0","0","0","0","2117","0","0","0","N","0","0","0","2","02117","0","","1.0","","1","N","N","","0","","0","0","1","","0","N","","2","0","0","0","0","0","0","2","0","2","","","","N","","","","","","","","","",""
"2009080502","","0","0","0","0","0","0","0","0","0","4","0","","02","8","2009","3","40.449158","-79.901337","","11","0","0","0","0","0","1","0","0","","0","0","0","","","0","","1","","40 26:56.970","","0","79 54:04.812","0","0","0","0","2301","0","0","0","N","0","0","0","4","02301","0","","1.0","","1","N","N","","1","","0","0","0","","2","","","2","0","0","0","0","0","0","2","1","2","","","","N","","","","","","","","","",""
"2009080505","","2","0","0","0","0","0","0","0","0","4","0","","02","8","2009","2","40.397501","-80.106349","","11","0","0","0","0","0","0","0","1","","0","0","0","","","0","","2","","40 23:51.002","","0","80 06:22.858","0","0","0","0","2102","0","0","0","N","0","0","0","3","02102","0","","1.0","","1","N","N","","0","","0","0","0","","3","","","2","0","0","0","0","0","0","2","0","2","","","","N","","","","","","","","","",""
"2009080510","","2","0","0","0","0","0","0","0","0","4","0","","02","8","2009","2","40.488232","-79.921787","","11","0","0","0","0","0","0","0","0","","0","0","0","","","0","","2","","40 29:17.634","","0","79 55:18.432","0","0","0","0","2301","0","0","0","N","0","0","0","4","02301","0","","1.0","","1","N","N","","0","","0","0","0","","0","","","2","0","0","0","0","0","0","2","0","2","","","","N","","","","","","","","","",""
"2009080518","","0","0","0","0","0","0","0","0","0","0","0","","02","7","2009","6","40.316871","-79.978312","","11","0","0","0","0","0","0","0","0","","0","0","0","","","1","","2","","40 19:00.735","","0","79 58:41.923","2","0","1","1","2440","0","0","0","N","0","0","0","1","02440","0","","5.0","","1","N","N","","0","","0","1","0","","3","","","2","1","0","0","0","0","0","2","0","1","","","","N","","","","","","","","","",""
"2009080520","","1","0","0","0","0","0","0","0","0","7","0","","02","8","2009","7","40.326994","-79.944473","","11","0","0","0","0","0","1","0","0","3","0","0","0","","","1","","0","","40 19:37.179","2","0","79 56:40.103","2","0","0","0","2440","0","0","0","Y","0","0","0","1","02440","0","","5.0","","1","N","N","","0","","0","1","0","","0","Y","","1","1","0","0","0","0","0","2","0","1","","","","N","","","","","","","","","",""
"2009080530","","2","0","0","0","0","0","0","0","0","4","0","","02","8","2009","3","40.4532","-79.992708","","11","0","0","0","0","0","0","0","0","1","0","0","0","","","0","","1","","40 27:11.520","2","0","79 59:33.748","0","0","0","0","2301","0","0","0","N","0","0","0","3","02301","0","","1.0","","9","N","N","","0","","0","0","0","","2","Y","","2","0","0","0","0","0","0","2","0","2","","","","N","","","","","","","","","",""
"2009080573","","1","0","0","0","0","0","0","0","0","1","0","","02","7","2009","5","40.439167","-80.007808","","11","0","0","0","0","1","0","0","0","2","0","0","0","","","2","","0","","40 26:21.001","4","0","80 00:28.109","4","0","0","0","2301","0","0","0","N","0","0","0","4","68B03","2","","1.0","","1","N","N","","1","","0","0","2","","9","N","","4","2","0","0","0","0","0","2","0","4","","","","N","","","","","","","","","",""
"2009080574","","0","0","0","0","0","0","0","0","0","5","0","","02","8","2009","1","40.362871","-80.118733","","11","0","0","0","0","0","1","0","0","3","1","0","0","","","2","","0","","40 21:46.336","1","0","80 07:07.437","1","0","0","0","2102","0","0","0","N","0","0","0","5","68B03","2","1","1.0","","1","N","N","","1","0","0","0","1","","0","N","","2","2","2","1","0","0","0","2","0","2","","","","N","","","","","","","","","",""
"2009080649","","2","0","0","0","0","0","0","0","0","1","0","","02","8","2009","3","40.455308","-79.710603","","11","0","0","0","0","0","0","0","0","","0","0","0","","","2","","0","","40 27:19.109","","0","79 42:38.171","4","0","0","0","2466","0","0","0","N","0","0","0","5","02466","2","","1.0","","1","N","N","","1","","0","0","0","","2","","","3","2","0","0","0","0","0","2","0","3","","","","N","","","","","","","","","",""
"2009080654","","1","0","1","0","0","0","0","0","0","1","0","","02","8","2009","3","40.393222","-79.980139","","11","0","0","0","0","1","0","0","0","2","0","0","0","","","1","","2","","40 23:35.599","2","0","79 58:48.500","2","0","0","0","2301","0","0","0","N","0","0","0","5","02301","0","","1.0","","1","N","N","","2","","0","1","0","","0","Y","","3","1","0","0","0","0","0","2","0","3","","","","N","","","","","","","","","",""
"2009080656","","0","0","0","0","0","0","0","0","0","7","0","","02","8","2009","2","40.412466","-80.079538","","11","0","1","0","0","0","0","0","0","4","0","0","0","","","0","","0","","40 24:44.878","4","0","80 04:46.335","0","0","0","0","2117","0","0","0","N","0","0","0","2","02117","0","","2.0","","1","N","N","","0","","0","0","1","","0","N","","1","0","1","0","0","0","0","2","0","1","","","","N","","","","","","","","","",""
"2009080659","","2","0","0","0","0","0","0","0","0","5","0","25","02","8","2009","3","40.444202","-80.028173","","11","0","0","0","0","1","0","0","0","1","0","0","0","","","0","","10","","40 26:39.126","4","3","80 01:41.424","0","0","0","0","2301","0","0","0","N","0","0","0","3","02301","0","","1.0","","1","N","N","","0","","0","0","0","","2","Y","","2","0","0","0","0","0","0","2","0","2","","","N","Y","4","1","","","N","","Y","","",""
"2009080660","","1","0","0","0","0","0","0","0","0","4","0","","02","8","2009","3","40.353087","-80.114927","","11","0","0","0","0","0","0","0","0","","0","0","0","","","0","","0","","40 21:11.112","","0","80 06:53.736","0","0","0","0","2119","0","0","0","N","0","0","0","5","02119","0","","1.0","","1","N","N","","0","","0","0","1","","0","","","2","0","0","0","0","0","0","2","0","2","","","","N","","","","","","","","","",""
"2009080667","","2","0","0","0","0","0","0","0","0","4","0","","02","8","2009","3","40.40079","-80.031792","","11","0","0","1","0","0","0","0","0","","0","0","0","","","0","","5","","40 24:02.844","","0","80 01:54.451","0","0","0","0","2301","0","0","0","N","0","0","0","4","02301","0","","1.0","","1","N","N","","0","","0","0","0","","3","","","2","0","1","0","0","0","0","2","0","2","","","","N","","","","","","","","","",""
"2009080691","","1","0","0","0","0","0","0","0","0","2","1","","02","8","2009","1","40.441045","-80.018523","","11","0","0","0","0","0","0","0","0","1","0","0","0","","","1","","0","","40 26:27.762","7","0","80 01:06.681","4","0","0","0","2301","0","0","0","N","0","0","0","2","02301","1","","1.0","","1","N","N","","0","","0","0","1","","0","N","","2","1","0","0","0","0","0","2","0","2","","","","N","","","","","","","","","",""
"2009080727","","2","0","0","0","0","0","0","0","0","1","0","","02","7","2009","5","40.437876","-80.013234","","11","0","0","0","0","0","0","0","0","","0","0","0","","","0","","0","","40 26:16.352","","0","80 00:47.641","0","0","0","0","2301","0","0","0","N","0","0","0","2","68B03","0","","1.0","","1","N","N","","0","","0","0","0","","0","","","2","0","0","0","0","0","0","2","0","2","","","","N","","","","","","","","","",""
"2009080810","","2","0","0","0","0","0","0","0","0","7","0","","02","8","2009","4","40.410816","-79.942239","","11","0","0","0","0","0","0","1","0","","0","0","0","","","0","","0","","40 24:38.937","","0","79 56:32.060","0","0","0","0","2301","0","0","0","N","0","0","0","1","02301","0","","4.0","","1","N","N","","0","","0","0","0","","0","","","2","0","0","0","0","0","0","2","0","2","","","","N","","","","","","","","","",""
"2009080812","","0","0","0","0","0","0","0","0","0","7","0","","02","8","2009","4","40.429011","-80.024174","","11","0","0","0","0","0","0","0","0","","0","0","0","","","3","","0","","40 25:44.438","","0","80 01:27.026","8","0","0","0","2301","0","0","0","N","0","0","0","4","02301","0","","2.0","","1","N","N","","1","","0","0","1","","0","","","2","3","2","0","0","3","0","2","0","2","","","","N","","","","","","","","","",""
"2009080815","","2","0","0","0","0","0","0","0","0","1","0","25","02","8","2009","3","40.478908","-80.043019","","11","0","0","0","0","0","1","0","0","9","0","0","0","","","0","","1","","40 28:44.067","1","3","80 02:34.868","0","0","0","0","2301","0","0","0","N","0","0","0","3","02301","0","","1.0","","1","N","N","","1","","0","0","0","","2","Y","","3","0","1","0","0","0","0","2","0","3","","","Y","Y","4","2","Y","","N","Y","","","",""
"2009080818","","2","0","0","0","0","0","0","0","0","4","0","","02","8","2009","6","40.403687","-79.909121","","11","0","0","0","0","0","0","0","1","","0","0","0","","","1","","1","","40 24:13.273","","0","79 54:32.835","8","0","0","0","2438","0","0","0","N","0","0","0","2","02438","0","","1.0","","1","N","N","","0","","0","0","0","","3","","","2","1","0","0","0","1","0","2","0","2","","","","N","","","","","","","","","",""
"2009080821","","2","0","0","0","0","0","0","0","0","4","0","","02","8","2009","4","40.43591","-79.92474","","11","0","0","0","0","0","0","0","1","2","0","0","0","","","0","","0","","40 26:09.276","4","0","79 55:29.064","0","0","0","0","2301","0","0","0","N","0","0","0","2","02301","0","","1.0","","1","N","N","","0","","0","0","0","","0","Y","","2","0","0","0","0","0","0","2","0","2","","","","N","","","","","","","","","",""
"2009080822","","2","0","0","0","0","0","0","0","0","4","0","","02","8","2009","4","40.461278","-79.948256","","11","0","0","0","0","0","0","1","1","","0","0","0","","","1","","0","","40 27:40.600","","0","79 56:53.721","8","0","0","0","2301","0","0","0","N","0","0","0","3","02301","0","","1.0","","1","N","N","","0","","0","0","0","","0","","","2","1","0","0","0","1","0","2","0","2","","","","N","","","","","","","","","",""
"2009080830","","1","0","0","0","0","0","0","0","0","7","0","","02","8","2009","4","40.368059","-79.876303","","11","0","0","0","1","0","0","0","0","1","0","0","0","","","1","","0","","40 22:05.011","1","0","79 52:34.689","4","0","0","0","2473","0","0","0","N","0","0","0","1","02473","1","","2.0","","1","N","N","","0","","0","0","0","","0","Y","","1","1","0","0","0","0","0","2","0","1","","","","N","","","","","","","","","",""
"2009080840","","0","0","0","0","0","0","0","0","0","0","0","","02","8","2009","4","40.270135","-79.882393","","11","0","0","0","0","0","0","0","0","1","0","0","0","","","1","","0","","40 16:12.486","5","0","79 52:56.614","8","0","0","1","2105","0","0","0","N","0","0","0","1","02105","0","","2.0","","9","N","N","","0","","0","0","0","","0","N","","1","1","0","0","0","1","0","2","0","1","","","","N","","","","","","","","","",""
"2009080841","","2","0","0","0","0","0","0","0","0","1","0","","02","8","2009","4","40.549379","-79.840016","","11","0","0","0","0","0","2","0","0","1","0","0","0","","","1","","2","","40 32:57.766","4","0","79 50:24.056","8","0","0","0","2208","0","0","0","N","0","0","0","2","02208","0","","1.0","","1","N","N","","0","","0","0","0","","0","N","","2","1","0","0","0","1","0","2","0","2","","","","N","","","","","","","","","",""
"2009080843","","1","0","0","0","0","0","0","0","0","1","0","","02","8","2009","3","40.331584","-79.936268","","11","1","0","0","0","0","0","0","0","1","0","0","0","","","0","","2","","40 19:53.704","3","0","79 56:10.566","0","0","0","0","2473","0","0","0","N","0","0","0","4","02473","0","","1.0","","9","N","N","","0","","0","0","1","","0","N","","2","0","0","0","0","0","0","2","0","2","","","","N","","","","","","","","","",""
"2009080856","","1","0","0","0","0","0","0","0","0","4","0","","02","8","2009","4","40.381866","-79.995865","","11","0","1","0","0","0","0","0","0","","0","0","0","","","0","","0","","40 22:54.718","","7","79 59:45.113","0","0","0","0","2301","0","0","0","N","0","0","0","3","02301","0","","1.0","","1","N","N","","0","","0","0","0","","0","","","2","0","0","0","0","0","0","2","1","2","","","","N","","","","","","","","","",""
"2009080857","","1","0","0","0","0","0","0","0","0","1","0","","02","8","2009","4","40.464973","-80.07378","","11","0","0","0","0","0","1","0","0","","0","0","0","","","0","","0","","40 27:53.901","","3","80 04:25.607","0","0","0","0","2444","0","0","0","N","0","0","0","2","02444","0","","1.0","","9","N","N","","0","","0","0","1","","0","","","2","0","0","0","0","0","0","2","0","2","","","","N","","","","","","","","","",""
"2009080860","","0","0","0","0","0","0","0","0","0","6","1","","02","8","2009","2","40.455815","-79.994826","","11","0","0","0","0","0","0","1","0","","0","1","0","","","0","","1","","40 27:20.934","","0","79 59:41.373","0","0","0","0","2301","0","0","0","N","0","0","0","2","02301","0","","1.0","","1","N","N","","0","","0","0","1","","3","","","2","0","0","0","0","0","0","2","0","2","","","","N","","","","","","","","","",""
"2009080899","","1","0","0","0","0","0","0","0","0","1","0","","02","7","2009","4","40.430008","-79.883941","","11","0","0","0","0","0","1","0","0","1","0","0","0","","","1","","0","","40 25:48.028","4","0","79 53:02.186","4","0","0","0","2426","0","0","0","N","0","0","0","3","68B03","1","","1.0","","1","N","N","","0","","0","0","1","","0","N","","2","1","0","0","0","0","0","2","0","2","","","","N","","","","","","","","","",""
"2009080900","","1","0","1","0","0","0","0","0","0","7","0","","02","7","2009","1","40.447512","-80.164553","","11","0","0","0","1","0","0","0","0","2","0","0","0","","","1","","7","","40 26:51.042","2","2","80 09:52.389","2","0","0","0","2115","0","0","0","N","0","0","0","1","68B03","0","","3.0","","1","N","N","","0","","0","1","0","","0","N","","1","1","0","0","0","0","0","2","0","1","","","","N","","","","","","","","","",""
"2009080901","","1","0","0","0","0","0","0","0","0","7","0","","02","7","2009","4","40.419147","-80.052573","","11","0","0","0","0","0","0","0","0","","0","0","0","","","0","","0","","40 25:08.930","","0","80 03:09.262","0","0","0","0","2435","0","0","0","N","0","0","0","1","68B03","0","","3.0","","1","N","N","","0","","0","0","0","","0","","","1","0","1","0","0","0","0","2","0","1","","","","N","","","","","","","","","",""
"2009080902","","0","0","0","0","0","0","0","0","0","1","1","","02","7","2009","4","40.655286","-80.092609","","11","0","0","0","0","0","0","0","0","","0","1","0","","","1","","0","","40 39:19.028","","0","80 05:33.393","4","0","0","0","2212","0","0","0","N","0","0","0","3","68B03","1","","1.0","","9","N","N","","1","","0","0","0","","0","","","2","1","0","0","0","0","0","2","0","2","","","","N","","","","","","","","","",""
"2009080903","","0","0","0","0","0","0","0","0","0","7","1","","02","8","2009","2","40.3839","-80.0968","","11","0","0","0","0","0","0","0","0","3","0","1","0","","","1","","0","","40 23:02.040","5","0","80 05:48.480","4","0","0","0","2102","0","0","0","Y","0","0","0","2","68B03","1","","4.0","","1","N","N","","0","","0","0","0","","0","N","","3","1","0","0","0","0","0","2","1","2","","","","N","","","","","","","","","",""
"2009080906","","0","0","0","0","0","0","0","0","0","7","0","","02","7","2009","1","40.491195","-79.950642","","11","0","0","0","0","0","0","0","0","","0","0","0","","","0","","0","","40 29:28.302","","0","79 57:02.311","0","0","0","0","2121","0","0","0","Y","0","0","0","1","68D02","0","","4.0","","1","N","N","","0","","0","0","1","","0","","","1","0","0","0","0","0","0","2","0","1","","","","N","","","","","","","","","",""
"2009080912","","1","0","0","0","0","0","0","0","0","4","0","","02","8","2009","4","40.464252","-79.925551","","11","0","0","0","0","0","1","0","0","1","0","0","0","","","0","","1","","40 27:51.306","1","0","79 55:31.985","0","0","0","0","2301","0","0","0","N","0","0","0","2","02301","0","","1.0","","1","N","N","","0","","0","0","1","","3","N","","2","0","0","0","0","0","0","2","0","2","","","","N","","","","","","","","","",""
"2009080968","","0","0","0","0","0","0","0","0","0","7","0","","02","8","2009","3","40.418103","-79.970786","","11","0","0","0","0","0","0","0","0","","0","0","0","","","1","","0","","40 25:05.169","","0","79 58:14.829","8","0","0","0","2301","0","0","0","N","0","0","0","1","02301","0","","4.0","","1","N","N","","0","","0","0","0","","0","","","1","1","0","0","0","1","0","2","1","1","","","","N","","","","","","","","","",""
"2009080973","","2","0","0","0","0","0","0","0","0","2","0","","02","8","2009","2","40.623215","-79.923196","","11","0","0","1","0","0","0","0","0","2","0","0","0","","","2","","1","","40 37:23.575","7","0","79 55:23.506","3","0","0","0","2217","0","0","0","N","0","0","0","3","02505","1","","1.0","","9","N","N","","0","","1","0","0","","2","Y","","2","2","1","0","0","0","0","2","0","2","","","","N","","","","","","","","","",""
"2009080974","","0","0","0","0","0","0","1","0","0","7","1","","02","8","2009","4","40.443827","-79.993911","","11","0","0","0","0","0","0","0","0","","0","0","0","","","6","","1","","40 26:37.777","","0","79 59:38.079","4","0","0","0","2301","0","0","0","N","0","0","0","9","02503","6","","5.0","","8","N","N","","0","","0","0","0","","2","","","1","6","0","0","0","0","0","2","0","1","","","","N","","","","","","","","","",""
"2009080977","","1","0","0","0","0","0","0","0","0","0","0","","02","8","2009","2","40.490489","-80.293812","","11","0","0","0","0","0","1","0","0","2","0","0","0","","","1","","0","","40 29:25.760","2","0","80 17:37.723","8","0","0","0","2203","0","0","0","N","0","0","0","1","02203","0","","1.0","","1","N","N","","0","","0","0","0","","0","N","","1","1","0","0","0","1","0","2","0","1","","","","N","","","","","","","","","",""
"2009080983","","2","0","0","0","0","0","0","0","0","4","0","","02","8","2009","4","40.438796","-79.766333","","11","0","0","0","0","0","0","2","0","2","0","0","0","","","0","","0","","40 26:19.664","3","0","79 45:58.797","0","0","0","0","2446","0","0","0","N","0","0","0","2","02446","0","","1.0","","1","N","N","","0","","0","0","0","","0","N","","2","0","0","0","0","0","0","2","0","2","","","","N","","","","","","","","","",""
"2009080987","","0","0","0","0","0","0","0","0","0","1","0","","02","8","2009","4","40.438739","-79.752328","","11","0","0","1","0","0","1","0","0","1","0","0","0","","","0","","0","","40 26:19.462","3","0","79 45:08.381","0","0","0","0","2446","0","0","0","N","0","0","0","3","02446","0","","1.0","","1","N","N","","2","","0","0","0","","0","N","","2","0","0","0","0","0","0","2","0","2","","","","N","","","","","","","","","",""
"2009080989","","0","0","0","0","0","0","0","0","0","99","0","","02","8","2009","1","40.448652","-80.002304","","11","0","0","0","0","0","0","0","0","","0","0","0","","","1","","1","","40 26:55.147","","0","80 00:08.294","4","0","0","0","2301","0","0","0","N","0","0","0","3","02301","1","","1.0","","1","N","N","","1","","0","0","1","","2","","","2","1","0","0","0","0","0","2","0","2","","","","N","","","","","","","","","",""
"2009081007","","1","0","0","0","0","0","0","0","0","7","0","","02","8","2009","5","40.459905","-79.907156","","11","0","0","0","0","0","0","0","0","","0","0","0","","","0","","2","","40 27:35.657","","0","79 54:25.763","0","0","0","0","2301","0","0","0","N","0","0","0","2","02301","0","","5.0","","1","N","N","","0","","0","0","0","","0","","","1","0","1","0","0","0","0","2","0","1","","","","N","","","","","","","","","",""
"2009081012","","1","0","0","0","0","0","0","0","0","8","0","","02","8","2009","5","40.447403","-79.973374","","11","0","0","0","0","0","0","0","0","","0","0","0","","","1","","1","","40 26:50.650","","0","79 58:24.146","8","0","0","0","2301","1","0","0","N","1","0","0","1","02301","0","","1.0","","1","N","N","","0","","0","0","0","","3","","","2","1","0","0","0","1","0","2","0","1","","","","N","","","","","","","","","",""
"2009081020","","1","0","0","0","0","0","0","0","0","7","0","","02","7","2009","5","40.370498","-80.117985","","11","0","0","0","1","0","0","0","0","","0","0","0","","","2","","0","","40 22:13.792","","0","80 07:04.746","2","0","0","0","2102","0","0","0","N","0","0","0","2","68B03","0","","4.0","","1","N","N","","0","","1","1","0","","0","","","1","2","2","0","1","0","0","2","0","1","","","","N","","","","","","","","","",""
"2009081021","","2","0","0","0","0","0","0","0","0","1","0","","02","8","2009","5","40.430099","-80.027457","","11","0","0","0","1","0","1","0","0","","0","0","0","","","1","","0","","40 25:48.355","","0","80 01:38.846","4","0","0","0","2301","0","0","0","N","0","0","0","3","68B03","1","","1.0","","1","N","N","","0","","0","0","1","","0","","","3","1","0","0","0","0","0","2","0","3","","","","N","","","","","","","","","",""
"2009081137","","0","0","0","0","0","0","0","0","0","7","0","","02","8","2009","3","40.493428","-79.914528","","11","0","0","0","0","0","0","0","0","","0","0","0","","","0","","2","","40 29:36.339","","0","79 54:52.301","0","0","0","0","2461","0","0","0","N","0","0","0","1","02461","0","","5.0","","1","N","N","","0","","0","0","1","","3","","","1","0","0","0","0","0","0","2","0","1","","","","N","","","","","","","","","",""
"2009081139","","1","0","0","0","0","0","0","0","0","1","0","","02","8","2009","5","40.438869","-79.760496","","11","0","0","0","0","0","1","0","0","","0","0","0","","","1","","1","","40 26:19.929","","0","79 45:37.786","8","0","0","0","2446","0","0","0","N","0","0","0","7","02446","0","","1.0","","1","N","N","","0","","0","0","0","","2","","","2","1","0","0","0","1","0","2","1","2","","","","N","","","","","","","","","",""
"2009081141","","1","0","0","0","0","0","0","0","0","4","0","","02","8","2009","5","40.454579","-79.946619","","11","0","0","0","0","0","0","0","0","","0","0","0","","","0","","0","","40 27:16.483","","0","79 56:47.827","0","0","0","0","2301","0","0","0","N","0","0","0","1","02301","0","","6.0","","1","N","N","","0","","0","0","0","","0","","","2","0","0","0","0","0","0","2","1","2","","","","N","","","","","","","","","",""
"2009081142","","0","0","0","0","0","0","0","0","0","7","0","","02","8","2009","4","40.350288","-80.097723","","11","0","0","0","0","0","0","0","0","2","0","0","0","","","0","","0","","40 21:01.037","4","0","80 05:51.801","0","0","0","0","2123","0","0","0","N","0","0","0","1","02123","0","","4.0","","1","N","N","","0","","0","0","1","","0","N","","1","0","0","0","0","0","0","2","0","1","","","","N","","","","","","","","","",""