"CRN","ARRIVAL_TM","AUTOMOBILE_COUNT","BELTED_DEATH_COUNT","BELTED_SUSP_SERIOUS_INJ_COUNT","BICYCLE_COUNT","BICYCLE_DEATH_COUNT","BICYCLE_SUSP_SERIOUS_INJ_COUNT","BUS_COUNT","CHLDPAS_DEATH_COUNT","CHLDPAS_SUSP_SERIOUS_INJ_COUNT","COLLISION_TYPE","COMM_VEH_COUNT","CONS_ZONE_SPD_LIM","COUNTY","CRASH_MONTH","CRASH_YEAR","DAY_OF_WEEK","DEC_LATITUDE","DEC_LONGITUDE","DISPATCH_TM","DISTRICT","DRIVER_COUNT_16YR","DRIVER_COUNT_17YR","DRIVER_COUNT_18YR","DRIVER_COUNT_19YR","DRIVER_COUNT_20YR","DRIVER_COUNT_50_64YR","DRIVER_COUNT_65_74YR","DRIVER_COUNT_75PLUS","EST_HRS_CLOSED","FATAL_COUNT","HEAVY_TRUCK_COUNT","HORSE_BUGGY_COUNT","HOUR_OF_DAY","ILLUMINATION","INJURY_COUNT","INTERSECTION_RELATED","INTERSECT_TYPE","LANE_CLOSED","LATITUDE","LN_CLOSE_DIR","LOCATION_TYPE","LONGITUDE","MAX_SEVERITY_LEVEL","MCYCLE_DEATH_COUNT","MCYCLE_SUSP_SERIOUS_INJ_COUNT","MOTORCYCLE_COUNT","MUNICIPALITY","NONMOTR_COUNT","NONMOTR_DEATH_COUNT","NONMOTR_SUSP_SERIOUS_INJ_COUNT","NTFY_HIWY_MAINT","PED_COUNT","PED_DEATH_COUNT","PED_SUSP_SERIOUS_INJ_COUNT","PERSON_COUNT","POLICE_AGCY","POSSIBLE_INJ_COUNT","RDWY_SURF_TYPE_CD","RELATION_TO_ROAD","ROADWAY_CLEARED","ROAD_CONDITION","SCH_BUS_IND","SCH_ZONE_IND","SECONDARY_CRASH","SMALL_TRUCK_COUNT","SPEC_JURIS_CD","SUSP_MINOR_INJ_COUNT","SUSP_SERIOUS_INJ_COUNT","SUV_COUNT","TCD_FUNC_CD","TCD_TYPE","TFC_DETOUR_IND","TIME_OF_DAY","TOTAL_UNITS","TOT_INJ_COUNT","UNBELTED_OCC_COUNT","UNB_DEATH_COUNT","UNB_SUSP_SERIOUS_INJ_COUNT","UNK_INJ_DEG_COUNT","UNK_INJ_PER_COUNT","URBAN_RURAL","VAN_COUNT","VEHICLE_COUNT","WEATHER1","WEATHER2","WORKERS_PRES","WORK_ZONE_IND","WORK_ZONE_LOC","WORK_ZONE_TYPE","WZ_CLOSE_DETOUR","WZ_FLAGGER","WZ_LAW_OFFCR_IND","WZ_LN_CLOSURE","WZ_MOVING","WZ_OTHER","WZ_SHLDER_MDN","WZ_WORKERS_INJ_KILLED"
"2009081144","","2","0","0","0","0","0","0","0","0","5","0","","02","8","2009","5","40.479579","-79.928722","","11","0","0","0","0","0","0","0","0","","0","0","0","","","0","","0","","40 28:46.484","","0","79 55:43.399","9","0","0","0","2301","0","0","0","N","0","0","0","1","02301","0","","1.0","","1","N","N","","0","","0","0","0","","0","","","2","0","0","0","0","0","1","2","0","2","","","","N","","","","","","","","","",""
"2009081148","","0","0","0","0","0","0","0","0","0","4","0","","02","8","2009","4","40.396651","-79.998459","","11","0","0","0","0","1","0","0","0","","0","0","0","","","0","","0","","40 23:47.942","","0","79 59:54.452","0","0","0","0","2301","0","0","0","N","0","0","0","2","02301","0","","1.0","","1","N","N","","0","","0","0","1","","0","","","2","0","0","0","0","0","0","2","1","2","","","","N","","","","","","","","","",""
"2009081149","","0","0","0","0","0","0","0","0","0","1","0","","02","7","2009","6","40.336493","-80.131871","","11","1","0","0","0","0","0","0","0","","0","0","0","","","0","","0","","40 20:11.373","","0","80 07:54.737","0","0","0","0","2119","0","0","0","N","0","0","0","2","02119","0","","1.0","","1","N","N","","0","","0","0","2","","0","","","2","0","0","0","0","0","0","2","0","2","","","","N","","","","","","","","","",""
"2009081160","","1","0","0","0","0","0","0","0","0","1","0","","02","7","2009","4","40.546084","-80.017093","","11","0","0","0","0","0","0","0","0","1","0","0","0","","","0","","0","","40 32:45.903","2","0","80 01:01.536","0","0","0","0","2116","0","0","0","N","0","0","0","2","02116","0","","1.0","","9","N","N","","0","","0","0","1","","0","N","","2","0","0","0","0","0","0","2","0","2","","","","N","","","","","","","","","",""
"2009081166","","0","0","0","0","0","0","0","0","0","6","0","","02","8","2009","5","40.416275","-80.030373","","11","0","0","0","0","0","0","0","0","","0","0","0","","","0","","0","","40 24:58.590","","0","80 01:49.342","0","0","0","0","2301","0","0","0","N","0","0","0","2","02301","0","","1.0","","1","N","N","","0","","0","0","1","","0","","","2","0","1","0","0","0","0","2","1","2","","","","N","","","","","","","","","",""
"2009081168","","0","0","0","0","0","0","0","0","0","7","1","","02","8","2009","5","40.435126","-79.956406","","11","0","0","0","0","0","0","1","0","3","0","1","0","","","0","","2","","40 26:06.452","2","1","79 57:23.060","0","0","0","0","2301","0","0","0","N","0","0","0","1","02301","0","","1.0","","1","N","N","","0","","0","0","0","","8","Y","","1","0","1","0","0","0","0","2","0","1","","","","N","","","","","","","","","",""
"2009081174","","1","0","0","0","0","0","0","0","0","4","0","","02","8","2009","5","40.343426","-79.970109","","11","0","0","0","0","0","0","0","1","","0","0","0","","","2","","1","","40 20:36.335","","0","79 58:12.394","4","0","0","0","2403","0","0","0","N","0","0","0","4","02403","2","","1.0","","1","N","N","","1","","0","0","0","","2","","","2","2","0","0","0","0","0","2","0","2","","","","N","","","","","","","","","",""
"2009081189","","3","0","0","0","0","0","0","0","0","1","0","","02","8","2009","5","40.4292","-79.9992","","11","0","0","0","0","0","1","0","0","","0","0","0","","","0","","0","","40 25:45.120","","3","79 59:57.120","0","0","0","0","2301","0","0","0","N","0","0","0","5","02301","0","","1.0","","1","N","N","","0","","0","0","0","","0","","","3","0","0","0","0","0","0","2","0","3","","","","N","","","","","","","","","",""
"2009081192","","0","0","0","0","0","0","0","0","0","1","0","","02","8","2009","5","40.48168","-79.953259","","11","0","0","0","0","0","1","0","0","1","0","0","0","","","1","","2","","40 28:54.048","5","0","79 57:11.734","4","0","0","0","2301","0","0","0","N","0","0","0","2","02301","1","","1.0","","1","N","N","","1","","0","0","1","","2","N","","2","1","0","0","0","0","0","2","0","2","","","","N","","","","","","","","","",""
"2009081201","","1","0","0","0","0","0","0","0","0","1","0","","02","8","2009","5","40.410579","-79.944335","","11","0","0","0","0","0","0","0","0","","0","0","0","","","0","","2","","40 24:38.085","","0","79 56:39.607","9","0","0","0","2301","0","0","0","N","0","0","0","2","02301","0","","1.0","","1","N","N","","0","","0","0","1","","2","","","2","0","0","0","0","0","1","2","0","2","","","","N","","","","","","","","","",""
"2009081202","","2","0","0","0","0","0","0","0","0","4","0","","02","8","2009","2","40.477847","-79.736007","","11","0","0","0","2","0","0","0","0","","0","0","0","","","0","","1","","40 28:40.250","","0","79 44:09.624","0","0","0","0","2466","0","0","0","N","0","0","0","3","02466","0","","1.0","","1","N","N","","0","","0","0","0","","3","","","2","0","0","0","0","0","0","2","0","2","","","","N","","","","","","","","","",""
"2009081203","","3","0","0","0","0","0","0","0","0","1","0","","02","8","2009","5","40.291552","-79.833956","","11","0","0","0","0","0","0","0","0","2","0","0","0","","","0","","2","","40 17:29.587","5","0","79 50:02.241","0","0","0","0","2443","0","0","0","N","0","0","0","4","02443","0","","1.0","","1","N","N","","0","","0","0","1","","3","Y","","4","0","0","0","0","0","0","2","0","4","","","","N","","","","","","","","","",""
"2009081205","","1","0","0","0","0","0","0","0","0","1","0","","02","8","2009","2","40.430781","-79.80512","","11","0","0","0","0","0","1","0","0","1","0","0","0","","","2","","0","","40 25:50.810","3","7","79 48:18.431","8","0","0","0","2124","0","0","0","N","0","0","0","2","02124","0","","1.0","","1","N","N","","0","","0","0","1","","2","N","","2","2","0","0","0","2","0","2","0","2","","","","N","","","","","","","","","",""
"2009081206","","1","0","0","0","0","0","0","0","0","1","0","","02","8","2009","4","40.43143","-79.815975","","11","0","0","0","0","0","0","0","0","","0","0","0","","","1","","0","","40 25:53.149","","7","79 48:57.509","3","0","0","1","2124","0","0","0","N","0","0","0","2","02124","0","","1.0","","1","N","N","","0","","1","0","0","","0","","","2","1","0","0","0","0","0","2","0","2","","","","N","","","","","","","","","",""
"2009081207","","2","0","0","0","0","0","0","0","0","4","0","","02","8","2009","1","40.343552","-80.038853","","11","0","0","0","0","0","0","0","2","","0","0","0","","","0","","1","","40 20:36.787","","0","80 02:19.870","0","0","0","0","2407","0","0","0","N","0","0","0","2","02407","0","","1.0","","1","N","N","","0","","0","0","0","","3","","","2","0","0","0","0","0","0","2","0","2","","","","N","","","","","","","","","",""
"2009081209","","1","0","0","0","0","0","0","0","0","1","0","","02","8","2009","4","40.327775","-80.024458","","11","0","0","0","0","0","1","1","0","2","0","0","0","","","1","","0","","40 19:39.991","5","0","80 01:28.050","8","0","0","0","2407","0","0","0","N","0","0","0","2","02407","0","","1.0","","1","N","N","","1","","0","0","0","","0","Y","","2","1","1","0","0","1","0","2","0","2","","","","N","","","","","","","","","",""
"2009081327","","1","0","0","0","0","0","0","0","0","1","0","","02","7","2009","5","40.49359","-79.915421","","11","0","0","0","0","0","0","0","0","1","0","0","0","","","0","","2","","40 29:36.924","3","0","79 54:55.517","9","0","0","0","2461","0","0","0","N","0","0","0","2","02461","0","","1.0","","1","N","N","","0","","0","0","1","","0","Y","","2","0","0","0","0","0","1","2","0","2","","","","N","","","","","","","","","",""
"2009081329","","1","0","0","0","0","0","0","0","0","1","0","","02","8","2009","5","40.423772","-79.968825","","11","0","0","0","0","0","1","0","0","1","0","0","0","","","0","","2","","40 25:25.579","3","0","79 58:07.770","0","0","0","0","2301","0","0","0","N","0","0","0","3","02301","0","","1.0","","1","N","N","","1","","0","0","0","","0","N","","2","0","0","0","0","0","0","2","0","2","","","","N","","","","","","","","","",""
"2009081336","","0","0","0","0","0","0","0","0","0","1","0","","02","8","2009","6","40.494733","-79.936002","","11","0","0","0","0","0","1","1","0","1","0","0","0","","","0","","3","","40 29:41.040","3","0","79 56:09.608","0","0","0","0","2461","0","0","0","N","0","0","0","3","02461","0","","1.0","","1","N","N","","1","","0","0","2","","3","Y","","3","0","0","0","0","0","0","2","0","3","","","","N","","","","","","","","","",""
"2009081337","","1","0","0","0","0","0","0","0","0","1","0","","02","8","2009","5","40.543287","-79.760767","","11","0","1","0","0","1","0","0","0","","0","0","0","","","1","","2","","40 32:35.832","","0","79 45:38.761","4","0","0","0","2466","0","0","0","N","0","0","0","4","02466","1","","1.0","","1","N","N","","0","","0","0","1","","0","","","2","1","0","0","0","0","0","2","0","2","","","","N","","","","","","","","","",""
"2009081338","","1","0","0","0","0","0","0","0","0","4","0","","02","8","2009","5","40.45289","-79.920715","","11","0","0","0","0","0","0","0","0","2","0","0","0","","","0","","1","","40 27:10.404","4","0","79 55:14.574","0","0","0","0","2301","0","0","0","N","0","0","0","2","02301","0","","1.0","","1","N","N","","1","","0","0","0","","2","N","","2","0","0","0","0","0","0","2","0","2","","","","N","","","","","","","","","",""
"2009081340","","3","0","0","0","0","0","0","0","0","1","0","","02","8","2009","4","40.622005","-80.054129","","11","0","0","0","0","0","0","0","0","","0","0","0","","","0","","0","","40 37:19.218","","0","80 03:14.866","0","0","0","0","2216","0","0","0","N","0","0","0","3","02505","0","","1.0","","1","N","N","","0","","0","0","0","","0","","","3","0","0","0","0","0","0","1","0","3","","","","N","","","","","","","","","",""
"2009081345","","1","0","0","0","0","0","0","0","0","0","0","","02","8","2009","5","40.409899","-79.94496","","11","0","0","0","0","0","0","0","0","1","0","0","0","","","0","","0","","40 24:35.636","6","0","79 56:41.856","0","0","0","0","2301","0","0","0","N","0","0","0","1","02301","0","","2.0","","1","N","N","","0","","0","0","0","","0","N","","1","0","1","0","0","0","0","2","0","1","","","","N","","","","","","","","","",""
"2009081366","","1","0","0","0","0","0","0","0","0","7","0","","02","8","2009","2","40.524375","-79.852102","","11","0","0","0","0","0","0","0","0","","0","0","0","","","1","","0","","40 31:27.749","","0","79 51:07.568","4","0","0","0","2208","0","0","0","N","0","0","0","1","68D02","1","","5.0","","9","N","N","","0","","0","0","0","","0","","","1","1","0","0","0","0","0","2","0","1","","","","N","","","","","","","","","",""
"2009081437","","1","0","0","0","0","0","0","0","0","7","0","","02","8","2009","2","40.572426","-79.861007","","11","0","0","1","0","0","0","0","0","","0","0","0","","","1","","0","","40 34:20.733","","0","79 51:39.626","4","0","0","0","2209","0","0","0","N","0","0","0","1","68T02","1","","3.0","","1","N","N","","0","","0","0","0","","0","","","1","1","0","0","0","0","0","2","0","1","","","","N","","","","","","","","","",""
"2009081457","","1","0","0","0","0","0","0","0","0","0","0","","02","3","2009","5","40.450671","-79.869494","","11","0","0","0","0","0","0","0","0","","0","0","0","","","0","","2","","40 27:02.415","","0","79 52:10.178","0","0","0","0","2301","0","0","0","N","0","0","0","2","02301","0","","1.0","","1","N","N","","0","","0","0","0","","0","","","1","0","0","0","0","0","0","2","0","1","","","","N","","","","","","","","","",""
"2009081491","","2","0","0","0","0","0","0","0","0","4","0","","02","7","2009","7","40.447956","-80.002082","","11","0","0","0","0","0","1","1","0","","0","0","0","","","0","","1","","40 26:52.641","","0","80 00:07.495","0","0","0","0","2301","0","0","0","N","0","0","0","3","02301","0","","1.0","","1","N","N","","0","","0","0","0","","0","","","2","0","0","0","0","0","0","2","0","2","","","","N","","","","","","","","","",""
"2009081558","","2","0","0","0","0","0","0","0","0","1","0","","02","7","2009","4","40.604614","-80.050678","","11","0","0","1","0","0","1","0","0","","0","0","0","","","0","","0","","40 36:16.612","","7","80 03:02.439","0","0","0","0","2108","0","0","0","N","0","0","0","4","02108","0","","1.0","","9","N","N","","0","","0","0","0","","0","","","3","0","0","0","0","0","0","2","0","3","","","","N","","","","","","","","","",""
"2009081574","","0","0","0","0","0","0","0","0","0","7","0","","02","7","2009","4","40.440601","-80.061209","","11","0","0","0","0","0","0","0","0","","0","0","0","","","0","","2","","40 26:26.163","","0","80 03:40.354","0","0","0","0","2439","0","0","0","N","0","0","0","4","02439","0","","2.0","","9","N","N","","0","","0","0","0","","0","","","1","0","0","0","0","0","0","2","1","1","","","","N","","","","","","","","","",""
"2009081637","","2","0","0","0","0","0","0","0","0","1","0","","02","7","2009","3","40.493096","-79.911169","","11","0","0","0","0","0","0","1","0","2","0","0","0","","","1","","2","","40 29:35.144","2","2","79 54:40.209","4","0","0","0","2112","0","0","0","N","0","0","0","2","02112","1","","1.0","","9","N","N","","0","","0","0","0","","0","N","","2","1","0","0","0","0","0","2","0","2","","","","N","","","","","","","","","",""
"2009081691","","1","0","0","0","0","0","0","0","0","4","0","","02","7","2009","4","40.349927","-79.86473","","11","0","0","1","0","0","0","0","0","","0","0","0","","","1","","1","","40 20:59.736","","0","79 51:53.027","8","0","0","0","2304","0","0","0","N","0","0","0","4","02304","0","","1.0","","9","N","N","","0","","0","0","1","","3","","","2","1","2","0","0","1","0","2","0","2","","","","N","","","","","","","","","",""
"2009081692","","2","0","0","0","0","0","0","0","0","5","0","","02","7","2009","2","40.345325","-79.854111","","11","0","0","0","0","0","0","0","0","","0","0","0","","","0","","0","","40 20:43.170","","0","79 51:14.799","0","0","0","0","2304","0","0","0","N","0","0","0","1","02304","0","","1.0","","9","N","N","","0","","0","0","0","","0","","","2","0","0","0","0","0","0","2","0","2","","","","N","","","","","","","","","",""
"2009081693","","1","0","0","0","0","0","0","0","0","7","0","","02","7","2009","1","40.352558","-79.839622","","11","0","0","0","0","0","1","0","1","","0","0","0","","","3","","0","","40 21:09.208","","7","79 50:22.640","8","0","0","0","2304","0","0","0","N","0","0","0","4","02304","0","","5.0","","1","N","N","","0","","0","0","0","","0","","","2","3","0","0","0","3","0","2","1","2","","","","N","","","","","","","","","",""
"2009081694","","2","0","0","0","0","0","0","0","0","4","0","","02","7","2009","4","40.352002","-79.85971","","11","0","0","0","0","0","0","0","1","","0","0","0","","","0","","2","","40 21:07.207","","0","79 51:34.955","0","0","0","0","2304","0","0","0","N","0","0","0","3","02304","0","","1.0","","9","N","N","","0","","0","0","0","","2","","","2","0","0","0","0","0","0","2","0","2","","","","N","","","","","","","","","",""
"2009081695","","1","0","0","0","0","0","0","0","0","7","0","","02","7","2009","4","40.348237","-79.890144","","11","0","0","0","0","1","0","0","0","1","0","0","0","","","0","","1","","40 20:53.653","4","0","79 53:24.518","0","0","0","0","2423","0","0","0","N","0","0","0","1","02304","0","","4.0","","9","N","N","","0","","0","0","0","","0","Y","","1","0","0","0","0","0","0","2","0","1","","","","N","","","","","","","","","",""
"2009081728","","1","0","0","0","0","0","0","0","0","1","0","","02","8","2009","7","40.479795","-79.919677","","11","0","0","0","0","0","0","0","0","","0","0","0","","","1","","2","","40 28:47.262","","0","79 55:10.837","8","0","0","0","2301","0","0","0","N","0","0","0","3","02301","0","","1.0","","1","N","N","","1","","0","0","0","","3","","","2","1","0","0","0","1","0","2","0","2","","","","N","","","","","","","","","",""
"2009081736","","1","0","0","0","0","0","0","0","0","4","0","","02","8","2009","3","40.478078","-79.750651","","11","0","0","0","0","0","1","0","0","","0","0","0","","","1","","0","","40 28:41.080","","0","79 45:02.345","4","0","0","0","2466","0","0","0","N","0","0","0","3","02466","1","","2.0","","1","N","N","","0","","0","0","1","","0","","","2","1","0","0","0","0","0","2","0","2","","","","N","","","","","","","","","",""
"2009081749","","1","0","0","0","0","0","0","0","0","1","0","","02","8","2009","6","40.410466","-80.029231","","11","0","0","0","0","0","0","0","0","","0","0","0","","","0","","1","","40 24:37.677","","0","80 01:45.231","9","0","0","0","2301","0","0","0","N","0","0","0","5","02301","0","","1.0","","1","N","N","","0","","0","0","0","","3","","","2","0","0","0","0","0","2","2","1","2","","","","N","","","","","","","","","",""
"2009081759","","1","0","0","0","0","0","0","0","0","1","0","","02","8","2009","6","40.488482","-79.936953","","11","0","0","0","0","0","2","0","0","","0","0","0","","","0","","0","","40 29:18.536","","0","79 56:13.031","0","0","0","0","2301","0","0","0","N","0","0","0","2","02301","0","","1.0","","1","N","N","","0","","0","0","1","","2","","","2","0","0","0","0","0","0","2","0","2","","","","N","","","","","","","","","",""
"2009081760","","2","0","0","0","0","0","0","0","0","4","0","","02","8","2009","3","40.373004","-80.099262","","11","0","0","0","0","0","1","0","0","2","0","0","0","","","2","","2","","40 22:22.815","1","0","80 05:57.344","8","0","0","0","2102","0","0","0","N","0","0","0","5","02102","0","","1.0","","1","N","N","","0","","0","0","0","","2","N","","2","2","0","0","0","2","0","2","0","2","","","","N","","","","","","","","","",""
"2009081763","","1","0","0","0","0","0","0","0","0","0","0","","02","8","2009","7","40.658165","-79.993697","","11","0","0","0","0","0","0","0","0","1","0","0","0","","","1","","0","","40 39:29.393","4","0","79 59:37.310","4","0","0","0","2216","0","0","0","N","0","0","0","1","02505","1","","5.0","","9","N","N","","0","","0","0","0","","0","N","","1","1","0","0","0","0","0","1","0","1","","","","N","","","","","","","","","",""
"2009081764","","1","0","0","0","0","0","0","0","0","1","0","","02","8","2009","6","40.473011","-79.813315","","11","0","0","0","0","0","0","0","0","","0","0","0","","","0","","2","","40 28:22.841","","0","79 48:47.933","0","0","0","0","2113","0","0","0","N","0","0","0","6","02113","0","","1.0","","1","N","N","","0","","0","0","1","","0","","","2","0","0","0","0","0","0","2","0","2","","","","N","","","","","","","","","",""
"2009081765","","1","0","0","0","0","0","0","0","0","1","0","","02","8","2009","6","40.381268","-80.059704","","11","0","0","0","0","0","0","0","1","3","0","0","0","","","0","","0","","40 22:52.564","3","0","80 03:34.934","0","0","0","0","2109","0","0","0","N","0","0","0","1","02109","0","","1.0","","1","N","N","","0","","0","0","1","","0","N","","2","0","0","0","0","0","0","2","0","2","","","","N","","","","","","","","","",""
"2009081783","","0","0","0","0","0","0","0","0","0","7","0","","02","8","2009","4","40.436643","-80.052747","","11","0","0","0","0","0","0","0","0","1","0","0","0","","","1","","0","","40 26:11.913","3","0","80 03:09.889","8","0","0","0","2301","0","0","0","N","0","0","0","1","02301","0","","4.0","","1","N","N","","0","","0","0","0","","0","N","","1","1","0","0","0","1","0","2","1","1","","","","N","","","","","","","","","",""
"2009081785","","1","0","0","0","0","0","0","0","0","4","0","","02","8","2009","6","40.391316","-79.986641","","11","0","0","0","0","0","2","0","0","","0","0","0","","","1","","2","","40 23:28.737","","7","79 59:11.907","3","0","0","1","2301","0","0","0","N","0","0","0","2","02301","0","","1.0","","1","N","N","","0","","1","0","0","","0","","","2","1","0","0","0","0","0","2","0","2","","","","N","","","","","","","","","",""
"2009081789","","1","0","0","0","0","0","0","0","0","1","0","","02","8","2009","3","40.530982","-80.190015","","11","0","0","0","0","0","0","0","0","","0","0","0","","","0","","2","","40 31:51.534","","3","80 11:24.055","0","0","0","0","2213","0","0","0","N","0","0","0","3","02213","0","","1.0","","1","N","N","","1","","0","0","0","","2","","","2","0","0","0","0","0","0","2","0","2","","","","N","","","","","","","","","",""
"2009081790","","2","0","0","0","0","0","0","0","0","4","0","","02","7","2009","4","40.5255","-80.2245","","11","0","0","0","0","0","0","1","0","1","0","0","0","","","1","","0","","40 31:31.800","6","0","80 13:28.200","4","0","0","0","2213","0","0","0","N","0","0","0","2","02213","1","","1.0","","98","N","N","","0","","0","0","0","","0","N","","2","1","0","0","0","0","0","2","0","2","","","","N","","","","","","","","","",""
"2009081791","","2","0","0","0","0","0","0","0","0","1","0","","02","8","2009","5","40.336223","-80.006433","","11","0","0","0","0","0","0","0","0","","0","0","0","","","0","","2","","40 20:10.404","","0","80 00:23.157","0","0","0","0","2407","0","0","0","N","0","0","0","3","02407","0","","1.0","","1","N","N","","0","","0","0","0","","0","","","3","0","0","0","0","0","0","2","1","3","","","","N","","","","","","","","","",""
"2009081802","","2","0","0","0","0","0","0","0","0","4","0","","02","8","2009","6","40.456626","-79.939737","","11","0","0","0","1","0","0","0","0","1","0","0","0","","","0","","1","","40 27:23.852","1","0","79 56:23.053","0","0","0","0","2301","0","0","0","N","0","0","0","2","02301","0","","1.0","","1","N","N","","0","","0","0","0","","2","N","","2","0","0","0","0","0","0","2","0","2","","","","N","","","","","","","","","",""
"2009081816","","2","0","0","0","0","0","0","0","0","5","0","","02","8","2009","6","40.429354","-79.999194","","11","0","0","0","0","0","0","0","0","","0","0","0","","","1","","1","","40 25:45.675","","0","79 59:57.097","4","0","0","0","2301","0","0","0","N","0","0","0","3","02301","1","","1.0","","1","N","N","","0","","0","0","0","","2","","","2","1","0","0","0","0","0","2","0","2","","","","N","","","","","","","","","",""
"2009081817","","1","0","0","0","0","0","0","0","0","1","0","","02","8","2009","4","40.436135","-79.970659","","11","0","1","0","0","0","0","0","0","","0","0","0","","","0","","0","","40 26:10.085","","0","79 58:14.372","0","0","0","0","2301","0","0","0","N","0","0","0","2","68B03","0","","1.0","","9","N","N","","0","","0","0","1","","0","","","2","0","0","0","0","0","0","2","0","2","","","","N","","","","","","","","","",""
"2009081846","","3","0","0","0","0","0","0","0","0","1","1","","02","7","2009","4","40.448998","-80.021659","","11","0","0","0","0","0","0","0","0","","0","1","0","","","1","","0","","40 26:56.394","","0","80 01:17.973","8","0","0","0","2301","0","0","0","N","0","0","0","6","02301","0","","1.0","","1","N","N","","0","","0","0","0","","0","","","4","1","0","0","0","1","0","2","0","4","","","","N","","","","","","","","","",""
"2009081847","","2","0","0","0","0","0","0","0","0","1","0","","02","8","2009","1","40.545684","-80.193944","","11","0","0","0","0","0","1","0","0","","0","0","0","","","0","","1","","40 32:44.464","","0","80 11:38.199","0","0","0","0","2427","0","0","0","N","0","0","0","2","02427","0","","1.0","","1","N","N","","0","","0","0","0","","2","","","2","0","2","0","0","0","0","2","0","2","","","","N","","","","","","","","","",""
"2009081873","","1","0","0","0","0","0","0","0","0","1","0","","02","7","2009","5","40.354137","-79.842216","","11","0","0","0","1","1","0","0","0","","0","0","0","","","1","","6","","40 21:14.894","","2","79 50:31.977","4","0","0","0","2304","0","0","0","N","0","0","0","2","02304","1","","1.0","","1","N","N","","1","","0","0","0","","0","","","2","1","0","0","0","0","0","2","0","2","","","","N","","","","","","","","","",""
"2009081874","","2","0","0","0","0","0","0","0","0","4","0","","02","8","2009","3","40.411254","-79.913324","","11","0","1","0","0","0","0","0","0","","0","0","0","","","0","","2","","40 24:40.514","","0","79 54:47.966","0","0","0","0","2438","0","0","0","N","0","0","0","3","02438","0","","1.0","","1","N","N","","0","","0","0","0","","3","","","2","0","0","0","0","0","0","2","0","2","","","","N","","","","","","","","","",""
"2009081888","","0","0","0","0","0","0","0","0","0","7","0","","02","8","2009","5","40.456308","-79.990885","","11","0","0","0","0","0","0","0","0","3","0","0","0","","","0","","0","","40 27:22.709","5","99","79 59:27.187","0","0","0","0","2118","0","0","0","Y","0","0","0","2","02118","0","","3.0","","1","N","N","","1","","0","0","0","","0","N","","1","0","0","0","0","0","0","2","0","1","","","","N","","","","","","","","","",""
"2009081900","","0","0","0","0","0","0","0","0","0","1","0","","02","8","2009","5","40.435824","-79.966578","","11","0","0","0","0","0","0","0","0","3","0","0","0","","","0","","0","","40 26:08.968","3","0","79 57:59.680","0","0","0","0","2301","0","0","0","N","0","0","0","2","02301","0","","1.0","","1","N","N","","0","","0","0","2","","0","N","","2","0","0","0","0","0","0","2","0","2","","","","N","","","","","","","","","",""
"2009081904","","2","0","0","0","0","0","0","0","0","2","0","","02","8","2009","6","40.438835","-79.957146","","11","0","0","0","0","2","0","0","0","","0","0","0","","","0","","1","","40 26:19.806","","0","79 57:25.725","0","0","0","0","2301","0","0","0","N","0","0","0","6","02301","0","","1.0","","1","N","N","","0","","0","0","0","","0","","","2","0","0","0","0","0","0","2","0","2","","","","N","","","","","","","","","",""
"2009081905","","1","0","0","0","0","0","0","0","0","2","0","","02","8","2009","6","40.452411","-80.038774","","11","0","0","0","0","0","0","0","0","4","1","0","0","","","1","","0","","40 27:08.679","6","0","80 02:19.585","1","0","0","0","2301","0","0","0","N","0","0","0","2","02301","0","2","1.0","","1","N","N","","0","0","0","1","1","","0","Y","","2","1","0","0","0","0","0","2","0","2","","","","N","","","","","","","","","",""
"2009081907","","0","0","0","0","0","0","0","0","0","7","0","","02","7","2009","2","40.46163","-79.935078","","11","0","0","0","0","0","0","0","0","","0","0","0","","","1","","1","","40 27:41.868","","0","79 56:06.280","3","0","0","0","2301","0","0","0","N","0","0","0","1","02301","0","","5.0","","1","N","N","","0","","1","0","0","","1","","","1","1","0","0","0","0","0","2","1","1","","","","N","","","","","","","","","",""
"2009081921","","1","0","0","0","0","0","0","0","0","5","0","","02","7","2009","3","","","","11","0","0","0","0","0","0","0","0","","0","0","0","","","0","","0","","40 25:27.12","","0","80 06:36.00","0","0","0","0","2102","0","0","0","N","0","0","0","2","68B03","0","","1.0","","1","N","N","","1","","0","0","0","","0","","","2","0","0","0","0","0","0","2","0","2","","","","N","","","","","","","","","",""
"2009081922","","1","0","1","0","0","0","0","0","0","1","1","","02","7","2009","4","40.443155","-79.839316","","11","0","0","0","0","0","0","0","0","","0","1","0","","","1","","0","","40 26:35.358","","0","79 50:21.538","2","0","0","0","2419","0","0","0","N","0","0","0","3","68B03","0","","1.0","","1","N","N","","0","","0","1","0","","0","","","2","1","0","0","0","0","0","2","0","2","","","","N","","","","","","","","","",""
"2009081923","","1","0","0","0","0","0","0","0","0","4","1","","02","7","2009","4","40.437701","-80.199588","","11","0","0","0","0","0","2","0","0","1","0","1","0","","","1","","0","","40 26:15.724","3","0","80 11:58.516","4","0","0","0","2214","0","0","0","N","0","0","0","2","68B03","1","","1.0","","9","N","N","","0","","0","0","0","","0","N","","2","1","0","0","0","0","0","2","0","2","","","","N","","","","","","","","","",""
"2009081924","","1","0","0","0","0","0","0","0","0","4","0","","02","7","2009","4","40.420444","-80.049236","","11","0","0","0","0","0","0","0","0","","0","0","0","","","1","","0","","40 25:13.600","","0","80 02:57.250","4","0","0","0","2102","0","0","0","N","0","0","0","4","68B03","1","","1.0","","1","N","N","","0","","0","0","0","","0","","","2","1","0","0","0","0","0","2","1","2","","","","N","","","","","","","","","",""