"CRN","ARRIVAL_TM","AUTOMOBILE_COUNT","BELTED_DEATH_COUNT","BELTED_SUSP_SERIOUS_INJ_COUNT","BICYCLE_COUNT","BICYCLE_DEATH_COUNT","BICYCLE_SUSP_SERIOUS_INJ_COUNT","BUS_COUNT","CHLDPAS_DEATH_COUNT","CHLDPAS_SUSP_SERIOUS_INJ_COUNT","COLLISION_TYPE","COMM_VEH_COUNT","CONS_ZONE_SPD_LIM","COUNTY","CRASH_MONTH","CRASH_YEAR","DAY_OF_WEEK","DEC_LATITUDE","DEC_LONGITUDE","DISPATCH_TM","DISTRICT","DRIVER_COUNT_16YR","DRIVER_COUNT_17YR","DRIVER_COUNT_18YR","DRIVER_COUNT_19YR","DRIVER_COUNT_20YR","DRIVER_COUNT_50_64YR","DRIVER_COUNT_65_74YR","DRIVER_COUNT_75PLUS","EST_HRS_CLOSED","FATAL_COUNT","HEAVY_TRUCK_COUNT","HORSE_BUGGY_COUNT","HOUR_OF_DAY","ILLUMINATION","INJURY_COUNT","INTERSECTION_RELATED","INTERSECT_TYPE","LANE_CLOSED","LATITUDE","LN_CLOSE_DIR","LOCATION_TYPE","LONGITUDE","MAX_SEVERITY_LEVEL","MCYCLE_DEATH_COUNT","MCYCLE_SUSP_SERIOUS_INJ_COUNT","MOTORCYCLE_COUNT","MUNICIPALITY","NONMOTR_COUNT","NONMOTR_DEATH_COUNT","NONMOTR_SUSP_SERIOUS_INJ_COUNT","NTFY_HIWY_MAINT","PED_COUNT","PED_DEATH_COUNT","PED_SUSP_SERIOUS_INJ_COUNT","PERSON_COUNT","POLICE_AGCY","POSSIBLE_INJ_COUNT","RDWY_SURF_TYPE_CD","RELATION_TO_ROAD","ROADWAY_CLEARED","ROAD_CONDITION","SCH_BUS_IND","SCH_ZONE_IND","SECONDARY_CRASH","SMALL_TRUCK_COUNT","SPEC_JURIS_CD","SUSP_MINOR_INJ_COUNT","SUSP_SERIOUS_INJ_COUNT","SUV_COUNT","TCD_FUNC_CD","TCD_TYPE","TFC_DETOUR_IND","TIME_OF_DAY","TOTAL_UNITS","TOT_INJ_COUNT","UNBELTED_OCC_COUNT","UNB_DEATH_COUNT","UNB_SUSP_SERIOUS_INJ_COUNT","UNK_INJ_DEG_COUNT","UNK_INJ_PER_COUNT","URBAN_RURAL","VAN_COUNT","VEHICLE_COUNT","WEATHER1","WEATHER2","WORKERS_PRES","WORK_ZONE_IND","WORK_ZONE_LOC","WORK_ZONE_TYPE","WZ_CLOSE_DETOUR","WZ_FLAGGER","WZ_LAW_OFFCR_IND","WZ_LN_CLOSURE","WZ_MOVING","WZ_OTHER","WZ_SHLDER_MDN","WZ_WORKERS_INJ_KILLED"
"2009087500","","1","0","0","0","0","0","0","0","0","0","0","","02","8","2009","2","40.406237","-79.978382","","11","0","0","0","0","0","0","0","0","","0","0","0","","","1","","3","","40 24:22.453","","0","79 58:42.175","4","0","0","0","2301","0","0","0","N","0","0","0","4","02301","1","","4.0","","1","N","N","","0","","0","0","0","","0","","","2","1","1","0","0","0","0","2","0","1","","","","N","","","","","","","","","",""
"2009087502","","2","0","0","0","0","0","0","0","0","5","0","","02","8","2009","7","40.428699","-79.988542","","11","0","0","0","0","0","0","0","0","","0","0","0","","","1","","1","","40 25:43.317","","99","79 59:18.750","4","0","0","0","2301","0","0","0","N","0","0","0","3","02301","1","","1.0","","1","N","N","","0","","0","0","0","","0","","","2","1","0","0","0","0","0","2","0","2","","","","N","","","","","","","","","",""
"2009087503","","4","0","0","0","0","0","0","0","0","1","0","","02","8","2009","7","40.3528","-80.0262","","11","0","0","0","0","0","1","0","0","","0","0","0","","","0","","2","","40 21:10.080","","0","80 01:34.320","0","0","0","0","2407","0","0","0","N","0","0","0","5","02407","0","","1.0","","1","N","N","","0","","0","0","0","","3","","","4","0","0","0","0","0","0","2","0","4","","","","N","","","","","","","","","",""
"2009087547","","1","0","0","0","0","0","0","0","0","7","0","","02","8","2009","4","40.492709","-80.125447","","11","0","0","0","0","0","1","0","0","","0","0","0","","","0","","0","","40 29:33.753","","0","80 07:31.609","0","0","0","0","2115","0","0","0","N","0","0","0","1","68B03","0","","2.0","","1","N","N","","0","","0","0","0","","0","","","1","0","0","0","0","0","0","2","0","1","","","","N","","","","","","","","","",""
"2009087548","","1","0","0","0","0","0","0","0","0","7","0","","02","8","2009","6","40.499","-80.1207","","11","0","0","0","0","0","0","0","0","","0","0","0","","","0","","0","","40 29:56.400","","0","80 07:14.520","0","0","0","0","2115","0","0","0","N","0","0","0","1","68B03","0","","3.0","","1","N","N","","0","","0","0","0","","0","","","1","0","0","0","0","0","0","2","0","1","","","","N","","","","","","","","","",""
"2009087549","","1","0","0","0","0","0","0","0","0","4","0","40","02","8","2009","1","40.447117","-80.166709","","11","0","0","1","0","1","0","0","0","","0","0","0","","","0","","6","","40 26:49.621","","2","80 10:00.151","0","0","0","0","2115","0","0","0","N","0","0","0","2","68B03","0","","1.0","","1","N","N","","0","","0","0","1","","3","","","2","0","0","0","0","0","0","2","0","2","","","N","Y","4","1","N","N","N","N","N","Y","N",""
"2009087600","","1","0","0","0","0","0","0","0","0","7","0","","02","8","2009","6","40.5421","-79.823119","","11","0","0","0","0","0","1","0","0","","0","0","0","","","0","","0","","40 32:31.560","","5","79 49:23.229","0","0","0","0","2208","0","0","0","N","0","0","0","1","68T02","0","","3.0","","1","N","N","","0","","0","0","0","","0","","","1","0","0","0","0","0","0","2","0","1","","","","N","","","","","","","","","",""
"2009087606","","1","0","0","0","0","0","0","0","0","99","0","55","02","8","2009","5","40.275512","-79.954706","","11","0","0","0","1","0","0","0","0","1","0","0","0","","","1","","0","","40 16:31.844","2","0","79 57:16.940","4","0","0","0","2440","0","0","0","N","0","0","0","1","68T09","1","","3.0","","1","N","N","","0","","0","0","0","","8","N","","1","1","0","0","0","0","0","1","0","1","","","Y","Y","2","2","N","N","N","N","N","N","Y",""
"2009087609","","2","0","0","0","0","0","0","0","0","7","0","","02","8","2009","2","40.463533","-79.720765","","11","0","0","1","0","0","1","0","0","2","0","0","0","","","4","","0","","40 27:48.720","6","0","79 43:14.754","3","0","0","0","2466","0","0","0","N","0","0","0","5","02466","0","","2.0","","1","N","N","","0","","1","0","0","","0","Y","","2","4","0","0","0","3","1","2","0","2","","","","N","","","","","","","","","",""
"2009087628","","1","0","0","0","0","0","0","0","0","7","0","","02","8","2009","2","40.453602","-79.978876","","11","0","0","0","0","0","0","0","0","2","0","0","0","","","1","","0","","40 27:12.967","6","0","79 58:43.953","8","0","0","0","2301","0","0","0","N","0","0","0","1","02301","0","","5.0","","1","N","N","","0","","0","0","0","","0","Y","","1","1","0","0","0","1","0","2","0","1","","","","N","","","","","","","","","",""
"2009087633","","2","0","0","0","0","0","0","0","0","4","0","","02","8","2009","2","40.451877","-79.952051","","11","0","0","0","0","0","0","0","0","1","0","0","0","","","0","","1","","40 27:06.757","7","0","79 57:07.383","0","0","0","0","2301","0","0","0","N","0","0","0","5","02301","0","","1.0","","1","N","N","","0","","0","0","0","","2","N","","2","0","0","0","0","0","0","2","0","2","","","","N","","","","","","","","","",""
"2009087639","","1","0","0","0","0","0","0","0","0","0","0","","02","9","2009","3","40.316742","-79.816734","","11","0","0","0","0","0","0","0","0","2","0","0","0","","","0","","0","","40 19:00.271","6","0","79 49:00.242","0","0","0","0","2105","0","0","0","N","0","0","0","0","02105","0","","5.0","","1","N","N","","0","","0","0","0","","0","N","","1","0","0","0","0","0","0","2","0","1","","","","N","","","","","","","","","",""
"2009087771","","1","0","0","0","0","0","0","0","0","4","0","","02","9","2009","3","40.490016","-79.820099","","11","0","0","0","0","0","0","0","1","","0","0","0","","","1","","2","","40 29:24.058","","0","79 49:12.357","4","0","0","0","2113","0","0","0","N","0","0","0","2","02113","1","","1.0","","1","N","N","","0","","0","0","1","","0","","","2","1","0","0","0","0","0","2","0","2","","","","N","","","","","","","","","",""
"2009087772","","1","0","0","0","0","0","0","0","0","7","0","","02","8","2009","5","40.357931","-79.87879","","11","0","0","0","0","0","0","0","0","","0","0","0","","","2","","0","","40 21:28.551","","0","79 52:43.644","2","0","0","0","2473","0","0","0","N","0","0","0","2","02501","0","","5.0","","1","N","N","","0","","1","1","0","","0","","","1","2","2","0","1","0","0","2","0","1","","","","N","","","","","","","","","",""
"2009087773","","1","0","0","0","0","0","0","0","0","4","0","","02","8","2009","7","40.318803","-79.899198","","11","0","0","0","0","0","1","0","0","","0","0","0","","","2","","0","","40 19:07.689","","0","79 53:57.113","8","0","0","0","2440","0","0","0","Y","0","0","0","2","02440","0","","1.0","","3","N","N","","0","","0","0","1","","0","","","2","2","1","0","0","2","0","2","0","2","","","","N","","","","","","","","","",""
"2009087775","","2","0","0","0","0","0","0","0","0","4","0","","02","8","2009","7","40.44781","-79.849368","","11","0","0","0","0","0","0","0","1","2","0","0","0","","","2","","2","","40 26:52.116","5","0","79 50:57.726","4","0","0","0","2419","0","0","0","N","0","0","0","7","02419","2","","1.0","","1","N","N","","0","","0","0","1","","3","Y","","3","2","0","0","0","0","0","2","0","3","","","","N","","","","","","","","","",""
"2009087784","","2","0","0","0","0","0","0","0","0","2","0","","02","9","2009","3","40.4532","-79.992708","","11","0","0","0","0","0","0","0","1","","0","0","0","","","1","","1","","40 27:11.520","","0","79 59:33.748","3","0","0","0","2301","0","0","0","N","0","0","0","2","02301","0","","1.0","","1","N","N","","0","","1","0","0","","2","","","2","1","0","0","0","0","0","2","0","2","","","","N","","","","","","","","","",""
"2009087790","","1","0","0","0","0","0","0","0","0","4","0","","02","8","2009","2","40.399668","-80.064919","","11","0","0","0","0","0","0","0","0","","0","0","0","","","2","","1","","40 23:58.804","","0","80 03:53.707","8","0","0","0","2117","0","0","0","N","0","0","0","2","02117","0","","1.0","","1","N","N","","1","","0","0","0","","2","","","2","2","0","0","0","2","0","2","0","2","","","","N","","","","","","","","","",""
"2009087793","","1","0","0","0","0","0","1","0","0","1","1","","02","8","2009","1","40.430387","-79.977092","","11","0","0","0","0","0","1","0","0","","0","0","0","","","1","","0","","40 25:49.394","","0","79 58:37.530","4","0","0","0","2301","0","0","0","N","0","0","0","1","02503","1","","6.0","","1","N","N","","0","","0","0","0","","3","","","2","1","0","0","0","0","0","2","0","2","","","","N","","","","","","","","","",""
"2009087799","","1","0","0","0","0","0","0","0","0","4","0","","02","9","2009","3","40.459937","-80.073219","","11","0","1","0","0","0","0","0","0","","0","0","0","","","0","","2","","40 27:35.773","","0","80 04:23.588","0","0","0","0","2301","0","0","0","N","0","0","0","4","02301","0","","1.0","","1","N","N","","0","","0","0","1","","3","","","2","0","0","0","0","0","0","2","0","2","","","","N","","","","","","","","","",""
"2009087802","","1","0","0","0","0","0","0","0","0","4","0","","02","8","2009","2","40.545819","-79.962152","","11","0","0","0","0","0","1","0","0","","0","0","0","","","1","","2","","40 32:44.950","","0","79 57:43.746","3","0","0","1","2118","0","0","0","N","0","0","0","2","02118","0","","1.0","","1","N","N","","0","","1","0","0","","2","","","2","1","0","0","0","0","0","2","0","2","","","","N","","","","","","","","","",""
"2009087815","","4","0","0","0","0","0","0","0","0","1","0","","02","8","2009","2","40.442617","-79.713379","","11","0","1","0","0","1","1","0","0","2","0","0","0","","","3","","0","","40 26:33.422","6","0","79 42:48.165","3","0","0","0","2446","0","0","0","N","0","0","0","5","02446","1","","1.0","","1","N","N","","1","","2","0","0","","0","Y","","5","3","0","0","0","0","0","2","0","5","","","","N","","","","","","","","","",""
"2009087816","","1","0","0","0","0","0","0","0","0","1","0","","02","8","2009","4","40.34837","-79.944808","","11","0","0","0","0","0","0","0","0","1","0","0","0","","","1","","1","","40 20:54.133","4","0","79 56:41.310","3","0","0","0","2473","0","0","0","N","0","0","0","3","02473","0","","1.0","","1","N","N","","1","","1","0","1","","0","N","","3","1","0","0","0","0","0","2","0","3","","","","N","","","","","","","","","",""
"2009087817","","0","0","0","0","0","0","0","0","0","7","0","","02","9","2009","3","40.420879","-79.998915","","11","0","0","0","0","0","0","0","0","2","0","0","0","","","2","","0","","40 25:15.164","5","0","79 59:56.095","3","0","0","0","2301","0","0","0","N","0","0","0","2","02301","1","","5.0","","1","N","N","","0","","1","0","1","","0","Y","","1","2","0","0","0","0","0","2","0","1","","","","N","","","","","","","","","",""
"2009087821","","2","0","0","0","0","0","0","0","0","5","0","","02","9","2009","3","40.537934","-80.03631","","11","0","0","0","0","0","0","1","0","","0","0","0","","","0","","0","","40 32:16.563","","0","80 02:10.717","9","0","0","0","2116","0","0","0","N","0","0","0","2","02116","0","","1.0","","1","N","N","","0","","0","0","0","","0","","","2","0","0","0","0","0","2","2","0","2","","","","N","","","","","","","","","",""
"2009087825","","2","0","0","0","0","0","0","0","0","1","0","","02","9","2009","3","40.4587","-79.957706","","11","0","0","0","0","0","2","0","0","","0","0","0","","","1","","0","","40 27:31.320","","0","79 57:27.743","8","0","0","0","2301","0","0","0","N","0","0","0","3","02301","0","","1.0","","1","N","N","","0","","0","0","0","","0","","","2","1","0","0","0","1","0","2","0","2","","","","N","","","","","","","","","",""
"2009087838","","1","0","0","0","0","0","0","0","0","4","0","","02","9","2009","3","40.460664","-79.932397","","11","0","0","0","0","0","1","0","0","1","0","0","0","","","0","","1","","40 27:38.390","2","0","79 55:56.629","0","0","0","0","2301","0","0","0","N","0","0","0","2","02301","0","","1.0","","1","N","N","","1","","0","0","0","","2","N","","2","0","0","0","0","0","0","2","0","2","","","","N","","","","","","","","","",""
"2009087839","","0","0","0","0","0","0","0","0","0","4","0","","02","9","2009","3","40.491565","-80.061254","","11","0","0","0","0","0","0","0","0","2","0","0","0","","","2","","1","","40 29:29.633","2","0","80 03:40.514","4","0","0","0","2404","0","0","0","N","0","0","0","3","02404","2","","1.0","","1","N","N","","2","","0","0","0","","7","N","","2","2","0","0","0","0","0","2","0","2","","","","N","","","","","","","","","",""
"2009087840","","1","0","0","0","0","0","0","0","0","4","0","","02","9","2009","3","40.470136","-79.908544","","11","0","0","0","0","0","2","0","0","","0","1","0","","","0","","0","","40 28:12.490","","0","79 54:30.760","0","0","0","0","2301","0","0","0","N","0","0","0","2","02301","0","","1.0","","1","N","N","","0","","0","0","0","","0","","","2","0","0","0","0","0","0","2","0","2","","","","N","","","","","","","","","",""
"2009087841","","2","0","0","0","0","0","0","0","0","4","0","","02","8","2009","2","40.22856","-79.855219","","11","0","0","0","0","1","0","0","0","3","0","0","0","","","1","","1","","40 13:42.815","2","0","79 51:18.787","8","0","0","0","2204","0","0","0","N","0","0","0","2","02204","0","","1.0","","1","N","N","","0","","0","0","0","","3","N","","2","1","0","0","0","1","0","2","0","2","","","","N","","","","","","","","","",""
"2009087845","","1","0","0","0","0","0","0","0","0","7","0","","02","8","2009","7","40.315508","-80.029027","","11","0","0","0","0","0","0","0","0","","0","0","0","","","1","","0","","40 18:55.827","","0","80 01:44.496","8","0","0","0","2407","0","0","0","N","0","0","0","1","02407","0","","4.0","","1","N","N","","0","","0","0","0","","0","","","1","1","0","0","0","1","0","2","0","1","","","","N","","","","","","","","","",""
"2009087885","","2","0","0","0","0","0","0","0","0","1","0","","02","8","2009","2","40.420883","-80.094154","","11","0","0","0","0","1","1","0","0","","0","0","0","","","0","","0","","40 25:15.180","","0","80 05:38.956","0","0","0","0","2457","0","0","0","N","0","0","0","3","68B03","0","","1.0","","1","N","N","","0","","0","0","1","","0","","","3","0","0","0","0","0","0","2","0","3","","","","N","","","","","","","","","",""
"2009087959","","0","0","0","0","0","0","0","0","0","2","0","","02","8","2009","3","40.503368","-79.948482","","11","0","0","0","0","1","0","0","0","1","0","0","0","","","1","","0","","40 30:12.125","5","0","79 56:54.534","4","0","0","0","2430","0","0","0","N","0","0","0","2","02430","1","","1.0","","1","N","N","","0","","0","0","2","","0","Y","","2","1","1","0","0","0","0","2","0","2","","","","N","","","","","","","","","",""
"2009087961","","1","0","0","0","0","0","0","0","0","4","0","","02","9","2009","3","40.399133","-80.025151","","11","0","0","0","0","0","0","0","0","1","0","0","0","","","1","","2","","40 23:56.877","2","0","80 01:30.545","3","0","0","0","2301","0","0","0","N","0","0","0","3","02301","0","","1.0","","1","N","N","","0","","1","0","1","","0","N","","2","1","2","0","0","0","0","2","0","2","","","","N","","","","","","","","","",""
"2009087966","","1","0","0","0","0","0","0","0","0","0","0","","02","8","2009","7","40.283545","-79.910984","","11","0","0","0","0","0","0","0","0","2","0","0","0","","","0","","0","","40 17:00.762","1","0","79 54:39.543","0","0","0","0","2440","0","0","0","N","0","0","0","1","02440","0","","1.0","","1","N","N","","0","","0","0","0","","0","N","","1","0","1","0","0","0","0","2","0","1","","","","N","","","","","","","","","",""
"2009087985","","1","0","0","0","0","0","0","0","0","7","0","","02","9","2009","4","40.614225","-79.729714","","11","0","0","0","0","0","0","0","0","2","0","0","0","","","0","","0","","40 36:51.209","4","0","79 43:46.971","0","0","0","0","2301","0","0","0","N","0","0","0","1","02301","0","","3.0","","1","N","N","","0","","0","0","0","","0","N","","1","0","0","0","0","0","0","2","0","1","","","","N","","","","","","","","","",""
"2009087986","","1","0","0","0","0","0","0","0","0","7","0","","02","9","2009","4","40.455584","-79.966241","","11","0","0","0","0","0","0","0","0","","0","0","0","","","0","","5","","40 27:20.104","","0","79 57:58.469","0","0","0","0","2301","0","0","0","N","0","0","0","2","02301","0","","4.0","","1","N","N","","0","","0","0","0","","2","","","1","0","0","0","0","0","0","2","0","1","","","","N","","","","","","","","","",""
"2009088003","","2","0","0","0","0","0","0","0","0","1","0","","02","8","2009","1","40.4393","-80.2367","","11","0","0","0","0","0","0","0","0","2","0","0","0","","","0","","0","","40 26:21.480","3","0","80 14:12.120","0","0","0","0","2214","0","0","0","N","0","0","0","3","68B03","0","","1.0","","1","N","N","","0","","0","0","0","","0","N","","2","0","0","0","0","0","0","2","0","2","","","","N","","","","","","","","","",""
"2009088004","","0","0","0","0","0","0","0","0","0","1","0","","02","8","2009","3","40.5256","-80.0698","","11","0","0","0","0","0","1","0","0","","0","0","0","","","1","","7","","40 31:32.160","","2","80 04:11.280","4","0","0","0","2215","0","0","0","N","0","0","0","2","68B03","1","","1.0","","1","N","N","","0","","0","0","1","","4","","","2","1","0","0","0","0","0","2","1","2","","","","N","","","","","","","","","",""
"2009088005","","2","0","0","0","0","0","0","0","0","1","0","","02","8","2009","4","40.467759","-80.001725","","11","0","0","0","0","0","0","0","0","2","0","0","0","","","4","","0","","40 28:03.932","2","0","80 00:06.209","4","0","0","0","2301","0","0","0","N","0","0","0","4","68B03","4","","1.0","","1","N","N","","0","","0","0","0","","0","N","","2","4","2","0","0","0","0","2","0","2","","","","N","","","","","","","","","",""
"2009088006","","2","0","0","0","0","0","0","0","0","1","1","","02","8","2009","5","40.401967","-80.000684","","11","0","0","0","0","0","1","0","0","1","0","1","0","","","0","","1","","40 24:07.080","2","0","80 00:02.464","0","0","0","0","2301","0","0","0","Y","0","0","0","7","68B03","0","","1.0","","1","N","N","","0","","0","0","0","","2","N","","4","0","0","0","0","0","0","2","1","4","","","","N","","","","","","","","","",""
"2009088007","","3","0","0","0","0","0","0","0","0","1","0","","02","8","2009","1","40.433866","-79.963986","","11","0","0","0","0","0","1","0","0","1","0","0","0","","","2","","0","","40 26:01.917","3","0","79 57:50.348","4","0","0","0","2301","0","0","0","N","0","0","0","3","68B03","2","","1.0","","1","N","N","","0","","0","0","0","","0","N","","3","2","1","0","0","0","0","2","0","3","","","","N","","","","","","","","","",""
"2009088008","","1","0","0","0","0","0","0","0","0","1","0","","02","8","2009","2","40.5185","-80.1348","","11","0","0","0","0","0","1","0","1","","0","0","0","","","0","","6","","40 31:06.600","","2","80 08:05.280","0","0","0","0","2434","0","0","0","N","0","0","0","2","68B03","0","","1.0","","1","N","N","","0","","0","0","1","","4","","","2","0","0","0","0","0","0","2","0","2","","","","N","","","","","","","","","",""
"2009088105","","1","0","0","0","0","0","0","0","0","8","0","","02","9","2009","4","40.377655","-79.937664","","11","0","0","0","0","0","0","1","0","","0","0","0","","","1","","0","","40 22:39.557","","0","79 56:15.591","3","0","0","0","2301","1","0","0","N","1","0","0","2","02301","0","","1.0","","1","N","N","","0","","1","0","0","","0","","","2","1","0","0","0","0","0","2","0","1","","","","N","","","","","","","","","",""
"2009088122","","0","0","0","0","0","0","0","0","0","7","0","","02","9","2009","4","40.287133","-79.91086","","11","0","0","0","0","0","0","0","0","2","0","0","0","","","0","","0","","40 17:13.679","2","0","79 54:39.097","0","0","0","0","2440","0","0","0","Y","0","0","0","1","02440","0","","3.0","","1","N","N","","0","","0","0","1","","0","N","","1","0","0","0","0","0","0","2","0","1","","","","N","","","","","","","","","",""
"2009088126","","3","0","0","0","0","0","0","0","0","1","0","","02","9","2009","4","40.523387","-80.00548","","11","0","0","0","0","0","1","0","0","2","0","0","0","","","0","","0","","40 31:24.194","2","0","80 00:19.727","0","0","0","0","2116","0","0","0","N","0","0","0","3","02116","0","","1.0","","1","N","N","","0","","0","0","0","","0","N","","3","0","0","0","0","0","0","2","0","3","","","","N","","","","","","","","","",""
"2009088132","","1","0","0","0","0","0","0","0","0","2","0","","02","9","2009","4","40.42055","-79.933537","","11","0","0","0","0","0","0","0","1","","0","0","0","","","0","","0","","40 25:13.980","","0","79 56:00.734","0","0","0","0","2301","0","0","0","N","0","0","0","1","02301","0","","2.0","","1","N","N","","1","","0","0","1","","0","","","3","0","0","0","0","0","0","2","0","3","","","","N","","","","","","","","","",""
"2009088133","","2","0","0","0","0","0","0","0","0","2","0","","02","9","2009","4","40.486754","-79.892431","","11","0","0","0","0","0","1","0","0","2","0","0","0","","","2","","0","","40 29:12.315","4","7","79 53:32.751","8","0","0","0","2301","0","0","0","N","0","0","0","2","02301","0","","1.0","","1","N","N","","0","","0","0","0","","2","N","","2","2","0","0","0","2","0","2","0","2","","","","N","","","","","","","","","",""
"2009088138","","1","0","0","0","0","0","0","0","0","8","0","","02","9","2009","4","40.404884","-79.862656","","11","0","0","0","0","0","0","0","0","1","0","0","0","","","1","","2","","40 24:17.582","6","0","79 51:45.561","8","0","0","0","2449","1","0","0","N","1","0","0","2","02449","0","","1.0","","1","N","N","","0","","0","0","0","","0","N","","2","1","0","0","0","1","0","2","0","1","","","","N","","","","","","","","","",""
"2009088139","","2","0","0","0","0","0","0","0","0","7","0","","02","9","2009","4","40.399622","-80.044441","","11","0","0","0","0","0","0","0","1","","0","0","0","","","0","","0","","40 23:58.638","","7","80 02:39.988","0","0","0","0","2301","0","0","0","N","0","0","0","1","02301","0","","4.0","","1","N","N","","0","","0","0","0","","0","","","2","0","0","0","0","0","0","2","0","2","","","","N","","","","","","","","","",""
"2009088144","","1","0","0","0","0","0","0","0","0","1","0","","02","9","2009","4","40.448933","-80.000739","","11","0","0","0","0","0","0","0","0","1","0","0","0","","","1","","1","","40 26:56.157","4","0","80 00:02.660","4","0","0","1","2301","0","0","0","N","0","0","0","2","02301","1","","1.0","","1","N","N","","0","","0","0","0","","2","N","","2","1","0","0","0","0","0","2","0","2","","","","N","","","","","","","","","",""
"2009088145","","1","0","0","0","0","0","0","0","0","8","0","","02","9","2009","4","40.438041","-79.994066","","11","0","0","0","0","0","0","0","0","","0","0","0","","","1","","1","","40 26:16.948","","0","79 59:38.639","8","0","0","0","2301","1","0","0","N","1","0","0","2","02301","0","","1.0","","1","N","N","","0","","0","0","0","","2","","","2","1","0","0","0","1","0","2","0","1","","","","N","","","","","","","","","",""
"2009088152","","2","0","0","0","0","0","0","0","0","4","0","","02","8","2009","1","40.341969","-79.981225","","11","0","0","0","0","0","0","0","0","1","0","0","0","","","2","","0","","40 20:31.088","1","0","79 58:52.410","8","0","0","0","2403","0","0","0","N","0","0","0","4","02403","0","","1.0","","1","N","N","","0","","0","0","0","","0","N","","2","2","1","0","0","2","0","2","0","2","","","","N","","","","","","","","","",""
"2009088156","","2","0","0","0","0","0","0","0","0","1","0","","02","9","2009","3","40.354074","-79.914478","","11","0","0","0","0","0","0","0","0","","0","0","0","","","1","","3","","40 21:14.668","","0","79 54:52.121","4","0","0","0","2473","0","0","0","N","0","0","0","4","02473","1","","1.0","","1","N","N","","1","","0","0","1","","2","","","4","1","0","0","0","0","0","2","0","4","","","","N","","","","","","","","","",""
"2009088158","","3","0","0","0","0","0","0","0","0","1","0","","02","9","2009","4","40.605812","-79.754893","","11","0","0","0","0","0","1","0","0","1","0","0","0","","","1","","0","","40 36:20.923","2","0","79 45:17.616","8","0","0","0","2464","0","0","0","N","0","0","0","6","02464","0","","1.0","","1","N","N","","0","","0","0","0","","0","N","","3","1","1","0","0","1","0","2","0","3","","","","N","","","","","","","","","",""
"2009088159","","1","0","0","0","0","0","0","0","0","5","0","","02","9","2009","4","40.461481","-79.931903","","11","0","0","0","0","1","0","0","0","","0","0","0","","","0","","0","","40 27:41.330","","0","79 55:54.849","0","0","0","0","2301","0","0","0","N","0","0","0","2","02301","0","","1.0","","1","N","N","","0","","0","0","0","","0","","","2","0","0","0","0","0","0","2","1","2","","","","N","","","","","","","","","",""
"2009088163","","0","0","0","0","0","0","0","0","0","1","0","","02","8","2009","5","40.467426","-79.834599","","11","0","0","0","0","0","0","0","0","1","0","0","0","","","1","","2","","40 28:02.732","4","0","79 50:04.558","8","0","0","0","2113","0","0","0","N","0","0","0","3","02113","0","","1.0","","9","N","N","","0","","0","0","2","","0","N","","2","1","0","0","0","1","0","2","0","2","","","","N","","","","","","","","","",""
"2009088164","","1","0","0","0","0","0","0","0","0","7","0","","02","9","2009","3","40.431071","-80.001883","","11","0","0","0","0","0","0","0","0","2","0","0","0","","","0","","2","","40 25:51.854","4","7","80 00:06.780","0","0","0","0","2301","0","0","0","N","0","0","0","2","02301","0","","5.0","","1","N","N","","0","","0","0","0","","0","N","","1","0","0","0","0","0","0","2","0","1","","","","N","","","","","","","","","",""
"2009088169","","1","0","0","0","0","0","0","0","0","4","0","","02","9","2009","3","40.337709","-79.951406","","11","0","0","0","0","0","1","1","0","2","0","0","0","","","1","","0","","40 20:15.751","2","7","79 57:05.060","8","0","0","0","2473","0","0","0","N","0","0","0","2","02473","0","","1.0","","1","N","N","","0","","0","0","1","","2","N","","2","1","0","0","0","1","0","2","0","2","","","","N","","","","","","","","","",""
"2009088175","","1","0","0","0","0","0","0","0","0","1","0","","02","9","2009","3","40.4442","-80.1468","","11","0","0","0","0","0","0","0","0","","0","0","0","","","0","","0","","40 26:39.120","","0","80 08:48.480","0","0","0","0","2115","0","0","0","N","0","0","0","3","02115","0","","1.0","","1","N","N","","1","","0","0","0","","0","","","2","0","0","0","0","0","0","2","0","2","","","","N","","","","","","","","","",""
"2009088280","","1","0","0","0","0","0","0","0","0","7","0","","02","9","2009","4","40.340136","-80.174218","","11","0","0","0","0","0","0","0","0","","0","0","0","","","0","","0","","40 20:24.489","","7","80 10:27.184","0","0","0","0","2119","0","0","0","N","0","0","0","2","02119","0","","4.0","","1","N","N","","0","","0","0","0","","0","","","1","0","0","0","0","0","0","2","0","1","","","","N","","","","","","","","","",""
"2009088294","","1","0","0","0","0","0","0","0","0","8","0","","02","8","2009","5","40.40947","-79.943934","","11","0","0","0","0","0","1","0","0","","0","0","0","","","2","","0","","40 24:34.091","","0","79 56:38.161","4","0","0","0","2301","2","0","0","N","2","0","0","3","02301","2","","1.0","","1","N","N","","0","","0","0","0","","0","","","3","2","0","0","0","0","0","2","0","1","","","","N","","","","","","","","","",""
"2009088296","","1","0","0","0","0","0","0","0","0","4","0","","02","8","2009","4","40.416826","-80.029827","","11","0","0","0","0","0","0","0","0","","0","0","0","","","1","","1","","40 25:00.574","","0","80 01:47.376","8","0","0","0","2301","0","0","0","N","0","0","0","2","02301","0","","1.0","","1","N","N","","1","","0","0","0","","2","","","2","1","0","0","0","1","0","2","0","2","","","","N","","","","","","","","","",""