"CRN","ARRIVAL_TM","AUTOMOBILE_COUNT","BELTED_DEATH_COUNT","BELTED_SUSP_SERIOUS_INJ_COUNT","BICYCLE_COUNT","BICYCLE_DEATH_COUNT","BICYCLE_SUSP_SERIOUS_INJ_COUNT","BUS_COUNT","CHLDPAS_DEATH_COUNT","CHLDPAS_SUSP_SERIOUS_INJ_COUNT","COLLISION_TYPE","COMM_VEH_COUNT","CONS_ZONE_SPD_LIM","COUNTY","CRASH_MONTH","CRASH_YEAR","DAY_OF_WEEK","DEC_LATITUDE","DEC_LONGITUDE","DISPATCH_TM","DISTRICT","DRIVER_COUNT_16YR","DRIVER_COUNT_17YR","DRIVER_COUNT_18YR","DRIVER_COUNT_19YR","DRIVER_COUNT_20YR","DRIVER_COUNT_50_64YR","DRIVER_COUNT_65_74YR","DRIVER_COUNT_75PLUS","EST_HRS_CLOSED","FATAL_COUNT","HEAVY_TRUCK_COUNT","HORSE_BUGGY_COUNT","HOUR_OF_DAY","ILLUMINATION","INJURY_COUNT","INTERSECTION_RELATED","INTERSECT_TYPE","LANE_CLOSED","LATITUDE","LN_CLOSE_DIR","LOCATION_TYPE","LONGITUDE","MAX_SEVERITY_LEVEL","MCYCLE_DEATH_COUNT","MCYCLE_SUSP_SERIOUS_INJ_COUNT","MOTORCYCLE_COUNT","MUNICIPALITY","NONMOTR_COUNT","NONMOTR_DEATH_COUNT","NONMOTR_SUSP_SERIOUS_INJ_COUNT","NTFY_HIWY_MAINT","PED_COUNT","PED_DEATH_COUNT","PED_SUSP_SERIOUS_INJ_COUNT","PERSON_COUNT","POLICE_AGCY","POSSIBLE_INJ_COUNT","RDWY_SURF_TYPE_CD","RELATION_TO_ROAD","ROADWAY_CLEARED","ROAD_CONDITION","SCH_BUS_IND","SCH_ZONE_IND","SECONDARY_CRASH","SMALL_TRUCK_COUNT","SPEC_JURIS_CD","SUSP_MINOR_INJ_COUNT","SUSP_SERIOUS_INJ_COUNT","SUV_COUNT","TCD_FUNC_CD","TCD_TYPE","TFC_DETOUR_IND","TIME_OF_DAY","TOTAL_UNITS","TOT_INJ_COUNT","UNBELTED_OCC_COUNT","UNB_DEATH_COUNT","UNB_SUSP_SERIOUS_INJ_COUNT","UNK_INJ_DEG_COUNT","UNK_INJ_PER_COUNT","URBAN_RURAL","VAN_COUNT","VEHICLE_COUNT","WEATHER1","WEATHER2","WORKERS_PRES","WORK_ZONE_IND","WORK_ZONE_LOC","WORK_ZONE_TYPE","WZ_CLOSE_DETOUR","WZ_FLAGGER","WZ_LAW_OFFCR_IND","WZ_LN_CLOSURE","WZ_MOVING","WZ_OTHER","WZ_SHLDER_MDN","WZ_WORKERS_INJ_KILLED"
"2009092401","1825","1","0","0","0","0","0","0","0","0","1","0","","02","9","2009","3","40.503596","-80.222437","1822","11","0","0","0","0","0","0","0","0","","0","0","0","","","1","","2","","40 30:12.944","","0","80 13:20.772","8","0","0","0","2213","0","0","0","N","0","0","0","3","02213","0","","1.0","","1","N","N","","1","","0","0","0","","2","","","2","1","0","0","0","1","0","2","0","2","","","","N","","","","","","","","","",""
"2009092430","1826","0","0","0","0","0","0","0","0","0","8","0","","02","9","2009","4","40.415667","-79.972782","1823","11","0","0","0","0","0","0","0","0","","0","0","0","","","1","","1","","40 24:56.401","","0","79 58:22.015","4","0","0","0","2301","1","0","0","N","1","0","0","2","02301","1","","1.0","","1","N","N","","0","","0","0","1","","9","","","2","1","0","0","0","0","0","2","0","1","","","","N","","","","","","","","","",""
"2009092451","2051","2","0","0","0","0","0","0","0","0","2","0","","02","8","2009","5","40.493143","-80.010386","2045","11","0","0","0","0","0","0","1","0","2","0","0","0","","","3","","0","","40 29:35.313","1","0","80 00:37.388","3","0","0","0","2301","0","0","0","N","0","0","0","3","68B03","1","","1.0","","1","N","N","","0","","2","0","0","","0","N","","2","3","1","0","0","0","0","2","0","2","","","","N","","","","","","","","","",""
"2009092484","1411","0","0","0","0","0","0","0","0","0","7","0","","02","9","2009","1","40.652401","-80.045098","1401","11","0","0","0","0","0","0","0","0","2","0","0","0","","","3","","0","","40 39:08.642","4","0","80 02:42.354","3","0","0","0","2216","0","0","0","N","0","0","0","3","68T02","1","","3.0","","1","N","N","","0","","2","0","1","","0","N","","1","3","1","0","0","0","0","2","0","1","","","","N","","","","","","","","","",""
"2009092489","1832","2","0","0","0","0","0","0","0","0","1","0","","02","9","2009","4","40.553459","-79.971254","1829","11","0","0","0","0","0","1","0","0","","0","0","0","","","1","","2","","40 33:12.454","","0","79 58:16.516","4","0","0","0","2118","0","0","0","N","0","0","0","2","02118","1","","1.0","","1","N","N","","0","","0","0","0","","0","","","2","1","0","0","0","0","0","2","0","2","","","","N","","","","","","","","","",""
"2009092495","1735","2","0","0","0","0","0","0","0","0","4","0","","02","9","2009","4","40.454076","-79.996814","1731","11","0","0","0","0","0","0","0","0","","0","0","0","","","0","","1","","40 27:14.672","","0","79 59:48.532","0","0","0","0","2301","0","0","0","N","0","0","0","3","02301","0","","1.0","","1","N","N","","0","","0","0","0","","2","","","2","0","0","0","0","0","0","2","0","2","","","","N","","","","","","","","","",""
"2009092499","1650","1","0","0","0","0","0","0","0","0","4","0","","02","9","2009","4","40.240884","-79.860117","1646","11","0","0","0","0","0","1","0","0","2","0","0","0","","","2","","1","","40 14:27.181","7","0","79 51:36.420","2","0","0","0","2105","0","0","0","N","0","0","0","3","02105","0","","1.0","","1","N","N","","0","","0","1","1","","3","Y","","2","2","0","0","0","1","1","1","0","2","","","","N","","","","","","","","","",""
"2009092510","0015","1","0","0","0","0","0","0","0","0","7","0","","02","9","2009","2","40.367963","-80.084266","0013","11","0","0","0","0","0","0","0","0","","0","0","0","","","1","","0","","40 22:04.666","","0","80 05:03.357","8","0","0","0","2117","0","0","0","N","0","0","0","1","02117","0","","5.0","","1","N","N","","0","","0","0","1","","0","","","2","1","1","0","0","1","0","2","0","2","","","","N","","","","","","","","","",""
"2009092511","0205","2","0","0","0","0","0","0","0","0","2","0","","02","9","2009","7","40.415166","-79.998138","0200","11","0","0","0","0","0","0","0","0","","0","0","0","","","1","","2","","40 24:54.597","","0","79 59:53.296","3","0","0","0","2301","0","0","0","N","0","0","0","2","02301","0","","1.0","","1","N","N","","0","","1","0","0","","3","","","2","1","0","0","0","0","1","2","0","2","","","","N","","","","","","","","","",""
"2009092512","0602","1","0","0","0","0","0","0","0","0","2","0","","02","9","2009","4","40.339288","-79.913571","0558","11","0","0","0","0","0","0","0","0","1","0","0","0","","","1","","3","","40 20:21.437","3","0","79 54:48.854","4","0","0","0","2473","0","0","0","N","0","0","0","2","02473","1","","1.0","","1","N","N","","1","","0","0","0","","0","N","","2","1","0","0","0","0","0","2","0","2","","","","N","","","","","","","","","",""
"2009092514","2340","0","0","0","0","0","0","0","0","0","6","1","","02","9","2009","4","40.379118","-80.001387","2337","11","0","0","0","0","0","0","0","0","3","0","1","0","","","0","","0","","40 22:44.825","7","0","80 00:04.992","0","0","0","0","2301","0","0","0","N","0","0","0","3","02301","0","","1.0","","1","N","N","","0","","0","0","1","","0","N","","2","0","0","0","0","0","0","2","0","2","","","","N","","","","","","","","","",""
"2009092516","0020","1","0","0","0","0","0","0","0","0","6","0","","02","9","2009","5","40.435761","-79.962607","0011","11","0","0","0","0","0","0","0","0","","0","0","0","","","1","","1","","40 26:08.738","","0","79 57:45.386","8","0","0","0","2301","0","0","0","N","0","0","0","3","02301","0","","1.0","","1","N","N","","0","","0","0","0","","3","","","2","1","0","0","0","1","1","2","1","2","","","","N","","","","","","","","","",""
"2009092518","0105","0","0","0","0","0","0","0","0","0","7","0","","02","9","2009","5","40.416451","-79.995766","0059","11","0","0","0","0","0","0","0","0","","0","0","0","","","0","","0","","40 24:59.223","","0","79 59:44.757","0","0","0","0","2301","0","0","0","N","0","0","0","0","02301","0","","5.0","","1","N","N","","1","","0","0","0","","0","","","1","0","0","0","0","0","0","2","0","1","","","","N","","","","","","","","","",""
"2009092522","0255","1","0","0","0","0","0","0","0","0","7","0","","02","9","2009","5","40.445803","-79.998135","0248","11","0","0","0","0","0","1","0","0","","0","0","0","","","0","","3","","40 26:44.892","","0","79 59:53.286","0","0","0","0","2301","0","0","0","Y","0","0","0","1","02301","0","","7.0","","1","N","N","","0","","0","0","0","","0","","","1","0","0","0","0","0","0","2","0","1","","","","N","","","","","","","","","",""
"2009092550","1650","1","0","0","0","0","0","0","0","0","7","0","","02","9","2009","3","40.4599","-79.9996","1635","11","0","0","0","0","0","0","0","0","2","0","0","0","","","0","","0","","40 27:35.640","2","0","79 59:58.560","0","0","0","0","2301","0","0","0","N","0","0","0","1","68B03","0","","2.0","","1","N","N","","0","","0","0","0","","0","N","","1","0","0","0","0","0","0","2","0","1","","","","N","","","","","","","","","",""
"2009092551","0705","1","0","0","0","0","0","0","0","0","1","0","","02","9","2009","4","40.443918","-79.84057","0650","11","0","0","0","0","1","0","0","0","","0","0","0","","","0","","3","","40 26:38.105","","0","79 50:26.053","0","0","0","0","2419","0","0","0","N","0","0","0","2","68B01","0","","1.0","","1","N","N","","0","","0","0","1","","0","","","2","0","0","0","0","0","0","2","0","2","","","","N","","","","","","","","","",""
"2009092558","0622","0","0","0","0","0","0","0","0","0","7","0","","02","8","2009","1","40.613807","-79.756851","0600","11","0","0","0","0","0","0","0","0","2","0","0","0","","","1","","0","","40 36:49.704","2","0","79 45:24.664","4","0","0","0","2464","0","0","0","N","0","0","0","1","68D02","1","","5.0","","1","N","N","","0","","0","0","1","","0","N","","1","1","0","0","0","0","0","2","0","1","","","","N","","","","","","","","","",""
"2009092642","1330","0","0","0","0","0","0","0","0","0","4","0","","02","9","2009","4","40.441064","-80.005932","1320","11","0","0","0","0","0","0","0","0","1","0","0","0","","","1","","0","","40 26:27.830","3","0","80 00:21.355","8","0","0","0","2301","0","0","0","N","0","0","0","4","02301","0","","1.0","","1","N","N","","0","","0","0","2","","0","N","","2","1","0","0","0","1","0","2","0","2","","","","N","","","","","","","","","",""
"2009092652","0812","2","0","0","0","0","0","0","0","0","1","0","","02","9","2009","4","40.433578","-79.796899","0808","11","0","0","0","0","0","1","0","0","2","0","0","0","","","1","","0","","40 26:00.882","3","0","79 47:48.837","4","0","0","0","2446","0","0","0","","0","0","0","2","02446","1","","1.0","","1","N","N","","0","","0","0","0","","0","N","","2","1","0","0","0","0","0","2","0","2","","","","N","","","","","","","","","",""
"2009092675","2211","4","0","0","0","0","0","0","0","0","2","0","","02","9","2009","4","40.369912","-80.22398","2208","11","0","0","0","0","0","0","0","0","","0","0","0","","","0","","0","","40 22:11.682","","0","80 13:26.328","9","0","0","0","2119","0","0","0","N","0","0","0","1","62422","0","","4.0","","1","N","N","","0","","0","0","0","","3","","","4","0","0","0","0","0","1","2","0","4","","","","N","","","","","","","","","",""
"2009092678","1136","0","0","0","0","0","0","0","0","0","5","0","","02","9","2009","5","40.300414","-79.92292","1132","11","0","0","0","0","0","0","1","0","","0","0","0","","","1","","2","","40 18:01.491","","0","79 55:22.513","4","0","0","0","2440","0","0","0","N","0","0","0","3","02440","1","","1.0","","1","N","N","","0","","0","0","2","","3","","","2","1","0","0","0","0","0","2","0","2","","","","N","","","","","","","","","",""
"2009092679","1252","1","0","0","0","0","0","0","0","0","4","0","","02","9","2009","5","40.590305","-79.948233","1250","11","0","0","0","0","0","1","0","0","1","0","0","0","","","2","","1","","40 35:25.098","1","0","79 56:53.639","8","0","0","0","2207","0","0","0","N","0","0","0","3","02207","0","","1.0","","1","N","N","","0","","0","0","1","","2","N","","2","2","0","0","0","2","0","2","0","2","","","","N","","","","","","","","","",""
"2009092690","0725","2","0","0","0","0","0","0","0","0","4","0","","02","9","2009","4","40.497713","-80.05406","0723","11","0","0","0","0","1","0","0","0","","0","0","0","","","0","","1","","40 29:51.766","","0","80 03:14.615","0","0","0","0","2404","0","0","0","N","0","0","0","4","02404","0","","1.0","","1","N","N","","0","","0","0","0","","0","","","2","0","0","0","0","0","0","2","0","2","","","","N","","","","","","","","","",""
"2009092698","1618","3","0","0","0","0","0","0","0","0","1","0","","02","9","2009","5","40.449706","-80.025099","1615","11","0","0","0","0","0","1","1","0","1","0","0","0","","","2","","1","","40 26:58.940","4","99","80 01:30.356","4","0","0","0","2301","0","0","0","N","0","0","0","4","02301","2","","1.0","","1","N","N","","0","","0","0","0","","2","N","","3","2","1","0","0","0","0","2","0","3","","","","N","","","","","","","","","",""
"2009092708","1936","1","0","0","0","0","0","0","0","0","2","0","","02","9","2009","7","40.487813","-80.137556","1935","11","0","0","0","0","0","1","0","0","1","0","0","0","","","2","","0","","40 29:16.126","6","0","80 08:15.200","4","0","0","0","2115","0","0","0","N","0","0","0","3","02115","1","","1.0","","1","N","N","","1","","0","0","0","","0","N","","2","2","0","0","0","1","0","2","0","2","","","","N","","","","","","","","","",""
"2009092709","1043","0","0","0","0","0","0","0","0","0","7","0","","02","9","2009","4","40.50344","-80.221059","1038","11","0","0","0","0","0","0","0","0","","0","0","0","","","1","","0","","40 30:12.385","","0","80 13:15.814","4","0","0","0","2213","0","0","0","N","0","0","0","3","02213","1","","1.0","","1","N","N","","0","","0","0","1","","0","","","1","1","0","0","0","0","0","2","0","1","","","","N","","","","","","","","","",""
"2009092714","0532","1","0","0","0","0","0","0","0","0","0","0","40","02","8","2009","6","40.271799","-79.884987","0530","11","0","0","0","0","0","1","0","0","9","0","0","0","","","1","","7","","40 16:18.477","2","3","79 53:05.953","4","0","0","0","2428","0","0","0","Y","0","0","0","1","02428","1","","1.0","","1","N","N","","0","","0","0","0","","0","N","","1","1","0","0","0","0","0","2","0","1","","","N","Y","8","1","","","N","Y","","","",""
"2009092727","1718","2","0","0","0","0","0","0","0","0","1","0","","02","9","2009","5","40.484438","-79.947945","1711","11","0","0","0","0","0","0","0","1","","0","0","0","","","0","","0","","40 29:03.976","","0","79 56:52.601","0","0","0","0","2301","0","0","0","N","0","0","0","7","02301","0","","1.0","","9","N","N","","0","","0","0","1","","2","","","3","0","0","0","0","0","0","2","0","3","","","","N","","","","","","","","","",""
"2009092787","1851","2","0","0","0","0","0","0","0","0","1","0","","02","9","2009","4","40.392808","-80.015125","1841","11","0","1","0","0","0","0","0","0","1","0","0","0","","","0","","0","","40 23:34.108","6","0","80 00:54.450","0","0","0","0","2301","0","0","0","N","0","0","0","2","02301","0","","1.0","","1","N","N","","0","","0","0","0","","0","Y","","2","0","0","0","0","0","0","2","0","2","","","","N","","","","","","","","","",""
"2009092789","1744","1","0","0","1","0","0","0","0","0","8","0","","02","9","2009","5","40.483942","-80.040716","1733","11","0","0","0","0","0","0","0","0","","0","0","0","","","1","","2","","40 29:02.191","","0","80 02:26.577","3","0","0","0","2301","1","0","0","N","0","0","0","2","02301","0","","1.0","","1","N","N","","0","","1","0","0","","0","","","2","1","0","0","0","0","0","2","0","1","","","","N","","","","","","","","","",""
"2009092790","1813","2","0","0","0","0","0","0","0","0","1","0","","02","9","2009","5","40.438293","-79.999855","1813","11","0","0","0","0","0","1","0","0","","0","0","0","","","1","","0","","40 26:17.854","","0","79 59:59.478","8","0","0","0","2301","0","0","0","N","0","0","0","3","02301","0","","1.0","","1","N","N","","0","","0","0","0","","2","","","2","1","0","0","0","1","0","2","0","2","","","","N","","","","","","","","","",""
"2009092799","2036","2","0","0","0","0","0","0","0","0","4","0","","02","9","2009","5","40.440445","-79.960321","2030","11","0","0","0","0","0","0","0","0","1","0","0","0","","","0","","1","","40 26:25.602","1","0","79 57:37.155","9","0","0","0","2301","0","0","0","N","0","0","0","2","02301","0","","1.0","","1","N","N","","0","","0","0","0","","2","N","","2","0","0","0","0","0","1","2","0","2","","","","N","","","","","","","","","",""
"2009092824","0152","0","0","0","0","0","0","0","0","0","1","0","","02","9","2009","6","40.404134","-79.871165","0152","11","0","0","0","0","0","0","0","0","1","0","0","0","","","1","","2","","40 24:14.882","3","0","79 52:16.194","8","0","0","1","2301","0","0","0","N","0","0","0","2","02301","0","","1.0","","1","N","N","","0","","0","0","1","","2","N","","2","1","0","0","0","1","0","2","0","2","","","","N","","","","","","","","","",""
"2009092833","0729","0","0","0","0","0","0","0","0","0","7","0","","02","8","2009","3","40.593938","-80.128866","0723","11","0","0","0","0","0","0","0","0","","0","0","0","","","1","","2","","40 35:38.176","","0","80 07:43.917","8","0","0","0","2481","0","0","0","N","0","0","0","1","02481","0","","2.0","","1","N","N","","0","","0","0","1","","0","","","1","1","0","0","0","1","0","1","0","1","","","","N","","","","","","","","","",""
"2009092834","1055","2","0","0","0","0","0","0","0","0","1","0","","02","8","2009","1","40.610351","-80.089574","1053","11","0","0","0","0","0","0","0","0","","0","0","0","","","1","","2","","40 36:37.263","","0","80 05:22.466","8","0","0","0","2481","0","0","0","N","0","0","0","4","02481","0","","1.0","","1","N","N","","0","","0","0","0","","0","","","2","1","0","0","0","1","0","2","0","2","","","","N","","","","","","","","","",""
"2009092835","2040","0","0","0","0","0","0","0","0","0","1","0","","02","8","2009","2","40.615681","-80.094185","2040","11","0","0","0","0","0","1","0","0","2","0","0","0","","","2","","1","","40 36:56.450","3","0","80 05:39.065","4","0","0","0","2481","0","0","0","N","0","0","0","3","02481","2","","1.0","","1","N","N","","0","","0","0","2","","2","N","","2","2","2","0","0","0","0","2","0","2","","","","N","","","","","","","","","",""
"2009092836","2105","1","0","0","0","0","0","0","0","0","1","0","","02","9","2009","3","40.592141","-80.074993","2056","11","0","0","0","0","1","0","0","0","","0","0","0","","","0","","3","","40 35:31.706","","0","80 04:29.976","0","0","0","0","2481","0","0","0","N","0","0","0","3","02481","0","","1.0","","1","N","N","","0","","0","0","1","","3","","","2","0","0","0","0","0","0","2","0","2","","","","N","","","","","","","","","",""
"2009093042","1315","1","0","0","0","0","0","0","0","0","1","0","","02","9","2009","5","40.413355","-79.845328","1314","11","0","0","0","0","0","0","0","0","","0","0","0","","","1","","2","","40 24:48.077","","0","79 50:43.180","4","0","0","0","2431","0","0","0","Y","0","0","0","2","02431","1","","1.0","","1","N","N","","0","","0","0","1","","2","","","2","1","0","0","0","0","0","2","0","2","","","","N","","","","","","","","","",""
"2009093057","1030","1","0","0","0","0","0","0","0","0","7","0","","02","9","2009","5","40.369382","-79.910888","1021","11","0","0","0","0","0","0","0","1","","0","0","0","","","1","","2","","40 22:09.774","","0","79 54:39.197","8","0","0","0","2301","0","0","0","N","0","0","0","1","02301","0","","5.0","","1","N","N","","0","","0","0","1","","0","","","2","1","0","0","0","1","0","2","0","2","","","","N","","","","","","","","","",""
"2009093058","0806","1","0","0","0","0","0","0","0","0","8","0","","02","9","2009","6","40.376203","-80.042741","0804","11","0","0","0","0","0","0","0","0","","0","0","0","","","1","","0","","40 22:34.330","","0","80 02:33.867","4","0","0","0","2109","1","0","0","N","1","0","0","2","02109","1","","1.0","","1","N","N","","0","","0","0","0","","0","","","2","1","0","0","0","0","1","2","0","1","","","","N","","","","","","","","","",""
"2009093065","0902","2","0","0","0","0","0","0","0","0","1","1","","02","9","2009","6","40.442419","-79.992149","0853","11","0","0","0","0","0","0","0","0","2","0","1","0","","","2","","6","","40 26:32.710","4","2","79 59:31.737","8","0","0","0","2301","0","0","0","N","0","0","0","4","02301","0","","1.0","","1","N","N","","0","","0","0","0","","0","N","","3","2","0","0","0","2","0","2","0","3","","","","N","","","","","","","","","",""
"2009093071","1900","1","0","0","0","0","0","0","0","0","99","0","","02","9","2009","2","40.31356","-79.995165","1858","11","0","0","0","0","0","0","0","0","","0","0","0","","","1","","10","","40 18:48.817","","99","79 59:42.595","4","0","0","0","2219","0","0","0","N","0","0","0","1","02501","1","","4.0","","1","N","N","","0","","0","0","0","","0","","","1","1","0","0","0","0","0","2","0","1","","","","N","","","","","","","","","",""
"2009093072","0942","2","0","0","0","0","0","0","0","0","1","0","","02","9","2009","6","40.378432","-79.989739","0922","11","0","0","0","0","0","1","0","0","","0","0","0","","","1","","2","","40 22:42.355","","0","79 59:23.061","8","0","0","0","2301","0","0","0","N","0","0","0","2","02301","0","","1.0","","1","N","N","","0","","0","0","0","","2","","","2","1","0","0","0","1","0","2","0","2","","","","N","","","","","","","","","",""
"2009093073","0849","1","0","0","0","0","0","0","0","0","4","0","","02","9","2009","6","40.432149","-79.935014","0844","11","0","0","0","0","0","1","0","0","2","0","0","0","","","1","","3","","40 25:55.736","5","0","79 56:06.050","2","0","1","1","2301","0","0","0","N","0","0","0","2","02301","0","","1.0","","1","N","N","","0","","0","1","0","","0","Y","","2","1","0","0","0","0","0","2","0","2","","","","N","","","","","","","","","",""
"2009093081","1018","2","0","0","0","0","0","0","0","0","1","0","","02","9","2009","3","40.522327","-80.084116","1014","11","0","0","0","0","0","1","1","0","","0","0","0","","","0","","2","","40 31:20.377","","0","80 05:02.817","0","0","0","0","2211","0","0","0","N","0","0","0","2","02215","0","","1.0","","1","N","N","","0","","0","0","0","","0","","","2","0","0","0","0","0","0","2","0","2","","","","N","","","","","","","","","",""
"2009093086","1228","2","0","0","0","0","0","0","0","0","4","0","","02","9","2009","6","40.333771","-79.946369","1224","11","0","0","0","0","0","0","0","0","","0","0","0","","","0","","0","","40 20:01.576","","7","79 56:46.928","0","0","0","0","2454","0","0","0","N","0","0","0","2","02454","0","","1.0","","1","N","N","","0","","0","0","0","","0","","","2","0","1","0","0","0","0","2","0","2","","","","N","","","","","","","","","",""
"2009093090","1220","3","0","0","0","0","0","0","0","0","5","0","","02","9","2009","6","40.372979","-79.846885","1218","11","0","0","0","0","0","1","0","0","","0","0","0","","","1","","0","","40 22:22.724","","0","79 50:48.786","4","0","0","0","2303","0","0","0","N","0","0","0","3","02303","1","","6.0","","1","N","N","","0","","0","0","0","","3","","","3","1","0","0","0","0","0","2","0","3","","","","N","","","","","","","","","",""
"2009093102","1550","2","0","0","0","0","0","0","0","0","1","0","","02","9","2009","6","40.410432","-79.990382","1544","11","0","0","0","0","0","0","1","0","","0","0","0","","","3","","1","","40 24:37.555","","0","79 59:25.375","8","0","0","0","2301","0","0","0","N","0","0","0","4","02301","0","","1.0","","1","N","N","","0","","0","0","0","","2","","","2","3","0","0","0","3","0","2","0","2","","","","N","","","","","","","","","",""
"2009093107","1646","2","0","0","0","0","0","0","0","0","1","0","","02","9","2009","6","40.605977","-79.754614","1643","11","0","0","0","0","0","0","0","0","","0","0","0","","","1","","2","","40 36:21.517","","0","79 45:16.610","4","0","0","0","2464","0","0","0","N","0","0","0","5","02464","1","","1.0","","1","N","N","","0","","0","0","0","","2","","","2","1","0","0","0","0","0","2","0","2","","","","N","","","","","","","","","",""
"2009093114","1955","0","0","0","0","0","0","0","0","0","5","0","","02","9","2009","5","40.545278","-79.933695","1950","11","0","0","0","0","0","1","0","0","2","0","0","0","","","0","","2","","40 32:43.000","5","0","79 56:01.302","0","0","0","0","2209","0","0","0","N","0","0","0","5","02209","0","","1.0","","1","N","N","","1","","0","0","1","","0","N","","2","0","0","0","0","0","0","2","0","2","","","","N","","","","","","","","","",""
"2009093115","1959","1","0","0","0","0","0","0","0","0","1","0","","02","9","2009","3","40.3335","-80.0205","1952","11","0","0","0","0","0","1","0","0","","0","0","0","","","0","","2","","40 20:00.600","","0","80 01:13.800","0","0","0","0","2407","0","0","0","N","0","0","0","2","02407","0","","1.0","","1","N","N","","1","","0","0","0","","0","","","2","0","0","0","0","0","0","2","0","2","","","","N","","","","","","","","","",""
"2009093116","1409","2","0","0","0","0","0","0","0","0","4","0","","02","9","2009","3","40.362022","-80.011171","1407","11","0","0","0","0","0","0","1","0","","0","0","0","","","0","","1","","40 21:43.279","","0","80 00:40.215","0","0","0","0","2416","0","0","0","N","0","0","0","2","02416","0","","1.0","","1","N","N","","0","","0","0","0","","3","","","2","0","0","0","0","0","0","2","0","2","","","","N","","","","","","","","","",""
"2009093149","1809","1","0","0","0","0","0","0","0","0","1","0","","02","9","2009","6","40.398279","-80.026246","1808","11","0","0","0","0","0","0","0","0","1","0","0","0","","","1","","1","","40 23:53.806","1","0","80 01:34.484","8","0","0","0","2301","0","0","0","N","0","0","0","2","02301","0","","1.0","","1","N","N","","0","","0","0","1","","2","N","","2","1","0","0","0","1","0","2","0","2","","","","N","","","","","","","","","",""
"2009093187","1907","2","0","0","0","0","0","0","0","0","4","0","","02","6","2009","6","40.402493","-79.840672","1905","11","0","0","0","0","0","1","0","0","1","0","0","0","","","1","","1","","40 24:08.973","3","0","79 50:26.419","4","0","0","0","2449","0","0","0","N","0","0","0","5","02449","1","","1.0","","1","N","N","","0","","0","0","0","","3","N","","2","1","1","0","0","0","0","2","0","2","","","","N","","","","","","","","","",""
"2009093190","1442","1","0","0","0","0","0","0","0","0","4","0","","02","9","2009","3","40.509035","-79.747053","1435","11","0","0","0","0","0","1","0","0","1","0","0","0","","","0","","2","","40 30:32.526","1","0","79 44:49.390","9","0","0","0","2466","0","0","0","N","0","0","0","2","02466","0","","1.0","","1","N","N","","0","","0","0","0","","3","N","","2","0","0","0","0","0","1","2","0","2","","","","N","","","","","","","","","",""
"2009093191","1609","2","0","0","0","0","0","0","0","0","4","0","","02","9","2009","6","40.45601","-79.947616","1559","11","0","0","0","0","0","0","0","0","","0","0","0","","","2","","1","","40 27:21.636","","0","79 56:51.417","3","0","0","0","2301","0","0","0","N","0","0","0","2","02301","1","","1.0","","1","N","N","","0","","1","0","0","","0","","","2","2","0","0","0","0","0","2","0","2","","","","N","","","","","","","","","",""
"2009093195","1816","0","0","0","0","0","0","0","0","0","4","0","","02","9","2009","6","40.376049","-80.036505","1813","11","0","0","0","0","1","1","0","0","2","0","0","0","","","0","","1","","40 22:33.777","7","0","80 02:11.417","0","0","0","0","2109","0","0","0","N","0","0","0","3","02109","0","","1.0","","1","N","N","","1","","0","0","1","","2","Y","","2","0","0","0","0","0","0","2","0","2","","","","N","","","","","","","","","",""
"2009093196","2010","0","0","0","0","0","0","0","0","0","7","0","","02","9","2009","6","40.398167","-79.909197","2008","11","0","0","0","0","0","0","0","0","1","0","0","0","","","1","","0","","40 23:53.401","5","0","79 54:33.109","8","0","0","1","2472","0","0","0","N","0","0","0","1","02472","0","","1.0","","1","N","N","","0","","0","0","0","","0","Y","","1","1","0","0","0","1","0","2","0","1","","","","N","","","","","","","","","",""
"2009093197","2047","0","0","0","0","0","0","0","0","0","1","1","","02","9","2009","6","40.445214","-79.991855","2043","11","0","0","0","0","0","0","0","0","","0","1","0","","","1","","2","","40 26:42.770","","0","79 59:30.678","4","0","0","0","2301","0","0","0","N","0","0","0","2","02301","1","","1.0","","9","N","N","","1","","0","0","0","","0","","","2","1","1","0","0","0","0","2","0","2","","","","N","","","","","","","","","",""
"2009093220","0225","3","0","0","0","0","0","0","0","0","5","0","","02","9","2009","7","40.421263","-79.981999","0223","11","0","0","0","0","0","0","0","0","2","0","0","0","","","0","","0","","40 25:16.546","2","0","79 58:55.196","0","0","0","0","2301","0","0","0","N","0","0","0","1","02301","0","","2.0","","1","N","N","","0","","0","0","1","","0","Y","","4","0","0","0","0","0","0","2","0","4","","","","N","","","","","","","","","",""
"2009093223","0220","1","0","0","0","0","0","0","0","0","7","0","","02","9","2009","7","40.395271","-79.899565","0218","11","0","0","0","0","0","0","0","0","2","0","0","0","","","2","","0","","40 23:42.976","5","0","79 53:58.433","4","0","0","0","2448","0","0","0","N","0","0","0","3","02448","2","","5.0","","1","N","N","","0","","0","0","0","","0","Y","","1","2","0","0","0","0","0","2","0","1","","","","N","","","","","","","","","",""
"2009093224","0219","2","0","0","0","0","0","0","0","0","4","0","","02","9","2009","7","40.438844","-79.990973","0218","11","0","0","0","0","0","0","0","0","","0","0","0","","","0","","1","","40 26:19.838","","0","79 59:27.502","0","0","0","0","2301","0","0","0","N","0","0","0","2","02301","0","","1.0","","1","N","N","","0","","0","0","0","","2","","","2","0","0","0","0","0","0","2","0","2","","","","N","","","","","","","","","",""