"CRN","ARRIVAL_TM","AUTOMOBILE_COUNT","BELTED_DEATH_COUNT","BELTED_SUSP_SERIOUS_INJ_COUNT","BICYCLE_COUNT","BICYCLE_DEATH_COUNT","BICYCLE_SUSP_SERIOUS_INJ_COUNT","BUS_COUNT","CHLDPAS_DEATH_COUNT","CHLDPAS_SUSP_SERIOUS_INJ_COUNT","COLLISION_TYPE","COMM_VEH_COUNT","CONS_ZONE_SPD_LIM","COUNTY","CRASH_MONTH","CRASH_YEAR","DAY_OF_WEEK","DEC_LATITUDE","DEC_LONGITUDE","DISPATCH_TM","DISTRICT","DRIVER_COUNT_16YR","DRIVER_COUNT_17YR","DRIVER_COUNT_18YR","DRIVER_COUNT_19YR","DRIVER_COUNT_20YR","DRIVER_COUNT_50_64YR","DRIVER_COUNT_65_74YR","DRIVER_COUNT_75PLUS","EST_HRS_CLOSED","FATAL_COUNT","HEAVY_TRUCK_COUNT","HORSE_BUGGY_COUNT","HOUR_OF_DAY","ILLUMINATION","INJURY_COUNT","INTERSECTION_RELATED","INTERSECT_TYPE","LANE_CLOSED","LATITUDE","LN_CLOSE_DIR","LOCATION_TYPE","LONGITUDE","MAX_SEVERITY_LEVEL","MCYCLE_DEATH_COUNT","MCYCLE_SUSP_SERIOUS_INJ_COUNT","MOTORCYCLE_COUNT","MUNICIPALITY","NONMOTR_COUNT","NONMOTR_DEATH_COUNT","NONMOTR_SUSP_SERIOUS_INJ_COUNT","NTFY_HIWY_MAINT","PED_COUNT","PED_DEATH_COUNT","PED_SUSP_SERIOUS_INJ_COUNT","PERSON_COUNT","POLICE_AGCY","POSSIBLE_INJ_COUNT","RDWY_SURF_TYPE_CD","RELATION_TO_ROAD","ROADWAY_CLEARED","ROAD_CONDITION","SCH_BUS_IND","SCH_ZONE_IND","SECONDARY_CRASH","SMALL_TRUCK_COUNT","SPEC_JURIS_CD","SUSP_MINOR_INJ_COUNT","SUSP_SERIOUS_INJ_COUNT","SUV_COUNT","TCD_FUNC_CD","TCD_TYPE","TFC_DETOUR_IND","TIME_OF_DAY","TOTAL_UNITS","TOT_INJ_COUNT","UNBELTED_OCC_COUNT","UNB_DEATH_COUNT","UNB_SUSP_SERIOUS_INJ_COUNT","UNK_INJ_DEG_COUNT","UNK_INJ_PER_COUNT","URBAN_RURAL","VAN_COUNT","VEHICLE_COUNT","WEATHER1","WEATHER2","WORKERS_PRES","WORK_ZONE_IND","WORK_ZONE_LOC","WORK_ZONE_TYPE","WZ_CLOSE_DETOUR","WZ_FLAGGER","WZ_LAW_OFFCR_IND","WZ_LN_CLOSURE","WZ_MOVING","WZ_OTHER","WZ_SHLDER_MDN","WZ_WORKERS_INJ_KILLED"
"2009093229","0101","0","0","0","0","0","0","0","0","0","7","0","","02","9","2009","7","40.558242","-79.920336","0056","11","0","0","0","0","0","0","0","0","3","0","0","0","","","1","","0","","40 33:29.671","6","0","79 55:13.209","4","0","0","0","2207","0","0","0","N","0","0","0","1","02207","1","","5.0","","1","N","N","","0","","0","0","1","","0","Y","","1","1","0","0","0","0","0","2","0","1","","","","N","","","","","","","","","",""
"2009093230","0147","1","0","0","0","0","0","0","0","0","7","0","","02","9","2009","7","40.391728","-79.934514","0140","11","0","0","0","0","0","0","0","0","2","0","0","0","","","3","","6","","40 23:30.221","1","2","79 56:04.249","3","0","0","0","2301","0","0","0","Y","0","0","0","3","02301","2","","2.0","","1","N","N","","0","","1","0","0","","0","Y","","1","3","1","0","0","0","0","2","0","1","","","","N","","","","","","","","","",""
"2009093234","0420","1","0","0","0","0","0","0","0","0","4","1","","02","9","2009","7","40.460658","-79.922717","0420","11","0","0","0","0","0","0","1","0","","0","0","0","","","0","","1","","40 27:38.370","","0","79 55:21.780","0","0","0","0","2301","0","0","0","N","0","0","0","2","02301","0","","1.0","","1","N","N","","0","","0","0","0","","1","","","2","0","0","0","0","0","0","2","1","2","","","","N","","","","","","","","","",""
"2009093242","1619","1","0","0","0","0","0","0","0","0","1","0","","02","9","2009","2","40.457926","-80.301216","1638","11","0","0","0","0","0","1","0","0","","0","0","0","","","1","","0","","40 27:28.535","","0","80 18:04.379","4","0","0","0","2203","0","0","0","N","0","0","0","2","68B03","1","","1.0","","1","N","N","","1","","0","0","0","","0","","","2","1","0","0","0","0","0","1","0","2","","","","N","","","","","","","","","",""
"2009093243","1541","1","0","0","0","0","0","0","0","0","1","0","","02","9","2009","4","40.472234","-80.212146","1541","11","0","0","0","0","0","0","1","0","","0","0","0","","","0","","0","","40 28:20.042","","0","80 12:43.727","0","0","0","0","2203","0","0","0","N","0","0","0","2","68B03","0","","1.0","","1","N","N","","1","","0","0","0","","0","","","2","0","0","0","0","0","0","2","0","2","","","","N","","","","","","","","","",""
"2009093244","1520","1","0","0","0","0","0","0","0","0","7","0","","02","9","2009","5","40.5776","-80.0951","1512","11","0","1","0","0","0","0","0","0","","0","0","0","","","0","","0","","40 34:39.360","","0","80 05:42.360","0","0","0","0","2481","0","0","0","N","0","0","0","1","68B03","0","","3.0","","1","N","N","","0","","0","0","0","","0","","","1","0","0","0","0","0","0","2","0","1","","","","N","","","","","","","","","",""
"2009093444","1841","2","0","0","0","0","0","0","0","0","4","0","","02","9","2009","6","40.607692","-80.052261","1837","11","0","0","0","0","0","1","0","1","","0","0","0","","","1","","0","","40 36:27.690","","7","80 03:08.141","4","0","0","0","2108","0","0","0","N","0","0","0","2","02108","1","","1.0","","1","N","N","","0","","0","0","0","","0","","","2","1","0","0","0","0","0","2","0","2","","","","N","","","","","","","","","",""
"2009093445","1502","2","0","0","0","0","0","0","0","0","1","0","","02","9","2009","6","40.598878","-80.047667","1456","11","0","2","0","0","0","0","0","0","","0","0","0","","","0","","5","","40 35:55.962","","0","80 02:51.600","0","0","0","0","2108","0","0","0","N","0","0","0","2","02108","0","","1.0","","1","N","N","","0","","0","0","0","","0","","","2","0","0","0","0","0","0","2","0","2","","","","N","","","","","","","","","",""
"2009093446","1427","1","0","0","0","0","0","0","0","0","1","0","","02","9","2009","1","40.585611","-80.036054","1423","11","0","0","0","1","0","0","0","0","","0","0","0","","","0","","1","","40 35:08.199","","0","80 02:09.795","0","0","0","0","2108","0","0","0","N","0","0","0","2","02108","0","","1.0","","1","N","N","","0","","0","0","0","","2","","","2","0","0","0","0","0","0","2","1","2","","","","N","","","","","","","","","",""
"2009093447","1249","1","0","0","0","0","0","0","0","0","2","0","","02","9","2009","5","40.567282","-80.012159","1248","11","0","0","0","1","0","1","0","0","","0","0","0","","","0","","1","","40 34:02.214","","0","80 00:43.773","0","0","0","0","2108","0","0","0","N","0","0","0","3","02108","0","","1.0","","1","N","N","","1","","0","0","0","","3","","","2","0","0","0","0","0","0","2","0","2","","","","N","","","","","","","","","",""
"2009093448","1619","1","0","0","0","0","0","0","0","0","1","0","","02","9","2009","7","40.545305","-80.030738","1616","11","0","0","0","0","0","0","0","0","1","0","0","0","","","0","","2","","40 32:43.098","3","0","80 01:50.656","9","0","0","0","2108","0","0","0","N","0","0","0","2","02108","0","","1.0","","1","N","N","","0","","0","0","1","","0","N","","2","0","0","0","0","0","1","2","0","2","","","","N","","","","","","","","","",""
"2009093451","0813","2","0","0","0","0","0","0","0","0","4","0","","02","8","2009","4","40.444553","-80.17397","0810","11","0","0","0","0","0","0","0","0","","0","0","0","","","1","","2","","40 26:40.390","","0","80 10:26.292","4","0","0","0","2214","0","0","0","N","0","0","0","2","02214","1","","1.0","","1","N","N","","0","","0","0","0","","3","","","2","1","0","0","0","0","0","2","0","2","","","","N","","","","","","","","","",""
"2009093452","1902","1","0","0","0","0","0","0","0","0","4","0","","02","8","2009","3","40.454353","-80.216306","1900","11","0","0","0","0","0","1","0","0","2","0","0","0","","","1","","2","","40 27:15.670","3","0","80 12:58.701","2","0","1","1","2214","0","0","0","N","0","0","0","2","02214","0","","1.0","","1","N","N","","0","","0","1","0","","0","N","","2","1","0","0","0","0","0","2","0","2","","","","N","","","","","","","","","",""
"2009093453","1230","2","0","0","0","0","0","0","0","0","4","0","","02","8","2009","2","40.44124","-80.239098","1222","11","0","1","0","0","0","0","0","0","","0","0","0","","","1","","2","","40 26:28.464","","7","80 14:20.752","4","0","0","0","2214","0","0","0","N","0","0","0","3","02214","1","","1.0","","1","N","Y","","0","","0","0","0","","0","","","2","1","0","0","0","0","0","2","0","2","","","","N","","","","","","","","","",""
"2009093454","0502","1","0","1","0","0","0","0","0","0","7","0","","02","8","2009","5","40.439303","-80.217009","0457","11","0","0","0","0","1","0","0","0","4","0","0","0","","","1","","0","","40 26:21.492","6","0","80 13:01.232","2","0","0","0","2214","0","0","0","N","0","0","0","1","02214","0","","5.0","","1","N","N","","0","","0","1","0","","0","Y","","1","1","0","0","0","0","0","2","0","1","","","","N","","","","","","","","","",""
"2009093455","2142","0","0","0","0","0","0","0","0","0","6","0","","02","8","2009","6","40.390462","-80.186274","2135","11","0","0","0","0","0","0","0","0","","0","0","0","","","1","","2","","40 23:25.663","","0","80 11:10.586","4","0","0","0","2214","0","0","0","N","0","0","0","3","02214","1","","1.0","","1","N","N","","2","","0","0","0","","0","","","2","1","0","0","0","0","0","1","0","2","","","","N","","","","","","","","","",""
"2009093457","1816","1","0","0","0","0","0","0","0","0","4","0","","02","8","2009","4","40.440519","-80.238481","1816","11","0","0","1","0","0","0","0","0","","0","0","0","","","0","","1","","40 26:25.870","","0","80 14:18.530","0","0","0","0","2214","0","0","0","N","0","0","0","2","02214","0","","1.0","","1","N","N","","0","","0","0","1","","3","","","2","0","0","0","0","0","0","2","0","2","","","","N","","","","","","","","","",""
"2009093458","0013","0","0","0","0","0","0","0","0","0","7","0","","02","8","2009","6","40.45097","-80.187023","0012","11","0","0","0","0","0","0","0","0","1","0","1","0","","","0","","2","","40 27:03.492","4","0","80 11:13.282","0","0","0","0","2214","0","0","0","N","0","0","0","1","02214","0","","4.0","","9","N","N","","0","","0","0","0","","3","Y","","1","0","0","0","0","0","0","2","0","1","","","","N","","","","","","","","","",""
"2009093664","1434","1","0","0","0","0","0","0","0","0","4","0","","02","9","2009","1","40.48108","-79.971871","1432","11","0","0","0","0","0","0","0","0","1","0","0","0","","","1","","2","","40 28:51.889","5","0","79 58:18.734","3","0","0","0","2445","0","0","0","N","0","0","0","1","02445","0","","1.0","","1","N","N","","0","","1","0","1","","0","Y","","2","1","1","0","0","0","0","2","0","2","","","","N","","","","","","","","","",""
"2009093674","1603","1","0","0","0","0","0","0","0","0","1","0","","02","8","2009","3","40.349778","-79.834229","1602","11","0","0","0","0","0","0","0","0","","0","0","0","","","1","","1","","40 20:59.200","","0","79 50:03.224","8","0","0","0","2304","0","0","0","N","0","0","0","2","02304","0","","1.0","","1","N","N","","1","","0","0","0","","0","","","2","1","0","0","0","1","0","2","0","2","","","","N","","","","","","","","","",""
"2009093675","0015","1","0","0","0","0","0","0","0","0","7","0","","02","8","2009","7","40.342917","-79.843291","0015","11","0","0","0","0","0","0","0","0","","0","0","0","","","0","","2","","40 20:34.501","","0","79 50:35.847","0","0","0","0","2304","0","0","0","N","0","0","0","1","05213","0","","5.0","","1","N","N","","0","","0","0","0","","3","","","1","0","1","0","0","0","0","2","0","1","","","","N","","","","","","","","","",""
"2009093676","1309","2","0","0","0","0","0","0","0","0","1","0","","02","8","2009","6","40.340032","-79.859868","1307","11","0","0","0","0","0","0","0","0","1","0","0","0","","","1","","2","","40 20:24.116","2","0","79 51:35.525","8","0","0","0","2304","0","0","0","N","0","0","0","4","02304","0","","1.0","","9","N","N","","0","","0","0","0","","4","N","","2","1","0","0","0","1","0","2","0","2","","","","N","","","","","","","","","",""
"2009093677","0137","1","0","0","0","0","0","0","0","0","7","0","","02","8","2009","7","40.322426","-79.824576","0137","11","0","0","0","0","0","0","0","0","","0","0","0","","","0","","0","","40 19:20.735","","0","79 49:28.474","9","0","0","0","2304","0","0","0","N","0","0","0","3","02304","0","","2.0","","1","N","N","","0","","0","0","0","","0","","","2","0","0","0","0","0","1","2","0","2","","","","N","","","","","","","","","",""
"2009093678","2150","1","0","0","1","0","0","0","0","0","8","0","","02","8","2009","3","40.351693","-79.863227","2149","11","0","0","0","0","0","0","0","0","1","0","0","0","","","1","","1","","40 21:06.093","4","0","79 51:47.618","4","0","0","0","2304","1","0","0","N","0","0","0","2","02304","1","","1.0","","1","N","N","","0","","0","0","0","","2","N","","2","1","0","0","0","0","0","2","0","1","","","","N","","","","","","","","","",""
"2009093679","1104","0","0","0","0","0","0","0","0","0","7","0","","02","8","2009","2","40.362386","-79.843938","1104","11","0","0","0","0","0","0","0","0","","0","0","0","","","0","","7","","40 21:44.590","","2","79 50:38.178","0","0","0","0","2303","0","0","0","Y","0","0","0","1","02304","0","","1.0","","1","N","N","","0","","0","0","0","","0","","","1","0","0","0","0","0","0","2","1","1","","","","N","","","","","","","","","",""
"2009093680","2309","0","0","0","0","0","0","0","0","0","4","0","","02","8","2009","6","40.352838","-79.847806","2308","11","0","0","0","0","0","1","0","0","2","0","0","0","","","6","","3","","40 21:10.215","6","0","79 50:52.102","4","0","0","0","2304","0","0","0","N","0","0","0","7","02304","5","","1.0","","1","N","N","","1","","0","0","1","","2","Y","","2","6","1","0","0","1","0","2","0","2","","","","N","","","","","","","","","",""
"2009093681","0626","0","0","0","0","0","0","0","0","0","7","0","","02","8","2009","1","40.339035","-79.858925","0624","11","0","0","0","0","0","0","0","0","1","0","0","0","","","1","","0","","40 20:20.525","1","0","79 51:32.130","8","0","0","0","2304","0","0","0","N","0","0","0","1","02304","0","","5.0","","1","N","N","","0","","0","0","1","","0","N","","1","1","0","0","0","1","0","2","0","1","","","","N","","","","","","","","","",""
"2009093682","0325","2","0","0","0","0","0","0","0","0","4","0","","02","8","2009","1","40.355171","-79.83524","0325","11","0","0","0","0","0","0","0","0","","0","0","0","","","0","","1","","40 21:18.617","","0","79 50:06.865","0","0","0","0","2304","0","0","0","N","0","0","0","2","02304","0","","1.0","","1","N","N","","0","","0","0","0","","2","","","2","0","0","0","0","0","0","2","0","2","","","","N","","","","","","","","","",""
"2009093683","0901","1","0","0","0","0","0","0","0","0","8","0","","02","8","2009","3","40.352227","-79.85102","0900","11","0","0","0","0","0","1","0","0","","0","0","0","","","1","","0","","40 21:08.016","","0","79 51:03.672","8","0","0","0","2304","1","0","0","N","1","0","0","2","02304","0","","1.0","","1","N","N","","0","","0","0","0","","0","","","2","1","0","0","0","1","0","2","0","1","","","","N","","","","","","","","","",""
"2009093684","2359","1","0","0","0","0","0","0","0","0","7","0","","02","8","2009","5","40.353389","-79.84537","2359","11","0","0","0","0","0","0","0","0","1","0","0","0","","","0","","7","","40 21:12.200","4","2","79 50:43.332","0","0","0","0","2304","0","0","0","N","0","0","0","1","02304","0","","3.0","","1","N","N","","0","","0","0","0","","0","N","","1","0","0","0","0","0","0","2","0","1","","","","N","","","","","","","","","",""
"2009093731","2210","1","0","0","0","0","0","0","0","0","7","0","","02","9","2009","6","40.319325","-79.89856","2206","11","0","0","0","0","0","0","0","1","2","0","0","0","","","1","","0","","40 19:09.569","7","0","79 53:54.817","2","0","0","0","2302","0","0","0","Y","0","0","0","1","02302","0","","5.0","","1","N","N","","0","","0","1","0","","0","Y","","1","1","0","0","0","0","0","2","0","1","","","","N","","","","","","","","","",""
"2009093733","1216","1","0","0","0","0","0","0","0","0","4","1","","02","9","2009","6","40.472176","-79.934586","1216","11","0","0","0","0","0","0","0","0","","0","0","0","","","2","","2","","40 28:19.832","","0","79 56:04.510","8","0","0","0","2301","0","0","0","N","0","0","0","4","02301","0","","1.0","","1","N","N","","0","","0","0","0","","0","","","2","2","2","0","0","2","0","2","1","2","","","","N","","","","","","","","","",""
"2009093739","0859","1","0","0","0","0","0","0","0","0","4","0","","02","9","2009","7","40.427519","-79.928159","0859","11","0","0","0","0","0","0","1","0","1","0","0","0","","","1","","2","","40 25:39.067","3","0","79 55:41.374","3","0","0","0","2301","0","0","0","N","0","0","0","2","02301","0","","1.0","","1","N","N","","0","","1","0","0","","3","Y","","2","1","0","0","0","0","0","2","1","2","","","","N","","","","","","","","","",""
"2009093750","0925","1","0","0","0","0","0","0","0","0","8","0","","02","9","2009","7","40.427604","-79.891142","0923","11","0","0","0","0","0","0","0","1","1","0","0","0","","","1","","2","","40 25:39.373","1","0","79 53:28.112","4","0","0","0","2426","1","0","0","N","1","0","0","3","02426","1","","1.0","","1","N","N","","0","","0","0","0","","2","N","","2","1","1","0","0","0","0","2","0","1","","","","N","","","","","","","","","",""
"2009093751","1050","1","0","0","0","0","0","0","0","0","1","0","","02","9","2009","7","40.471809","-79.973534","1045","11","0","0","0","0","0","0","0","0","1","0","0","0","","","0","","0","","40 28:18.512","2","0","79 58:24.724","0","0","0","0","2445","0","0","0","N","0","0","0","2","02301","0","","1.0","","1","N","N","","1","","0","0","0","","8","N","","2","0","0","0","0","0","0","2","0","2","","","","N","","","","","","","","","",""
"2009093753","1031","2","0","0","0","0","0","0","0","0","6","0","","02","9","2009","7","40.619143","-79.904914","1025","11","0","0","0","0","0","0","0","1","","0","0","0","","","0","","0","","40 37:08.914","","0","79 54:17.690","0","0","0","0","2220","0","0","0","N","0","0","0","3","02220","0","","1.0","","1","N","N","","0","","0","0","0","","0","","","2","0","1","0","0","0","0","1","0","2","","","","N","","","","","","","","","",""
"2009093755","1146","1","0","0","0","0","0","0","0","0","4","0","","02","9","2009","7","40.333575","-79.961693","1144","11","0","0","0","0","0","1","0","0","","0","0","0","","","0","","2","","40 20:00.870","","0","79 57:42.094","0","0","0","0","2454","0","0","0","N","0","0","0","2","02454","0","","1.0","","1","N","N","","0","","0","0","0","","3","","","2","0","0","0","0","0","0","2","1","2","","","","N","","","","","","","","","",""
"2009093756","1541","1","0","0","0","0","0","0","0","0","1","0","","02","9","2009","6","40.441516","-80.021127","1528","11","0","0","0","0","0","1","0","0","","0","0","0","","","2","","0","","40 26:29.459","","0","80 01:16.056","4","0","0","0","2301","0","0","0","N","0","0","0","5","02301","2","","1.0","","1","N","N","","0","","0","0","0","","0","","","4","2","0","0","0","0","0","2","3","4","","","","N","","","","","","","","","",""
"2009093758","2338","1","0","0","0","0","0","0","0","0","7","0","","02","9","2009","6","40.384","-80.122201","2335","11","0","0","0","1","0","0","0","0","","0","0","0","","","1","","2","","40 23:02.399","","0","80 07:19.922","3","0","0","0","2102","0","0","0","N","0","0","0","1","02102","0","","4.0","","1","N","N","","0","","1","0","0","","3","","","1","1","1","0","0","0","0","2","0","1","","","","N","","","","","","","","","",""
"2009093760","1213","1","0","0","0","0","0","0","0","0","1","0","","02","9","2009","7","40.458413","-80.016105","1208","11","0","0","0","0","0","1","0","0","","0","0","0","","","1","","2","","40 27:30.286","","0","80 00:57.978","3","0","0","0","2301","0","0","0","N","0","0","0","3","02301","0","","1.0","","1","N","N","","0","","1","0","0","","0","","","2","1","0","0","0","0","0","2","1","2","","","","N","","","","","","","","","",""
"2009093769","1326","1","0","0","0","0","0","0","0","0","4","0","","02","9","2009","7","40.385398","-79.821903","1325","11","0","0","0","0","0","0","0","0","1","0","0","0","","","2","","0","","40 23:07.431","1","7","79 49:18.852","3","0","0","0","2111","0","0","0","N","0","0","0","3","02111","1","","1.0","","1","N","N","","0","","1","0","1","","3","Y","","2","2","0","0","0","0","0","2","0","2","","","","N","","","","","","","","","",""
"2009093779","1527","2","0","0","0","0","0","0","0","0","4","0","","02","9","2009","7","40.504119","-79.949101","1527","11","0","0","0","0","0","1","0","0","","0","0","0","","","1","","2","","40 30:14.827","","0","79 56:56.762","4","0","0","0","2430","0","0","0","N","0","0","0","2","02430","1","","1.0","","1","N","N","","0","","0","0","0","","3","","","2","1","1","0","0","0","0","2","0","2","","","","N","","","","","","","","","",""
"2009093781","1550","1","0","0","0","0","0","0","0","0","7","0","","02","9","2009","7","40.431711","-80.013701","1543","11","0","0","0","0","0","0","0","0","","0","0","0","","","0","","1","","40 25:54.159","","0","80 00:49.323","0","0","0","0","2301","0","0","0","N","0","0","0","2","02301","0","","2.0","","1","N","N","","0","","0","0","0","","2","","","1","0","0","0","0","0","0","2","0","1","","","","N","","","","","","","","","",""
"2009093784","1043","2","0","0","0","0","0","0","0","0","4","0","","02","9","2009","7","40.441039","-79.993781","1041","11","0","0","0","0","0","0","0","1","1","0","0","0","","","1","","1","","40 26:27.742","2","0","79 59:37.612","3","0","0","0","2301","0","0","0","N","0","0","0","2","02301","0","","1.0","","1","N","N","","0","","1","0","0","","2","Y","","2","1","0","0","0","0","0","2","0","2","","","","N","","","","","","","","","",""
"2009093790","2240","1","0","0","0","0","0","0","0","0","7","0","","02","9","2009","4","40.470333","-79.90867","2238","11","0","0","0","0","0","0","0","0","2","0","0","0","","","0","","2","","40 28:13.197","2","0","79 54:31.211","9","0","0","0","2301","0","0","0","N","0","0","0","1","02301","0","","4.0","","1","N","N","","0","","0","0","0","","2","N","","1","0","0","0","0","0","1","2","0","1","","","","N","","","","","","","","","",""
"2009093820","1840","0","0","0","0","0","0","0","0","0","1","0","","02","9","2009","7","40.485373","-79.928546","1833","11","0","0","0","0","0","1","0","0","","0","0","0","","","0","","10","","40 29:07.342","","0","79 55:42.765","0","0","0","0","2301","0","0","0","N","0","0","0","1","02301","0","","1.0","","1","N","N","","0","","0","0","2","","0","","","2","0","0","0","0","0","0","2","0","2","","","","N","","","","","","","","","",""
"2009093836","2344","1","0","0","0","0","0","0","0","0","4","0","","02","9","2009","7","40.462482","-79.927828","2340","11","0","0","0","0","0","1","0","0","","0","0","0","","","0","","1","","40 27:44.935","","0","79 55:40.180","0","0","0","0","2301","0","0","0","N","0","0","0","5","02301","0","","1.0","","1","N","N","","0","","0","0","1","","1","","","2","0","0","0","0","0","0","2","0","2","","","","N","","","","","","","","","",""
"2009093838","2310","2","0","1","0","0","0","0","0","0","4","0","","02","9","2009","7","40.430057","-79.957786","2306","11","0","0","0","0","1","0","0","0","","0","0","0","","","1","","1","","40 25:48.205","","1","79 57:28.031","2","0","0","0","2301","0","0","0","N","0","0","0","3","02301","0","","1.0","","1","N","N","","0","","0","1","0","","2","","","2","1","2","0","0","0","0","2","0","2","","","","N","","","","","","","","","",""
"2009093839","0237","2","0","0","0","0","0","0","0","0","4","0","","02","9","2009","1","40.432607","-79.927568","0233","11","0","0","0","0","0","0","0","0","","0","0","0","","","0","","1","","40 25:57.385","","0","79 55:39.244","0","0","0","0","2301","0","0","0","N","0","0","0","2","02301","0","","1.0","","1","N","N","","0","","0","0","0","","1","","","2","0","0","0","0","0","0","2","0","2","","","","N","","","","","","","","","",""
"2009093842","0026","2","0","0","0","0","0","0","0","0","6","0","","02","9","2009","7","40.430136","-79.988679","0006","11","0","0","0","0","1","0","0","0","3","0","0","0","","","2","","0","","40 25:48.489","7","0","79 59:19.244","4","0","0","0","2301","0","0","0","N","0","0","0","8","02301","2","","1.0","","1","N","N","","0","","0","0","0","","2","N","","3","2","5","0","0","0","0","2","1","3","","","","N","","","","","","","","","",""
"2009093845","0208","1","0","0","0","0","0","0","0","0","2","0","","02","9","2009","1","40.379661","-79.911447","0205","11","0","0","0","0","0","0","0","0","","0","0","0","","","0","","0","","40 22:46.779","","0","79 54:41.209","0","0","0","0","2448","0","0","0","N","0","0","0","1","02448","0","","5.0","","1","N","N","","1","","0","0","0","","0","","","2","0","0","0","0","0","0","2","0","2","","","","N","","","","","","","","","",""
"2009093851","1237","3","0","0","0","0","0","0","0","0","1","0","","02","9","2009","7","40.438744","-79.752611","1232","11","1","0","0","0","0","0","1","0","","0","0","0","","","1","","0","","40 26:19.479","","0","79 45:09.399","8","0","0","0","2446","0","0","0","N","0","0","0","7","02446","0","","1.0","","1","N","N","","0","","0","0","0","","0","","","3","1","1","0","0","1","0","2","0","3","","","","N","","","","","","","","","",""
"2009093857","1118","1","0","0","0","0","0","0","0","0","4","0","","02","9","2009","7","40.475702","-80.098963","1116","11","0","0","0","0","0","1","0","1","1","0","0","0","","","1","","1","","40 28:32.527","4","0","80 05:56.266","3","0","0","1","2126","0","0","0","N","0","0","0","2","02126","0","","1.0","","1","N","N","","0","","1","0","0","","2","N","","2","1","0","0","0","0","0","2","0","2","","","","N","","","","","","","","","",""
"2009093860","1342","0","0","0","0","0","0","0","0","0","99","1","","02","9","2009","7","40.370555","-79.9823","1339","11","0","0","0","0","0","1","0","1","1","0","1","0","","","4","","2","","40 22:13.997","1","7","79 58:56.280","8","0","0","0","2413","0","0","0","N","0","0","0","8","02413","0","","1.0","","1","N","N","","1","","0","0","1","","0","Y","","5","4","0","0","0","4","4","2","2","5","","","","N","","","","","","","","","",""
"2009093862","0822","1","0","0","0","0","0","0","0","0","4","0","","02","9","2009","1","40.456567","-80.029179","0815","11","0","0","0","0","0","2","0","0","","0","0","0","","","0","","2","","40 27:23.641","","0","80 01:45.045","0","0","0","0","2301","0","0","0","N","0","0","0","3","02301","0","","1.0","","1","N","N","","0","","0","0","1","","0","","","2","0","0","0","0","0","0","2","0","2","","","","N","","","","","","","","","",""
"2009093865","0730","1","0","0","0","0","0","0","0","0","6","0","","02","9","2009","7","40.378596","-79.804965","0727","11","0","0","0","0","0","1","1","0","1","0","0","0","","","0","","2","","40 22:42.946","3","0","79 48:17.874","0","0","0","0","2111","0","0","0","N","0","0","0","2","02111","0","","1.0","","1","N","N","","0","","0","0","1","","3","N","","2","0","0","0","0","0","0","2","0","2","","","","N","","","","","","","","","",""
"2009093867","0921","2","0","0","0","0","0","0","0","0","1","0","","02","9","2009","1","40.278049","-79.905012","0920","11","0","0","0","0","0","0","0","0","","0","0","0","","","0","","2","","40 16:40.976","","2","79 54:18.044","0","0","0","0","2440","0","0","0","N","0","0","0","3","02440","0","","1.0","","1","N","N","","0","","0","0","0","","2","","","2","0","1","0","0","0","0","2","0","2","","","","N","","","","","","","","","",""
"2009093868","1015","0","0","0","0","0","0","0","0","0","0","0","","02","9","2009","1","40.402045","-80.000715","1009","11","0","0","0","0","0","0","0","0","","0","0","0","","","0","","0","","40 24:07.363","","0","80 00:02.575","0","0","0","0","2301","0","0","0","N","0","0","0","3","02301","0","","1.0","","1","N","N","","0","","0","0","2","","0","","","2","0","0","0","0","0","0","2","0","2","","","","N","","","","","","","","","",""
"2009093870","2239","1","0","0","0","0","0","0","0","0","6","0","","02","9","2009","6","40.517886","-80.03268","2238","11","0","0","0","0","0","2","0","0","1","0","0","0","","","0","","0","","40 31:04.389","3","0","80 01:57.648","0","0","0","0","2474","0","0","0","N","0","0","0","2","02474","0","","1.0","","1","N","N","","0","","0","0","1","","0","Y","","2","0","0","0","0","0","0","2","0","2","","","","N","","","","","","","","","",""
"2009093873","0202","1","0","0","0","0","0","0","0","0","7","0","","02","9","2009","1","40.500666","-79.830053","0151","11","0","0","0","0","0","0","0","0","","0","0","0","","","0","","0","","40 30:02.399","","0","79 49:48.191","9","0","0","0","2113","0","0","0","N","0","0","0","1","02113","0","","2.0","","1","N","N","","0","","0","0","0","","0","","","1","0","0","0","0","0","1","2","0","1","","","","N","","","","","","","","","",""
"2009093875","1210","1","0","0","0","0","0","0","0","0","1","0","","02","9","2009","1","40.471309","-79.974064","1202","11","0","0","0","0","0","0","0","0","","0","0","0","","","0","","0","","40 28:16.714","","0","79 58:26.632","0","0","0","0","2301","0","0","0","N","0","0","0","7","02301","0","","1.0","","1","N","N","","2","","0","0","0","","0","","","3","0","0","0","0","0","0","2","0","3","","","","N","","","","","","","","","",""
"2009093876","1306","1","0","0","0","0","0","0","0","0","7","0","","02","9","2009","6","40.513242","-80.014603","1301","11","0","0","0","0","0","0","0","0","1","0","0","0","","","1","","0","","40 30:47.670","3","0","80 00:52.570","4","0","0","0","2116","0","0","0","N","0","0","0","1","02116","1","","5.0","","1","N","N","","0","","0","0","0","","0","N","","1","1","0","0","0","0","0","2","0","1","","","","N","","","","","","","","","",""