"CRN","ARRIVAL_TM","AUTOMOBILE_COUNT","BELTED_DEATH_COUNT","BELTED_SUSP_SERIOUS_INJ_COUNT","BICYCLE_COUNT","BICYCLE_DEATH_COUNT","BICYCLE_SUSP_SERIOUS_INJ_COUNT","BUS_COUNT","CHLDPAS_DEATH_COUNT","CHLDPAS_SUSP_SERIOUS_INJ_COUNT","COLLISION_TYPE","COMM_VEH_COUNT","CONS_ZONE_SPD_LIM","COUNTY","CRASH_MONTH","CRASH_YEAR","DAY_OF_WEEK","DEC_LATITUDE","DEC_LONGITUDE","DISPATCH_TM","DISTRICT","DRIVER_COUNT_16YR","DRIVER_COUNT_17YR","DRIVER_COUNT_18YR","DRIVER_COUNT_19YR","DRIVER_COUNT_20YR","DRIVER_COUNT_50_64YR","DRIVER_COUNT_65_74YR","DRIVER_COUNT_75PLUS","EST_HRS_CLOSED","FATAL_COUNT","HEAVY_TRUCK_COUNT","HORSE_BUGGY_COUNT","HOUR_OF_DAY","ILLUMINATION","INJURY_COUNT","INTERSECTION_RELATED","INTERSECT_TYPE","LANE_CLOSED","LATITUDE","LN_CLOSE_DIR","LOCATION_TYPE","LONGITUDE","MAX_SEVERITY_LEVEL","MCYCLE_DEATH_COUNT","MCYCLE_SUSP_SERIOUS_INJ_COUNT","MOTORCYCLE_COUNT","MUNICIPALITY","NONMOTR_COUNT","NONMOTR_DEATH_COUNT","NONMOTR_SUSP_SERIOUS_INJ_COUNT","NTFY_HIWY_MAINT","PED_COUNT","PED_DEATH_COUNT","PED_SUSP_SERIOUS_INJ_COUNT","PERSON_COUNT","POLICE_AGCY","POSSIBLE_INJ_COUNT","RDWY_SURF_TYPE_CD","RELATION_TO_ROAD","ROADWAY_CLEARED","ROAD_CONDITION","SCH_BUS_IND","SCH_ZONE_IND","SECONDARY_CRASH","SMALL_TRUCK_COUNT","SPEC_JURIS_CD","SUSP_MINOR_INJ_COUNT","SUSP_SERIOUS_INJ_COUNT","SUV_COUNT","TCD_FUNC_CD","TCD_TYPE","TFC_DETOUR_IND","TIME_OF_DAY","TOTAL_UNITS","TOT_INJ_COUNT","UNBELTED_OCC_COUNT","UNB_DEATH_COUNT","UNB_SUSP_SERIOUS_INJ_COUNT","UNK_INJ_DEG_COUNT","UNK_INJ_PER_COUNT","URBAN_RURAL","VAN_COUNT","VEHICLE_COUNT","WEATHER1","WEATHER2","WORKERS_PRES","WORK_ZONE_IND","WORK_ZONE_LOC","WORK_ZONE_TYPE","WZ_CLOSE_DETOUR","WZ_FLAGGER","WZ_LAW_OFFCR_IND","WZ_LN_CLOSURE","WZ_MOVING","WZ_OTHER","WZ_SHLDER_MDN","WZ_WORKERS_INJ_KILLED"
"2009094457","1140","1","0","0","0","0","0","0","0","0","0","0","","02","9","2009","3","40.392951","-79.997312","1138","11","0","0","0","0","0","0","0","0","","0","0","0","","","0","","1","","40 23:34.624","","0","79 59:50.324","0","0","0","0","2301","0","0","0","N","0","0","0","1","02301","0","","1.0","","9","N","N","","0","","0","0","0","","1","","","1","0","0","0","0","0","0","2","0","1","","","","N","","","","","","","","","",""
"2009094460","2349","2","0","0","0","0","0","0","0","0","2","0","","02","9","2009","1","40.325296","-79.898629","2247","11","0","0","0","1","0","0","0","0","4","0","0","0","","","2","","0","","40 19:31.064","5","0","79 53:55.064","3","0","0","0","2473","0","0","0","N","0","0","0","2","02501","0","","1.0","","1","N","N","","0","","2","0","0","","0","Y","","2","2","0","0","0","0","0","2","0","2","","","","N","","","","","","","","","",""
"2009094468","0624","2","0","0","0","0","0","0","0","0","5","0","","02","9","2009","5","40.257241","-79.878943","0624","11","0","0","0","0","0","0","0","1","1","0","0","0","","","0","","0","","40 15:26.068","1","0","79 52:44.193","0","0","0","0","2204","0","0","0","N","0","0","0","2","02204","0","","1.0","","1","N","N","","0","","0","0","0","","0","N","","2","0","0","0","0","0","0","1","0","2","","","","N","","","","","","","","","",""
"2009094473","1237","3","0","0","0","0","0","0","0","0","1","0","","02","9","2009","3","40.398259","-79.999779","1230","11","0","0","0","0","0","0","0","0","","0","0","0","","","0","","2","","40 23:53.732","","0","79 59:59.203","9","0","0","0","2301","0","0","0","N","0","0","0","5","02301","0","","1.0","","9","N","N","","0","","0","0","0","","0","","","3","0","0","0","0","0","4","2","0","3","","","","N","","","","","","","","","",""
"2009094484","1615","1","0","0","0","0","0","0","0","0","0","0","","02","9","2009","1","40.275922","-79.88938","1611","11","0","1","0","0","1","0","0","0","2","0","0","0","","","4","","0","","40 16:33.319","5","0","79 53:21.767","3","0","0","0","2440","0","0","0","N","0","0","0","6","02440","0","","1.0","","1","N","N","","0","","4","0","1","","0","N","","2","4","0","0","0","0","0","2","0","2","","","","N","","","","","","","","","",""
"2009094492","1447","1","0","0","0","0","0","0","0","0","1","0","","02","9","2009","3","40.383055","-79.912905","1445","11","0","0","0","0","0","1","0","0","1","0","0","0","","","0","","2","","40 22:58.998","2","0","79 54:46.458","0","0","0","0","2448","0","0","0","N","0","0","0","3","02448","0","","1.0","","9","N","N","","1","","0","0","0","","0","N","","2","0","1","0","0","0","0","2","0","2","","","","N","","","","","","","","","",""
"2009094493","1453","2","0","0","0","0","0","0","0","0","4","0","","02","9","2009","3","40.438043","-79.919366","1449","11","0","0","0","0","0","1","0","1","","0","0","0","","","0","","1","","40 26:16.954","","0","79 55:09.717","0","0","0","0","2301","0","0","0","N","0","0","0","3","02301","0","","1.0","","9","N","N","","0","","0","0","0","","2","","","2","0","0","0","0","0","0","2","0","2","","","","N","","","","","","","","","",""
"2009094494","1840","1","0","0","0","0","0","0","0","0","7","0","","02","9","2009","2","40.345761","-80.092183","1836","11","0","0","0","0","0","0","1","0","1","0","0","0","","","0","","0","","40 20:44.741","1","0","80 05:31.860","0","0","0","0","2123","0","0","0","Y","0","0","0","2","02123","0","","5.0","","1","N","N","","0","","0","0","0","","0","N","","1","0","0","0","0","0","0","2","0","1","","","","N","","","","","","","","","",""
"2009094495","1836","1","0","0","0","0","0","0","0","0","1","0","","02","9","2009","5","40.330772","-80.070479","1829","11","0","0","0","0","0","0","0","0","","0","0","0","","","1","","6","","40 19:50.780","","2","80 04:13.724","4","0","0","0","2123","0","0","0","N","0","0","0","2","02123","1","","1.0","","1","N","N","","0","","0","0","0","","3","","","2","1","1","0","0","0","1","2","0","2","","","","N","","","","","","","","","",""
"2009094509","1505","1","0","0","0","0","0","0","0","0","4","0","","02","9","2009","3","40.453729","-79.993335","1455","11","0","0","0","0","0","1","0","0","2","0","0","0","","","2","","1","","40 27:13.424","5","0","79 59:36.006","2","0","0","0","2301","0","0","0","N","0","0","0","2","02301","0","","1.0","","1","N","N","","0","","1","1","1","","0","Y","","2","2","0","0","0","0","0","2","0","2","","","","N","","","","","","","","","",""
"2009094511","0030","0","0","0","0","0","0","0","0","0","4","0","","02","9","2009","6","40.535562","-79.974058","0025","11","0","0","0","0","0","0","0","0","1","0","0","0","","","1","","0","","40 32:08.023","4","0","79 58:26.608","4","0","0","0","2118","0","0","0","N","0","0","0","1","02118","1","","1.0","","1","N","N","","0","","0","0","0","","0","N","","2","1","0","0","0","0","0","2","1","2","","","","N","","","","","","","","","",""
"2009094516","1516","1","0","0","0","0","0","0","0","0","7","0","","02","9","2009","7","40.353202","-79.955494","1514","11","0","0","0","0","0","0","0","0","1","0","0","0","","","1","","0","","40 21:11.528","5","0","79 57:19.780","8","0","0","0","2473","0","0","0","N","0","0","0","1","02473","0","","5.0","","1","N","N","","0","","0","0","0","","0","Y","","1","1","1","0","0","1","0","2","0","1","","","","N","","","","","","","","","",""
"2009094520","1955","0","0","0","0","0","0","0","0","0","7","0","","02","9","2009","3","40.356754","-79.955656","1953","11","0","0","0","0","0","1","0","0","","0","0","0","","","0","","0","","40 21:24.315","","0","79 57:20.361","0","0","0","0","2473","0","0","0","N","0","0","0","2","02473","0","","5.0","","1","N","N","","0","","0","0","1","","6","","","1","0","0","0","0","0","0","2","0","1","","","","N","","","","","","","","","",""
"2009094521","1628","1","0","0","0","0","0","0","0","0","7","0","","02","9","2009","3","40.625574","-79.800793","1618","11","0","0","0","1","0","0","0","0","3","0","0","0","","","2","","0","","40 37:32.066","6","0","79 48:02.854","4","0","0","0","2206","0","0","0","N","0","0","0","2","02206","2","","5.0","","9","N","N","","0","","0","0","0","","0","Y","","1","2","0","0","0","0","0","1","0","1","","","","N","","","","","","","","","",""
"2009094522","1445","1","0","0","0","0","0","0","0","0","4","0","","02","9","2009","3","40.350273","-79.926997","1443","11","0","0","0","1","0","0","0","0","","0","0","0","","","2","","2","","40 21:00.984","","7","79 55:37.188","8","0","0","0","2473","0","0","0","N","0","0","0","2","02473","0","","1.0","","1","N","N","","0","","0","0","1","","2","","","2","2","0","0","0","2","0","2","0","2","","","","N","","","","","","","","","",""
"2009094524","1234","1","0","0","0","0","0","0","0","0","4","0","","02","9","2009","5","40.453929","-80.171881","1227","11","0","0","0","0","0","1","0","0","1","0","0","0","","","1","","3","","40 27:14.146","2","0","80 10:18.771","4","0","0","0","2115","0","0","0","N","0","0","0","2","02115","1","","1.0","","1","N","N","","0","","0","0","0","","3","N","","2","1","0","0","0","0","0","2","1","2","","","","N","","","","","","","","","",""
"2009094594","1825","2","0","0","0","0","0","0","0","0","4","0","","02","9","2009","3","40.457209","-79.904368","1816","11","0","0","0","0","0","0","0","0","","0","0","0","","","1","","1","","40 27:25.954","","0","79 54:15.724","4","0","0","0","2301","0","0","0","N","0","0","0","3","02301","1","","1.0","","1","N","N","","0","","0","0","0","","2","","","2","1","0","0","0","0","0","2","0","2","","","","N","","","","","","","","","",""
"2009094598","1905","2","0","0","0","0","0","0","0","0","4","0","","02","9","2009","3","40.494459","-79.788379","1859","11","0","0","0","0","0","0","0","0","","0","0","0","","","1","","2","","40 29:40.051","","0","79 47:18.163","4","0","0","0","2113","0","0","0","N","0","0","0","4","02113","1","","1.0","","1","N","N","","0","","0","0","0","","3","","","2","1","0","0","0","0","0","2","0","2","","","","N","","","","","","","","","",""
"2009094604","1740","0","0","0","0","0","0","0","0","0","6","1","","02","9","2009","3","40.654034","-79.838915","1730","11","0","0","0","0","0","0","0","0","","0","1","0","","","0","","0","","40 39:14.524","","0","79 50:20.095","0","0","0","0","2220","0","0","0","Y","0","0","0","4","02220","0","","1.0","","1","N","N","","0","","0","0","1","","0","","","2","0","0","0","0","0","0","1","0","2","","","","N","","","","","","","","","",""
"2009094608","1612","1","0","0","0","0","0","0","0","0","4","0","","02","9","2009","3","40.427384","-79.752844","1607","11","0","0","0","0","0","0","0","0","1","0","0","0","","","1","","0","","40 25:38.584","1","7","79 45:10.238","8","0","0","0","2446","0","0","0","N","0","0","0","3","02446","0","","1.0","","1","N","N","","1","","0","0","0","","0","N","","2","1","0","0","0","1","0","2","0","2","","","","N","","","","","","","","","",""
"2009094609","1838","0","0","0","0","0","0","0","0","0","7","0","","02","9","2009","3","40.478745","-79.762353","1833","11","0","1","0","0","0","0","0","0","2","0","0","0","","","0","","0","","40 28:43.482","3","0","79 45:44.470","0","0","0","0","2466","0","0","0","N","0","0","0","1","02466","0","","2.0","","1","N","N","","0","","0","0","0","","0","N","","1","0","0","0","0","0","0","2","1","1","","","","N","","","","","","","","","",""
"2009094610","2041","0","0","0","0","0","0","0","0","0","7","0","","02","9","2009","3","40.451164","-80.003053","2038","11","0","0","0","0","0","0","1","0","2","0","0","0","","","1","","0","","40 27:04.189","1","99","80 00:10.990","8","0","0","0","2301","1","0","0","N","1","0","0","2","02301","0","","5.0","","1","N","N","","0","","0","0","0","","0","N","","2","1","0","0","0","1","0","2","1","1","","","","N","","","","","","","","","",""
"2009094611","1757","1","0","0","0","0","0","0","0","0","7","0","","02","9","2009","6","40.496999","-79.940508","1754","11","0","0","0","0","0","0","0","0","","0","0","0","","","0","","7","","40 29:49.198","","2","79 56:25.828","0","0","0","0","2430","0","0","0","Y","0","0","0","2","02430","0","","7.0","","1","N","N","","0","","0","0","0","","0","","","1","0","0","0","0","0","0","2","0","1","","","","N","","","","","","","","","",""
"2009094612","1802","1","0","0","0","0","0","0","0","0","4","0","","02","9","2009","3","40.527132","-79.950268","1801","11","0","0","0","0","0","1","0","0","1","0","0","0","","","2","","2","","40 31:37.675","5","0","79 57:00.965","8","0","0","0","2118","0","0","0","N","0","0","0","2","02118","0","","1.0","","1","N","N","","0","","0","0","1","","2","N","","2","2","0","0","0","2","0","2","0","2","","","","N","","","","","","","","","",""
"2009094614","0215","0","0","0","0","0","0","0","0","0","7","0","","02","9","2009","3","40.343654","-79.94067","0215","11","0","0","0","0","0","0","0","0","","0","0","0","","","0","","0","","40 20:37.153","","0","79 56:26.413","0","0","0","0","2473","0","0","0","N","0","0","0","1","02473","0","","2.0","","9","N","N","","0","","0","0","1","","0","","","1","0","0","0","0","0","0","2","0","1","","","","N","","","","","","","","","",""
"2009094615","2235","1","0","0","0","0","0","0","0","0","7","0","","02","9","2009","3","40.454125","-79.906268","2231","11","0","0","0","0","0","1","0","0","1","0","0","0","","","0","","1","","40 27:14.851","5","0","79 54:22.563","0","0","0","0","2301","0","0","0","N","0","0","0","1","02301","0","","5.0","","1","N","N","","0","","0","0","0","","3","N","","1","0","0","0","0","0","0","2","0","1","","","","N","","","","","","","","","",""
"2009094628","1400","1","0","0","0","0","0","0","0","0","1","0","","02","9","2009","2","40.538709","-80.050257","1353","11","0","0","0","0","0","0","0","0","","0","0","0","","","0","","0","","40 32:19.354","","0","80 03:00.926","0","0","0","0","2116","0","0","0","N","0","0","0","3","02116","0","","1.0","","1","N","N","","1","","0","0","0","","2","","","2","0","0","0","0","0","0","2","0","2","","","","N","","","","","","","","","",""
"2009094706","1006","2","0","1","0","0","0","0","0","0","4","0","","02","9","2009","4","40.415918","-79.799846","1006","11","0","0","0","0","0","1","0","0","","0","0","0","","","2","","1","","40 24:57.304","","0","79 47:59.445","2","0","0","0","2446","0","0","0","N","0","0","0","2","02446","0","","1.0","","1","N","N","","0","","1","1","0","","3","","","2","2","0","0","0","0","0","2","0","2","","","","N","","","","","","","","","",""
"2009094717","0823","2","0","0","0","0","0","0","0","0","4","0","","02","9","2009","4","40.446629","-79.893625","0812","11","0","0","0","1","0","0","0","0","","0","0","0","","","0","","0","","40 26:47.863","","0","79 53:37.050","0","0","0","0","2301","0","0","0","N","0","0","0","2","02301","0","","1.0","","1","N","N","","0","","0","0","0","","0","","","2","0","0","0","0","0","0","2","0","2","","","","N","","","","","","","","","",""
"2009094719","1502","2","0","0","0","0","0","0","0","0","1","0","","02","9","2009","3","40.316689","-79.828854","1459","11","0","0","0","0","1","2","0","0","2","0","0","0","","","1","","2","","40 19:00.080","5","0","79 49:43.874","3","0","0","0","2469","0","0","0","N","0","0","0","4","02477","0","","1.0","","9","N","N","","1","","1","0","0","","0","Y","","4","1","1","0","0","0","0","2","1","4","","","","N","","","","","","","","","",""
"2009094724","0814","1","0","0","0","0","0","0","0","0","4","0","","02","9","2009","6","40.435115","-79.768473","0810","11","0","0","0","0","0","2","0","0","1","0","0","0","","","2","","1","","40 26:06.414","3","0","79 46:06.502","4","0","0","0","2446","0","0","0","N","0","0","0","2","02446","2","","1.0","","1","N","N","","0","","0","0","1","","2","N","","2","2","0","0","0","0","0","2","0","2","","","","N","","","","","","","","","",""
"2009094725","0944","0","0","0","0","0","0","0","0","0","7","0","","02","9","2009","1","40.452816","-79.825994","0941","11","0","0","0","0","0","0","0","0","","0","0","0","","","1","","2","","40 27:10.139","","0","79 49:33.579","4","0","0","0","2113","0","0","0","N","0","0","0","1","02113","1","","5.0","","1","N","N","","1","","0","0","0","","3","","","1","1","1","0","0","0","0","2","0","1","","","","N","","","","","","","","","",""
"2009094741","0847","1","0","0","0","0","0","0","0","0","7","0","","02","9","2009","4","40.484205","-79.737998","0847","11","0","0","0","0","0","0","0","0","1","0","0","0","","","0","","0","","40 29:03.138","1","0","79 44:16.793","0","0","0","0","2466","0","0","0","N","0","0","0","2","02466","0","","2.0","","1","N","N","","0","","0","0","0","","0","N","","1","0","0","0","0","0","0","2","0","1","","","","N","","","","","","","","","",""
"2009094755","1424","0","0","0","0","0","0","0","0","0","7","0","","02","9","2009","3","40.51007","-79.89224","1420","11","0","0","0","0","0","1","0","0","","0","0","0","","","0","","0","","40 30:36.252","","0","79 53:32.065","0","0","0","0","2432","0","0","0","N","0","0","0","1","02432","0","","5.0","","9","N","N","","0","","0","0","1","","0","","","1","0","0","0","0","0","0","2","0","1","","","","N","","","","","","","","","",""
"2009094756","1144","4","0","0","0","0","0","0","0","0","4","0","","02","9","2009","4","40.379328","-79.806987","1142","11","0","0","0","0","0","0","0","0","2","0","0","0","","","2","","1","","40 22:45.582","6","0","79 48:25.154","3","0","0","0","2111","0","0","0","N","0","0","0","2","02424","0","","1.0","","1","N","N","","1","","2","0","2","","3","Y","","7","2","1","0","0","0","0","2","0","7","","","","N","","","","","","","","","",""
"2009094761","1430","2","0","0","0","0","0","0","0","0","4","0","","02","9","2009","3","40.495474","-80.066517","1427","11","0","0","0","0","0","0","0","1","","0","0","0","","","0","","0","","40 29:43.706","","0","80 03:59.461","0","0","0","0","2402","0","0","0","N","0","0","0","4","02402","0","","1.0","","1","N","N","","0","","0","0","0","","0","","","2","0","0","0","0","0","0","2","0","2","","","","N","","","","","","","","","",""
"2009094764","1554","2","0","0","0","0","0","0","0","0","1","0","","02","9","2009","4","40.406611","-79.967546","1545","11","0","0","0","0","0","0","0","0","","0","0","0","","","0","","0","","40 24:23.800","","0","79 58:03.167","0","0","0","0","2301","0","0","0","N","0","0","0","2","02301","0","","1.0","","9","N","N","","0","","0","0","0","","0","","","2","0","0","0","0","0","0","2","0","2","","","","N","","","","","","","","","",""
"2009094767","1443","1","0","0","0","0","0","0","0","0","7","0","","02","9","2009","3","40.476714","-79.968934","1437","11","0","0","0","0","0","0","0","0","","0","0","0","","","1","","6","","40 28:36.170","","2","79 58:08.163","4","0","0","0","2445","0","0","0","N","0","0","0","1","02445","1","","2.0","","9","N","N","","0","","0","0","0","","0","","","1","1","0","0","0","0","0","2","0","1","","","","N","","","","","","","","","",""
"2009094770","1537","2","0","0","0","0","0","0","0","0","4","0","","02","9","2009","4","40.501118","-79.861564","1535","11","0","0","0","0","0","1","0","0","1","0","0","0","","","3","","0","","40 30:04.023","1","0","79 51:41.632","4","0","0","0","2112","0","0","0","N","0","0","0","4","02112","3","","1.0","","9","N","N","","0","","0","0","0","","0","N","","2","3","0","0","0","0","0","2","0","2","","","","N","","","","","","","","","",""
"2009094776","1802","1","0","0","0","0","0","0","0","0","1","0","","02","9","2009","4","40.441491","-79.919769","1800","11","0","0","0","0","0","2","0","0","","0","0","0","","","0","","0","","40 26:29.367","","0","79 55:11.168","9","0","0","0","2301","0","0","0","N","0","0","0","8","02301","0","","1.0","","1","N","N","","0","","0","0","2","","0","","","3","0","0","0","0","0","1","2","0","3","","","","N","","","","","","","","","",""
"2009094778","1755","2","0","0","0","0","0","0","0","0","4","0","","02","9","2009","2","","","1751","11","0","0","0","0","0","0","0","0","1","0","0","0","","","1","","0","","","1","0","","4","0","0","0","2115","0","0","0","N","0","0","0","2","02115","1","","1.0","","1","N","N","","0","","0","0","0","","0","N","","2","1","0","0","0","0","0","1","0","2","","","","N","","","","","","","","","",""
"2009094779","1518","1","0","0","0","0","0","0","0","0","7","0","","02","9","2009","5","40.324009","-80.037313","1516","11","0","0","0","0","0","0","0","0","","0","0","0","","","1","","2","","40 19:26.432","","0","80 02:14.326","3","0","0","0","2407","0","0","0","N","0","0","0","1","02407","0","","4.0","","1","N","N","","0","","1","0","0","","3","","","1","1","0","0","0","0","0","2","0","1","","","","N","","","","","","","","","",""
"2009094780","2244","2","0","0","0","0","0","0","0","0","4","0","","02","9","2009","6","40.329029","-80.061355","2244","11","0","0","0","0","0","1","0","0","","0","0","0","","","1","","2","","40 19:44.504","","0","80 03:40.878","4","0","0","0","2407","0","0","0","N","0","0","0","3","02407","1","","1.0","","1","N","N","","0","","0","0","0","","3","","","2","1","0","0","0","0","0","2","0","2","","","","N","","","","","","","","","",""
"2009094781","0757","0","0","0","0","0","0","0","0","0","7","0","","02","9","2009","3","40.351383","-80.02359","0754","11","0","0","0","0","0","1","0","0","1","0","0","0","","","1","","0","","40 21:04.977","1","0","80 01:24.923","4","0","0","0","2407","0","0","0","N","0","0","0","1","02407","1","","5.0","","9","N","N","","0","","0","0","1","","0","N","","1","1","0","0","0","0","0","2","0","1","","","","N","","","","","","","","","",""
"2009094782","0741","1","0","0","0","0","0","0","0","0","1","0","","02","9","2009","2","40.319801","-80.026971","0730","11","0","0","0","1","0","0","0","0","","0","0","0","","","0","","0","","40 19:11.282","","0","80 01:37.097","0","0","0","0","2407","0","0","0","N","0","0","0","2","02407","0","","1.0","","1","N","N","","1","","0","0","0","","0","","","2","0","0","0","0","0","0","2","0","2","","","","N","","","","","","","","","",""
"2009094817","1221","1","0","0","0","0","0","0","0","0","0","1","","02","9","2009","5","40.498791","-80.021611","1216","11","0","0","0","0","0","0","0","0","","0","1","0","","","0","","0","","40 29:55.649","","0","80 01:17.799","0","0","0","0","2116","0","0","0","N","0","0","0","2","68B03","0","","1.0","","1","N","N","","0","","0","0","0","","0","","","2","0","0","0","0","0","0","2","0","2","","","","N","","","","","","","","","",""
"2009094818","0040","0","0","0","0","0","0","0","0","0","99","0","","02","9","2009","5","40.668869","-80.093122","0020","11","0","0","0","0","0","0","0","0","","0","0","0","","","0","","0","","40 40:07.930","","0","80 05:35.240","0","0","0","0","2212","0","0","0","N","0","0","0","1","68B03","0","","1.0","","1","N","N","","0","","0","0","1","","0","","","1","0","0","0","0","0","0","2","0","1","","","","N","","","","","","","","","",""
"2009094819","1355","2","0","0","0","0","0","0","0","0","1","0","","02","9","2009","1","40.420353","-80.049559","1350","11","0","0","0","0","0","0","0","0","","0","0","0","","","3","","0","","40 25:13.271","","0","80 02:58.412","4","0","0","0","2435","0","0","0","N","0","0","0","4","68B03","3","","1.0","","1","N","N","","0","","0","0","0","","0","","","2","3","2","0","0","0","0","2","0","2","","","","N","","","","","","","","","",""
"2009094820","2109","0","0","0","0","0","0","0","0","0","7","0","","02","9","2009","2","40.4384","-80.0122","2109","11","0","0","0","0","0","0","0","0","1","0","0","0","","","0","","0","","40 26:18.240","2","3","80 00:43.920","0","0","0","0","2301","0","0","0","Y","0","0","0","1","68B04","0","","3.0","","1","N","N","","0","","0","0","1","","0","N","","1","0","0","0","0","0","0","2","0","1","","","","N","","","","","","","","","",""
"2009094821","1212","0","0","0","0","0","0","0","0","0","7","0","","02","9","2009","3","40.429356","-79.942171","1158","11","0","0","0","0","0","0","0","0","1","0","0","0","","","1","","0","","40 25:45.680","4","0","79 56:31.815","4","0","0","0","2301","0","0","0","N","0","0","0","1","68B03","1","","4.0","","9","N","N","","0","","0","0","0","","0","N","","1","1","0","0","0","0","0","2","1","1","","","","N","","","","","","","","","",""
"2009094865","1555","1","0","0","0","0","0","0","0","0","1","0","","02","9","2009","4","40.543287","-79.760767","1549","11","0","0","1","0","0","0","0","0","1","0","0","0","","","1","","2","","40 32:35.832","2","0","79 45:38.761","8","0","0","0","2466","0","0","0","N","0","0","0","3","02466","0","","1.0","","9","N","N","","1","","0","0","0","","0","N","","2","1","0","0","0","1","0","2","0","2","","","","N","","","","","","","","","",""
"2009094867","1822","1","0","0","0","0","0","0","0","0","1","0","","02","9","2009","4","40.491279","-79.908534","1818","11","0","0","0","0","0","1","0","0","","0","0","0","","","1","","6","","40 29:28.604","","2","79 54:30.723","8","0","0","0","2112","0","0","0","N","0","0","0","3","02112","0","","1.0","","9","N","N","","0","","0","0","1","","4","","","2","1","0","0","0","1","0","2","0","2","","","","N","","","","","","","","","",""
"2009094874","0850","1","0","0","0","0","0","1","0","0","5","1","","02","9","2009","4","40.442021","-79.999542","0845","11","0","0","0","0","0","1","0","0","1","0","0","0","","","0","","1","","40 26:31.277","3","0","79 59:58.352","0","0","0","0","2301","0","0","0","N","0","0","0","3","02503","0","","1.0","","1","N","N","","0","","0","0","0","","2","N","","2","0","1","0","0","0","0","2","0","2","","","","N","","","","","","","","","",""
"2009094876","2118","1","0","0","0","0","0","0","0","0","1","0","","02","9","2009","4","","","2112","11","0","0","0","0","0","0","0","0","1","0","0","0","","","1","","0","","","4","0","","3","0","0","0","2301","0","0","0","N","0","0","0","2","02301","0","","1.0","","1","N","N","","0","","1","0","1","","2","N","","2","1","0","0","0","0","0","1","0","2","","","","N","","","","","","","","","",""
"2009094878","2252","1","0","0","0","0","0","0","0","0","7","0","","02","9","2009","4","40.35451","-80.114766","0000","11","0","0","0","0","0","1","0","0","1","0","0","0","","","0","","2","","40 21:16.237","4","0","80 06:53.157","0","0","0","0","2119","0","0","0","N","0","0","0","1","02119","0","","9.0","","1","N","N","","0","","0","0","0","","2","N","","1","0","0","0","0","0","0","2","0","1","","","","N","","","","","","","","","",""
"2009094879","0440","1","0","0","0","0","0","0","0","0","7","0","","02","9","2009","6","40.306969","-79.862462","0435","11","0","0","0","0","0","0","0","0","","0","0","0","","","0","","0","","40 18:25.088","","99","79 51:44.864","9","0","0","0","2443","0","0","0","N","0","0","0","1","02443","0","","5.0","","1","N","N","","0","","0","0","0","","0","","","1","0","0","0","0","0","1","1","0","1","","","","N","","","","","","","","","",""
"2009094880","2300","1","0","0","1","0","0","0","0","0","8","0","","02","9","2009","4","40.440445","-79.960321","2254","11","0","0","0","0","0","0","0","0","1","0","0","0","","","1","","1","","40 26:25.602","6","0","79 57:37.155","8","0","0","0","2301","1","0","0","N","0","0","0","2","02301","0","","1.0","","1","N","N","","0","","0","0","0","","2","N","","2","1","0","0","0","1","0","2","0","1","","","","N","","","","","","","","","",""
"2009094883","2048","2","0","0","0","0","0","0","0","0","4","0","","02","9","2009","4","40.376881","-79.909312","2034","11","0","0","0","0","0","0","0","0","1","0","0","0","","","1","","1","","40 22:36.771","6","0","79 54:33.522","4","0","0","0","2301","0","0","0","N","0","0","0","3","02301","1","","1.0","","1","N","N","","0","","0","0","0","","2","N","","2","1","0","0","0","0","0","2","0","2","","","","N","","","","","","","","","",""
"2009094885","0037","2","0","0","0","0","0","0","0","0","5","0","","02","9","2009","5","40.389858","-80.043093","0036","11","0","0","0","0","0","0","0","0","2","0","0","0","","","0","","0","","40 23:23.489","3","0","80 02:35.134","0","0","0","0","2109","0","0","0","N","0","0","0","1","02109","0","","1.0","","1","N","N","","0","","0","0","0","","0","Y","","2","0","0","0","0","0","0","2","0","2","","","","N","","","","","","","","","",""
"2009094888","2334","0","0","0","0","0","0","0","0","0","7","0","","02","9","2009","4","40.477532","-79.952848","2305","11","0","0","0","0","0","0","0","0","","0","0","0","","","0","","10","","40 28:39.115","","0","79 57:10.252","0","0","0","0","2301","0","0","0","N","0","0","0","1","02301","0","","2.0","","1","N","N","","1","","0","0","0","","0","","","2","0","0","0","0","0","0","2","0","1","","","","N","","","","","","","","","",""
"2009094903","0628","2","0","0","0","0","0","0","0","0","1","1","","02","9","2009","4","40.427879","-79.890333","0605","11","0","0","0","0","0","1","0","0","","0","1","0","","","0","","0","","40 25:40.365","","0","79 53:25.200","0","0","0","0","2463","0","0","0","N","0","0","0","3","68B03","0","","1.0","","1","N","N","","0","","0","0","0","","0","","","3","0","0","0","0","0","0","2","0","3","","","","N","","","","","","","","","",""
"2009094994","2311","2","0","0","0","0","0","0","0","0","4","0","","02","9","2009","6","40.614225","-79.901646","2303","11","0","0","1","0","0","0","0","0","","0","0","0","","","0","","2","","40 36:51.210","","0","79 54:05.925","0","0","0","0","2220","0","0","0","N","0","0","0","3","02220","0","","1.0","","1","N","N","","0","","0","0","0","","0","","","2","0","0","0","0","0","0","2","0","2","","","","N","","","","","","","","","",""