"CRN","ARRIVAL_TM","AUTOMOBILE_COUNT","BELTED_DEATH_COUNT","BELTED_SUSP_SERIOUS_INJ_COUNT","BICYCLE_COUNT","BICYCLE_DEATH_COUNT","BICYCLE_SUSP_SERIOUS_INJ_COUNT","BUS_COUNT","CHLDPAS_DEATH_COUNT","CHLDPAS_SUSP_SERIOUS_INJ_COUNT","COLLISION_TYPE","COMM_VEH_COUNT","CONS_ZONE_SPD_LIM","COUNTY","CRASH_MONTH","CRASH_YEAR","DAY_OF_WEEK","DEC_LATITUDE","DEC_LONGITUDE","DISPATCH_TM","DISTRICT","DRIVER_COUNT_16YR","DRIVER_COUNT_17YR","DRIVER_COUNT_18YR","DRIVER_COUNT_19YR","DRIVER_COUNT_20YR","DRIVER_COUNT_50_64YR","DRIVER_COUNT_65_74YR","DRIVER_COUNT_75PLUS","EST_HRS_CLOSED","FATAL_COUNT","HEAVY_TRUCK_COUNT","HORSE_BUGGY_COUNT","HOUR_OF_DAY","ILLUMINATION","INJURY_COUNT","INTERSECTION_RELATED","INTERSECT_TYPE","LANE_CLOSED","LATITUDE","LN_CLOSE_DIR","LOCATION_TYPE","LONGITUDE","MAX_SEVERITY_LEVEL","MCYCLE_DEATH_COUNT","MCYCLE_SUSP_SERIOUS_INJ_COUNT","MOTORCYCLE_COUNT","MUNICIPALITY","NONMOTR_COUNT","NONMOTR_DEATH_COUNT","NONMOTR_SUSP_SERIOUS_INJ_COUNT","NTFY_HIWY_MAINT","PED_COUNT","PED_DEATH_COUNT","PED_SUSP_SERIOUS_INJ_COUNT","PERSON_COUNT","POLICE_AGCY","POSSIBLE_INJ_COUNT","RDWY_SURF_TYPE_CD","RELATION_TO_ROAD","ROADWAY_CLEARED","ROAD_CONDITION","SCH_BUS_IND","SCH_ZONE_IND","SECONDARY_CRASH","SMALL_TRUCK_COUNT","SPEC_JURIS_CD","SUSP_MINOR_INJ_COUNT","SUSP_SERIOUS_INJ_COUNT","SUV_COUNT","TCD_FUNC_CD","TCD_TYPE","TFC_DETOUR_IND","TIME_OF_DAY","TOTAL_UNITS","TOT_INJ_COUNT","UNBELTED_OCC_COUNT","UNB_DEATH_COUNT","UNB_SUSP_SERIOUS_INJ_COUNT","UNK_INJ_DEG_COUNT","UNK_INJ_PER_COUNT","URBAN_RURAL","VAN_COUNT","VEHICLE_COUNT","WEATHER1","WEATHER2","WORKERS_PRES","WORK_ZONE_IND","WORK_ZONE_LOC","WORK_ZONE_TYPE","WZ_CLOSE_DETOUR","WZ_FLAGGER","WZ_LAW_OFFCR_IND","WZ_LN_CLOSURE","WZ_MOVING","WZ_OTHER","WZ_SHLDER_MDN","WZ_WORKERS_INJ_KILLED"
"2009094996","1802","0","0","0","0","0","0","0","0","0","4","0","","02","9","2009","1","40.432883","-79.894079","1800","11","0","1","0","0","0","0","0","0","1","0","0","0","","","0","","1","","40 25:58.380","1","0","79 53:38.685","0","0","0","0","2463","0","0","0","N","0","0","0","2","02463","0","","1.0","","1","N","N","","0","","0","0","2","","2","N","","2","0","0","0","0","0","0","2","0","2","","","","N","","","","","","","","","",""
"2009094999","1213","1","0","0","0","0","0","0","0","0","7","0","","02","9","2009","4","40.411551","-80.080464","1211","11","0","0","0","0","0","0","0","0","","0","0","0","","","1","","0","","40 24:41.585","","0","80 04:49.670","8","0","0","0","2415","0","0","0","N","0","0","0","1","02415","0","","5.0","","1","N","N","","0","","0","0","0","","0","","","1","1","0","0","0","1","0","2","0","1","","","","N","","","","","","","","","",""
"2009095013","0238","0","0","0","0","0","0","0","0","0","1","0","","02","9","2009","7","40.394658","-79.879602","0238","11","0","0","0","1","0","0","0","0","2","0","0","0","","","2","","0","","40 23:40.767","5","0","79 52:46.566","8","0","0","0","2473","0","0","0","N","0","0","0","5","02473","0","","1.0","","1","N","N","","0","","0","0","1","","0","Y","","2","2","1","0","0","2","0","2","1","2","","","","N","","","","","","","","","",""
"2009095015","0853","1","0","0","0","0","0","0","0","0","0","0","","02","9","2009","5","40.437088","-79.920277","0852","11","0","0","0","0","0","0","0","0","2","0","0","0","","","0","","0","","40 26:13.516","3","0","79 55:12.997","0","0","0","0","2301","0","0","0","N","0","0","0","1","02301","0","","1.0","","1","N","N","","0","","0","0","0","","0","Y","","1","0","0","0","0","0","0","2","0","1","","","","N","","","","","","","","","",""
"2009095027","1113","1","0","0","0","0","0","0","0","0","99","0","","02","9","2009","5","40.42193","-79.928756","1104","11","0","0","0","0","0","1","0","0","1","0","0","0","","","0","","0","","40 25:18.948","2","0","79 55:43.521","0","0","0","0","2301","0","0","0","N","0","0","0","2","02301","0","","5.0","","1","N","N","","0","","0","0","0","","0","N","","1","0","0","0","0","0","0","2","0","1","","","","N","","","","","","","","","",""
"2009095036","0644","1","0","0","0","0","0","0","0","0","1","0","","02","9","2009","5","40.285655","-79.960081","0636","11","0","0","0","0","0","0","0","0","","0","0","0","","","0","","2","","40 17:08.358","","0","79 57:36.291","0","0","0","0","2440","0","0","0","N","0","0","0","1","02440","0","","1.0","","1","N","N","","2","","0","0","0","","3","","","3","0","0","0","0","0","0","2","0","3","","","","N","","","","","","","","","",""
"2009095040","1125","2","0","0","0","0","0","0","0","0","4","0","","02","9","2009","5","40.32954","-79.949291","1125","11","0","0","0","0","0","1","0","1","","0","0","0","","","0","","0","","40 19:46.344","","0","79 56:57.447","0","0","0","0","2454","0","0","0","N","0","0","0","3","02454","0","","1.0","","1","N","N","","0","","0","0","0","","3","","","2","0","1","0","0","0","0","2","0","2","","","","N","","","","","","","","","",""
"2009095041","1451","1","0","0","0","0","0","0","0","0","6","0","","02","9","2009","7","40.342295","-79.973377","1449","11","0","1","0","0","0","1","0","0","","0","0","0","","","0","","1","","40 20:32.262","","0","79 58:24.157","0","0","0","0","2403","0","0","0","N","0","0","0","6","02403","0","","1.0","","1","N","N","","0","","0","0","1","","0","","","2","0","0","0","0","0","0","2","0","2","","","","N","","","","","","","","","",""
"2009095043","1246","1","0","0","0","0","0","0","0","0","1","0","","02","9","2009","5","40.36091","-79.993897","1244","11","0","0","0","0","0","2","1","0","","0","0","0","","","0","","2","","40 21:39.277","","0","79 59:38.030","0","0","0","0","2476","0","0","0","N","0","0","0","8","02476","0","","1.0","","1","N","N","","0","","0","0","3","","0","","","5","0","2","0","0","0","0","2","1","5","","","","N","","","","","","","","","",""
"2009095050","1334","1","0","0","0","0","0","0","0","0","1","1","","02","9","2009","4","40.343801","-79.938441","1334","11","0","0","0","0","0","0","0","0","","0","1","0","","","1","","3","","40 20:37.683","","0","79 56:18.387","4","0","0","0","2473","0","0","0","N","0","0","0","3","02473","1","","1.0","","1","N","N","","0","","0","0","0","","0","","","2","1","0","0","0","0","0","2","0","2","","","","N","","","","","","","","","",""
"2009095054","1254","1","0","0","0","0","0","0","0","0","1","0","","02","9","2009","5","40.41155","-80.004178","1245","11","0","0","0","0","0","0","1","0","","0","0","0","","","0","","0","","40 24:41.580","","0","80 00:15.040","0","0","0","0","2301","0","0","0","N","0","0","0","4","02301","0","","1.0","","1","N","N","","0","","0","0","1","","0","","","3","0","0","0","0","0","0","2","0","2","","","","N","","","","","","","","","",""
"2009095060","1925","1","0","0","0","0","0","0","0","0","1","0","","02","9","2009","2","40.438719","-79.747084","1919","11","0","0","0","0","0","0","0","0","1","0","0","0","","","1","","0","","40 26:19.387","3","0","79 44:49.501","4","0","0","0","2446","0","0","0","N","0","0","0","3","02446","1","","1.0","","9","N","N","","1","","0","0","1","","2","Y","","3","1","0","0","0","0","0","2","0","3","","","","N","","","","","","","","","",""
"2009095070","1432","2","0","0","0","0","0","0","0","0","5","0","","02","9","2009","5","40.500023","-80.065454","1430","11","0","0","0","0","0","0","0","0","","0","0","0","","","1","","0","","40 30:00.083","","0","80 03:55.635","3","0","0","0","2402","0","0","0","N","0","0","0","1","02402","0","","2.0","","1","N","N","","0","","1","0","0","","0","","","2","1","0","0","0","0","0","2","0","2","","","","N","","","","","","","","","",""
"2009095074","1543","1","0","0","0","0","0","0","0","0","7","0","","02","9","2009","5","40.389813","-80.058347","1541","11","0","0","0","0","0","0","0","0","1","0","0","0","","","2","","0","","40 23:23.325","6","0","80 03:30.048","4","0","0","0","2109","0","0","0","N","0","0","0","3","02109","2","","5.0","","1","N","N","","0","","0","0","0","","0","Y","","1","2","2","0","0","0","0","2","0","1","","","","N","","","","","","","","","",""
"2009095076","1726","0","0","0","0","0","0","0","0","0","1","0","","02","9","2009","4","40.620071","-79.944439","1722","11","0","0","1","0","0","2","0","0","","0","0","0","","","1","","0","","40 37:12.257","","0","79 56:39.982","4","0","0","0","2217","0","0","0","N","0","0","0","3","02505","1","","1.0","","1","N","N","","1","","0","0","1","","0","","","3","1","1","0","0","0","0","2","1","3","","","","N","","","","","","","","","",""
"2009095080","1701","1","0","0","0","0","0","0","0","0","7","0","","02","8","2009","1","40.519797","-80.03117","1701","11","0","1","0","0","0","0","0","0","1","0","0","0","","","0","","2","","40 31:11.269","1","0","80 01:52.212","0","0","0","0","2474","0","0","0","N","0","0","0","1","02474","0","","2.0","","1","N","N","","0","","0","0","0","","3","Y","","1","0","0","0","0","0","0","2","0","1","","","","N","","","","","","","","","",""
"2009095085","0818","1","0","0","0","0","0","0","0","0","4","0","","02","9","2009","1","40.350746","-80.032727","0814","11","0","0","0","0","0","0","0","0","","0","0","0","","","0","","0","","40 21:02.687","","0","80 01:57.818","0","0","0","0","2407","0","0","0","N","0","0","0","1","02407","0","","1.0","","1","N","N","","0","","0","0","1","","0","","","2","0","0","0","0","0","0","2","0","2","","","","N","","","","","","","","","",""
"2009095157","0103","1","0","0","0","0","0","0","0","0","5","0","","02","9","2009","5","40.481535","-79.770569","0103","11","0","0","0","0","0","0","1","0","","0","0","0","","","1","","0","","40 28:53.525","","0","79 46:14.050","3","0","0","0","2466","0","0","0","N","0","0","0","3","68T02","0","","1.0","","1","N","N","","0","","1","0","1","","0","","","2","1","1","0","0","0","0","2","0","2","","","","N","","","","","","","","","",""
"2009095169","1737","1","0","0","0","0","0","0","0","0","4","0","","02","9","2009","5","40.524934","-79.838196","1733","11","0","1","0","0","0","0","0","0","","0","0","0","","","0","","1","","40 31:29.761","","0","79 50:17.507","0","0","0","0","2451","0","0","0","N","0","0","0","2","02451","0","","1.0","","1","N","N","","0","","0","0","1","","3","","","2","0","0","0","0","0","0","2","0","2","","","","N","","","","","","","","","",""
"2009095172","1841","1","0","0","0","0","0","0","0","0","8","0","","02","9","2009","5","40.444411","-79.941817","1831","11","0","0","0","0","1","0","0","0","1","0","0","0","","","1","","0","","40 26:39.879","6","0","79 56:30.542","3","0","0","0","2301","1","0","0","N","1","0","0","2","02301","0","","1.0","","9","N","N","","0","","1","0","0","","0","Y","","2","1","0","0","0","0","0","2","0","1","","","","N","","","","","","","","","",""
"2009095182","2033","1","0","0","0","0","0","0","0","0","8","0","","02","9","2009","5","","","2033","11","0","0","0","0","0","1","0","0","1","0","0","0","","","1","","0","","","3","0","","3","0","0","0","2109","1","0","0","N","1","0","0","2","02109","0","","1.0","","9","N","N","","0","","1","0","0","","0","N","","2","1","0","0","0","0","0","1","0","1","","","","N","","","","","","","","","",""
"2009095191","0646","1","0","0","0","0","0","0","0","0","7","0","","02","9","2009","5","40.548244","-79.972193","0642","11","0","1","0","0","0","0","0","0","1","0","0","0","","","0","","0","","40 32:53.679","2","0","79 58:19.895","0","0","0","0","2118","0","0","0","N","0","0","0","1","02118","0","","4.0","","1","N","N","","0","","0","0","0","","0","N","","1","0","0","0","0","0","0","2","0","1","","","","N","","","","","","","","","",""
"2009095193","0320","1","0","0","0","0","0","0","0","0","7","0","","02","9","2009","5","40.4617","-79.716876","0317","11","0","0","0","0","0","0","0","0","","0","0","0","","","1","","2","","40 27:42.120","","0","79 43:00.753","3","0","0","0","2466","0","0","0","N","0","0","0","1","02466","0","","4.0","","1","N","N","","0","","1","0","0","","3","","","1","1","0","0","0","0","0","2","0","1","","","","N","","","","","","","","","",""
"2009095201","0508","2","0","0","0","0","0","0","0","0","4","0","","02","9","2009","5","40.406127","-79.98652","0505","11","0","1","0","0","0","0","0","0","","0","0","0","","","0","","0","","40 24:22.058","","0","79 59:11.473","0","0","0","0","2301","0","0","0","N","0","0","0","1","02301","0","","1.0","","1","N","N","","0","","0","0","0","","0","","","3","0","1","0","0","0","0","2","1","3","","","","N","","","","","","","","","",""
"2009095204","0538","2","0","0","0","0","0","0","0","0","1","0","","02","9","2009","5","40.524934","-79.838196","0538","11","0","0","0","0","0","1","0","0","1","0","0","0","","","1","","1","","40 31:29.761","4","0","79 50:17.507","4","0","0","0","2451","0","0","0","N","0","0","0","2","02451","1","","1.0","","1","N","N","","0","","0","0","0","","0","N","","2","1","0","0","0","0","0","2","0","2","","","","N","","","","","","","","","",""
"2009095207","0148","1","0","0","0","0","0","0","0","0","4","0","","02","9","2009","6","40.432607","-79.927568","0145","11","0","0","0","0","0","0","0","0","","0","0","0","","","0","","1","","40 25:57.385","","0","79 55:39.244","0","0","0","0","2301","0","0","0","N","0","0","0","3","02301","0","","1.0","","9","N","N","","0","","0","0","1","","1","","","2","0","0","0","0","0","0","2","0","2","","","","N","","","","","","","","","",""
"2009095214","1710","2","0","0","0","0","0","0","0","0","5","0","","02","9","2009","5","40.483997","-79.82018","1702","11","0","0","0","0","0","0","0","1","2","0","0","0","","","0","","0","","40 29:02.389","3","0","79 49:12.649","0","0","0","0","2113","0","0","0","N","0","0","0","3","02113","0","","1.0","","1","N","N","","0","","0","0","0","","0","Y","","2","0","0","0","0","0","0","2","0","2","","","","N","","","","","","","","","",""
"2009095217","2323","1","0","0","0","0","0","0","0","0","7","0","","02","9","2009","4","40.614135","-80.144241","2316","11","0","0","0","0","0","0","0","0","","0","0","0","","","0","","2","","40 36:50.887","","0","80 08:39.267","0","0","0","0","2481","0","0","0","N","0","0","0","1","02481","0","","5.0","","1","N","N","","0","","0","0","0","","3","","","1","0","0","0","0","0","0","1","0","1","","","","N","","","","","","","","","",""
"2009095223","1347","2","0","0","0","0","0","0","0","0","4","0","","02","8","2009","2","40.430781","-79.80512","1340","11","0","0","0","0","0","0","1","1","1","0","0","0","","","1","","0","","40 25:50.810","6","7","79 48:18.431","8","0","0","0","2124","0","0","0","N","0","0","0","2","02124","0","","1.0","","1","N","N","","0","","0","0","0","","2","N","","2","1","0","0","0","1","0","2","0","2","","","","N","","","","","","","","","",""
"2009095224","0418","2","0","0","0","0","0","0","0","0","1","0","","02","9","2009","1","40.426039","-79.834842","0415","11","0","0","0","0","0","0","0","0","","0","0","0","","","0","","2","","40 25:33.739","","0","79 50:05.430","0","0","0","0","2124","0","0","0","N","0","0","0","3","02124","0","","1.0","","1","N","N","","0","","0","0","0","","2","","","2","0","0","0","0","0","0","2","0","2","","","","N","","","","","","","","","",""
"2009095225","1622","1","0","0","0","0","0","0","0","0","7","0","","02","9","2009","2","40.426371","-79.835093","1622","11","0","0","0","0","0","1","0","0","","0","0","0","","","0","","0","","40 25:34.934","","0","79 50:06.334","0","0","0","0","2124","0","0","0","N","0","0","0","1","02124","0","","2.0","","9","N","N","","0","","0","0","0","","0","","","1","0","0","0","0","0","0","2","0","1","","","","N","","","","","","","","","",""
"2009095238","1802","1","0","0","0","0","0","0","0","0","1","0","55","02","9","2009","5","40.5981","-80.0937","1758","11","0","0","0","0","0","1","0","0","1","0","0","0","","","3","","0","","40 35:53.160","2","0","80 05:37.320","4","0","0","0","2481","0","0","0","N","0","0","0","4","68B03","3","","1.0","","1","N","N","","0","","0","0","2","","8","N","","3","3","0","0","0","0","0","2","0","3","","","N","Y","2","8","N","N","N","Y","N","N","N",""
"2009095239","1726","2","0","0","0","0","0","0","0","0","4","0","","02","9","2009","2","40.542033","-80.081381","1726","11","0","0","0","0","0","0","1","0","","0","0","0","","","0","","0","","40 32:31.319","","0","80 04:52.973","0","0","0","0","2215","0","0","0","N","0","0","0","3","68B03","0","","1.0","","1","N","N","","0","","0","0","0","","0","","","2","0","0","0","0","0","0","2","0","2","","","","N","","","","","","","","","",""
"2009095437","0649","3","0","0","0","0","0","0","0","0","1","0","","02","9","2009","5","40.259319","-79.878669","0642","11","0","0","0","0","0","0","1","0","2","0","0","0","","","1","","0","","40 15:33.547","1","0","79 52:43.207","8","0","0","0","2204","0","0","0","N","0","0","0","3","02204","0","","1.0","","1","N","N","","0","","0","0","0","","0","N","","3","1","1","0","0","1","0","1","0","3","","","","N","","","","","","","","","",""
"2009095448","0956","0","0","0","0","0","0","0","0","0","8","0","","02","9","2009","6","40.4647","-79.826867","0956","11","0","0","0","0","0","0","0","0","","0","0","0","","","1","","0","","40 27:52.920","","0","79 49:36.721","2","0","0","0","2113","1","0","1","N","1","0","1","2","02113","0","","6.0","","1","N","N","","1","","0","1","0","","0","","","2","1","1","0","0","0","0","2","0","1","","","","N","","","","","","","","","",""
"2009095450","0920","2","0","0","0","0","0","0","0","0","4","0","","02","9","2009","6","40.456456","-79.896616","0920","11","0","0","0","0","0","1","0","0","","0","0","0","","","0","","1","","40 27:23.241","","0","79 53:47.817","0","0","0","0","2301","0","0","0","N","0","0","0","2","02301","0","","1.0","","1","N","N","","0","","0","0","0","","2","","","3","0","0","0","0","0","0","2","1","3","","","","N","","","","","","","","","",""
"2009095478","1254","2","0","0","0","0","0","0","0","0","1","0","","02","9","2009","6","40.540106","-80.025161","1248","11","0","0","0","0","0","0","0","0","","0","0","0","","","0","","2","","40 32:24.381","","0","80 01:30.579","0","0","0","0","2116","0","0","0","N","0","0","0","2","02116","0","","1.0","","1","N","N","","0","","0","0","0","","0","","","2","0","1","0","0","0","0","2","0","2","","","","N","","","","","","","","","",""
"2009095492","1624","2","0","0","0","0","0","0","0","0","4","0","","02","9","2009","6","40.451384","-79.945422","1615","11","0","0","0","0","0","1","0","1","","0","0","0","","","1","","1","","40 27:04.982","","0","79 56:43.519","4","0","0","0","2301","0","0","0","N","0","0","0","2","02301","1","","1.0","","1","N","N","","0","","0","0","0","","3","","","2","1","0","0","0","0","0","2","0","2","","","","N","","","","","","","","","",""
"2009095493","1450","1","0","0","0","0","0","0","0","0","1","0","","02","9","2009","3","40.348705","-79.940867","1438","11","0","0","1","0","0","0","0","0","1","0","0","0","","","1","","0","","40 20:55.337","1","0","79 56:27.122","8","0","0","0","2473","0","0","0","N","0","0","0","3","02473","0","","1.0","","9","N","N","","1","","0","0","1","","0","Y","","3","1","1","0","0","1","0","2","0","3","","","","N","","","","","","","","","",""
"2009095539","0100","1","0","0","0","0","0","0","0","0","2","0","","02","9","2009","2","40.448336","-80.014252","0037","11","0","0","0","0","0","0","0","0","2","0","0","0","","","0","","0","","40 26:54.009","2","2","80 00:51.307","0","0","0","0","2301","0","0","0","N","0","0","0","2","68B03","0","","1.0","","1","N","N","","1","","0","0","0","","0","Y","","2","0","0","0","0","0","0","2","0","2","","","","N","","","","","","","","","",""
"2009095588","2223","2","0","0","0","0","0","0","0","0","1","0","","02","9","2009","6","40.436188","-79.978231","2218","11","0","0","0","0","1","0","0","0","","0","0","0","","","0","","5","","40 26:10.276","","0","79 58:41.630","0","0","0","0","2301","0","0","0","N","0","0","0","3","02301","0","","1.0","","1","N","N","","0","","0","0","0","","0","","","2","0","0","0","0","0","0","2","0","2","","","","N","","","","","","","","","",""
"2009095597","0150","1","0","0","0","0","0","0","0","0","7","0","","02","9","2009","4","40.438202","-79.830514","0149","11","0","0","0","0","0","0","0","0","","0","0","0","","","0","","1","","40 26:17.528","","0","79 49:49.850","0","0","0","0","2419","0","0","0","Y","0","0","0","1","02419","0","","4.0","","1","N","N","","0","","0","0","0","","0","","","1","0","1","0","0","0","0","2","0","1","","","","N","","","","","","","","","",""
"2009095601","2209","2","0","0","0","0","0","0","0","0","1","0","","02","9","2009","6","40.462364","-80.008834","2202","11","0","0","0","0","0","1","0","0","","0","0","0","","","1","","2","","40 27:44.510","","0","80 00:31.802","4","0","0","0","2301","0","0","0","N","0","0","0","3","02301","1","","1.0","","1","N","N","","0","","0","0","0","","0","","","2","1","1","0","0","0","0","2","0","2","","","","N","","","","","","","","","",""
"2009095602","0356","1","0","0","1","0","0","0","0","0","8","0","","02","9","2009","7","40.435126","-79.956406","0352","11","0","0","0","0","0","0","0","0","1","0","0","0","","","1","","1","","40 26:06.452","4","0","79 57:23.060","8","0","0","0","2301","1","0","0","N","0","0","0","3","02301","0","","1.0","","1","N","N","","0","","0","0","0","","2","Y","","2","1","0","0","0","1","0","2","0","1","","","","N","","","","","","","","","",""
"2009095656","0655","2","0","0","0","0","0","0","0","0","4","1","","02","9","2009","7","40.423046","-79.927582","0651","11","0","0","0","0","0","3","0","0","1","0","1","0","","","1","","1","","40 25:22.965","6","0","79 55:39.295","8","0","0","0","2301","0","0","0","N","0","0","0","3","02301","0","","1.0","","9","N","N","","0","","0","0","0","","2","N","","3","1","0","0","0","1","0","2","0","3","","","","N","","","","","","","","","",""
"2009095684","1037","2","0","0","0","0","0","0","0","0","1","0","","02","9","2009","7","40.429979","-79.957805","1034","11","0","0","0","0","0","1","0","0","1","0","0","0","","","2","","2","","40 25:47.923","1","0","79 57:28.097","4","0","0","0","2301","0","0","0","N","0","0","0","7","02301","2","","1.0","","9","N","N","","0","","0","0","0","","2","Y","","2","2","1","0","0","0","0","2","0","2","","","","N","","","","","","","","","",""
"2009095695","1238","1","0","0","0","0","0","0","0","0","7","0","","02","9","2009","7","40.393147","-79.805054","1238","11","0","0","0","0","0","0","0","0","","0","0","0","","","0","","10","","40 23:35.329","","3","79 48:18.195","0","0","0","0","2111","0","0","0","N","0","0","0","1","02111","0","","1.0","","9","N","N","","0","","0","0","0","","0","","","1","0","0","0","0","0","0","2","0","1","","","","N","","","","","","","","","",""
"2009095705","1521","2","0","0","0","0","0","0","0","0","6","0","","02","9","2009","7","40.435752","-79.927668","1521","11","0","0","0","0","0","0","1","0","","0","0","0","","","0","","1","","40 26:08.707","","0","79 55:39.604","0","0","0","0","2301","0","0","0","N","0","0","0","2","02301","0","","1.0","","9","N","N","","0","","0","0","0","","3","","","2","0","0","0","0","0","0","2","0","2","","","","N","","","","","","","","","",""
"2009095710","0033","0","0","0","0","0","0","0","0","0","7","0","","02","9","2009","3","40.514119","-79.805136","0029","11","0","0","0","0","0","0","0","0","","0","0","0","","","0","","0","","40 30:50.830","","3","79 48:18.491","9","0","0","0","2113","0","0","0","N","0","0","0","1","02113","0","","5.0","","1","N","N","","0","","0","0","1","","0","","","1","0","0","0","0","0","1","2","0","1","","","","N","","","","","","","","","",""
"2009095712","1859","2","0","0","0","0","0","0","0","0","4","0","","02","9","2009","3","40.552677","-80.037864","1855","11","0","0","0","1","0","1","0","0","1","0","0","0","","","2","","1","","40 33:09.638","2","0","80 02:16.311","8","0","0","0","2116","0","0","0","N","0","0","0","2","02116","0","","1.0","","1","N","N","","0","","0","0","0","","2","N","","2","2","1","0","0","2","0","2","0","2","","","","N","","","","","","","","","",""
"2009095713","1920","1","0","0","0","0","0","0","0","0","7","0","","02","9","2009","7","40.340687","-79.955471","1919","11","0","0","0","0","0","0","0","0","","0","0","0","","","1","","0","","40 20:26.473","","0","79 57:19.695","8","0","0","0","2473","0","0","0","N","0","0","0","1","02473","0","","4.0","","1","N","N","","0","","0","0","0","","0","","","1","1","1","0","0","1","0","2","0","1","","","","N","","","","","","","","","",""
"2009095717","1523","2","0","0","0","0","0","0","0","0","6","0","","02","9","2009","7","40.418242","-79.721958","1514","11","0","0","0","0","0","1","0","0","2","0","0","0","","","0","","0","","40 25:05.670","5","0","79 43:19.050","0","0","0","0","2446","0","0","0","N","0","0","0","5","02446","0","","1.0","","9","N","N","","0","","0","0","0","","0","Y","","2","0","0","0","0","0","0","2","0","2","","","","N","","","","","","","","","",""
"2009095720","1615","0","0","0","0","0","0","0","0","0","7","0","","02","9","2009","7","40.284385","-79.999437","1613","11","0","0","0","0","0","0","0","0","3","0","0","0","","","0","","0","","40 17:03.786","5","0","79 59:57.972","0","0","0","0","2219","0","0","0","N","0","0","0","1","02219","0","","5.0","","9","N","N","","1","","0","0","0","","0","Y","","1","0","0","0","0","0","0","2","0","1","","","","N","","","","","","","","","",""
"2009095724","1748","1","0","0","0","0","0","0","0","0","0","0","","02","9","2009","7","40.429755","-79.999517","1744","11","0","0","0","0","0","0","0","0","","0","0","0","","","0","","0","","40 25:47.118","","0","79 59:58.261","0","0","0","0","2301","0","0","0","N","0","0","0","1","02301","0","","5.0","","9","N","N","","0","","0","0","0","","0","","","1","0","0","0","0","0","0","2","0","1","","","","N","","","","","","","","","",""
"2009095744","1648","1","0","0","0","0","0","0","0","0","7","0","","02","9","2009","7","","","1648","11","0","0","1","0","0","0","0","0","","0","0","0","","","0","","0","","","","0","","0","0","0","0","2448","0","0","0","N","0","0","0","1","02448","0","","5.0","","9","N","N","","0","","0","0","0","","0","","","1","0","0","0","0","0","0","1","0","1","","","","N","","","","","","","","","",""
"2009095753","1937","1","0","0","0","0","0","0","0","0","7","0","","02","9","2009","7","40.413792","-79.996506","1934","11","0","0","0","0","0","1","0","0","1","0","0","0","","","1","","0","","40 24:49.650","1","0","79 59:47.420","4","0","0","0","2301","0","0","0","N","0","0","0","1","02301","1","","5.0","","9","N","N","","0","","0","0","0","","0","N","","1","1","0","0","0","0","0","2","0","1","","","","N","","","","","","","","","",""
"2009095754","1943","2","0","0","0","0","0","0","0","0","4","0","","02","9","2009","7","40.447353","-79.98985","1941","11","0","0","0","1","0","1","0","0","","0","0","0","","","0","","1","","40 26:50.470","","0","79 59:23.460","9","0","0","0","2301","0","0","0","N","0","0","0","2","02301","0","","1.0","","9","N","N","","0","","0","0","0","","3","","","2","0","0","0","0","0","1","2","0","2","","","","N","","","","","","","","","",""
"2009095755","1930","0","0","0","0","0","0","0","0","0","0","0","","02","9","2009","7","40.436959","-80.039511","1928","11","0","0","0","0","0","1","0","0","9","0","0","0","","","1","","2","","40 26:13.053","1","0","80 02:22.239","2","0","0","0","2301","0","0","0","N","0","0","0","1","02301","0","","5.0","","9","N","N","","0","","0","1","1","","0","Y","","1","1","0","0","0","0","0","2","0","1","","","","N","","","","","","","","","",""
"2009095758","2009","1","0","0","0","0","0","0","0","0","7","0","","02","9","2009","7","40.654069","-80.010699","2006","11","0","0","0","0","0","0","0","0","1","0","0","0","","","0","","0","","40 39:14.647","5","0","80 00:38.517","0","0","0","0","2216","0","0","0","N","0","0","0","1","02505","0","","5.0","","9","N","N","","0","","0","0","0","","0","N","","1","0","0","0","0","0","0","1","0","1","","","","N","","","","","","","","","",""
"2009095767","2000","2","0","0","0","0","0","0","0","0","1","0","","02","9","2009","6","40.426528","-79.862415","1957","11","0","0","0","0","0","0","0","0","2","0","0","0","","","0","","0","","40 25:35.499","6","0","79 51:44.693","0","0","0","0","2111","0","0","0","N","0","0","0","2","02111","0","","1.0","","1","N","N","","0","","0","0","0","","0","N","","2","0","1","0","0","0","0","2","0","2","","","","N","","","","","","","","","",""
"2009095768","1936","2","0","0","0","0","0","0","0","0","2","0","","02","9","2009","7","40.3671","-79.91","1924","11","0","0","0","0","0","0","0","0","4","1","0","0","","","4","","0","","40 22:01.560","5","0","79 54:36.000","1","0","0","0","2301","0","0","0","N","0","0","0","5","02301","0","2","1.0","","9","N","N","","0","0","1","0","0","","0","Y","","2","4","1","0","0","3","0","2","0","2","","","","N","","","","","","","","","",""
"2009095773","2218","0","0","0","0","0","0","0","0","0","7","0","","02","9","2009","7","40.385887","-79.979007","2214","11","0","0","0","0","0","0","0","0","1","0","0","0","","","0","","3","","40 23:09.193","3","0","79 58:44.425","0","0","0","0","2301","0","0","0","N","0","0","0","1","02301","0","","4.0","","9","N","N","","0","","0","0","0","","0","Y","","1","0","0","0","0","0","0","2","1","1","","","","N","","","","","","","","","",""