"CRN","ARRIVAL_TM","AUTOMOBILE_COUNT","BELTED_DEATH_COUNT","BELTED_SUSP_SERIOUS_INJ_COUNT","BICYCLE_COUNT","BICYCLE_DEATH_COUNT","BICYCLE_SUSP_SERIOUS_INJ_COUNT","BUS_COUNT","CHLDPAS_DEATH_COUNT","CHLDPAS_SUSP_SERIOUS_INJ_COUNT","COLLISION_TYPE","COMM_VEH_COUNT","CONS_ZONE_SPD_LIM","COUNTY","CRASH_MONTH","CRASH_YEAR","DAY_OF_WEEK","DEC_LATITUDE","DEC_LONGITUDE","DISPATCH_TM","DISTRICT","DRIVER_COUNT_16YR","DRIVER_COUNT_17YR","DRIVER_COUNT_18YR","DRIVER_COUNT_19YR","DRIVER_COUNT_20YR","DRIVER_COUNT_50_64YR","DRIVER_COUNT_65_74YR","DRIVER_COUNT_75PLUS","EST_HRS_CLOSED","FATAL_COUNT","HEAVY_TRUCK_COUNT","HORSE_BUGGY_COUNT","HOUR_OF_DAY","ILLUMINATION","INJURY_COUNT","INTERSECTION_RELATED","INTERSECT_TYPE","LANE_CLOSED","LATITUDE","LN_CLOSE_DIR","LOCATION_TYPE","LONGITUDE","MAX_SEVERITY_LEVEL","MCYCLE_DEATH_COUNT","MCYCLE_SUSP_SERIOUS_INJ_COUNT","MOTORCYCLE_COUNT","MUNICIPALITY","NONMOTR_COUNT","NONMOTR_DEATH_COUNT","NONMOTR_SUSP_SERIOUS_INJ_COUNT","NTFY_HIWY_MAINT","PED_COUNT","PED_DEATH_COUNT","PED_SUSP_SERIOUS_INJ_COUNT","PERSON_COUNT","POLICE_AGCY","POSSIBLE_INJ_COUNT","RDWY_SURF_TYPE_CD","RELATION_TO_ROAD","ROADWAY_CLEARED","ROAD_CONDITION","SCH_BUS_IND","SCH_ZONE_IND","SECONDARY_CRASH","SMALL_TRUCK_COUNT","SPEC_JURIS_CD","SUSP_MINOR_INJ_COUNT","SUSP_SERIOUS_INJ_COUNT","SUV_COUNT","TCD_FUNC_CD","TCD_TYPE","TFC_DETOUR_IND","TIME_OF_DAY","TOTAL_UNITS","TOT_INJ_COUNT","UNBELTED_OCC_COUNT","UNB_DEATH_COUNT","UNB_SUSP_SERIOUS_INJ_COUNT","UNK_INJ_DEG_COUNT","UNK_INJ_PER_COUNT","URBAN_RURAL","VAN_COUNT","VEHICLE_COUNT","WEATHER1","WEATHER2","WORKERS_PRES","WORK_ZONE_IND","WORK_ZONE_LOC","WORK_ZONE_TYPE","WZ_CLOSE_DETOUR","WZ_FLAGGER","WZ_LAW_OFFCR_IND","WZ_LN_CLOSURE","WZ_MOVING","WZ_OTHER","WZ_SHLDER_MDN","WZ_WORKERS_INJ_KILLED"
"2009099047","","0","0","0","0","0","0","0","0","0","6","0","","02","10","2009","6","40.659436","-79.809329","","11","0","0","0","0","0","0","0","0","","0","0","0","","","0","","0","","40 39:33.969","","0","79 48:33.584","0","0","0","0","2202","0","0","0","N","0","0","0","2","02202","0","","1.0","","9","N","N","","2","","0","0","0","","0","","","2","0","0","0","0","0","0","1","0","2","","","","N","","","","","","","","","",""
"2009099053","","0","0","0","0","0","0","0","0","0","0","0","","02","10","2009","2","","","","11","0","0","0","0","0","1","0","0","2","0","0","0","","","0","","0","","","5","0","","0","0","0","0","2301","0","0","0","N","0","0","0","1","02301","0","","1.0","","1","N","N","","0","","0","0","1","","0","Y","","1","0","0","0","0","0","0","1","0","1","","","","N","","","","","","","","","",""
"2009099056","","0","0","0","0","0","0","0","0","0","5","0","","02","10","2009","2","40.426716","-79.976435","","11","0","0","0","0","0","0","0","0","","0","0","0","","","0","","1","","40 25:36.177","","0","79 58:35.166","0","0","0","0","2301","0","0","0","N","0","0","0","1","02301","0","","1.0","","1","N","N","","0","","0","0","2","","3","","","2","0","0","0","0","0","0","2","0","2","","","","N","","","","","","","","","",""
"2009099104","","1","0","0","0","0","0","0","0","0","2","0","","02","10","2009","2","40.488573","-79.88311","","11","0","1","0","0","0","1","1","0","2","0","0","0","","","1","","2","","40 29:18.862","2","2","79 52:59.196","8","0","0","0","2112","0","0","0","N","0","0","0","3","02112","0","","1.0","","1","N","N","","1","","0","0","1","","2","N","","3","1","0","0","0","1","0","2","0","3","","","","N","","","","","","","","","",""
"2009099128","","1","0","0","0","0","0","0","0","0","7","0","","02","10","2009","6","40.4782","-79.751166","","11","0","1","0","0","0","0","0","0","2","0","0","0","","","0","","0","","40 28:41.521","6","0","79 45:04.198","0","0","0","0","2466","0","0","0","N","0","0","0","1","02466","0","","5.0","","9","N","N","","0","","0","0","0","","0","Y","","1","0","1","0","0","0","0","2","0","1","","","","N","","","","","","","","","",""
"2009099162","","1","0","0","0","0","0","0","0","0","7","0","","02","9","2009","6","40.49495","-79.858838","","11","0","0","0","0","0","0","0","0","2","0","0","0","","","1","","0","","40 29:41.819","2","0","79 51:31.816","8","0","0","0","2112","0","0","0","N","0","0","0","1","02112","0","","5.0","","1","N","N","","0","","0","0","0","","0","N","","1","1","0","0","0","1","0","2","0","1","","","","N","","","","","","","","","",""
"2009099164","","1","0","0","0","0","0","0","0","0","7","0","","02","9","2009","1","","","","11","0","1","0","0","0","0","0","0","1","0","0","0","","","0","","0","","","1","0","","0","0","0","0","2115","0","0","0","N","0","0","0","2","02115","0","","2.0","","9","N","N","","0","","0","0","0","","0","Y","","1","0","0","0","0","0","0","1","0","1","","","","N","","","","","","","","","",""
"2009099165","","0","0","0","0","0","0","0","0","0","99","0","","02","10","2009","1","40.613636","-80.099964","","11","0","0","0","0","0","0","0","0","","0","0","0","","","0","","0","","40 36:49.088","","0","80 05:59.869","0","0","0","0","2481","0","0","0","N","0","0","0","2","02481","0","","1.0","","1","N","N","","0","","0","0","1","","0","","","1","0","0","0","0","0","0","2","0","1","","","","N","","","","","","","","","",""
"2009099169","","1","0","0","0","0","0","0","0","0","4","1","","02","10","2009","2","40.19775","-79.894736","","11","0","0","0","0","0","1","1","0","","0","1","0","","","1","","2","","40 11:51.901","","0","79 53:41.049","8","0","0","0","2204","0","0","0","N","0","0","0","2","02204","0","","1.0","","1","N","N","","0","","0","0","0","","0","","","2","1","1","0","0","1","0","1","0","2","","","","N","","","","","","","","","",""
"2009099186","","1","0","0","0","0","0","0","0","0","4","0","","02","10","2009","2","40.424805","-79.979558","","11","0","0","0","0","0","0","0","0","","0","0","0","","","0","","3","","40 25:29.298","","0","79 58:46.408","0","0","0","0","2301","0","0","0","N","0","0","0","2","02301","0","","1.0","","1","N","N","","1","","0","0","0","","3","","","2","0","0","0","0","0","0","2","0","2","","","","N","","","","","","","","","",""
"2009099188","","1","0","0","0","0","0","0","0","0","2","0","","02","10","2009","6","40.40905","-79.903178","","11","0","0","0","0","0","0","0","0","","0","0","0","","","0","","1","","40 24:32.580","","0","79 54:11.440","0","0","0","0","2448","0","0","0","N","0","0","0","1","02448","0","","1.0","","1","N","N","","0","","0","0","0","","2","","","2","0","0","0","0","0","0","2","0","1","","","","N","","","","","","","","","",""
"2009099190","","1","0","0","0","0","0","0","0","0","7","0","","02","10","2009","2","40.426044","-80.020109","","11","0","0","0","0","0","0","0","0","1","0","0","0","","","0","","0","","40 25:33.758","2","0","80 01:12.391","0","0","0","0","2301","0","0","0","N","0","0","0","2","02301","0","","3.0","","1","N","N","","0","","0","0","0","","0","Y","","1","0","2","0","0","0","0","2","0","1","","","","N","","","","","","","","","",""
"2009099191","","1","1","0","0","0","0","0","0","0","4","0","","02","10","2009","5","40.305376","-79.934404","","11","0","0","1","0","0","1","0","0","2","1","0","0","","","0","","0","","40 18:19.353","1","7","79 56:03.853","1","0","0","0","2440","0","0","0","N","0","0","0","2","02440","0","2","1.0","","1","N","N","","0","0","0","0","1","","0","N","","3","0","0","0","0","0","0","2","0","2","","","","N","","","","","","","","","",""
"2009099196","","2","0","0","0","0","0","0","0","0","1","0","","02","10","2009","2","40.384975","-79.803206","","11","0","0","0","0","0","0","0","0","","0","0","0","","","0","","0","","40 23:05.910","","0","79 48:11.541","0","0","0","0","2424","0","0","0","N","0","0","0","2","02424","0","","1.0","","1","N","N","","0","","0","0","0","","0","","","2","0","0","0","0","0","0","2","0","2","","","","N","","","","","","","","","",""
"2009099217","","3","0","0","0","0","0","0","0","0","1","0","","02","9","2009","6","40.462429","-80.193156","","11","0","1","0","0","0","0","0","0","","0","0","0","","","0","","0","","40 27:44.743","","0","80 11:35.363","0","0","0","0","2115","0","0","0","N","0","0","0","6","68B03","0","","1.0","","1","N","N","","0","","0","0","0","","0","","","3","0","0","0","0","0","0","2","0","3","","","","N","","","","","","","","","",""
"2009099218","","0","0","0","0","0","0","0","0","0","7","0","","02","9","2009","7","40.4727","-80.005","","11","0","0","0","0","0","1","0","0","1","0","0","0","","","2","","0","","40 28:21.720","1","0","80 00:18.000","4","0","0","0","2301","0","0","0","N","0","0","0","3","68B03","2","","2.0","","9","N","N","","0","","0","0","1","","0","Y","","1","2","0","0","0","0","0","2","0","1","","","","N","","","","","","","","","",""
"2009099219","","1","0","0","0","0","0","0","0","0","1","0","55","02","10","2009","5","40.582497","-80.107119","","11","0","0","0","0","0","1","0","0","2","0","0","0","","","1","","0","","40 34:56.990","1","0","80 06:25.628","2","0","0","0","2481","0","0","0","N","0","0","0","3","68B03","0","","1.0","","1","N","N","","1","","0","1","0","","0","N","","3","1","1","0","1","0","0","2","0","3","","","Y","Y","2","1","N","N","Y","N","N","Y","N",""
"2009099256","","1","0","0","0","0","0","0","0","0","7","0","","02","10","2009","7","40.321032","-79.836431","","11","0","0","0","0","0","0","0","1","","0","0","0","","","0","","0","","40 19:15.715","","7","79 50:11.152","0","0","0","0","2477","0","0","0","N","0","0","0","1","02477","0","","9.0","","1","N","N","","0","","0","0","0","","0","","","1","0","1","0","0","0","0","2","0","1","","","","N","","","","","","","","","",""
"2009099262","","1","0","0","0","0","0","0","0","0","1","0","","02","10","2009","7","40.548699","-79.961924","","11","1","0","0","0","0","0","0","0","","0","0","0","","","0","","0","","40 32:55.315","","0","79 57:42.926","0","0","0","0","2118","0","0","0","N","0","0","0","3","02118","0","","1.0","","1","N","N","","0","","0","0","1","","0","","","2","0","2","0","0","0","0","2","0","2","","","","N","","","","","","","","","",""
"2009099265","","2","0","0","0","0","0","0","0","0","4","0","","02","10","2009","3","40.460061","-79.842669","","11","0","0","0","0","0","0","0","0","1","0","0","0","","","0","","0","","40 27:36.219","2","0","79 50:33.610","0","0","0","0","2113","0","0","0","N","0","0","0","4","02113","0","","1.0","","1","N","N","","0","","0","0","0","","0","N","","2","0","0","0","0","0","0","2","0","2","","","","N","","","","","","","","","",""
"2009099266","","2","0","0","0","0","0","0","0","0","1","0","","02","10","2009","3","40.649314","-79.936988","","11","0","0","0","0","0","1","0","0","1","0","0","0","","","1","","0","","40 38:57.532","1","0","79 56:13.157","4","0","0","0","2217","0","0","0","N","0","0","0","2","02505","1","","1.0","","1","Y","N","","0","","0","0","0","","8","N","","2","1","0","0","0","0","0","2","0","2","","","","N","","","","","","","","","",""
"2009099273","","0","0","0","0","0","0","0","0","0","1","0","","02","10","2009","3","40.441466","-80.061089","","11","0","0","0","0","0","1","0","0","","0","0","0","","","1","","0","","40 26:29.277","","0","80 03:39.920","8","0","0","0","2301","0","0","0","N","0","0","0","3","02301","0","","1.0","","1","N","N","","1","","0","0","2","","0","","","3","1","1","0","0","1","0","2","0","3","","","","N","","","","","","","","","",""
"2009099353","","1","0","0","0","0","0","0","0","0","1","0","","02","9","2009","3","40.438738","-79.752187","","11","0","0","0","0","0","1","0","0","","0","0","0","","","0","","0","","40 26:19.456","","0","79 45:07.873","0","0","0","0","2446","0","0","0","N","0","0","0","3","68T09","0","","1.0","","1","N","N","","1","","0","0","1","","0","","","3","0","0","0","0","0","0","2","0","3","","","","N","","","","","","","","","",""
"2009099359","","0","0","0","0","0","0","0","0","0","7","0","","02","10","2009","2","40.681798","-80.033942","","11","0","0","0","0","0","0","0","0","","0","0","0","","","1","","0","","40 40:54.472","","0","80 02:02.191","3","0","0","0","2216","0","0","0","N","0","0","0","1","02505","0","","2.0","","1","N","N","","1","","1","0","0","","0","","","1","1","0","0","0","0","0","2","0","1","","","","N","","","","","","","","","",""
"2009099368","","0","0","0","0","0","0","1","0","0","4","1","","02","10","2009","2","40.272419","-79.947992","","11","1","0","0","0","0","0","1","0","2","0","0","0","","","0","","2","","40 16:20.710","1","0","79 56:52.770","0","0","0","0","2440","0","0","0","N","0","0","0","2","02440","0","","1.0","","1","Y","N","","1","","0","0","0","","3","N","","2","0","0","0","0","0","0","1","0","2","","","","N","","","","","","","","","",""
"2009099369","","1","0","0","0","0","0","0","0","0","2","0","","02","10","2009","3","40.38564","-79.984164","","11","0","0","0","0","0","1","0","1","","0","0","0","","","0","","1","","40 23:08.304","","0","79 59:02.990","0","0","0","0","2301","0","0","0","N","0","0","0","5","02301","0","","1.0","","1","N","N","","0","","0","0","1","","3","","","2","0","1","0","0","0","0","2","0","2","","","","N","","","","","","","","","",""
"2009099374","","2","0","0","0","0","0","0","0","0","1","0","","02","10","2009","2","40.288832","-80.006606","","11","0","0","0","0","0","0","0","0","","0","0","0","","","0","","0","","40 17:19.795","","0","80 00:23.781","0","0","0","0","2219","0","0","0","N","0","0","0","2","02219","0","","1.0","","1","N","N","","0","","0","0","0","","0","","","2","0","1","0","0","0","0","2","0","2","","","","N","","","","","","","","","",""
"2009099377","","1","0","0","0","0","0","0","0","0","7","0","","02","10","2009","6","40.648841","-79.743941","","11","0","0","0","0","0","1","0","0","2","0","0","0","","","0","","0","","40 38:55.828","6","0","79 44:38.189","0","0","0","0","2202","0","0","0","Y","0","0","0","1","02202","0","","5.0","","9","N","N","","0","","0","0","0","","0","N","","1","0","0","0","0","0","0","1","0","1","","","","N","","","","","","","","","",""
"2009099380","","1","0","0","0","0","0","0","0","0","1","1","","02","10","2009","3","40.465458","-79.979223","","11","0","0","0","0","0","1","0","0","","0","0","0","","","2","","0","","40 27:55.650","","0","79 58:45.203","4","0","0","0","2301","0","0","0","N","0","0","0","3","02301","2","","1.0","","1","N","N","","1","","0","0","0","","0","","","3","2","0","0","0","0","0","2","0","3","","","","N","","","","","","","","","",""
"2009099381","","1","0","0","0","0","0","0","0","0","99","0","","02","9","2009","5","40.66321","-79.964593","","11","0","0","1","0","0","0","0","0","1","0","0","0","","","0","","0","","40 39:47.556","2","0","79 57:52.534","0","0","0","0","2217","0","0","0","N","0","0","0","4","02505","0","","1.0","","1","N","N","","0","","0","0","0","","0","N","","2","0","0","0","0","0","0","2","1","2","","","","N","","","","","","","","","",""
"2009099389","","1","0","0","0","0","0","0","0","0","2","0","","02","10","2009","3","40.469944","-79.908561","","11","0","0","0","0","0","0","0","0","","0","0","0","","","0","","0","","40 28:11.797","","0","79 54:30.821","0","0","0","0","2301","0","0","0","N","0","0","0","3","02301","0","","1.0","","1","N","N","","0","","0","0","0","","0","","","2","0","0","0","0","0","0","2","1","2","","","","N","","","","","","","","","",""
"2009099403","","2","0","0","0","0","0","0","0","0","1","0","","02","10","2009","6","40.486229","-80.106527","","11","0","0","0","0","0","3","0","0","3","0","0","0","","","1","","3","","40 29:10.424","1","0","80 06:23.497","4","0","0","0","2126","0","0","0","N","0","0","0","3","02126","1","","1.0","","9","N","N","","0","","0","0","0","","0","N","","3","1","0","0","0","0","0","2","1","3","","","","N","","","","","","","","","",""
"2009099406","","1","0","0","0","0","0","0","0","0","4","0","","02","10","2009","7","40.352984","-79.917303","","11","0","0","0","0","0","1","1","0","","0","0","0","","","1","","2","","40 21:10.742","","0","79 55:02.290","4","0","0","0","2473","0","0","0","N","0","0","0","2","02473","1","","1.0","","1","N","N","","0","","0","0","0","","2","","","2","1","0","0","0","0","0","2","1","2","","","","N","","","","","","","","","",""
"2009099412","","1","0","0","0","0","0","0","0","0","4","0","","02","10","2009","3","40.437893","-80.002309","","11","0","0","0","0","0","0","1","0","","0","0","0","","","0","","1","","40 26:16.414","","0","80 00:08.312","0","0","0","0","2301","0","0","0","N","0","0","0","2","02301","0","","1.0","","1","N","N","","0","","0","0","1","","3","","","2","0","0","0","0","0","0","2","0","2","","","","N","","","","","","","","","",""
"2009099417","","2","0","0","0","0","0","0","0","0","4","0","","02","10","2009","3","40.444411","-79.941817","","11","0","0","0","0","0","1","0","0","1","0","0","0","","","0","","0","","40 26:39.879","3","0","79 56:30.542","0","0","0","0","2301","0","0","0","N","0","0","0","3","02301","0","","1.0","","1","N","N","","0","","0","0","0","","0","N","","2","0","0","0","0","0","0","2","0","2","","","","N","","","","","","","","","",""
"2009099420","","1","0","0","0","0","0","0","0","0","1","0","","02","10","2009","3","40.467201","-79.757012","","11","0","0","0","1","0","0","0","0","1","0","0","0","","","1","","2","","40 28:01.923","1","0","79 45:25.243","4","0","0","0","2466","0","0","0","N","0","0","0","2","02466","1","","1.0","","1","N","N","","0","","0","0","1","","0","N","","2","1","0","0","0","0","0","2","0","2","","","","N","","","","","","","","","",""
"2009099448","","1","0","0","0","0","0","0","0","0","1","0","","02","9","2009","7","40.424814","-80.114183","","11","0","0","0","0","0","0","0","0","","0","0","0","","","0","","0","","40 25:29.330","","0","80 06:51.059","0","0","0","0","2102","0","0","0","N","0","0","0","2","68B03","0","","1.0","","1","N","N","","0","","0","0","1","","0","","","2","0","0","0","0","0","0","2","0","2","","","","N","","","","","","","","","",""
"2009099449","","2","0","0","0","0","0","0","0","0","1","0","","02","10","2009","2","40.43601","-79.977112","","11","0","0","0","0","0","0","0","0","1","0","0","0","","","0","","0","","40 26:09.636","4","0","79 58:37.602","0","0","0","0","2301","0","0","0","N","0","0","0","2","68B04","0","","1.0","","1","N","N","","0","","0","0","0","","0","N","","2","0","0","0","0","0","0","2","0","2","","","","N","","","","","","","","","",""
"2009099454","","1","0","0","0","0","0","0","0","0","99","0","","02","10","2009","2","40.5257","-79.8515","","11","0","0","0","0","0","1","0","0","","0","0","0","","","0","","0","","40 31:32.520","","0","79 51:05.400","0","0","0","0","2208","0","0","0","N","0","0","0","1","68D02","0","","1.0","","1","N","N","","0","","0","0","0","","0","","","1","0","0","0","0","0","0","2","0","1","","","","N","","","","","","","","","",""
"2009099501","","1","0","0","0","0","0","0","0","0","5","0","","02","10","2009","3","40.492056","-80.061578","","11","0","0","0","0","0","2","0","0","","0","0","0","","","0","","0","","40 29:31.401","","7","80 03:41.680","0","0","0","0","2404","0","0","0","N","0","0","0","2","02404","0","","1.0","","1","N","N","","1","","0","0","0","","0","","","2","0","0","0","0","0","0","2","0","2","","","","N","","","","","","","","","",""
"2009099506","","1","0","0","1","0","0","0","0","0","8","0","","02","10","2009","3","40.447321","-79.943739","","11","0","0","0","0","0","0","0","0","1","0","0","0","","","1","","0","","40 26:50.354","3","7","79 56:37.461","4","0","0","0","2301","1","0","0","N","0","0","0","2","02301","1","","1.0","","1","N","N","","0","","0","0","0","","0","N","","2","1","0","0","0","0","0","2","0","1","","","","N","","","","","","","","","",""
"2009099532","","0","0","0","0","0","0","0","0","0","7","0","","02","10","2009","3","40.378693","-79.957865","","11","0","0","0","0","0","0","0","0","1","0","0","0","","","0","","2","","40 22:43.294","4","0","79 57:28.314","0","0","0","0","2403","0","0","0","N","0","0","0","1","02403","0","","5.0","","1","N","N","","1","","0","0","0","","0","N","","1","0","0","0","0","0","0","2","0","1","","","","N","","","","","","","","","",""
"2009099537","","1","0","0","0","0","0","0","0","0","7","0","","02","10","2009","4","40.396316","-80.004222","","11","0","0","0","0","0","0","0","0","","0","0","0","","","0","","0","","40 23:46.737","","0","80 00:15.199","0","0","0","0","2301","0","0","0","N","0","0","0","1","02301","0","","5.0","","9","N","N","","2","","0","0","0","","0","","","3","0","1","0","0","0","0","2","0","3","","","","N","","","","","","","","","",""
"2009099541","","1","0","0","0","0","0","1","0","0","5","1","","02","10","2009","3","40.424146","-80.043428","","11","0","0","0","0","0","1","0","1","1","0","0","0","","","0","","2","","40 25:26.926","1","0","80 02:36.342","0","0","0","0","2435","0","0","0","N","0","0","0","2","02435","0","","1.0","","1","Y","Y","","0","","0","0","0","","0","N","","2","0","0","0","0","0","0","2","0","2","","","","N","","","","","","","","","",""
"2009099543","","3","0","0","0","0","0","0","0","0","4","0","","02","10","2009","4","40.49035","-79.786035","","11","0","0","0","0","0","0","0","0","","0","0","0","","","0","","0","","40 29:25.260","","0","79 47:09.726","0","0","0","0","2113","0","0","0","N","0","0","0","1","02113","0","","1.0","","1","N","N","","1","","0","0","0","","0","","","4","0","1","0","0","0","0","2","0","4","","","","N","","","","","","","","","",""
"2009099556","","1","0","0","0","0","0","0","0","0","7","0","","02","9","2009","7","40.4263","-79.8942","","11","0","0","0","0","0","0","0","0","","0","0","0","","","0","","0","","40 25:34.680","","0","79 53:39.120","0","0","0","0","2301","0","0","0","N","0","0","0","3","68B03","0","","4.0","","1","N","N","","1","","0","0","0","","0","","","2","0","0","0","0","0","0","2","0","2","","","","N","","","","","","","","","",""
"2009099557","","0","0","0","0","0","0","0","0","0","1","0","","02","10","2009","3","40.637196","-80.098181","","11","0","0","0","0","0","1","0","0","1","0","0","0","","","2","","0","","40 38:13.904","2","0","80 05:53.453","3","0","0","0","2212","0","0","0","N","0","0","0","2","68B03","1","","1.0","","1","N","N","","0","","1","0","1","","0","N","","2","2","0","0","0","0","0","2","1","2","","","","N","","","","","","","","","",""
"2009099669","","0","0","0","0","0","0","0","0","0","0","0","55","02","10","2009","6","40.628583","-79.984375","","11","0","0","0","0","0","0","0","0","1","0","0","0","","","1","","0","","40 37:42.898","3","0","79 59:03.749","4","0","0","1","2216","0","0","0","N","0","0","0","1","68T02","1","","1.0","","9","N","N","","0","","0","0","0","","0","N","","1","1","0","0","0","0","0","1","0","1","","","N","Y","8","1","N","N","N","N","N","Y","Y",""
"2009099671","","1","0","0","0","0","0","0","0","0","99","0","","02","10","2009","2","40.4255","-79.7381","","11","0","0","0","0","0","0","0","0","","0","0","0","","","0","","0","","40 25:31.800","","0","79 44:17.160","0","0","0","0","2446","0","0","0","N","0","0","0","1","68T09","0","","1.0","","1","N","N","","0","","0","0","0","","0","","","1","0","0","0","0","0","0","2","0","1","","","","N","","","","","","","","","",""
"2009099672","","0","0","0","0","0","0","0","0","0","4","0","","02","10","2009","3","40.427042","-79.757769","","11","0","1","0","0","0","0","0","0","","0","0","0","","","1","","0","","40 25:37.350","","7","79 45:27.969","4","0","0","0","2446","0","0","0","N","0","0","0","2","02446","1","","1.0","","1","N","Y","","1","","0","0","1","","3","","","2","1","0","0","0","0","0","2","0","2","","","","N","","","","","","","","","",""
"2009099695","","2","0","0","0","0","0","0","0","0","1","0","","02","10","2009","4","40.557603","-79.851216","","11","0","0","0","0","0","0","0","0","","0","0","0","","","0","","0","","40 33:27.370","","0","79 51:04.378","9","0","0","0","2208","0","0","0","N","0","0","0","3","02208","0","","1.0","","1","N","N","","0","","0","0","0","","0","","","2","0","0","0","0","0","1","2","0","2","","","","N","","","","","","","","","",""
"2009099696","","0","0","0","0","0","0","0","0","0","4","1","","02","10","2009","6","40.438688","-79.750209","","11","0","0","0","0","0","1","0","0","1","0","1","0","","","1","","0","","40 26:19.275","3","0","79 45:00.754","4","0","0","0","2446","0","0","0","N","0","0","0","2","02446","1","","1.0","","1","N","N","","0","","0","0","1","","0","N","","2","1","0","0","0","0","0","2","0","2","","","","N","","","","","","","","","",""
"2009099703","","0","0","0","0","0","0","0","0","0","7","0","","02","10","2009","4","","","","11","0","0","0","0","0","0","0","0","","0","0","0","","","0","","0","","","","0","","0","0","0","0","2112","0","0","0","N","0","0","0","2","02112","0","","2.0","","1","N","N","","0","","0","0","1","","0","","","1","0","0","0","0","0","0","1","0","1","","","","N","","","","","","","","","",""
"2009099714","","2","0","0","0","0","0","0","0","0","2","0","","02","10","2009","3","40.368758","-79.917508","","11","0","0","0","0","0","0","0","1","1","0","0","0","","","0","","1","","40 22:07.528","5","0","79 55:03.028","0","0","0","0","2301","0","0","0","N","0","0","0","3","02301","0","","1.0","","1","N","N","","0","","0","0","0","","3","Y","","2","0","1","0","0","0","0","2","0","2","","","","N","","","","","","","","","",""
"2009099717","","2","0","0","0","0","0","0","0","0","1","0","","02","10","2009","3","40.438067","-79.922993","","11","0","0","0","0","0","0","1","0","1","0","0","0","","","0","","1","","40 26:17.041","2","0","79 55:22.774","0","0","0","0","2301","0","0","0","N","0","0","0","4","02301","0","","1.0","","1","N","N","","0","","0","0","2","","2","N","","4","0","0","0","0","0","0","2","0","4","","","","N","","","","","","","","","",""
"2009099718","","0","0","0","0","0","0","0","0","0","8","0","","02","10","2009","4","40.473948","-79.957956","","11","0","0","0","0","0","0","0","0","","0","0","0","","","1","","2","","40 28:26.211","","0","79 57:28.643","8","0","0","0","2301","1","0","0","N","1","0","0","2","02301","0","","1.0","","1","N","N","","0","","0","0","1","","0","","","2","1","0","0","0","1","0","2","0","1","","","","N","","","","","","","","","",""
"2009099719","","0","0","0","0","0","0","0","0","0","1","0","","02","10","2009","4","40.601961","-79.75715","","11","0","0","0","0","0","0","0","0","1","0","0","0","","","1","","5","","40 36:07.058","4","0","79 45:25.741","8","0","0","0","2464","0","0","0","N","0","0","0","3","02464","0","","1.0","","1","N","N","","2","","0","0","0","","2","Y","","2","1","0","0","0","1","0","2","0","2","","","","N","","","","","","","","","",""
"2009099721","","0","0","0","0","0","0","0","0","0","1","0","","02","10","2009","3","40.603259","-79.757205","","11","0","0","0","0","0","2","0","0","1","0","0","0","","","1","","2","","40 36:11.733","2","0","79 45:25.939","4","0","0","0","2464","0","0","0","N","0","0","0","3","02464","1","","1.0","","1","N","N","","2","","0","0","0","","0","N","","3","1","0","0","0","0","0","2","1","3","","","","N","","","","","","","","","",""
"2009099730","","2","0","0","0","0","0","0","0","0","1","0","","02","10","2009","4","40.39356","-80.019691","","11","0","0","0","0","0","2","0","0","","0","0","0","","","1","","0","","40 23:36.816","","0","80 01:10.887","8","0","0","0","2301","0","0","0","N","0","0","0","3","02301","0","","1.0","","1","N","N","","0","","0","0","1","","0","","","3","1","0","0","0","1","0","2","0","3","","","","N","","","","","","","","","",""
"2009099731","","1","0","0","0","0","0","0","0","0","8","0","25","02","10","2009","6","","","","11","0","0","0","0","0","0","0","1","9","0","0","0","","","1","","6","","","6","3","","8","0","0","0","2456","1","0","0","N","1","0","0","2","02456","0","","1.0","","1","N","N","","0","","0","0","0","","7","N","","2","1","0","0","0","1","0","1","0","1","","","U","Y","8","1","","","Y","","","Y","",""
"2009099733","","0","0","0","0","0","0","0","0","0","0","0","","02","10","2009","2","40.573376","-79.960791","","11","0","1","0","0","0","0","0","0","4","0","0","0","","","6","","0","","40 34:24.154","5","0","79 57:38.849","4","0","0","0","2207","0","0","0","N","0","0","0","6","02207","3","","1.0","","1","N","N","","0","","0","0","1","","0","Y","","1","6","1","0","0","3","0","2","0","1","","","","N","","","","","","","","","",""
"2009099741","","2","0","0","0","0","0","0","0","0","1","0","","02","10","2009","4","40.320551","-79.956887","","11","0","0","0","0","0","2","0","0","1","0","0","0","","","0","","0","","40 19:13.983","2","0","79 57:24.793","0","0","0","0","2440","0","0","0","N","0","0","0","2","02440","0","","1.0","","1","N","N","","0","","0","0","0","","0","N","","2","0","0","0","0","0","0","2","0","2","","","","N","","","","","","","","","",""
"2009099744","","0","0","1","0","0","0","0","0","0","2","0","","02","10","2009","4","40.429354","-79.999194","","11","0","0","0","0","0","0","1","0","2","0","0","0","","","2","","2","","40 25:45.675","5","3","79 59:57.097","2","0","0","0","2301","0","0","0","Y","0","0","0","3","02301","0","","1.0","","1","N","N","","1","","1","1","0","","8","N","","2","2","0","0","0","0","0","2","1","2","","","","N","","","","","","","","","",""
"2009099756","","0","0","0","0","0","0","0","0","0","0","1","","02","9","2009","2","40.406115","-79.912107","","11","0","0","0","0","0","2","0","0","1","0","1","0","","","1","","1","","40 24:22.014","4","0","79 54:43.585","8","0","0","1","2438","0","0","0","N","0","0","0","2","02438","0","","1.0","","1","N","N","","0","","0","0","0","","2","N","","2","1","0","0","0","1","0","2","0","2","","","","N","","","","","","","","","",""