"CRN","ARRIVAL_TM","AUTOMOBILE_COUNT","BELTED_DEATH_COUNT","BELTED_SUSP_SERIOUS_INJ_COUNT","BICYCLE_COUNT","BICYCLE_DEATH_COUNT","BICYCLE_SUSP_SERIOUS_INJ_COUNT","BUS_COUNT","CHLDPAS_DEATH_COUNT","CHLDPAS_SUSP_SERIOUS_INJ_COUNT","COLLISION_TYPE","COMM_VEH_COUNT","CONS_ZONE_SPD_LIM","COUNTY","CRASH_MONTH","CRASH_YEAR","DAY_OF_WEEK","DEC_LATITUDE","DEC_LONGITUDE","DISPATCH_TM","DISTRICT","DRIVER_COUNT_16YR","DRIVER_COUNT_17YR","DRIVER_COUNT_18YR","DRIVER_COUNT_19YR","DRIVER_COUNT_20YR","DRIVER_COUNT_50_64YR","DRIVER_COUNT_65_74YR","DRIVER_COUNT_75PLUS","EST_HRS_CLOSED","FATAL_COUNT","HEAVY_TRUCK_COUNT","HORSE_BUGGY_COUNT","HOUR_OF_DAY","ILLUMINATION","INJURY_COUNT","INTERSECTION_RELATED","INTERSECT_TYPE","LANE_CLOSED","LATITUDE","LN_CLOSE_DIR","LOCATION_TYPE","LONGITUDE","MAX_SEVERITY_LEVEL","MCYCLE_DEATH_COUNT","MCYCLE_SUSP_SERIOUS_INJ_COUNT","MOTORCYCLE_COUNT","MUNICIPALITY","NONMOTR_COUNT","NONMOTR_DEATH_COUNT","NONMOTR_SUSP_SERIOUS_INJ_COUNT","NTFY_HIWY_MAINT","PED_COUNT","PED_DEATH_COUNT","PED_SUSP_SERIOUS_INJ_COUNT","PERSON_COUNT","POLICE_AGCY","POSSIBLE_INJ_COUNT","RDWY_SURF_TYPE_CD","RELATION_TO_ROAD","ROADWAY_CLEARED","ROAD_CONDITION","SCH_BUS_IND","SCH_ZONE_IND","SECONDARY_CRASH","SMALL_TRUCK_COUNT","SPEC_JURIS_CD","SUSP_MINOR_INJ_COUNT","SUSP_SERIOUS_INJ_COUNT","SUV_COUNT","TCD_FUNC_CD","TCD_TYPE","TFC_DETOUR_IND","TIME_OF_DAY","TOTAL_UNITS","TOT_INJ_COUNT","UNBELTED_OCC_COUNT","UNB_DEATH_COUNT","UNB_SUSP_SERIOUS_INJ_COUNT","UNK_INJ_DEG_COUNT","UNK_INJ_PER_COUNT","URBAN_RURAL","VAN_COUNT","VEHICLE_COUNT","WEATHER1","WEATHER2","WORKERS_PRES","WORK_ZONE_IND","WORK_ZONE_LOC","WORK_ZONE_TYPE","WZ_CLOSE_DETOUR","WZ_FLAGGER","WZ_LAW_OFFCR_IND","WZ_LN_CLOSURE","WZ_MOVING","WZ_OTHER","WZ_SHLDER_MDN","WZ_WORKERS_INJ_KILLED"
"2009100788","","0","0","0","0","0","0","0","0","0","4","0","","02","10","2009","6","40.456642","-79.939679","","11","0","0","0","0","0","0","0","0","","0","0","0","","","0","","1","","40 27:23.912","","0","79 56:22.843","9","0","0","0","2301","0","0","0","N","0","0","0","2","02301","0","","1.0","","9","N","N","","1","","0","0","0","","1","","","2","0","0","0","0","0","2","2","1","2","","","","N","","","","","","","","","",""
"2009100845","","1","0","0","0","0","0","0","0","0","4","0","","02","9","2009","4","40.511796","-80.091857","","11","0","0","0","0","0","0","0","1","2","0","0","0","","","2","","2","","40 30:42.465","7","0","80 05:30.685","4","0","0","0","2429","0","0","0","N","0","0","0","3","02215","1","","1.0","","1","N","N","","0","","0","0","2","","0","N","","3","2","0","0","0","1","0","2","0","3","","","","N","","","","","","","","","",""
"2009100850","","2","0","0","0","0","0","0","0","0","4","0","","02","10","2009","5","40.337098","-79.809446","","11","0","0","0","0","0","0","0","1","1","0","0","0","","","2","","0","","40 20:13.551","2","7","79 48:34.004","3","0","0","0","2477","0","0","0","N","0","0","0","2","02477","0","","1.0","","9","N","N","","0","","1","0","0","","0","N","","2","2","1","0","0","1","0","2","0","2","","","","N","","","","","","","","","",""
"2009100861","","1","0","0","0","0","0","0","0","0","1","0","","02","10","2009","6","40.432765","-80.028215","","11","0","0","0","0","0","1","0","0","1","0","0","0","","","2","","3","","40 25:57.954","3","0","80 01:41.575","4","0","0","0","2301","0","0","0","N","0","0","0","4","02301","2","","1.0","","9","N","N","","0","","0","0","0","","4","N","","2","2","0","0","0","0","0","2","0","2","","","","N","","","","","","","","","",""
"2009100862","","2","0","0","0","0","0","0","0","0","4","0","","02","10","2009","3","40.338931","-79.960406","","11","0","0","0","0","0","0","1","0","","0","0","0","","","0","","1","","40 20:20.150","","0","79 57:37.463","0","0","0","0","2454","0","0","0","N","0","0","0","3","02454","0","","1.0","","1","N","N","","0","","0","0","0","","2","","","2","0","0","0","0","0","0","2","0","2","","","","N","","","","","","","","","",""
"2009100871","","1","0","0","0","0","0","0","0","0","0","0","","02","10","2009","6","40.372209","-79.917183","","11","0","0","0","0","0","0","0","0","","0","0","0","","","0","","2","","40 22:19.954","","0","79 55:01.858","0","0","0","0","2301","0","0","0","N","0","0","0","1","02301","0","","1.0","","9","N","N","","0","","0","0","0","","0","","","1","0","0","0","0","0","0","2","0","1","","","","N","","","","","","","","","",""
"2009100875","","1","0","0","0","0","0","0","0","0","5","0","","02","10","2009","6","40.48337","-80.01288","","11","0","0","0","0","0","0","0","0","","0","0","0","","","0","","0","","40 29:00.131","","0","80 00:46.369","0","0","0","0","2301","0","0","0","N","0","0","0","1","02301","0","","6.0","","9","N","N","","0","","0","0","1","","0","","","2","0","0","0","0","0","0","2","0","2","","","","N","","","","","","","","","",""
"2009100882","","1","0","0","0","0","0","0","0","0","5","0","","02","10","2009","6","40.592531","-79.947895","","11","0","0","0","0","0","0","0","0","","0","0","0","","","1","","0","","40 35:33.112","","0","79 56:52.421","4","0","0","0","2207","0","0","0","N","0","0","0","2","02207","1","","1.0","","1","N","N","","1","","0","0","0","","0","","","2","1","0","0","0","0","0","2","0","2","","","","N","","","","","","","","","",""
"2009100894","","2","0","0","0","0","0","0","0","0","2","0","","02","10","2009","6","40.396969","-79.978439","","11","0","0","0","0","0","0","0","0","1","0","0","0","","","0","","0","","40 23:49.088","4","0","79 58:42.380","0","0","0","0","2301","0","0","0","N","0","0","0","2","02301","0","","1.0","","1","N","N","","0","","0","0","0","","0","N","","2","0","0","0","0","0","0","2","0","2","","","","N","","","","","","","","","",""
"2009100895","","2","0","0","0","0","0","0","0","0","1","0","","02","10","2009","6","40.465466","-79.946427","","11","0","0","0","0","0","2","0","0","2","0","0","0","","","1","","1","","40 27:55.677","2","0","79 56:47.137","8","0","0","0","2301","0","0","0","N","0","0","0","2","02301","0","","1.0","","1","N","N","","0","","0","0","0","","2","N","","2","1","2","0","0","1","0","2","0","2","","","","N","","","","","","","","","",""
"2009100897","","2","0","0","0","0","0","0","0","0","4","0","","02","10","2009","4","40.335871","-80.074257","","11","0","0","0","0","0","0","0","0","","0","0","0","","","0","","0","","40 20:09.134","","7","80 04:27.326","0","0","0","0","2123","0","0","0","N","0","0","0","3","02123","0","","1.0","","1","N","N","","0","","0","0","0","","3","","","2","0","0","0","0","0","0","2","0","2","","","","N","","","","","","","","","",""
"2009100912","","0","0","0","0","0","0","0","0","0","7","0","","02","10","2009","7","40.495049","-79.972304","","11","0","0","0","0","0","0","0","0","2","0","0","0","","","1","","0","","40 29:42.177","3","0","79 58:20.293","4","0","0","0","2445","0","0","0","N","0","0","0","1","02445","1","","2.0","","1","N","N","","1","","0","0","0","","0","N","","1","1","0","0","0","0","0","2","0","1","","","","N","","","","","","","","","",""
"2009100914","","3","0","0","0","0","0","0","0","0","1","0","","02","10","2009","5","40.489423","-79.972074","","11","0","0","0","0","0","2","0","0","","0","0","0","","","0","","0","","40 29:21.923","","0","79 58:19.465","0","0","0","0","2445","0","0","0","N","0","0","0","3","02445","0","","1.0","","9","N","N","","0","","0","0","0","","0","","","3","0","0","0","0","0","0","2","0","3","","","","N","","","","","","","","","",""
"2009100917","","1","0","0","0","0","0","0","0","0","4","0","","02","10","2009","6","40.396155","-80.021653","","11","0","0","0","0","0","0","0","0","","0","0","0","","","0","","1","","40 23:46.158","","0","80 01:17.950","0","0","0","0","2301","0","0","0","N","0","0","0","4","02301","0","","1.0","","1","N","N","","1","","0","0","0","","3","","","2","0","0","0","0","0","0","2","0","2","","","","N","","","","","","","","","",""
"2009100927","","1","0","0","0","0","0","0","0","0","4","0","","02","10","2009","5","40.438004","-80.148768","","11","0","0","0","0","0","0","1","0","","0","0","0","","","0","","1","","40 26:16.815","","0","80 08:55.566","0","0","0","0","2115","0","0","0","N","0","0","0","2","02115","0","","1.0","","9","N","N","","0","","0","0","1","","2","","","2","0","0","0","0","0","0","2","0","2","","","","N","","","","","","","","","",""
"2009100936","","2","0","0","0","0","0","0","0","0","1","0","","02","10","2009","6","","","","11","0","0","0","0","0","0","0","0","","0","0","0","","","0","","0","","","","7","","0","0","0","0","2448","0","0","0","N","0","0","0","2","02448","0","","1.0","","9","N","N","","0","","0","0","0","","0","","","2","0","0","0","0","0","0","2","0","2","","","","N","","","","","","","","","",""
"2009100962","","2","0","0","0","0","0","0","0","0","4","0","","02","10","2009","3","40.53593","-80.124803","","11","0","0","0","0","0","0","1","0","","0","0","0","","","0","","0","","40 32:09.347","","0","80 07:29.289","0","0","0","0","2125","0","0","0","N","0","0","0","3","68B03","0","","1.0","","1","N","N","","0","","0","0","0","","0","","","2","0","0","0","0","0","0","2","0","2","","","","N","","","","","","","","","",""
"2009101059","","1","0","0","0","0","0","0","0","0","1","0","","02","10","2009","4","40.208853","-79.852743","","11","0","0","0","0","0","0","0","0","1","0","0","0","","","1","","0","","40 12:31.870","3","0","79 51:09.875","8","0","0","0","2204","0","0","0","N","0","0","0","3","02204","0","","1.0","","1","N","N","","1","","0","0","1","","0","N","","3","1","0","0","0","1","0","1","0","3","","","","N","","","","","","","","","",""
"2009101062","","1","0","0","0","0","0","0","0","0","1","0","","02","10","2009","6","40.429979","-79.957805","","11","0","0","0","0","0","1","0","1","1","0","0","0","","","0","","2","","40 25:47.923","2","3","79 57:28.097","0","0","0","0","2301","0","0","0","N","0","0","0","2","02301","0","","1.0","","9","N","N","","0","","0","0","1","","2","N","","2","0","0","0","0","0","0","2","0","2","","","","N","","","","","","","","","",""
"2009101064","","1","0","0","0","0","0","1","0","0","1","1","","02","10","2009","6","40.431985","-80.003564","","11","0","0","0","0","0","0","0","0","","0","0","0","","","1","","0","","40 25:55.146","","0","80 00:12.832","4","0","0","0","2301","0","0","0","N","0","0","0","11","02503","1","","1.0","","9","N","N","","0","","0","0","1","","0","","","3","1","0","0","0","0","0","2","0","3","","","","N","","","","","","","","","",""
"2009101065","","2","0","0","0","0","0","0","0","0","1","0","","02","10","2009","6","40.346601","-79.79259","","11","0","0","0","0","0","0","1","0","2","0","0","0","","","2","","2","","40 20:47.763","5","0","79 47:33.325","8","0","0","0","2477","0","0","0","N","0","0","0","4","02477","0","","1.0","","9","N","N","","1","","0","0","0","","0","N","","3","2","0","0","0","2","0","2","0","3","","","","N","","","","","","","","","",""
"2009101069","","1","0","0","0","0","0","0","0","0","4","0","","02","10","2009","6","40.435822","-79.966717","","11","0","0","0","0","0","0","1","0","","0","0","0","","","1","","0","","40 26:08.960","","2","79 58:00.182","4","0","0","0","2301","0","0","0","N","0","0","0","2","02301","1","","1.0","","9","N","N","","0","","0","0","1","","0","","","2","1","0","0","0","0","0","2","0","2","","","","N","","","","","","","","","",""
"2009101072","","0","0","0","0","0","0","0","0","0","1","1","","02","10","2009","6","40.45115","-79.907132","","11","0","0","0","0","0","0","0","0","1","0","1","0","","","0","","0","","40 27:04.140","3","0","79 54:25.676","0","0","0","0","2301","0","0","0","N","0","0","0","3","02301","0","","1.0","","9","N","N","","0","","0","0","1","","0","N","","2","0","0","0","0","0","0","2","0","2","","","","N","","","","","","","","","",""
"2009101080","","0","0","0","0","0","0","0","0","0","8","0","","02","10","2009","6","40.468748","-79.92751","","11","0","0","0","0","0","0","0","0","1","0","0","0","","","1","","2","","40 28:07.492","4","0","79 55:39.036","3","0","0","0","2301","1","0","0","N","1","0","0","2","02301","0","","4.0","","9","N","N","","0","","1","0","1","","2","N","","2","1","0","0","0","0","0","2","0","1","","","","N","","","","","","","","","",""
"2009101081","","1","0","0","0","0","0","0","0","0","7","0","","02","10","2009","7","","","","11","0","0","0","1","0","0","0","0","","0","0","0","","","0","","7","","","","0","","0","0","0","0","2301","0","0","0","N","0","0","0","2","02301","0","","2.0","","9","N","N","","0","","0","0","0","","0","","","1","0","0","0","0","0","0","1","0","1","","","","N","","","","","","","","","",""
"2009101082","","1","0","0","0","0","0","0","0","0","7","0","","02","10","2009","7","40.43575","-79.962692","","11","0","0","0","0","0","0","0","0","2","0","0","0","","","0","","0","","40 26:08.700","4","0","79 57:45.691","0","0","0","0","2301","0","0","0","N","0","0","0","1","02301","0","","3.0","","9","N","N","","0","","0","0","0","","0","N","","1","0","0","0","0","0","0","2","0","1","","","","N","","","","","","","","","",""
"2009101088","","0","0","0","0","0","0","0","0","0","7","0","99","02","10","2009","7","","","","11","0","0","0","0","0","0","0","0","1","0","0","0","","","0","","0","","","6","0","","0","0","0","0","2301","0","0","0","N","0","0","0","1","02301","0","","1.0","","9","N","N","","0","","0","0","1","","0","N","","1","0","0","0","0","0","0","1","0","1","","","N","Y","4","1","","","N","Y","","","",""
"2009101092","","1","0","0","0","0","0","0","0","0","5","0","","02","10","2009","7","40.43981","-79.96554","","11","0","0","0","0","0","0","0","0","2","0","0","0","","","0","","0","","40 26:23.316","6","0","79 57:55.944","0","0","0","0","2301","0","0","0","N","0","0","0","1","02301","0","","6.0","","9","N","N","","0","","0","0","1","","0","Y","","2","0","0","0","0","0","0","2","0","2","","","","N","","","","","","","","","",""
"2009101093","","1","0","0","0","0","0","0","0","0","99","0","","02","10","2009","7","40.447425","-79.942471","","11","0","0","0","0","0","0","0","0","1","0","0","0","","","0","","1","","40 26:50.730","1","0","79 56:32.895","9","0","0","0","2301","0","0","0","N","0","0","0","1","02301","0","","9.0","","9","N","N","","0","","0","0","0","","2","N","","1","0","0","0","0","0","1","2","0","1","","","","N","","","","","","","","","",""
"2009101098","","3","0","0","0","0","0","0","0","0","1","0","","02","10","2009","6","40.381044","-79.811948","","11","0","0","0","0","0","1","1","0","","0","0","0","","","2","","0","","40 22:51.759","","0","79 48:43.014","4","0","0","0","2424","0","0","0","N","0","0","0","4","02424","1","","1.0","","9","N","N","","0","","0","0","0","","2","","","3","2","0","0","0","1","0","2","0","3","","","","N","","","","","","","","","",""
"2009101099","","0","0","0","0","0","0","0","0","0","4","0","","02","10","2009","6","40.638937","-79.711305","","11","0","1","0","0","0","0","0","0","","0","0","0","","","2","","1","","40 38:20.173","","0","79 42:40.699","3","0","0","0","2106","0","0","0","N","0","0","0","5","02106","1","","1.0","","9","N","N","","0","","1","0","2","","0","","","2","2","0","0","0","0","0","2","0","2","","","","N","","","","","","","","","",""
"2009101100","","2","0","0","0","0","0","0","0","0","1","0","","02","10","2009","6","40.43","-79.808709","","11","0","0","0","0","1","0","0","0","1","0","0","0","","","2","","2","","40 25:48.001","4","0","79 48:31.353","4","0","0","0","2124","0","0","0","N","0","0","0","2","02124","2","","1.0","","9","N","N","","0","","0","0","0","","2","N","","2","2","0","0","0","0","0","2","0","2","","","","N","","","","","","","","","",""
"2009101149","","1","0","0","0","0","0","0","0","0","1","0","40","02","10","2009","7","40.6066","-79.941","","11","0","0","0","0","0","0","0","0","","0","0","0","","","1","","0","","40 36:23.760","","0","79 56:27.600","8","0","0","0","2207","0","0","0","N","0","0","0","3","68T02","0","","1.0","","1","N","N","","0","","0","0","1","","0","","","2","1","0","0","0","1","0","2","0","2","","","N","Y","3","1","N","N","N","N","Y","N","N",""
"2009101150","","1","0","0","0","0","0","0","0","0","7","0","","02","10","2009","5","40.598599","-79.921527","","11","0","0","0","0","0","0","0","0","","0","0","0","","","0","","0","","40 35:54.955","","0","79 55:17.498","0","0","0","0","2207","0","0","0","N","0","0","0","1","68T02","0","","2.0","","9","N","N","","0","","0","0","0","","0","","","1","0","0","0","0","0","0","1","0","1","","","","N","","","","","","","","","",""
"2009101181","","2","0","0","0","0","0","0","0","0","4","0","","02","10","2009","7","40.463268","-79.922422","","11","0","0","0","0","0","1","0","0","","0","0","0","","","1","","10","","40 27:47.766","","0","79 55:20.720","4","0","0","0","2301","0","0","0","N","0","0","0","2","02301","1","","1.0","","9","N","N","","0","","0","0","0","","0","","","2","1","0","0","0","0","0","2","0","2","","","","N","","","","","","","","","",""
"2009101187","","1","0","0","0","0","0","0","0","1","7","0","","02","10","2009","2","40.288908","-80.008447","","11","0","0","0","0","0","0","0","0","1","0","0","0","","","2","","0","","40 17:20.070","2","0","80 00:30.410","2","0","0","0","2219","0","0","0","N","0","0","0","2","02219","0","","5.0","","1","N","N","","0","","1","1","0","","0","Y","","1","2","0","0","0","0","0","2","0","1","","","","N","","","","","","","","","",""
"2009101192","","1","0","0","0","0","0","0","0","0","4","0","","02","10","2009","2","40.290658","-79.913337","","11","0","0","0","0","0","1","0","0","","0","0","0","","","0","","2","","40 17:26.370","","0","79 54:48.014","0","0","0","0","2440","0","0","0","N","0","0","0","3","02440","0","","1.0","","1","N","N","","1","","0","0","0","","3","","","2","0","0","0","0","0","0","2","0","2","","","","N","","","","","","","","","",""
"2009101196","","2","0","0","0","0","0","0","0","0","1","0","","02","10","2009","7","40.440495","-79.82856","","11","0","0","0","0","0","1","0","0","1","0","0","0","","","0","","0","","40 26:25.781","2","1","79 49:42.817","0","0","0","0","2419","0","0","0","N","0","0","0","2","02419","0","","1.0","","1","N","N","","0","","0","0","0","","0","N","","2","0","0","0","0","0","0","2","0","2","","","","N","","","","","","","","","",""
"2009101200","","1","0","0","0","0","0","0","0","0","1","0","","02","10","2009","7","40.523193","-79.868294","","11","0","0","0","0","0","0","0","0","","0","0","0","","","1","","0","","40 31:23.496","","0","79 52:05.858","4","0","0","0","2112","0","0","0","N","0","0","0","3","02112","1","","1.0","","1","N","N","","2","","0","0","1","","0","","","4","1","2","0","0","0","0","2","0","4","","","","N","","","","","","","","","",""
"2009101202","","1","0","0","0","0","0","0","0","0","1","0","","02","10","2009","3","40.275566","-79.892876","","11","0","0","1","0","0","1","0","0","","0","0","0","","","0","","7","","40 16:32.037","","2","79 53:34.352","0","0","0","0","2440","0","0","0","N","0","0","0","2","02440","0","","1.0","","1","N","N","","1","","0","0","0","","3","","","2","0","0","0","0","0","0","2","0","2","","","","N","","","","","","","","","",""
"2009101206","","1","0","0","0","0","0","0","0","0","0","0","","02","10","2009","7","40.487886","-79.920269","","11","0","0","0","0","0","0","0","0","","0","0","0","","","0","","0","","40 29:16.390","","0","79 55:12.967","0","0","0","0","2301","0","0","0","N","0","0","0","2","02301","0","","1.0","","1","N","N","","0","","0","0","0","","0","","","1","0","0","0","0","0","0","2","0","1","","","","N","","","","","","","","","",""
"2009101215","","2","0","0","0","0","0","0","0","0","1","0","","02","10","2009","7","40.467426","-79.834599","","11","0","0","1","1","0","0","0","0","","0","0","0","","","1","","2","","40 28:02.732","","0","79 50:04.558","4","0","0","0","2113","0","0","0","N","0","0","0","4","02113","1","","1.0","","1","N","N","","0","","0","0","0","","0","","","2","1","0","0","0","0","1","2","0","2","","","","N","","","","","","","","","",""
"2009101223","","1","0","0","0","0","0","0","0","0","4","0","","02","10","2009","7","40.457512","-79.917393","","11","0","0","0","0","0","0","0","0","","0","0","0","","","4","","1","","40 27:27.044","","0","79 55:02.616","4","0","0","0","2301","0","0","0","N","0","0","0","4","02301","4","","1.0","","1","N","N","","0","","0","0","1","","2","","","2","4","0","0","0","0","0","2","0","2","","","","N","","","","","","","","","",""
"2009101227","","1","0","0","0","0","0","0","0","0","0","0","","02","10","2009","7","40.49036","-79.971715","","11","0","0","0","0","0","0","0","0","2","0","0","0","","","1","","1","","40 29:25.297","2","0","79 58:18.175","4","0","0","1","2445","0","0","0","N","0","0","0","2","02445","1","","1.0","","1","N","N","","0","","0","0","0","","3","N","","2","1","0","0","0","0","0","2","0","2","","","","N","","","","","","","","","",""
"2009101244","","0","0","0","0","0","0","0","0","0","7","0","","02","9","2009","2","40.4356","-79.9997","","11","0","0","0","0","0","0","0","0","1","0","0","0","","","0","","0","","40 26:08.160","3","0","79 59:58.920","9","0","0","0","2301","0","0","0","N","0","0","0","5","68B03","0","","4.0","","1","N","N","","0","","0","0","1","","0","N","","1","0","0","0","0","0","1","2","0","1","","","","N","","","","","","","","","",""
"2009101245","","2","0","0","0","0","0","0","0","0","1","0","","02","10","2009","6","40.595","-80.0949","","11","0","0","1","0","0","1","0","0","1","0","0","0","","","0","","0","","40 35:42.000","2","0","80 05:41.640","0","0","0","0","2481","0","0","0","N","0","0","0","4","68B03","0","","1.0","","9","N","N","","0","","0","0","0","","0","N","","2","0","0","0","0","0","0","2","0","2","","","","N","","","","","","","","","",""
"2009101246","","1","0","0","0","0","0","0","0","0","0","0","55","02","10","2009","4","40.4234","-80.1063","","11","0","0","0","0","0","0","0","0","1","0","0","0","","","1","","0","","40 25:24.240","4","0","80 06:22.680","4","0","0","0","2102","0","0","0","N","0","0","0","1","68B03","1","","1.0","","1","N","N","","0","","0","0","0","","0","N","","2","1","0","0","0","0","0","2","0","1","","","Y","Y","1","2","N","N","N","Y","N","N","Y",""
"2009101271","","0","0","0","0","0","0","0","0","0","7","0","","02","10","2009","7","40.408445","-79.848494","","11","0","0","0","0","0","0","0","0","2","0","0","0","","","1","","0","","40 24:30.402","3","0","79 50:54.578","4","0","0","0","2449","0","0","0","N","0","0","0","1","02449","1","","5.0","","1","N","N","","1","","0","0","0","","0","N","","1","1","0","0","0","0","0","2","0","1","","","","N","","","","","","","","","",""
"2009101274","","2","0","0","0","0","0","0","0","0","7","0","","02","10","2009","5","40.381093","-79.811876","","11","0","0","0","0","0","0","0","0","","0","0","0","","","0","","0","","40 22:51.933","","0","79 48:42.752","0","0","0","0","2424","0","0","0","N","0","0","0","1","02424","0","","9.0","","1","N","N","","0","","0","0","0","","7","","","2","0","0","0","0","0","0","2","0","2","","","","N","","","","","","","","","",""
"2009101283","","0","0","0","0","0","0","0","0","0","7","0","","02","10","2009","1","40.432306","-79.918257","","11","0","0","0","0","0","0","0","0","1","0","0","0","","","0","","3","","40 25:56.301","1","0","79 55:05.725","0","0","0","0","2301","0","0","0","N","0","0","0","1","02301","0","","3.0","","1","N","N","","1","","0","0","0","","0","N","","1","0","0","0","0","0","0","2","0","1","","","","N","","","","","","","","","",""
"2009101284","","0","0","0","0","0","0","0","0","0","7","0","","02","10","2009","1","40.463648","-79.923495","","11","0","0","0","0","0","0","0","0","","0","0","0","","","0","","1","","40 27:49.131","","0","79 55:24.582","0","0","0","0","2301","0","0","0","N","0","0","0","1","02301","0","","5.0","","1","N","N","","0","","0","0","0","","0","","","1","0","0","0","0","0","0","2","1","1","","","","N","","","","","","","","","",""
"2009101288","","0","0","0","0","0","0","0","0","0","7","0","","02","10","2009","1","40.43778","-79.972856","","11","0","0","0","0","0","0","0","0","","0","0","0","","","2","","2","","40 26:16.008","","0","79 58:22.281","4","0","0","0","2301","0","0","0","N","0","0","0","2","02301","1","","4.0","","1","N","N","","1","","0","0","0","","2","","","1","2","0","0","0","1","0","2","0","1","","","","N","","","","","","","","","",""
"2009101290","","2","0","0","0","0","0","0","0","0","1","0","","02","9","2009","7","40.407432","-79.914141","","11","0","0","0","0","0","0","0","0","3","0","0","0","","","0","","10","","40 24:26.755","2","3","79 54:50.907","0","0","0","0","2438","0","0","0","N","0","0","0","7","02438","0","","1.0","","9","N","N","","1","","0","0","1","","0","N","","4","0","0","0","0","0","0","2","0","4","","","","N","","","","","","","","","",""
"2009101291","","1","0","0","0","0","0","0","0","0","7","0","","02","10","2009","7","40.573466","-79.877179","","11","0","1","0","0","0","0","0","0","","0","0","0","","","1","","0","","40 34:24.479","","0","79 52:37.844","4","0","0","0","2209","0","0","0","N","0","0","0","1","02209","1","","2.0","","1","N","N","","0","","0","0","0","","0","","","1","1","0","0","0","0","0","2","0","1","","","","N","","","","","","","","","",""
"2009101311","","1","0","0","0","0","0","0","0","0","2","0","","02","10","2009","7","40.439323","-79.89632","","11","0","0","0","0","0","0","0","1","","0","0","0","","","0","","0","","40 26:21.562","","0","79 53:46.752","0","0","0","0","2301","0","0","0","N","0","0","0","3","02301","0","","1.0","","1","N","N","","0","","0","0","1","","0","","","2","0","0","0","0","0","0","2","0","2","","","","N","","","","","","","","","",""
"2009101324","","1","0","0","0","0","0","0","0","0","7","0","","02","10","2009","6","40.378765","-80.110943","","11","0","0","1","0","0","0","0","0","1","0","0","0","","","2","","0","","40 22:43.554","3","0","80 06:39.394","4","0","0","0","2102","0","0","0","N","0","0","0","2","02102","1","","5.0","","9","N","N","","0","","0","0","0","","0","N","","1","2","1","0","0","1","0","2","0","1","","","","N","","","","","","","","","",""
"2009101337","","2","0","0","0","0","0","0","0","0","4","0","","02","10","2009","1","40.396981","-80.065889","","11","0","1","0","0","0","0","1","0","","0","0","0","","","1","","1","","40 23:49.130","","0","80 03:57.201","4","0","0","0","2117","0","0","0","N","0","0","0","2","02117","1","","1.0","","1","N","N","","0","","0","0","0","","3","","","2","1","0","0","0","0","0","2","0","2","","","","N","","","","","","","","","",""
"2009101360","","3","0","0","0","0","0","0","0","0","4","0","","02","10","2009","1","40.338992","-79.960214","","11","0","0","0","0","0","2","0","1","1","0","0","0","","","1","","1","","40 20:20.371","1","0","79 57:36.772","8","0","0","0","2454","0","0","0","N","0","0","0","6","02454","0","","1.0","","1","N","N","","0","","0","0","1","","2","N","","4","1","0","0","0","1","0","2","0","4","","","","N","","","","","","","","","",""
"2009101363","","2","0","0","0","0","0","0","0","0","4","0","","02","10","2009","1","40.389354","-80.046449","","11","0","1","0","0","0","0","0","0","","0","0","0","","","0","","1","","40 23:21.674","","0","80 02:47.216","0","0","0","0","2109","0","0","0","N","0","0","0","2","02109","0","","1.0","","1","N","N","","0","","0","0","0","","3","","","2","0","0","0","0","0","0","2","0","2","","","","N","","","","","","","","","",""
"2009101381","","0","0","0","0","0","0","0","0","0","7","0","","02","10","2009","1","40.393717","-80.082253","","11","0","0","0","0","0","1","0","0","2","0","0","0","","","1","","0","","40 23:37.380","6","0","80 04:56.109","3","0","0","0","2117","0","0","0","N","0","0","0","1","02117","0","","2.0","","1","N","N","","1","","1","0","0","","0","Y","","1","1","1","0","0","0","0","2","0","1","","","","N","","","","","","","","","",""
"2009101382","","2","0","0","0","0","0","0","0","0","2","0","","02","10","2009","7","40.4785","-79.9674","","11","0","0","0","0","0","0","0","0","","0","0","0","","","1","","2","","40 28:42.600","","2","79 58:02.640","8","0","0","0","2445","0","0","0","N","0","0","0","2","02445","0","","1.0","","1","N","N","","0","","0","0","0","","3","","","2","1","0","0","0","1","0","2","0","2","","","","N","","","","","","","","","",""
"2009101384","","2","0","0","0","0","0","0","0","0","1","0","","02","10","2009","5","40.527445","-79.988523","","11","0","0","0","0","0","1","0","0","","0","0","0","","","0","","0","","40 31:38.802","","0","79 59:18.682","9","0","0","0","2116","0","0","0","N","0","0","0","3","02116","0","","1.0","","1","","N","","0","","0","0","0","","0","","","2","0","0","0","0","0","2","2","0","2","","","","N","","","","","","","","","",""
"2009101391","","2","0","0","0","0","0","0","0","0","4","0","","02","9","2009","2","40.415918","-79.799846","","11","0","0","0","0","0","1","0","0","","0","0","0","","","0","","1","","40 24:57.304","","0","79 47:59.445","0","0","0","0","2446","0","0","0","N","0","0","0","7","02446","0","","1.0","","9","N","N","","1","","0","0","0","","3","","","3","0","0","0","0","0","0","2","0","3","","","","N","","","","","","","","","",""