"CRN","ARRIVAL_TM","AUTOMOBILE_COUNT","BELTED_DEATH_COUNT","BELTED_SUSP_SERIOUS_INJ_COUNT","BICYCLE_COUNT","BICYCLE_DEATH_COUNT","BICYCLE_SUSP_SERIOUS_INJ_COUNT","BUS_COUNT","CHLDPAS_DEATH_COUNT","CHLDPAS_SUSP_SERIOUS_INJ_COUNT","COLLISION_TYPE","COMM_VEH_COUNT","CONS_ZONE_SPD_LIM","COUNTY","CRASH_MONTH","CRASH_YEAR","DAY_OF_WEEK","DEC_LATITUDE","DEC_LONGITUDE","DISPATCH_TM","DISTRICT","DRIVER_COUNT_16YR","DRIVER_COUNT_17YR","DRIVER_COUNT_18YR","DRIVER_COUNT_19YR","DRIVER_COUNT_20YR","DRIVER_COUNT_50_64YR","DRIVER_COUNT_65_74YR","DRIVER_COUNT_75PLUS","EST_HRS_CLOSED","FATAL_COUNT","HEAVY_TRUCK_COUNT","HORSE_BUGGY_COUNT","HOUR_OF_DAY","ILLUMINATION","INJURY_COUNT","INTERSECTION_RELATED","INTERSECT_TYPE","LANE_CLOSED","LATITUDE","LN_CLOSE_DIR","LOCATION_TYPE","LONGITUDE","MAX_SEVERITY_LEVEL","MCYCLE_DEATH_COUNT","MCYCLE_SUSP_SERIOUS_INJ_COUNT","MOTORCYCLE_COUNT","MUNICIPALITY","NONMOTR_COUNT","NONMOTR_DEATH_COUNT","NONMOTR_SUSP_SERIOUS_INJ_COUNT","NTFY_HIWY_MAINT","PED_COUNT","PED_DEATH_COUNT","PED_SUSP_SERIOUS_INJ_COUNT","PERSON_COUNT","POLICE_AGCY","POSSIBLE_INJ_COUNT","RDWY_SURF_TYPE_CD","RELATION_TO_ROAD","ROADWAY_CLEARED","ROAD_CONDITION","SCH_BUS_IND","SCH_ZONE_IND","SECONDARY_CRASH","SMALL_TRUCK_COUNT","SPEC_JURIS_CD","SUSP_MINOR_INJ_COUNT","SUSP_SERIOUS_INJ_COUNT","SUV_COUNT","TCD_FUNC_CD","TCD_TYPE","TFC_DETOUR_IND","TIME_OF_DAY","TOTAL_UNITS","TOT_INJ_COUNT","UNBELTED_OCC_COUNT","UNB_DEATH_COUNT","UNB_SUSP_SERIOUS_INJ_COUNT","UNK_INJ_DEG_COUNT","UNK_INJ_PER_COUNT","URBAN_RURAL","VAN_COUNT","VEHICLE_COUNT","WEATHER1","WEATHER2","WORKERS_PRES","WORK_ZONE_IND","WORK_ZONE_LOC","WORK_ZONE_TYPE","WZ_CLOSE_DETOUR","WZ_FLAGGER","WZ_LAW_OFFCR_IND","WZ_LN_CLOSURE","WZ_MOVING","WZ_OTHER","WZ_SHLDER_MDN","WZ_WORKERS_INJ_KILLED"
"2009101396","","1","0","0","0","0","0","0","0","0","1","0","","02","10","2009","1","40.328352","-79.944823","","11","0","0","0","0","0","0","1","0","1","0","0","0","","","1","","0","","40 19:42.068","2","0","79 56:41.361","8","0","0","1","2454","0","0","0","N","0","0","0","3","02454","0","","1.0","","1","N","N","","0","","0","0","0","","0","N","","2","1","0","0","0","1","0","2","0","2","","","","N","","","","","","","","","",""
"2009101400","","0","0","0","0","0","0","0","0","0","0","0","","02","10","2009","1","40.365393","-79.844719","","11","0","0","0","0","0","1","0","0","2","0","0","0","","","2","","10","","40 21:55.414","3","0","79 50:40.988","4","0","0","0","2303","0","0","0","N","0","0","0","3","02303","2","","2.0","","1","N","N","","0","","0","0","0","","0","N","","1","2","0","0","0","0","0","2","1","1","","","","N","","","","","","","","","",""
"2009101402","","4","0","0","0","0","0","0","0","0","1","0","","02","10","2009","7","40.433426","-80.07151","","11","0","0","0","0","0","0","0","0","","0","0","0","","","1","","1","","40 26:00.333","","3","80 04:17.436","4","0","0","0","2421","0","0","0","N","0","0","0","1","02421","1","","1.0","","1","N","N","","0","","0","0","0","","0","","","4","1","1","0","0","0","0","2","0","4","","","","N","","","","","","","","","",""
"2009101403","","1","0","0","0","0","0","0","0","0","7","0","","02","10","2009","6","","","","11","0","0","0","0","0","0","0","0","1","0","0","0","","","1","","0","","","4","0","","4","0","0","0","2115","0","0","0","N","0","0","0","1","02115","1","","4.0","","9","N","N","","0","","0","0","0","","0","N","","1","1","0","0","0","0","0","1","0","1","","","","N","","","","","","","","","",""
"2009101404","","2","0","0","0","0","0","0","0","0","4","0","","02","10","2009","1","40.441205","-80.006808","","11","0","0","0","0","0","0","0","1","2","0","0","0","","","1","","0","","40 26:28.338","1","0","80 00:24.508","8","0","0","0","2301","0","0","0","N","0","0","0","1","02301","0","","1.0","","1","N","N","","1","","0","0","0","","0","N","","3","1","0","0","0","1","0","2","0","3","","","","N","","","","","","","","","",""
"2009101413","","1","0","0","0","0","0","0","0","0","7","0","","02","9","2009","7","40.566154","-80.08976","","11","0","0","0","0","0","0","0","0","","0","0","0","","","0","","0","","40 33:58.154","","0","80 05:23.135","0","0","0","0","2481","0","0","0","N","0","0","0","1","68B03","0","","4.0","","1","N","N","","0","","0","0","0","","0","","","1","0","0","0","0","0","0","2","0","1","","","","N","","","","","","","","","",""
"2009101414","","1","0","0","0","0","0","0","0","0","7","0","","02","10","2009","1","40.426111","-79.894813","","11","0","0","0","0","1","0","0","0","","0","0","0","","","0","","0","","40 25:33.998","","0","79 53:41.325","0","0","0","0","2301","0","0","0","N","0","0","0","1","68B03","0","","2.0","","1","N","N","","0","","0","0","0","","0","","","1","0","0","0","0","0","0","2","0","1","","","","N","","","","","","","","","",""
"2009101415","","1","0","0","0","0","0","0","0","0","7","0","","02","10","2009","6","40.429325","-79.931462","","11","0","0","0","0","0","0","0","0","1","0","0","0","","","1","","0","","40 25:45.571","7","2","79 55:53.264","4","0","0","0","2301","0","0","0","N","0","0","0","1","68B04","1","","2.0","","9","N","N","","0","","0","0","0","","0","N","","1","1","0","0","0","0","0","2","0","1","","","","N","","","","","","","","","",""
"2009101439","","1","0","0","0","0","0","0","0","0","7","0","","02","10","2009","1","40.461557","-79.923384","","11","0","0","0","0","0","0","0","0","","0","0","0","","","0","","10","","40 27:41.605","","0","79 55:24.182","0","0","0","0","2301","0","0","0","N","0","0","0","1","02301","0","","4.0","","1","N","N","","0","","0","0","0","","0","","","1","0","1","0","0","0","0","2","0","1","","","","N","","","","","","","","","",""
"2009101448","","1","0","0","0","0","0","0","0","0","7","0","55","02","10","2009","6","40.602816","-79.935124","","11","0","0","0","0","0","0","0","0","","0","0","0","","","1","","0","","40 36:10.139","","0","79 56:06.445","8","0","0","0","2207","0","0","0","N","0","0","0","1","68T02","0","","3.0","","9","N","N","","0","","0","0","0","","8","","","1","1","0","0","0","1","0","2","0","1","","","N","Y","8","1","N","N","N","N","N","Y","N",""
"2009101453","","1","0","0","0","0","0","0","0","0","4","0","","02","9","2009","2","40.4342","-79.750865","","11","0","0","1","0","1","0","0","0","","0","0","0","","","0","","0","","40 26:03.121","","0","79 45:03.115","0","0","0","0","2446","0","0","0","N","0","0","0","3","02446","0","","1.0","","9","N","N","","1","","0","0","1","","0","","","3","0","0","0","0","0","0","2","0","3","","","","N","","","","","","","","","",""
"2009101467","","1","0","0","0","0","0","0","0","0","7","0","","02","10","2009","1","40.443192","-79.953512","","11","0","0","0","0","0","0","0","0","","0","0","0","","","0","","2","","40 26:35.490","","0","79 57:12.644","0","0","0","0","2301","0","0","0","N","0","0","0","3","02301","0","","5.0","","1","N","N","","0","","0","0","0","","0","","","1","0","0","0","0","0","0","2","0","1","","","","N","","","","","","","","","",""
"2009101468","","2","0","0","0","0","0","0","0","0","4","0","","02","10","2009","1","40.355139","-79.9047","","11","0","0","0","0","0","0","0","0","","0","0","0","","","0","","0","","40 21:18.500","","0","79 54:16.920","0","0","0","0","2473","0","0","0","N","0","0","0","1","02473","0","","2.0","","1","N","N","","0","","0","0","0","","0","","","2","0","0","0","0","0","0","2","0","2","","","","N","","","","","","","","","",""
"2009101470","","2","0","0","0","0","0","0","0","0","5","0","","02","10","2009","1","40.515532","-80.163418","","11","0","0","1","0","0","0","0","0","","0","0","0","","","0","","0","","40 30:55.915","","0","80 09:48.304","0","0","0","0","2420","0","0","0","N","0","0","0","4","02420","0","","1.0","","1","N","N","","0","","0","0","0","","0","","","2","0","0","0","0","0","0","2","0","2","","","","N","","","","","","","","","",""
"2009101472","","0","0","0","0","0","0","0","0","0","7","0","","02","10","2009","2","40.438348","-80.01929","","11","0","0","0","0","0","0","0","0","","0","0","0","","","0","","2","","40 26:18.052","","0","80 01:09.444","0","0","0","0","2301","0","0","0","N","0","0","0","1","02301","0","","5.0","","1","N","N","","0","","0","0","1","","0","","","1","0","0","0","0","0","0","2","0","1","","","","N","","","","","","","","","",""
"2009101476","","1","0","0","0","0","0","0","0","0","5","0","","02","10","2009","1","40.467332","-79.905333","","11","0","0","1","0","0","0","0","0","","0","0","0","","","0","","2","","40 28:02.395","","0","79 54:19.198","0","0","0","0","2301","0","0","0","N","0","0","0","1","02301","0","","1.0","","1","N","N","","0","","0","0","1","","0","","","2","0","0","0","0","0","0","2","0","2","","","","N","","","","","","","","","",""
"2009101481","","0","0","0","0","0","0","0","0","0","7","0","","02","10","2009","2","40.464855","-79.853164","","11","0","0","0","0","0","0","0","0","2","0","0","0","","","1","","0","","40 27:53.477","3","0","79 51:11.392","8","0","0","0","2113","0","0","0","N","0","0","0","5","02113","0","","5.0","","1","N","N","","0","","0","0","1","","0","Y","","1","1","5","0","0","1","0","2","0","1","","","","N","","","","","","","","","",""
"2009101485","","0","0","0","0","0","0","0","0","0","1","0","","02","10","2009","6","40.465968","-80.113203","","11","0","0","0","0","0","1","0","0","1","0","0","0","","","2","","2","","40 27:57.484","1","0","80 06:47.530","3","0","0","0","2115","0","0","0","N","0","0","0","2","02115","1","","1.0","","9","N","N","","0","","1","0","1","","0","Y","","2","2","1","0","0","0","0","2","1","2","","","","N","","","","","","","","","",""
"2009101500","","1","0","0","0","0","0","0","0","0","4","0","","02","10","2009","5","40.4908","-79.8846","","11","0","0","0","0","0","1","1","0","","0","0","0","","","0","","6","","40 29:26.880","","2","79 53:04.560","0","0","0","0","2112","0","0","0","N","0","0","0","2","68D02","0","","1.0","","1","N","N","","0","","0","0","1","","4","","","2","0","0","0","0","0","0","2","0","2","","","","N","","","","","","","","","",""
"2009101526","","0","0","0","0","0","0","0","0","0","7","0","","02","10","2009","2","40.376834","-79.983776","","11","0","0","0","0","0","0","0","0","1","0","0","0","","","0","","0","","40 22:36.604","5","0","79 59:01.593","0","0","0","0","2413","0","0","0","N","0","0","0","1","02413","0","","5.0","","1","N","N","","0","","0","0","1","","0","N","","1","0","0","0","0","0","0","2","0","1","","","","N","","","","","","","","","",""
"2009101578","","2","0","0","0","0","0","0","0","0","4","0","","02","9","2009","7","40.4167","-80.0861","","11","0","0","0","0","0","2","0","0","1","0","0","0","","","0","","0","","40 25:00.120","3","0","80 05:09.960","9","0","0","0","2415","0","0","0","N","0","0","0","8","68B03","0","","1.0","","1","N","N","","0","","0","0","1","","0","N","","4","0","0","0","0","0","1","2","0","4","","","","N","","","","","","","","","",""
"2009101580","","2","0","0","0","0","0","0","0","0","1","0","55","02","10","2009","4","40.424806","-80.114121","","11","0","0","0","0","0","2","0","0","","0","0","0","","","1","","0","","40 25:29.303","","0","80 06:50.834","8","0","0","0","2102","0","0","0","N","0","0","0","3","68B03","0","","1.0","","1","N","N","","0","","0","0","0","","0","","","2","1","0","0","0","1","0","2","0","2","","","Y","Y","1","2","N","N","N","Y","N","N","N",""
"2009101581","","1","0","0","0","0","0","1","0","0","1","1","","02","10","2009","5","40.420407","-80.037882","","11","0","0","0","0","0","1","0","0","1","0","0","0","","","0","","0","","40 25:13.464","2","0","80 02:16.376","0","0","0","0","2301","0","0","0","N","0","0","0","2","68B03","0","","1.0","","1","Y","N","","0","","0","0","0","","0","N","","2","0","0","0","0","0","0","2","0","2","","","","N","","","","","","","","","",""
"2009101582","","1","0","0","0","0","0","0","0","0","1","0","","02","10","2009","6","40.426","-79.8969","","11","0","0","0","0","0","2","0","0","1","0","0","0","","","2","","0","","40 25:33.600","3","0","79 53:48.840","4","0","0","0","2301","0","0","0","N","0","0","0","5","68B03","2","","1.0","","9","N","N","","1","","0","0","1","","0","N","","3","2","0","0","0","0","0","2","0","3","","","","N","","","","","","","","","",""
"2009101585","","1","0","0","0","0","0","0","0","0","1","0","","02","10","2009","6","40.492789","-79.910091","","11","0","1","0","0","0","1","0","0","","0","0","0","","","0","","0","","40 29:34.041","","3","79 54:36.326","0","0","0","0","2112","0","0","0","N","0","0","0","2","68D02","0","","1.0","","9","N","N","","0","","0","0","0","","0","","","2","0","0","0","0","0","0","2","1","2","","","","N","","","","","","","","","",""
"2009101656","","2","0","0","0","0","0","0","0","0","1","0","","02","10","2009","3","40.530909","-80.069509","","11","0","0","0","0","0","0","0","0","","0","0","0","","","0","","2","","40 31:51.271","","0","80 04:10.234","0","0","0","0","2215","0","0","0","N","0","0","0","2","02215","0","","1.0","","1","N","N","","0","","0","0","0","","2","","","2","0","0","0","0","0","0","2","0","2","","","","N","","","","","","","","","",""
"2009101669","","1","0","0","0","0","0","0","0","0","7","0","","02","10","2009","5","40.659427","-79.809216","","11","0","0","0","0","0","0","0","0","","0","0","0","","","0","","0","","40 39:33.936","","0","79 48:33.177","0","0","0","0","2202","0","0","0","N","0","0","0","1","02202","0","","4.0","","9","N","N","","0","","0","0","0","","0","","","1","0","0","0","0","0","0","1","0","1","","","","N","","","","","","","","","",""
"2009101680","","0","0","0","0","0","0","0","0","0","7","0","","02","10","2009","6","40.472972","-79.733134","","11","0","0","0","0","0","0","1","0","3","0","0","0","","","1","","0","","40 28:22.699","5","0","79 43:59.284","3","0","0","0","2466","0","0","0","N","0","0","0","1","02466","0","","5.0","","1","N","N","","0","","1","0","0","","0","Y","","1","1","1","0","0","0","0","2","1","1","","","","N","","","","","","","","","",""
"2009101681","","3","0","0","0","0","0","0","0","0","1","0","","02","10","2009","1","40.589561","-79.750686","","11","0","0","0","1","0","1","0","0","1","0","0","0","","","2","","2","","40 35:22.421","3","7","79 45:02.468","4","0","0","0","2464","0","0","0","N","0","0","0","4","64305","2","","1.0","","1","N","N","","1","","0","0","0","","2","N","","4","2","0","0","0","0","0","2","0","4","","","","N","","","","","","","","","",""
"2009101684","","1","0","0","0","0","0","0","0","0","1","0","","02","10","2009","2","40.487843","-79.920079","","11","0","0","0","0","0","0","1","0","","0","0","0","","","1","","2","","40 29:16.235","","0","79 55:12.283","4","0","0","0","2301","0","0","0","N","0","0","0","2","02301","1","","1.0","","1","N","N","","0","","0","0","0","","2","","","2","1","0","0","0","0","0","2","1","2","","","","N","","","","","","","","","",""
"2009101685","","1","0","0","0","0","0","0","0","0","1","0","","02","10","2009","2","40.411347","-80.006248","","11","0","0","0","0","0","0","0","0","","0","0","0","","","0","","0","","40 24:40.848","","0","80 00:22.494","0","0","0","0","2301","0","0","0","N","0","0","0","2","02301","0","","1.0","","1","N","N","","0","","0","0","1","","0","","","2","0","0","0","0","0","0","2","0","2","","","","N","","","","","","","","","",""
"2009101687","","1","0","0","0","0","0","0","0","0","2","0","","02","10","2009","2","40.601961","-79.75715","","11","0","0","0","0","0","1","0","1","1","0","0","0","","","0","","1","","40 36:07.058","1","0","79 45:25.741","0","0","0","0","2464","0","0","0","N","0","0","0","2","02464","0","","1.0","","1","N","N","","1","","0","0","0","","2","Y","","2","0","2","0","0","0","0","2","0","2","","","","N","","","","","","","","","",""
"2009101703","","1","0","0","0","0","0","0","0","0","4","0","","02","10","2009","1","40.438544","-79.771219","","11","0","0","0","0","0","0","0","1","","0","0","0","","","0","","0","","40 26:18.758","","0","79 46:16.390","0","0","0","0","2446","0","0","0","N","0","0","0","3","02446","0","","1.0","","1","N","N","","0","","0","0","1","","0","","","2","0","0","0","0","0","0","2","0","2","","","","N","","","","","","","","","",""
"2009101705","","1","0","0","0","0","0","0","0","0","1","0","","02","9","2009","4","40.458876","-80.17216","","11","0","0","0","0","0","1","0","0","","0","0","0","","","1","","1","","40 27:31.955","","0","80 10:19.776","8","0","0","0","2213","0","0","0","N","0","0","0","2","02213","0","","1.0","","9","N","N","","0","","0","0","0","","2","","","2","1","0","0","0","1","1","2","0","2","","","","N","","","","","","","","","",""
"2009101706","","1","0","0","0","0","0","0","0","0","7","0","","02","10","2009","6","40.456972","-80.177778","","11","0","0","0","0","0","0","0","0","","0","0","0","","","0","","0","","40 27:25.100","","0","80 10:40.000","0","0","0","0","2213","0","0","0","N","0","0","0","1","02213","0","","2.0","","9","N","N","","0","","0","0","0","","0","","","1","0","0","0","0","0","0","2","0","1","","","","N","","","","","","","","","",""
"2009101711","","2","0","0","0","0","0","0","0","0","1","0","","02","10","2009","7","40.44013","-79.855586","","11","0","0","0","0","0","0","0","0","2","0","0","0","","","1","","0","","40 26:24.468","4","0","79 51:20.110","4","0","0","0","2419","2","0","0","N","2","0","0","3","02419","1","","1.0","","1","N","N","","0","","0","0","0","","0","N","","4","1","0","0","0","0","0","2","0","2","","","","N","","","","","","","","","",""
"2009101742","","1","0","0","0","0","0","0","0","0","7","0","","02","9","2009","1","40.4685","-80.2051","","11","0","0","1","0","0","0","0","0","","0","0","0","","","0","","0","","40 28:06.600","","2","80 12:18.360","0","0","0","0","2203","0","0","0","Y","0","0","0","1","68B03","0","","3.0","","1","N","N","","0","","0","0","0","","0","","","1","0","0","0","0","0","0","2","0","1","","","","N","","","","","","","","","",""
"2009101743","","0","0","0","0","0","0","0","0","0","7","0","","02","9","2009","7","40.4223","-80.0306","","11","0","0","0","0","0","0","0","0","","0","0","0","","","1","","0","","40 25:20.280","","0","80 01:50.160","4","0","0","0","2301","0","0","0","N","0","0","0","1","68B03","1","","4.0","","9","N","N","","1","","0","0","0","","0","","","1","1","0","0","0","0","0","2","0","1","","","","N","","","","","","","","","",""
"2009101744","","3","0","1","0","0","0","0","0","0","1","0","","02","9","2009","7","40.421934","-80.097915","","11","0","0","0","0","0","2","0","0","","0","0","0","","","1","","0","","40 25:18.964","","0","80 05:52.494","2","0","0","0","2115","0","0","0","N","0","0","0","5","68B03","0","","1.0","","9","N","N","","0","","0","1","0","","4","","","3","1","0","0","0","0","0","2","0","3","","","","N","","","","","","","","","",""
"2009101745","","1","0","0","0","0","0","0","0","0","1","0","","02","10","2009","6","40.437697","-80.215703","","11","0","0","0","0","0","0","0","0","1","0","0","0","","","0","","0","","40 26:15.709","3","0","80 12:56.530","0","0","0","0","2214","0","0","0","N","0","0","0","2","68B03","0","","1.0","","9","N","N","","0","","0","0","1","","0","N","","2","0","0","0","0","0","0","2","0","2","","","","N","","","","","","","","","",""
"2009101746","","1","0","0","0","0","0","0","0","0","7","0","","02","10","2009","7","40.429","-79.9445","","11","0","0","0","0","0","0","0","0","1","0","0","0","","","0","","0","","40 25:44.400","3","0","79 56:40.200","0","0","0","0","2301","0","0","0","N","0","0","0","2","68B03","0","","3.0","","9","N","N","","0","","0","0","0","","0","N","","1","0","1","0","0","0","0","2","0","1","","","","N","","","","","","","","","",""
"2009101749","","1","0","0","0","0","0","0","0","0","4","0","","02","10","2009","5","40.417346","-80.035896","","11","0","0","0","0","0","1","0","0","1","0","0","0","","","0","","2","","40 25:02.445","2","0","80 02:09.225","0","0","0","0","2301","0","0","0","N","0","0","0","5","02301","0","","1.0","","1","N","N","","0","","0","0","1","","0","N","","2","0","0","0","0","0","0","2","0","2","","","","N","","","","","","","","","",""
"2009101788","","1","0","0","0","0","0","0","0","0","99","0","","02","10","2009","1","40.2764","-79.9526","","11","0","0","0","0","0","0","0","0","","0","0","0","","","0","","0","","40 16:35.040","","0","79 57:09.360","0","0","0","0","2440","0","0","0","N","0","0","0","1","68T09","0","","1.0","","1","N","N","","0","","0","0","0","","0","","","1","0","0","0","0","0","0","1","0","1","","","","N","","","","","","","","","",""
"2009101791","","2","0","0","0","0","0","0","0","0","4","0","","02","10","2009","2","40.438666","-80.071273","","11","0","0","0","0","1","0","0","0","","0","0","0","","","1","","1","","40 26:19.197","","0","80 04:16.583","4","0","0","0","2421","0","0","0","N","0","0","0","2","02421","1","","1.0","","1","N","N","","0","","0","0","0","","3","","","2","1","2","0","0","0","0","2","0","2","","","","N","","","","","","","","","",""
"2009101796","","2","0","0","0","0","0","0","0","0","1","0","","02","9","2009","3","40.405175","-79.913271","","11","0","0","0","0","0","1","1","0","","0","0","0","","","0","","1","","40 24:18.631","","0","79 54:47.775","0","0","0","0","2472","0","0","0","N","0","0","0","3","02472","0","","1.0","","1","N","N","","0","","0","0","0","","2","","","3","0","1","0","0","0","0","2","1","3","","","","N","","","","","","","","","",""
"2009101798","","1","0","0","0","0","0","0","0","0","4","0","","02","10","2009","2","40.438734","-79.767481","","11","0","0","0","1","0","0","0","0","1","0","0","0","","","0","","0","","40 26:19.441","3","7","79 46:02.931","0","0","0","0","2446","0","0","0","N","0","0","0","2","02446","0","","1.0","","1","N","N","","0","","0","0","1","","0","N","","2","0","0","0","0","0","0","2","0","2","","","","N","","","","","","","","","",""
"2009101809","","1","0","0","0","0","0","0","0","0","4","0","","02","10","2009","2","40.463421","-79.938793","","11","0","0","0","0","0","0","0","0","","0","0","0","","","0","","0","","40 27:48.315","","0","79 56:19.654","9","0","0","0","2301","0","0","0","N","0","0","0","1","02301","0","","1.0","","1","N","N","","0","","0","0","1","","0","","","2","0","0","0","0","0","1","2","0","2","","","","N","","","","","","","","","",""
"2009101812","","1","0","0","0","0","0","0","0","0","7","0","","02","10","2009","1","40.483052","-80.035433","","11","0","0","0","0","0","0","0","0","","0","0","0","","","0","","1","","40 28:58.987","","0","80 02:07.558","0","0","0","0","2301","0","0","0","N","0","0","0","1","02301","0","","5.0","","1","N","N","","0","","0","0","0","","1","","","1","0","1","0","0","0","0","2","0","1","","","","N","","","","","","","","","",""
"2009101815","","1","0","0","0","0","0","0","0","0","7","0","","02","10","2009","7","40.378104","-79.921782","","11","0","0","0","0","0","0","0","0","1","0","0","0","","","1","","0","","40 22:41.175","5","0","79 55:18.416","4","0","0","0","2301","0","0","0","N","0","0","0","1","02301","1","","4.0","","1","N","N","","0","","0","0","0","","0","N","","1","1","0","0","0","0","0","2","0","1","","","","N","","","","","","","","","",""
"2009101817","","1","0","0","0","0","0","0","0","0","99","0","","02","10","2009","5","40.555891","-79.850534","","11","0","0","0","0","0","1","0","0","","0","0","0","","","0","","0","","40 33:21.206","","0","79 51:01.921","0","0","0","0","2208","0","0","0","N","0","0","0","1","02208","0","","1.0","","9","N","N","","0","","0","0","0","","0","","","1","0","0","0","0","0","0","2","0","1","","","","N","","","","","","","","","",""
"2009101832","","1","0","0","0","0","0","0","0","0","1","0","","02","10","2009","3","40.454368","-79.947669","","11","0","0","0","0","0","2","0","0","1","0","0","0","","","0","","1","","40 27:15.726","3","0","79 56:51.608","0","0","0","0","2301","0","0","0","N","0","0","0","2","02301","0","","1.0","","1","N","N","","1","","0","0","0","","2","Y","","2","0","0","0","0","0","0","2","0","2","","","","N","","","","","","","","","",""
"2009101833","","2","0","0","0","0","0","0","0","0","1","0","","02","10","2009","2","40.361069","-80.028465","","11","0","0","1","0","0","0","1","0","1","0","0","0","","","2","","1","","40 21:39.849","2","0","80 01:42.474","3","0","0","0","2416","0","0","0","N","0","0","0","3","02416","1","","1.0","","1","N","N","","0","","1","0","0","","2","N","","2","2","0","0","0","0","0","2","0","2","","","","N","","","","","","","","","",""
"2009101845","","1","0","0","0","0","0","0","0","0","7","0","","02","10","2009","5","40.5036","-80.1352","","11","0","0","0","0","0","0","0","0","2","0","0","0","","","0","","0","","40 30:12.960","1","2","80 08:06.720","0","0","0","0","2115","0","0","0","N","0","0","0","1","68B03","0","","3.0","","9","N","N","","0","","0","0","0","","0","N","","1","0","0","0","0","0","0","2","0","1","","","","N","","","","","","","","","",""
"2009101853","","1","0","0","0","0","0","0","0","0","1","0","","02","10","2009","7","40.546353","-79.831101","","11","0","0","0","0","0","0","0","0","2","0","0","0","","","7","","0","","40 32:46.869","1","0","79 49:51.964","4","0","0","0","2208","0","0","0","N","0","0","0","10","68D02","7","","1.0","","1","N","N","","0","","0","0","1","","0","N","","3","7","1","0","0","0","0","2","1","3","","","","N","","","","","","","","","",""
"2009101854","","1","0","1","0","0","0","0","0","0","7","0","","02","10","2009","1","40.6534","-79.7248","","11","0","0","0","0","0","1","0","0","","0","0","0","","","1","","0","","40 39:12.240","","3","79 43:29.280","2","0","0","0","2106","0","0","0","N","0","0","0","1","68D02","0","","4.0","","1","N","N","","0","","0","1","0","","0","","","1","1","0","0","0","0","0","2","0","1","","","","N","","","","","","","","","",""
"2009101896","","1","0","0","0","0","0","0","0","0","1","0","","02","10","2009","3","40.334682","-79.804553","","11","0","0","0","0","0","0","0","0","1","0","0","0","","","0","","0","","40 20:04.854","4","0","79 48:16.392","0","0","0","0","2477","0","0","0","N","0","0","0","2","02477","0","","1.0","","1","N","N","","0","","0","0","1","","0","N","","2","0","0","0","0","0","0","2","0","2","","","","N","","","","","","","","","",""
"2009101900","","2","0","0","0","0","0","0","0","0","1","0","","02","10","2009","3","40.392158","-79.997043","","11","0","0","0","1","0","0","0","0","","0","0","0","","","1","","0","","40 23:31.768","","0","79 59:49.354","8","0","0","0","2301","0","0","0","N","0","0","0","2","02301","0","","1.0","","1","N","N","","0","","0","0","0","","0","","","2","1","1","0","0","1","0","2","0","2","","","","N","","","","","","","","","",""
"2009101901","","2","0","0","0","0","0","0","0","0","4","0","","02","10","2009","2","40.438291","-79.772801","","11","0","0","0","0","0","0","0","0","","0","0","0","","","1","","0","","40 26:17.848","","7","79 46:22.083","8","0","0","0","2446","0","0","0","N","0","0","0","2","02446","0","","1.0","","1","N","N","","0","","0","0","0","","0","","","2","1","2","0","0","1","0","2","0","2","","","","N","","","","","","","","","",""
"2009101905","","0","0","0","0","0","0","0","0","0","7","0","","02","10","2009","2","40.330513","-80.064098","","11","0","1","0","0","0","0","0","0","","0","0","0","","","1","","0","","40 19:49.846","","0","80 03:50.752","4","0","0","0","2123","0","0","0","N","0","0","0","2","02123","1","","4.0","","1","N","N","","0","","0","0","1","","0","","","1","1","0","0","0","0","0","2","0","1","","","","N","","","","","","","","","",""
"2009101913","","1","0","0","0","0","0","0","0","0","7","0","","02","10","2009","1","40.421833","-79.890373","","11","0","0","0","0","0","0","0","0","","0","0","0","","","2","","0","","40 25:18.598","","0","79 53:25.342","8","0","0","0","2463","0","0","0","N","0","0","0","2","02463","0","","5.0","","1","N","N","","0","","0","0","0","","0","","","1","2","1","0","0","2","0","2","0","1","","","","N","","","","","","","","","",""
"2009101919","","1","0","0","0","0","0","0","0","0","7","0","","02","10","2009","3","40.316871","-79.995301","","11","0","0","0","0","0","0","0","0","","0","0","0","","","0","","1","","40 19:00.737","","0","79 59:43.082","0","0","0","0","2219","0","0","0","N","0","0","0","1","02219","0","","2.0","","1","N","N","","0","","0","0","0","","2","","","1","0","0","0","0","0","0","2","0","1","","","","N","","","","","","","","","",""
"2009101929","","1","0","0","0","0","0","0","0","0","1","0","","02","10","2009","6","40.552214","-80.023275","","11","0","0","0","1","0","1","0","0","1","0","0","0","","","0","","0","","40 33:07.970","1","0","80 01:23.790","0","0","0","0","2116","0","0","0","N","0","0","0","3","02116","0","","1.0","","1","N","N","","1","","0","0","1","","0","N","","3","0","0","0","0","0","0","2","0","3","","","","N","","","","","","","","","",""
"2009101945","","2","0","0","0","0","0","0","0","0","99","0","","02","10","2009","3","40.49523","-80.066082","","11","0","0","0","0","0","0","0","0","2","0","0","0","","","2","","0","","40 29:42.827","2","7","80 03:57.896","8","0","0","0","2402","0","0","0","N","0","0","0","2","02402","0","","1.0","","1","N","N","","0","","0","0","0","","0","N","","2","2","0","0","0","2","0","2","0","2","","","","N","","","","","","","","","",""