"CRN","ARRIVAL_TM","AUTOMOBILE_COUNT","BELTED_DEATH_COUNT","BELTED_SUSP_SERIOUS_INJ_COUNT","BICYCLE_COUNT","BICYCLE_DEATH_COUNT","BICYCLE_SUSP_SERIOUS_INJ_COUNT","BUS_COUNT","CHLDPAS_DEATH_COUNT","CHLDPAS_SUSP_SERIOUS_INJ_COUNT","COLLISION_TYPE","COMM_VEH_COUNT","CONS_ZONE_SPD_LIM","COUNTY","CRASH_MONTH","CRASH_YEAR","DAY_OF_WEEK","DEC_LATITUDE","DEC_LONGITUDE","DISPATCH_TM","DISTRICT","DRIVER_COUNT_16YR","DRIVER_COUNT_17YR","DRIVER_COUNT_18YR","DRIVER_COUNT_19YR","DRIVER_COUNT_20YR","DRIVER_COUNT_50_64YR","DRIVER_COUNT_65_74YR","DRIVER_COUNT_75PLUS","EST_HRS_CLOSED","FATAL_COUNT","HEAVY_TRUCK_COUNT","HORSE_BUGGY_COUNT","HOUR_OF_DAY","ILLUMINATION","INJURY_COUNT","INTERSECTION_RELATED","INTERSECT_TYPE","LANE_CLOSED","LATITUDE","LN_CLOSE_DIR","LOCATION_TYPE","LONGITUDE","MAX_SEVERITY_LEVEL","MCYCLE_DEATH_COUNT","MCYCLE_SUSP_SERIOUS_INJ_COUNT","MOTORCYCLE_COUNT","MUNICIPALITY","NONMOTR_COUNT","NONMOTR_DEATH_COUNT","NONMOTR_SUSP_SERIOUS_INJ_COUNT","NTFY_HIWY_MAINT","PED_COUNT","PED_DEATH_COUNT","PED_SUSP_SERIOUS_INJ_COUNT","PERSON_COUNT","POLICE_AGCY","POSSIBLE_INJ_COUNT","RDWY_SURF_TYPE_CD","RELATION_TO_ROAD","ROADWAY_CLEARED","ROAD_CONDITION","SCH_BUS_IND","SCH_ZONE_IND","SECONDARY_CRASH","SMALL_TRUCK_COUNT","SPEC_JURIS_CD","SUSP_MINOR_INJ_COUNT","SUSP_SERIOUS_INJ_COUNT","SUV_COUNT","TCD_FUNC_CD","TCD_TYPE","TFC_DETOUR_IND","TIME_OF_DAY","TOTAL_UNITS","TOT_INJ_COUNT","UNBELTED_OCC_COUNT","UNB_DEATH_COUNT","UNB_SUSP_SERIOUS_INJ_COUNT","UNK_INJ_DEG_COUNT","UNK_INJ_PER_COUNT","URBAN_RURAL","VAN_COUNT","VEHICLE_COUNT","WEATHER1","WEATHER2","WORKERS_PRES","WORK_ZONE_IND","WORK_ZONE_LOC","WORK_ZONE_TYPE","WZ_CLOSE_DETOUR","WZ_FLAGGER","WZ_LAW_OFFCR_IND","WZ_LN_CLOSURE","WZ_MOVING","WZ_OTHER","WZ_SHLDER_MDN","WZ_WORKERS_INJ_KILLED"
"2009102827","","2","0","0","0","0","0","1","0","0","6","1","","02","10","2009","5","40.344289","-79.877761","","11","0","0","0","0","0","0","0","0","","0","0","0","","","0","","0","","40 20:39.439","","0","79 52:39.938","9","0","0","0","2455","0","0","0","N","0","0","0","17","02455","0","","1.0","","9","Y","N","","1","","0","0","0","","3","","","4","0","0","0","0","0","1","2","0","4","","","","N","","","","","","","","","",""
"2009102830","","1","0","0","0","0","0","0","0","0","4","0","","02","10","2009","5","40.379518","-79.812714","","11","0","0","0","0","0","1","0","0","1","0","0","0","","","3","","2","","40 22:46.263","2","0","79 48:45.771","3","0","0","0","2424","0","0","0","N","0","0","0","3","02424","1","","1.0","","9","N","N","","0","","2","0","1","","3","Y","","2","3","0","0","0","0","0","2","0","2","","","","N","","","","","","","","","",""
"2009102835","","0","0","0","0","0","0","0","0","0","99","0","","02","10","2009","5","40.518611","-79.771125","","11","0","0","0","0","0","1","0","0","3","0","0","0","","","1","","0","","40 31:06.998","4","0","79 46:16.050","4","0","0","0","2466","0","0","0","N","0","0","0","1","02466","1","","1.0","","9","N","N","","0","","0","0","1","","0","N","","1","1","0","0","0","0","0","2","0","1","","","","N","","","","","","","","","",""
"2009102842","","1","0","0","0","0","0","0","0","0","4","0","","02","10","2009","5","40.434679","-80.008353","","11","0","0","0","0","0","1","0","0","1","0","0","0","","","0","","0","","40 26:04.846","4","0","80 00:30.070","0","0","0","0","2301","0","0","0","Y","0","0","0","4","02301","0","","1.0","","9","N","N","","0","","0","0","1","","0","N","","2","0","0","0","0","0","0","2","0","2","","","","N","","","","","","","","","",""
"2009102844","","0","0","0","0","0","0","1","0","0","4","1","","02","10","2009","5","40.432124","-80.003994","","11","0","0","0","0","0","2","0","0","1","0","0","0","","","1","","1","","40 25:55.645","3","0","80 00:14.378","4","0","0","0","2301","0","0","0","N","0","0","0","4","02503","1","","1.0","","9","N","N","","1","","0","0","0","","2","Y","","2","1","1","0","0","0","0","2","0","2","","","","N","","","","","","","","","",""
"2009102851","","2","0","0","0","0","0","0","0","0","4","0","","02","10","2009","4","40.459601","-79.92962","","11","0","0","0","0","0","1","0","0","1","0","0","0","","","0","","0","","40 27:34.562","3","0","79 55:46.632","0","0","0","0","2301","0","0","0","N","0","0","0","2","02301","0","","1.0","","9","N","N","","0","","0","0","0","","0","N","","2","0","0","0","0","0","0","2","0","2","","","","N","","","","","","","","","",""
"2009102857","","1","0","0","0","0","0","0","0","0","6","0","","02","10","2009","4","40.489439","-79.707502","","11","0","0","0","0","0","1","1","0","","0","0","0","","","0","","2","","40 29:21.982","","0","79 42:27.006","0","0","0","0","2466","0","0","0","N","0","0","0","2","02466","0","","1.0","","1","N","N","","0","","0","0","1","","0","","","2","0","0","0","0","0","0","2","0","2","","","","N","","","","","","","","","",""
"2009102868","","1","0","0","0","0","0","0","0","0","7","0","","02","10","2009","4","40.42474","-79.984843","","11","0","0","0","0","1","0","0","0","1","0","0","0","","","0","","0","","40 25:29.064","1","0","79 59:05.434","0","0","0","0","2301","0","0","0","N","0","0","0","1","02301","0","","4.0","","1","N","N","","0","","0","0","0","","0","N","","1","0","0","0","0","0","0","2","0","1","","","","N","","","","","","","","","",""
"2009102871","","2","0","0","0","0","0","0","0","0","4","0","","02","10","2009","5","40.417113","-80.019659","","11","0","0","0","0","0","1","1","0","1","0","0","0","","","0","","0","","40 25:01.605","1","0","80 01:10.774","0","0","0","0","2301","0","0","0","N","0","0","0","3","02301","0","","1.0","","9","N","Y","","0","","0","0","0","","0","N","","2","0","0","0","0","0","0","2","0","2","","","","N","","","","","","","","","",""
"2009102875","","1","0","0","0","0","0","0","0","0","2","0","","02","10","2009","5","40.345099","-79.978969","","11","0","0","0","0","0","1","0","0","2","0","0","0","","","3","","0","","40 20:42.358","7","0","79 58:44.287","8","0","0","0","2476","0","0","0","N","0","0","0","4","02476","0","","1.0","","9","N","N","","0","","0","0","1","","0","Y","","2","3","1","0","0","3","1","2","0","2","","","","N","","","","","","","","","",""
"2009102876","","1","0","0","0","0","0","0","0","0","7","0","","02","10","2009","2","40.382229","-79.995887","","11","0","0","0","0","0","0","0","0","","0","0","0","","","0","","1","","40 22:56.024","","0","79 59:45.194","0","0","0","0","2301","0","0","0","N","0","0","0","4","02301","0","","2.0","","1","N","N","","1","","0","0","0","","2","","","2","0","0","0","0","0","0","2","0","2","","","","N","","","","","","","","","",""
"2009102892","","2","0","0","0","0","0","0","0","0","4","0","","02","10","2009","5","40.448652","-80.002304","","11","0","0","0","0","0","0","1","0","","0","0","0","","","0","","1","","40 26:55.147","","0","80 00:08.294","0","0","0","0","2301","0","0","0","N","0","0","0","2","02301","0","","1.0","","9","N","N","","0","","0","0","0","","2","","","2","0","0","0","0","0","0","2","0","2","","","","N","","","","","","","","","",""
"2009102895","","2","0","0","0","0","0","0","0","0","2","0","90","02","10","2009","1","40.276215","-79.891035","","11","0","0","1","0","0","0","1","0","2","0","0","0","","","0","","0","","40 16:34.374","5","0","79 53:27.725","0","0","0","0","2440","0","0","0","N","0","0","0","2","02440","0","","1.0","","1","N","N","","0","","0","0","0","","0","Y","","2","0","0","0","0","0","0","2","0","2","","","N","Y","3","2","","","N","Y","","","",""
"2009102898","","2","0","0","0","0","0","0","0","0","1","0","","02","10","2009","5","40.429186","-79.999223","","11","0","0","0","0","0","0","0","0","","0","0","0","","","0","","2","","40 25:45.071","","4","79 59:57.204","0","0","0","0","2301","0","0","0","Y","0","0","0","2","02301","0","","1.0","","9","N","N","","0","","0","0","0","","0","","","2","0","0","0","0","0","0","2","0","2","","","","N","","","","","","","","","",""
"2009102907","","2","0","0","0","0","0","0","0","0","4","0","","02","10","2009","5","40.452823","-79.980008","","11","0","0","0","0","0","0","0","0","","0","0","0","","","0","","2","","40 27:10.162","","0","79 58:48.028","0","0","0","0","2301","0","0","0","N","0","0","0","2","02301","0","","1.0","","9","N","N","","0","","0","0","0","","0","","","2","0","0","0","0","0","0","2","0","2","","","","N","","","","","","","","","",""
"2009102908","","2","0","0","0","0","0","0","0","0","4","0","","02","10","2009","5","40.454125","-79.906268","","11","0","0","0","0","0","1","0","0","","0","0","0","","","1","","1","","40 27:14.851","","0","79 54:22.563","8","0","0","0","2301","0","0","0","N","0","0","0","3","02301","0","","1.0","","9","N","N","","0","","0","0","0","","3","","","2","1","1","0","0","1","0","2","0","2","","","","N","","","","","","","","","",""
"2009102911","","1","0","0","0","0","0","0","0","0","0","0","","02","10","2009","4","40.520619","-80.039437","","11","0","0","0","0","0","0","0","0","2","0","0","0","","","0","","1","","40 31:14.228","7","0","80 02:21.973","9","0","0","0","2474","0","0","0","N","0","0","0","2","02474","0","","2.0","","1","N","N","","0","","0","0","0","","3","Y","","1","0","0","0","0","0","1","2","0","1","","","","N","","","","","","","","","",""
"2009102922","","2","0","0","0","0","0","0","0","0","4","0","","02","10","2009","5","40.466818","-79.964268","","11","0","0","0","0","0","0","0","0","2","0","0","0","","","0","","1","","40 28:00.544","2","0","79 57:51.365","0","0","0","0","2301","0","0","0","N","0","0","0","5","02301","0","","1.0","","9","N","N","","0","","0","0","0","","3","N","","2","0","0","0","0","0","0","2","0","2","","","","N","","","","","","","","","",""
"2009102925","","0","0","0","0","0","0","0","0","0","4","0","","02","10","2009","5","40.45637","-79.998628","","11","0","0","0","0","0","0","0","0","","0","0","0","","","0","","1","","40 27:22.932","","0","79 59:55.061","0","0","0","0","2301","0","0","0","N","0","0","0","2","02301","0","","1.0","","9","N","N","","0","","0","0","2","","2","","","2","0","0","0","0","0","0","2","0","2","","","","N","","","","","","","","","",""
"2009102933","","0","0","0","0","0","0","0","0","0","7","0","","02","10","2009","6","40.375785","-79.994076","","11","0","0","0","1","0","0","0","0","1","0","0","0","","","1","","0","","40 22:32.827","4","0","79 59:38.673","3","0","0","0","2476","0","0","0","N","0","0","0","1","02476","0","","4.0","","9","N","N","","0","","1","0","1","","0","N","","1","1","1","0","0","0","0","2","0","1","","","","N","","","","","","","","","",""
"2009102934","","1","0","0","0","0","0","0","0","0","8","0","","02","10","2009","5","40.463039","-79.956036","","11","0","0","0","0","0","0","0","0","2","0","0","0","","","1","","2","","40 27:46.940","2","0","79 57:21.729","3","0","0","0","2301","1","0","0","N","1","0","0","2","02301","0","","1.0","","9","N","N","","0","","1","0","0","","3","N","","2","1","0","0","0","0","0","2","0","1","","","","N","","","","","","","","","",""
"2009102935","","1","0","0","0","0","0","0","0","0","4","0","","02","10","2009","3","40.321381","-80.058162","","11","0","0","0","0","0","0","0","0","","0","0","0","","","0","","2","","40 19:16.970","","0","80 03:29.384","0","0","0","0","2407","0","0","0","N","0","0","0","4","02407","0","","1.0","","1","N","N","","1","","0","0","0","","0","","","2","0","0","0","0","0","0","2","0","2","","","","N","","","","","","","","","",""
"2009102978","","3","0","0","0","0","0","0","0","0","1","0","","02","10","2009","5","40.441233","-79.992515","","11","0","0","0","1","0","1","0","0","1","0","0","0","","","0","","0","","40 26:28.438","1","0","79 59:33.055","0","0","0","0","2301","0","0","0","N","0","0","0","3","02301","0","","1.0","","9","N","N","","0","","0","0","0","","0","N","","3","0","0","0","0","0","0","2","0","3","","","","N","","","","","","","","","",""
"2009102987","","0","0","0","0","0","0","0","0","0","7","0","","02","10","2009","2","40.4204","-80.0496","","11","0","0","0","1","0","0","0","0","","0","0","0","","","1","","0","","40 25:13.440","","0","80 02:58.560","4","0","0","0","2435","0","0","0","N","0","0","0","2","68B03","1","","2.0","","1","N","N","","0","","0","0","1","","0","","","1","1","1","0","0","0","0","2","0","1","","","","N","","","","","","","","","",""
"2009102988","","1","0","0","0","0","0","0","0","0","7","0","","02","10","2009","7","40.467804","-80.200083","","11","0","0","0","0","0","0","0","0","","0","0","0","","","0","","0","","40 28:04.094","","0","80 12:00.299","0","0","0","0","2203","0","0","0","N","0","0","0","1","68B03","0","","3.0","","1","N","N","","0","","0","0","0","","0","","","1","0","0","0","0","0","0","2","0","1","","","","N","","","","","","","","","",""
"2009103031","","1","0","0","0","0","0","0","0","0","6","0","","02","10","2009","5","40.475961","-80.098839","","11","0","0","0","0","0","1","0","0","","0","0","0","","","0","","0","","40 28:33.460","","0","80 05:55.821","0","0","0","0","2126","0","0","0","N","0","0","0","2","02126","0","","1.0","","9","N","N","","0","","0","0","0","","0","","","2","0","0","0","0","0","0","2","1","2","","","","N","","","","","","","","","",""
"2009103036","","0","0","0","0","0","0","0","0","0","99","0","","02","10","2009","6","40.542031","-80.012994","","11","0","0","0","0","0","0","0","0","","0","0","0","","","1","","2","","40 32:31.310","","7","80 00:46.779","8","0","0","0","2116","0","0","0","N","0","0","0","3","02116","0","","1.0","","1","N","N","","0","","0","0","2","","2","","","2","1","0","0","0","1","2","2","0","2","","","","N","","","","","","","","","",""
"2009103038","","2","0","0","0","0","0","0","0","0","1","0","","02","10","2009","6","40.45818","-80.173828","","11","0","0","0","0","0","0","0","0","","0","0","0","","","0","","0","","40 27:29.448","","0","80 10:25.781","0","0","0","0","2213","0","0","0","N","0","0","0","2","02213","0","","1.0","","9","N","N","","0","","0","0","0","","0","","","2","0","0","0","0","0","0","2","0","2","","","","N","","","","","","","","","",""
"2009103042","","1","0","0","0","0","0","0","0","0","1","0","","02","10","2009","5","40.451249","-79.982239","","11","0","1","0","1","0","0","0","0","1","0","0","0","","","0","","0","","40 27:04.496","1","0","79 58:56.060","0","0","0","0","2301","0","0","0","N","0","0","0","4","02301","0","","1.0","","9","N","N","","0","","0","0","2","","0","N","","3","0","0","0","0","0","0","2","0","3","","","","N","","","","","","","","","",""
"2009103044","","2","0","0","0","0","0","0","0","0","5","0","","02","10","2009","5","40.467016","-80.024881","","11","0","0","0","0","0","0","0","0","","0","0","0","","","0","","1","","40 28:01.259","","0","80 01:29.570","0","0","0","0","2301","0","0","0","N","0","0","0","2","02301","0","","1.0","","9","N","N","","0","","0","0","0","","2","","","2","0","0","0","0","0","0","2","0","2","","","","N","","","","","","","","","",""
"2009103065","","0","0","0","0","0","0","0","0","0","7","0","","02","10","2009","5","40.638813","-79.937799","","11","0","0","0","0","0","1","0","0","","0","0","0","","","0","","0","","40 38:19.728","","0","79 56:16.078","0","0","0","0","2217","0","0","0","N","0","0","0","1","02505","0","","5.0","","9","N","N","","1","","0","0","0","","0","","","1","0","0","0","0","0","0","2","0","1","","","","N","","","","","","","","","",""
"2009103074","","2","0","0","0","0","0","0","0","0","4","0","","02","10","2009","5","40.478037","-79.711222","","11","0","0","0","0","0","0","0","1","1","0","0","0","","","0","","0","","40 28:40.933","2","0","79 42:40.399","0","0","0","0","2466","0","0","0","N","0","0","0","2","02466","0","","1.0","","9","N","N","","0","","0","0","0","","0","N","","2","0","0","0","0","0","0","2","0","2","","","","N","","","","","","","","","",""
"2009103075","","1","0","0","0","0","0","0","0","0","2","0","","02","10","2009","5","40.451243","-79.781348","","11","0","0","0","0","0","0","0","0","","0","0","0","","","0","","0","","40 27:04.474","","0","79 46:52.852","0","0","0","0","2446","0","0","0","N","0","0","0","2","02446","0","","1.0","","1","N","N","","1","","0","0","0","","0","","","2","0","2","0","0","0","0","2","0","2","","","","N","","","","","","","","","",""
"2009103077","","2","0","0","0","0","0","0","0","0","4","0","","02","10","2009","5","40.521444","-79.959624","","11","0","0","0","0","0","0","0","0","1","0","0","0","","","0","","1","","40 31:17.199","1","0","79 57:34.646","0","0","0","0","2118","0","0","0","N","0","0","0","2","02118","0","","1.0","","9","N","N","","0","","0","0","0","","3","N","","2","0","0","0","0","0","0","2","0","2","","","","N","","","","","","","","","",""
"2009103080","","0","0","0","0","0","0","0","0","0","7","0","","02","10","2009","5","40.532497","-79.957618","","11","0","0","0","0","0","0","1","0","2","0","0","0","","","0","","0","","40 31:56.989","3","0","79 57:27.426","0","0","0","0","2118","0","0","0","N","0","0","0","1","02118","0","","5.0","","2","N","N","","1","","0","0","0","","0","Y","","1","0","0","0","0","0","0","2","0","1","","","","N","","","","","","","","","",""
"2009103086","","1","0","0","0","0","0","0","0","0","2","0","","02","10","2009","5","40.435335","-80.0128","","11","0","0","0","0","0","1","0","0","1","0","0","0","","","0","","1","","40 26:07.207","4","0","80 00:46.081","0","0","0","0","2301","0","0","0","N","0","0","0","3","02301","0","","1.0","","9","N","N","","0","","0","0","1","","2","Y","","2","0","0","0","0","0","0","2","0","2","","","","N","","","","","","","","","",""
"2009103088","","1","0","0","0","0","0","0","0","0","7","0","","02","10","2009","6","40.430269","-80.02846","","11","0","0","0","0","0","0","0","0","1","0","0","0","","","1","","6","","40 25:48.968","4","2","80 01:42.455","4","0","0","0","2301","0","0","0","N","0","0","0","1","02301","1","","7.0","","9","N","N","","0","","0","0","0","","0","N","","1","1","0","0","0","0","0","2","0","1","","","","N","","","","","","","","","",""
"2009103097","","1","0","0","0","0","0","0","0","0","7","0","","02","10","2009","1","40.461936","-79.894097","","11","0","0","0","0","0","0","0","0","","0","0","0","","","1","","0","","40 27:42.969","","0","79 53:38.749","3","0","0","0","2301","0","0","0","N","0","0","0","2","02301","0","","5.0","","1","N","N","","0","","1","0","0","","0","","","1","1","0","0","0","0","1","2","0","1","","","","N","","","","","","","","","",""
"2009103100","","0","0","0","0","0","0","0","0","0","1","1","","02","10","2009","5","40.441452","-79.995468","","11","0","0","0","0","0","0","0","0","1","0","1","0","","","1","","2","","40 26:29.227","1","0","79 59:43.684","4","0","0","0","2301","0","0","0","N","0","0","0","2","02301","1","","1.0","","9","N","N","","1","","0","0","0","","2","N","","2","1","1","0","0","0","0","2","0","2","","","","N","","","","","","","","","",""
"2009103129","","0","0","0","0","0","0","0","0","0","0","1","","02","9","2009","6","40.5001","-80.1213","","11","0","0","0","0","0","1","0","0","3","0","1","0","","","0","","0","","40 30:00.360","1","0","80 07:16.680","0","0","0","0","2115","0","0","0","N","0","0","0","1","68B03","0","","1.0","","1","N","N","","0","","0","0","0","","0","N","","1","0","0","0","0","0","0","2","0","1","","","","N","","","","","","","","","",""
"2009103130","","1","0","0","0","0","0","0","0","0","7","0","","02","10","2009","5","40.4548","-80.1115","","11","0","0","0","0","0","0","0","0","","0","0","0","","","1","","0","","40 27:17.280","","0","80 06:41.400","4","0","0","0","2115","0","0","0","N","0","0","0","1","68B03","1","","4.0","","1","N","N","","0","","0","0","0","","0","","","1","1","0","0","0","0","0","2","0","1","","","","N","","","","","","","","","",""
"2009103132","","0","0","0","0","0","0","0","0","0","1","0","","02","10","2009","6","40.4158","-80.0595","","11","0","0","0","0","0","0","0","0","","0","0","0","","","1","","0","","40 24:56.880","","0","80 03:34.200","4","0","0","0","2435","0","0","0","N","0","0","0","2","68B03","1","","1.0","","1","N","N","","1","","0","0","0","","0","","","2","1","0","0","0","0","0","2","1","2","","","","N","","","","","","","","","",""
"2009103133","","2","0","0","0","0","0","0","0","0","1","0","","02","10","2009","6","40.4256","-79.9094","","11","0","0","0","1","1","0","0","0","","0","0","0","","","0","","0","","40 25:32.160","","0","79 54:33.840","0","0","0","0","2301","0","0","0","N","0","0","0","2","68B03","0","","1.0","","1","N","N","","0","","0","0","0","","0","","","2","0","0","0","0","0","0","2","0","2","","","","N","","","","","","","","","",""
"2009103134","","1","0","0","0","0","0","0","0","0","4","0","","02","10","2009","4","40.4342","-79.9953","","11","0","0","0","0","0","2","0","0","","0","0","0","","","0","","0","","40 26:03.120","","0","79 59:43.080","0","0","0","0","2301","0","0","0","N","0","0","0","3","68B03","0","","1.0","","1","N","N","","0","","0","0","1","","0","","","2","0","0","0","0","0","0","2","0","2","","","","N","","","","","","","","","",""
"2009103244","","1","0","0","0","0","0","0","0","0","4","0","","02","10","2009","5","40.415452","-79.847938","","11","0","0","0","0","0","0","0","0","2","0","0","0","","","0","","0","","40 24:55.627","1","0","79 50:52.576","0","0","0","0","2431","0","0","0","N","0","0","0","2","02431","0","","1.0","","9","N","N","","0","","0","0","1","","0","N","","2","0","0","0","0","0","0","2","0","2","","","","N","","","","","","","","","",""
"2009103248","","2","0","0","0","0","0","0","0","0","1","0","","02","10","2009","2","40.495456","-79.976249","","11","0","0","0","0","0","1","0","0","1","0","0","0","","","2","","3","","40 29:43.642","5","0","79 58:34.496","8","0","0","0","2118","0","0","0","N","0","0","0","2","02118","0","","1.0","","1","N","N","","0","","0","0","0","","0","N","","2","2","1","0","0","2","0","2","0","2","","","","N","","","","","","","","","",""
"2009103253","","3","0","0","0","0","0","0","0","0","1","0","","02","10","2009","6","40.441644","-80.021289","","11","0","0","0","0","0","1","0","0","1","0","0","0","","","1","","0","","40 26:29.919","3","0","80 01:16.641","8","0","0","0","2301","0","0","0","N","0","0","0","6","02301","0","","1.0","","9","N","N","","0","","0","0","2","","0","N","","5","1","0","0","0","1","0","2","0","5","","","","N","","","","","","","","","",""
"2009103255","","0","0","0","0","0","0","0","0","0","1","0","","02","10","2009","5","40.585605","-80.069082","","11","0","0","0","0","0","0","0","0","","0","0","0","","","1","","2","","40 35:08.178","","0","80 04:08.695","4","0","0","0","2481","0","0","0","N","0","0","0","2","02481","1","","1.0","","1","N","N","","0","","0","0","1","","3","","","2","1","0","0","0","0","1","2","0","2","","","","N","","","","","","","","","",""
"2009103257","","1","0","0","0","0","0","0","0","0","7","0","","02","10","2009","6","40.578056","-80.189167","","11","0","1","0","0","0","0","0","0","","0","0","0","","","1","","0","","40 34:41.000","","0","80 11:21.000","4","0","0","0","2480","0","0","0","N","0","0","0","1","02480","1","","2.0","","9","N","N","","0","","0","0","0","","0","","","1","1","0","0","0","0","0","1","0","1","","","","N","","","","","","","","","",""
"2009103258","","3","0","0","0","0","0","0","0","0","1","0","","02","10","2009","5","40.537313","-79.837274","","11","0","0","0","0","0","0","1","0","","0","0","0","","","0","","0","","40 32:14.326","","7","79 50:14.185","0","0","0","0","2208","0","0","0","N","0","0","0","3","02208","0","","1.0","","9","N","N","","0","","0","0","0","","0","","","3","0","0","0","0","0","0","2","0","3","","","","N","","","","","","","","","",""
"2009103268","","1","0","0","0","0","0","0","0","0","8","0","","02","10","2009","5","40.455905","-79.938602","","11","0","0","0","0","0","1","0","0","","0","0","0","","","1","","1","","40 27:21.258","","0","79 56:18.967","8","0","0","0","2301","1","0","0","N","1","0","0","2","02301","0","","1.0","","9","N","N","","0","","0","0","0","","2","","","2","1","0","0","0","1","0","2","0","1","","","","N","","","","","","","","","",""
"2009103284","","0","0","0","0","0","0","0","0","0","7","0","","02","10","2009","6","40.475174","-79.772912","","11","0","0","0","0","0","0","0","0","2","0","0","0","","","0","","2","","40 28:30.628","3","0","79 46:22.484","0","0","0","0","2466","0","0","0","N","0","0","0","1","02466","0","","2.0","","9","N","N","","0","","0","0","1","","0","N","","1","0","0","0","0","0","0","2","0","1","","","","N","","","","","","","","","",""
"2009103285","","2","0","0","0","0","0","0","0","0","2","0","","02","10","2009","6","40.576451","-80.072012","","11","0","0","0","0","0","0","0","0","1","0","0","0","","","0","","0","","40 34:35.223","6","0","80 04:19.243","0","0","0","0","2481","0","0","0","N","0","0","0","3","02481","0","","1.0","","9","N","N","","0","","0","0","0","","0","N","","2","0","0","0","0","0","0","2","0","2","","","","N","","","","","","","","","",""
"2009103311","","0","0","0","0","0","0","0","0","0","7","0","","02","10","2009","5","40.352482","-80.150209","","11","0","0","0","0","0","0","0","0","","0","0","0","","","2","","3","","40 21:08.935","","0","80 09:00.752","8","0","0","0","2119","0","0","0","N","0","0","0","2","02119","0","","5.0","","9","N","N","","0","","0","0","1","","0","","","1","2","0","0","0","2","0","2","0","1","","","","N","","","","","","","","","",""
"2009103320","","2","0","0","0","0","0","0","0","0","4","0","","02","10","2009","6","40.465281","-79.914521","","11","0","0","0","0","0","0","1","0","","0","0","0","","","1","","1","","40 27:55.011","","0","79 54:52.275","4","0","0","0","2301","0","0","0","N","0","0","0","2","02301","1","","1.0","","9","N","N","","0","","0","0","0","","1","","","2","1","0","0","0","0","0","2","0","2","","","","N","","","","","","","","","",""
"2009103322","","2","0","0","0","0","0","0","0","0","4","0","","02","10","2009","6","40.545972","-79.97238","","11","0","0","0","0","0","0","1","0","","0","0","0","","","0","","0","","40 32:45.498","","0","79 58:20.569","0","0","0","0","2118","0","0","0","N","0","0","0","3","02118","0","","1.0","","9","N","N","","0","","0","0","0","","0","","","2","0","1","0","0","0","0","2","0","2","","","","N","","","","","","","","","",""
"2009103323","","2","0","0","0","0","0","0","0","0","1","0","","02","10","2009","5","40.629819","-80.05692","","11","0","0","0","0","0","1","0","0","2","0","0","0","","","1","","5","","40 37:47.347","5","0","80 03:24.911","4","0","0","0","2216","0","0","0","N","0","0","0","2","02505","1","","1.0","","9","N","N","","0","","0","0","0","","2","N","","2","1","0","0","0","0","0","2","0","2","","","","N","","","","","","","","","",""
"2009103338","","2","0","0","0","0","0","0","0","0","4","0","","02","10","2009","6","40.447555","-79.988042","","11","0","0","0","0","0","0","0","0","1","0","0","0","","","0","","0","","40 26:51.198","3","0","79 59:16.951","0","0","0","0","2301","0","0","0","N","0","0","0","4","02301","0","","1.0","","1","N","N","","0","","0","0","0","","0","N","","2","0","0","0","0","0","0","2","0","2","","","","N","","","","","","","","","",""
"2009103342","","0","0","0","0","0","0","0","0","0","7","0","","02","10","2009","6","40.477608","-79.842684","","11","0","0","0","0","0","0","0","0","","0","0","0","","","0","","0","","40 28:39.388","","0","79 50:33.661","9","0","0","0","2113","0","0","0","N","0","0","0","2","02113","0","","5.0","","9","N","N","","0","","0","0","1","","0","","","1","0","1","0","0","0","2","2","0","1","","","","N","","","","","","","","","",""
"2009103351","","1","0","0","0","0","0","0","0","0","1","0","","02","10","2009","6","40.43135","-79.839073","","11","0","0","0","0","0","0","0","0","","0","0","0","","","1","","2","","40 25:52.859","","0","79 50:20.661","3","0","0","0","2419","0","0","0","N","0","0","0","4","02419","0","","1.0","","9","N","N","","0","","1","0","1","","0","","","2","1","1","0","0","0","0","2","0","2","","","","N","","","","","","","","","",""
"2009103353","","3","0","0","0","0","0","0","0","0","1","0","","02","10","2009","6","40.411515","-80.006409","","11","0","0","0","0","0","1","0","0","","0","0","0","","","0","","0","","40 24:41.453","","0","80 00:23.071","0","0","0","0","2301","0","0","0","N","0","0","0","4","02301","0","","1.0","","9","N","N","","0","","0","0","0","","0","","","4","0","0","0","0","0","0","2","1","4","","","","N","","","","","","","","","",""
"2009103355","","1","0","0","0","0","0","0","0","0","8","0","","02","10","2009","6","40.444431","-79.954831","","11","0","0","0","0","0","0","0","0","2","0","0","0","","","1","","1","","40 26:39.951","2","0","79 57:17.391","8","0","0","0","2301","1","0","0","N","1","0","0","2","02301","0","","1.0","","9","N","N","","0","","0","0","0","","0","N","","2","1","0","0","0","1","0","2","0","1","","","","N","","","","","","","","","",""
"2009103358","","0","0","0","0","0","0","0","0","0","0","0","","02","10","2009","6","40.430191","-80.053456","","11","0","0","0","0","0","0","0","0","","0","0","0","","","0","","0","","40 25:48.687","","0","80 03:12.440","0","0","0","0","2301","0","0","0","N","0","0","0","1","02301","0","","1.0","","9","N","N","","0","","0","0","1","","0","","","1","0","0","0","0","0","0","2","0","1","","","","N","","","","","","","","","",""