"CRN","ARRIVAL_TM","AUTOMOBILE_COUNT","BELTED_DEATH_COUNT","BELTED_SUSP_SERIOUS_INJ_COUNT","BICYCLE_COUNT","BICYCLE_DEATH_COUNT","BICYCLE_SUSP_SERIOUS_INJ_COUNT","BUS_COUNT","CHLDPAS_DEATH_COUNT","CHLDPAS_SUSP_SERIOUS_INJ_COUNT","COLLISION_TYPE","COMM_VEH_COUNT","CONS_ZONE_SPD_LIM","COUNTY","CRASH_MONTH","CRASH_YEAR","DAY_OF_WEEK","DEC_LATITUDE","DEC_LONGITUDE","DISPATCH_TM","DISTRICT","DRIVER_COUNT_16YR","DRIVER_COUNT_17YR","DRIVER_COUNT_18YR","DRIVER_COUNT_19YR","DRIVER_COUNT_20YR","DRIVER_COUNT_50_64YR","DRIVER_COUNT_65_74YR","DRIVER_COUNT_75PLUS","EST_HRS_CLOSED","FATAL_COUNT","HEAVY_TRUCK_COUNT","HORSE_BUGGY_COUNT","HOUR_OF_DAY","ILLUMINATION","INJURY_COUNT","INTERSECTION_RELATED","INTERSECT_TYPE","LANE_CLOSED","LATITUDE","LN_CLOSE_DIR","LOCATION_TYPE","LONGITUDE","MAX_SEVERITY_LEVEL","MCYCLE_DEATH_COUNT","MCYCLE_SUSP_SERIOUS_INJ_COUNT","MOTORCYCLE_COUNT","MUNICIPALITY","NONMOTR_COUNT","NONMOTR_DEATH_COUNT","NONMOTR_SUSP_SERIOUS_INJ_COUNT","NTFY_HIWY_MAINT","PED_COUNT","PED_DEATH_COUNT","PED_SUSP_SERIOUS_INJ_COUNT","PERSON_COUNT","POLICE_AGCY","POSSIBLE_INJ_COUNT","RDWY_SURF_TYPE_CD","RELATION_TO_ROAD","ROADWAY_CLEARED","ROAD_CONDITION","SCH_BUS_IND","SCH_ZONE_IND","SECONDARY_CRASH","SMALL_TRUCK_COUNT","SPEC_JURIS_CD","SUSP_MINOR_INJ_COUNT","SUSP_SERIOUS_INJ_COUNT","SUV_COUNT","TCD_FUNC_CD","TCD_TYPE","TFC_DETOUR_IND","TIME_OF_DAY","TOTAL_UNITS","TOT_INJ_COUNT","UNBELTED_OCC_COUNT","UNB_DEATH_COUNT","UNB_SUSP_SERIOUS_INJ_COUNT","UNK_INJ_DEG_COUNT","UNK_INJ_PER_COUNT","URBAN_RURAL","VAN_COUNT","VEHICLE_COUNT","WEATHER1","WEATHER2","WORKERS_PRES","WORK_ZONE_IND","WORK_ZONE_LOC","WORK_ZONE_TYPE","WZ_CLOSE_DETOUR","WZ_FLAGGER","WZ_LAW_OFFCR_IND","WZ_LN_CLOSURE","WZ_MOVING","WZ_OTHER","WZ_SHLDER_MDN","WZ_WORKERS_INJ_KILLED"
"2009106652","","1","0","0","0","0","0","0","0","0","2","1","","02","10","2009","6","40.318803","-79.899198","","11","0","1","0","0","0","1","0","0","2","0","1","0","","","0","","0","","40 19:07.689","1","1","79 53:57.113","0","0","0","0","2440","0","0","0","N","0","0","0","6","02440","0","","1.0","","9","N","N","","0","","0","0","0","","0","N","","2","0","0","0","0","0","0","2","0","2","","","","N","","","","","","","","","",""
"2009106667","","2","0","0","0","0","0","0","0","0","1","0","","02","10","2009","6","40.5486","-80.0858","","11","0","0","1","0","0","0","1","0","","0","0","0","","","0","","0","","40 32:54.960","","0","80 05:08.880","9","0","0","0","2215","0","0","0","N","0","0","0","6","68B03","0","","1.0","","9","N","N","","1","","0","0","1","","0","","","4","0","0","0","0","0","2","2","0","4","","","","N","","","","","","","","","",""
"2009106695","","1","0","0","0","0","0","0","0","0","1","0","","02","10","2009","7","40.527574","-79.812863","","11","0","0","0","0","0","1","1","0","1","0","0","0","","","2","","0","","40 31:39.268","4","0","79 48:46.306","4","0","0","0","2466","0","0","0","N","0","0","0","7","02466","2","","1.0","","9","N","N","","0","","0","0","2","","0","N","","3","2","0","0","0","0","0","2","0","3","","","","N","","","","","","","","","",""
"2009106696","","1","0","0","0","0","0","0","0","0","4","0","","02","10","2009","7","40.371959","-80.078053","","11","0","0","0","0","0","0","1","0","2","0","0","0","","","0","","2","","40 22:19.054","6","0","80 04:40.989","0","0","0","0","2109","0","0","0","N","0","0","0","3","02109","0","","1.0","","1","N","N","","0","","0","0","0","","2","N","","2","0","0","0","0","0","0","2","1","2","","","","N","","","","","","","","","",""
"2009106702","","1","0","0","0","0","0","0","0","0","4","0","","02","10","2009","6","40.664154","-79.93431","","11","0","0","0","0","0","0","0","0","1","0","0","0","","","2","","1","","40 39:50.955","1","0","79 56:03.516","8","0","0","0","2217","0","0","0","N","0","0","0","3","02505","0","","1.0","","9","N","N","","0","","0","0","0","","2","Y","","2","2","0","0","0","2","0","1","1","2","","","","N","","","","","","","","","",""
"2009106704","","0","0","0","0","0","0","0","0","0","7","0","","02","10","2009","5","40.3594","-79.9029","","11","0","0","0","0","0","0","0","0","1","0","0","0","","","1","","0","","40 21:33.840","4","0","79 54:10.440","3","0","0","0","2473","0","0","0","N","0","0","0","1","02473","0","","2.0","","1","N","N","","0","","1","0","0","","0","Y","","1","1","0","0","0","0","0","2","1","1","","","","N","","","","","","","","","",""
"2009106705","","0","0","0","0","0","0","0","0","0","7","0","","02","10","2009","6","40.660715","-79.983659","","11","0","0","0","0","0","0","0","0","1","0","0","0","","","0","","3","","40 39:38.575","6","0","79 59:01.172","0","0","0","0","2217","0","0","0","Y","0","0","0","2","02505","0","","4.0","","9","N","N","","0","","0","0","1","","0","N","","1","0","0","0","0","0","0","1","0","1","","","","N","","","","","","","","","",""
"2009106715","","0","0","0","0","0","0","0","0","0","7","0","","02","10","2009","5","40.364496","-80.044194","","11","0","0","0","0","0","1","0","0","2","0","0","0","","","1","","0","","40 21:52.187","4","0","80 02:39.098","3","0","0","0","2109","0","0","0","N","0","0","0","1","02109","0","","5.0","","1","N","N","","0","","1","0","1","","0","Y","","1","1","0","0","0","0","0","2","0","1","","","","N","","","","","","","","","",""
"2009106719","","2","0","0","0","0","0","0","0","0","1","0","","02","10","2009","7","40.438","-79.9941","","11","0","0","0","0","0","0","0","0","1","0","0","0","","","1","","0","","40 26:16.800","2","3","79 59:38.760","4","0","0","0","2301","0","0","0","N","0","0","0","3","02301","1","","1.0","","1","N","N","","0","","0","0","0","","0","N","","2","1","0","0","0","0","0","2","0","2","","","","N","","","","","","","","","",""
"2009106724","","1","0","0","0","0","0","0","0","0","4","1","","02","10","2009","7","40.537033","-79.839233","","11","0","0","0","0","0","1","0","0","","0","0","0","","","0","","1","","40 32:13.319","","0","79 50:21.237","0","0","0","0","2208","0","0","0","N","0","0","0","2","02208","0","","1.0","","9","N","N","","1","","0","0","0","","2","","","2","0","0","0","0","0","0","2","0","2","","","","N","","","","","","","","","",""
"2009106729","","1","0","0","0","0","0","0","0","0","7","0","","02","10","2009","7","40.407998","-80.018003","","11","0","0","0","0","0","0","0","0","1","0","0","0","","","1","","0","","40 24:28.794","2","0","80 01:04.811","8","0","0","0","2301","0","0","0","N","0","0","0","1","02301","0","","5.0","","9","N","N","","0","","0","0","0","","0","Y","","2","1","1","0","0","1","0","2","1","2","","","","N","","","","","","","","","",""
"2009106731","","1","0","0","0","0","0","0","0","0","7","0","","02","10","2009","6","40.503651","-80.081082","","11","0","0","0","1","0","0","0","0","","0","0","0","","","0","","2","","40 30:13.144","","0","80 04:51.896","0","0","0","0","2405","0","0","0","N","0","0","0","1","02215","0","","4.0","","9","N","N","","0","","0","0","0","","0","","","1","0","0","0","0","0","0","2","0","1","","","","N","","","","","","","","","",""
"2009106732","","2","0","0","0","0","0","0","0","0","4","0","","02","10","2009","7","40.489351","-79.820068","","11","0","0","0","0","0","0","0","0","1","0","0","0","","","0","","1","","40 29:21.662","3","0","79 49:12.244","0","0","0","0","2113","0","0","0","N","0","0","0","2","02113","0","","1.0","","1","N","N","","0","","0","0","0","","0","N","","2","0","0","0","0","0","0","2","0","2","","","","N","","","","","","","","","",""
"2009106733","","2","0","0","0","0","0","0","0","0","4","0","","02","10","2009","7","40.453573","-80.000147","","11","0","0","0","0","0","1","0","0","","0","0","0","","","0","","0","","40 27:12.864","","0","80 00:00.528","0","0","0","0","2301","0","0","0","N","0","0","0","2","02301","0","","6.0","","1","N","N","","0","","0","0","0","","0","","","2","0","2","0","0","0","0","2","0","2","","","","N","","","","","","","","","",""
"2009106735","","2","0","0","0","0","0","0","0","0","6","0","","02","10","2009","1","40.485308","-80.034423","","11","0","0","0","0","0","0","0","0","1","0","0","0","","","0","","0","","40 29:07.108","2","0","80 02:03.922","0","0","0","0","2301","0","0","0","N","0","0","0","2","02301","0","","6.0","","1","N","N","","0","","0","0","0","","0","N","","2","0","0","0","0","0","0","2","0","2","","","","N","","","","","","","","","",""
"2009106736","","2","0","0","0","0","0","0","0","0","2","0","25","02","10","2009","7","40.405565","-79.88572","","11","0","0","0","0","0","1","0","0","1","0","0","0","","","2","","2","","40 24:20.035","3","3","79 53:08.591","4","0","0","0","2475","0","0","0","N","0","0","0","2","02475","1","","1.0","","1","N","N","","0","","0","0","0","","2","Y","","2","2","1","0","0","1","0","2","0","2","","","N","Y","4","1","","","Y","Y","","Y","",""
"2009106740","","3","0","0","0","0","0","0","0","0","1","0","","02","10","2009","1","40.394414","-79.871792","","11","0","0","1","0","0","0","0","1","2","0","0","0","","","0","","0","","40 23:39.891","1","0","79 52:18.452","9","0","0","0","2473","0","0","0","N","0","0","0","9","02473","0","","1.0","","1","N","N","","0","","0","0","0","","0","N","","4","0","0","0","0","0","1","2","0","4","","","","N","","","","","","","","","",""
"2009106743","","1","0","0","0","0","0","0","0","0","1","0","","02","10","2009","4","40.311086","-80.03299","","11","0","0","0","0","0","1","0","0","","0","0","0","","","1","","2","","40 18:39.908","","0","80 01:58.763","3","0","0","0","2407","0","0","0","N","0","0","0","3","02407","0","","1.0","","1","N","N","","1","","1","0","0","","2","","","2","1","0","0","0","0","0","2","0","2","","","","N","","","","","","","","","",""
"2009106744","","1","0","0","0","0","0","0","0","0","5","0","","02","10","2009","3","40.341453","-80.018329","","11","0","0","0","0","0","1","0","0","","0","0","0","","","1","","0","","40 20:29.230","","0","80 01:05.984","4","0","0","0","2407","0","0","0","N","0","0","0","5","02407","1","","1.0","","1","N","N","","0","","0","0","0","","0","","","2","1","1","0","0","0","0","2","1","2","","","","N","","","","","","","","","",""
"2009106745","","2","0","0","0","0","0","0","0","0","1","0","","02","10","2009","5","40.3478","-80.0531","","11","0","0","0","0","0","1","0","0","1","0","0","0","","","0","","0","","40 20:52.080","1","0","80 03:11.160","0","0","0","0","2407","0","0","0","N","0","0","0","3","02407","0","","1.0","","1","N","N","","0","","0","0","1","","0","N","","3","0","0","0","0","0","0","2","0","3","","","","N","","","","","","","","","",""
"2009106746","","0","0","0","0","0","0","1","0","0","1","1","","02","10","2009","6","40.342806","-80.053149","","11","0","0","0","0","0","1","1","0","","0","0","0","","","0","","1","","40 20:34.101","","0","80 03:11.336","0","0","0","0","2407","0","0","0","N","0","0","0","3","02407","0","","1.0","","1","Y","N","","0","","0","0","0","","2","","","2","0","0","0","0","0","0","2","1","2","","","","N","","","","","","","","","",""
"2009106766","","1","0","0","0","0","0","0","0","0","5","1","","02","10","2009","2","40.427919","-79.948688","","11","0","0","0","0","0","1","0","0","1","0","1","0","","","0","","0","","40 25:40.507","3","0","79 56:55.277","0","0","0","0","2301","0","0","0","N","0","0","0","3","68B03","0","","1.0","","1","N","N","","0","","0","0","0","","0","N","","2","0","0","0","0","0","0","2","0","2","","","","N","","","","","","","","","",""
"2009106767","","0","0","0","0","0","0","0","0","0","5","0","","02","10","2009","6","40.428845","-80.029308","","11","0","0","0","0","0","0","0","0","","0","0","0","","","0","","0","","40 25:43.843","","0","80 01:45.507","0","0","0","0","2301","0","0","0","N","0","0","0","2","68B03","0","","1.0","","9","N","N","","0","","0","0","2","","0","","","2","0","0","0","0","0","0","2","0","2","","","","N","","","","","","","","","",""
"2009106879","","1","0","0","0","0","0","0","0","0","1","1","","02","9","2009","2","40.4299","-80.0278","","11","0","0","0","0","0","0","0","0","","0","1","0","","","0","","0","","40 25:47.640","","0","80 01:40.080","0","0","0","0","2301","0","0","0","N","0","0","0","2","68B03","0","","1.0","","1","N","N","","0","","0","0","0","","0","","","2","0","0","0","0","0","0","2","0","2","","","","N","","","","","","","","","",""
"2009106880","","3","0","0","0","0","0","0","0","0","1","0","","02","10","2009","4","40.430858","-79.873022","","11","0","0","0","0","0","1","0","0","","0","0","0","","","2","","0","","40 25:51.089","","0","79 52:22.880","4","0","0","0","2411","0","0","0","N","0","0","0","4","68A01","2","","1.0","","1","N","N","","0","","0","0","0","","0","","","3","2","0","0","0","0","0","2","0","3","","","","N","","","","","","","","","",""
"2009106881","","2","0","0","0","0","0","0","0","0","4","0","","02","10","2009","4","40.4301","-79.9574","","11","0","0","0","0","0","0","0","0","1","0","0","0","","","1","","0","","40 25:48.360","3","0","79 57:26.640","8","0","0","0","2301","0","0","0","N","0","0","0","3","68B03","0","","1.0","","1","N","N","","0","","0","0","0","","0","N","","2","1","1","0","0","1","0","2","0","2","","","","N","","","","","","","","","",""
"2009106953","","2","0","0","0","0","0","0","0","0","4","0","","02","10","2009","6","40.347712","-79.933561","","11","0","0","0","0","0","0","1","0","","0","0","0","","","0","","2","","40 20:51.763","","0","79 56:00.819","0","0","0","0","2473","0","0","0","N","0","0","0","3","02473","0","","1.0","","9","N","N","","0","","0","0","0","","3","","","2","0","1","0","0","0","0","2","0","2","","","","N","","","","","","","","","",""
"2009106962","","1","0","0","0","0","0","0","0","0","4","0","","02","10","2009","6","40.43876","-79.767058","","11","0","0","0","0","0","1","0","0","","0","0","0","","","0","","0","","40 26:19.537","","0","79 46:01.408","0","0","0","0","2446","0","0","0","N","0","0","0","3","02446","0","","1.0","","9","N","N","","0","","0","0","1","","0","","","2","0","1","0","0","0","0","2","0","2","","","","N","","","","","","","","","",""
"2009106969","","1","0","0","0","0","0","0","0","0","7","0","","02","10","2009","5","40.391358","-79.869431","","11","0","0","0","0","0","0","0","0","","0","0","0","","","0","","0","","40 23:28.887","","0","79 52:09.950","0","0","0","0","2473","0","0","0","N","0","0","0","1","02473","0","","5.0","","1","N","N","","0","","0","0","0","","0","","","1","0","0","0","0","0","0","2","0","1","","","","N","","","","","","","","","",""
"2009106991","","1","0","0","0","0","0","0","0","0","7","0","","02","10","2009","7","40.311993","-79.944456","","11","0","0","0","0","0","0","1","0","","0","0","0","","","0","","0","","40 18:43.175","","0","79 56:40.040","0","0","0","0","2440","0","0","0","N","0","0","0","1","02440","0","","4.0","","9","N","N","","0","","0","0","0","","0","","","1","0","0","0","0","0","0","2","0","1","","","","N","","","","","","","","","",""
"2009106994","","2","0","0","0","0","0","0","0","0","1","0","","02","10","2009","5","40.373549","-80.118093","","11","0","0","0","0","0","1","0","0","","0","0","0","","","0","","0","","40 22:24.776","","0","80 07:05.134","0","0","0","0","2102","0","0","0","","0","0","0","2","02102","0","","1.0","","1","N","N","","0","","0","0","0","","0","","","2","0","0","0","0","0","0","2","0","2","","","","N","","","","","","","","","",""
"2009106997","","0","0","0","0","0","0","0","0","0","1","0","","02","10","2009","7","40.538634","-79.830148","","11","0","0","0","0","0","0","0","0","","0","0","0","","","2","","2","","40 32:19.084","","0","79 49:48.534","8","0","0","0","2208","0","0","0","N","0","0","0","4","02208","0","","1.0","","9","N","N","","1","","0","0","1","","2","","","2","2","0","0","0","2","0","2","0","2","","","","N","","","","","","","","","",""
"2009106999","","0","0","0","0","0","0","0","0","0","7","0","","02","10","2009","1","40.435991","-79.994591","","11","0","0","0","0","1","0","0","0","","0","0","0","","","0","","6","","40 26:09.568","","2","79 59:40.527","0","0","0","0","2301","0","0","0","N","0","0","0","2","02301","0","","1.0","","1","N","N","","0","","0","0","1","","0","","","1","0","0","0","0","0","0","2","0","1","","","","N","","","","","","","","","",""
"2009107001","","0","0","0","0","0","0","0","0","0","1","0","","02","10","2009","2","40.466188","-79.826144","","11","0","0","0","0","0","0","0","1","","0","0","0","","","1","","2","","40 27:58.276","","0","79 49:34.119","4","0","0","0","2113","0","0","0","N","0","0","0","3","02113","1","","1.0","","1","N","N","","2","","0","0","0","","2","","","2","1","0","0","0","0","0","2","0","2","","","","N","","","","","","","","","",""
"2009107004","","1","0","0","0","0","0","0","0","0","2","0","","02","10","2009","2","40.452681","-79.91037","","11","0","0","0","0","0","0","1","0","","0","0","0","","","1","","1","","40 27:09.653","","0","79 54:37.332","4","0","0","0","2301","0","0","0","N","0","0","0","2","02301","1","","1.0","","1","N","N","","1","","0","0","0","","2","","","2","1","0","0","0","0","0","2","0","2","","","","N","","","","","","","","","",""
"2009107007","","1","0","0","0","0","0","0","0","0","1","1","","02","10","2009","2","40.438334","-79.842884","","11","0","0","0","0","0","2","0","0","1","0","1","0","","","1","","2","","40 26:18.004","1","0","79 50:34.384","4","0","0","0","2419","0","0","0","N","0","0","0","2","02419","1","","1.0","","1","N","N","","0","","0","0","0","","3","N","","2","1","0","0","0","0","0","2","0","2","","","","N","","","","","","","","","",""
"2009107012","","2","0","0","0","0","0","0","0","0","1","0","","02","10","2009","2","40.434442","-79.75394","","11","0","0","0","0","1","0","0","0","","0","0","0","","","2","","0","","40 26:03.990","","0","79 45:14.183","4","0","0","0","2446","0","0","0","N","0","0","0","5","02446","2","","1.0","","1","N","N","","0","","0","0","2","","0","","","4","2","1","0","0","0","0","2","0","4","","","","N","","","","","","","","","",""
"2009107013","","1","0","0","0","0","0","0","0","0","7","0","","02","10","2009","1","40.568939","-80.169818","","11","0","0","0","0","0","0","0","0","","0","0","0","","","0","","0","","40 34:08.181","","0","80 10:11.343","0","0","0","0","2459","0","0","0","N","0","0","0","1","02459","0","","2.0","","1","N","N","","0","","0","0","0","","0","","","1","0","0","0","0","0","0","1","0","1","","","","N","","","","","","","","","",""
"2009107021","","1","0","0","0","0","0","0","0","0","4","0","","02","10","2009","1","40.460221","-79.842652","","11","0","0","0","0","0","1","0","0","1","0","0","0","","","1","","5","","40 27:36.794","7","0","79 50:33.548","4","0","0","1","2113","0","0","0","N","0","0","0","2","02113","1","","1.0","","1","N","N","","0","","0","0","0","","2","Y","","2","1","0","0","0","0","0","2","0","2","","","","N","","","","","","","","","",""
"2009107028","","2","0","0","0","0","0","0","0","0","4","0","","02","10","2009","7","40.439164","-79.960261","","11","0","0","0","0","1","0","0","0","2","0","0","0","","","2","","2","","40 26:20.992","3","0","79 57:36.941","4","0","0","0","2301","0","0","0","N","0","0","0","5","02301","2","","1.0","","1","N","N","","1","","0","0","0","","0","N","","3","2","0","0","0","0","0","2","0","3","","","","N","","","","","","","","","",""
"2009107044","","0","0","0","0","0","0","0","0","0","1","0","","02","10","2009","2","","","","11","0","0","0","0","0","1","0","0","","0","0","0","","","0","","10","","","","0","","0","0","0","0","2445","0","0","0","N","0","0","0","2","02445","0","","1.0","","1","N","N","","0","","0","0","2","","0","","","2","0","0","0","0","0","0","1","0","2","","","","N","","","","","","","","","",""
"2009107047","","3","0","0","0","0","0","0","0","0","1","0","","02","10","2009","2","40.410151","-80.027396","","11","0","0","0","0","0","1","0","0","","0","0","0","","","0","","0","","40 24:36.543","","0","80 01:38.625","0","0","0","0","2301","0","0","0","N","0","0","0","1","02301","0","","2.0","","1","N","N","","0","","0","0","0","","0","","","3","0","0","0","0","0","0","2","0","3","","","","N","","","","","","","","","",""
"2009107052","","1","0","0","0","0","0","0","0","0","2","0","","02","10","2009","2","40.292563","-79.996501","","11","0","0","0","0","0","2","0","0","2","0","0","0","","","2","","0","","40 17:33.228","1","0","79 59:47.402","4","0","0","0","2219","0","0","0","N","0","0","0","4","02219","1","","1.0","","1","N","N","","0","","0","0","0","","0","N","","2","2","0","0","0","1","0","2","1","2","","","","N","","","","","","","","","",""
"2009107061","","2","0","0","0","0","0","0","0","0","4","0","","02","10","2009","2","40.448948","-80.162827","","11","0","0","0","1","0","0","0","0","","0","0","0","","","1","","1","","40 26:56.212","","0","80 09:46.177","4","0","0","0","2115","0","0","0","N","0","0","0","3","02115","1","","1.0","","1","N","N","","0","","0","0","0","","2","","","2","1","0","0","0","0","0","2","0","2","","","","N","","","","","","","","","",""
"2009107062","","1","0","0","0","0","0","0","0","0","7","0","","02","10","2009","6","40.456306","-80.167538","","11","0","0","0","0","0","1","0","0","","0","0","0","","","0","","1","","40 27:22.701","","0","80 10:03.136","0","0","0","0","2115","0","0","0","N","0","0","0","1","02115","0","","4.0","","9","N","N","","0","","0","0","0","","2","","","1","0","0","0","0","0","0","2","0","1","","","","N","","","","","","","","","",""
"2009107063","","1","0","0","0","0","0","0","0","0","4","0","","02","10","2009","5","40.50386","-80.135244","","11","0","1","0","0","0","0","0","0","1","0","0","0","","","0","","2","","40 30:13.895","3","2","80 08:06.880","0","0","0","0","2115","0","0","0","N","0","0","0","3","02115","0","","1.0","","1","N","N","","0","","0","0","0","","3","N","","2","0","0","0","0","0","0","2","1","2","","","","N","","","","","","","","","",""
"2009107064","","1","0","0","0","0","0","0","0","0","4","0","","02","10","2009","6","40.439996","-80.083964","","11","0","0","0","0","0","0","0","0","","0","0","0","","","0","","3","","40 26:23.986","","0","80 05:02.270","0","0","0","0","2115","0","0","0","N","0","0","0","3","02115","0","","1.0","","9","N","N","","0","","0","0","1","","3","","","2","0","0","0","0","0","0","2","0","2","","","","N","","","","","","","","","",""
"2009107065","","1","0","0","0","0","0","0","0","0","0","0","","02","10","2009","6","40.439","-80.1415","","11","0","0","0","0","0","0","0","0","","0","0","0","","","0","","0","","40 26:20.400","","0","80 08:29.400","0","0","0","0","2115","0","0","0","N","0","0","0","1","02115","0","","4.0","","9","N","N","","0","","0","0","0","","0","","","1","0","0","0","0","0","0","2","0","1","","","","N","","","","","","","","","",""
"2009107132","","3","0","0","0","0","0","0","0","0","1","0","","02","10","2009","6","40.58906","-80.098938","","11","0","0","0","0","2","0","0","0","","0","0","0","","","0","","0","","40 35:20.615","","0","80 05:56.176","0","0","0","0","2481","0","0","0","N","0","0","0","6","68B03","0","","1.0","","9","N","N","","0","","0","0","0","","0","","","3","0","0","0","0","0","0","2","0","3","","","","N","","","","","","","","","",""
"2009107133","","0","0","0","0","0","0","0","0","0","99","0","","02","10","2009","5","40.4395","-79.8608","","11","0","0","0","0","0","1","0","0","","0","0","0","","","0","","0","","40 26:22.200","","0","79 51:38.880","0","0","0","0","2419","0","0","0","N","0","0","0","2","68B03","0","","1.0","","1","N","N","","0","","0","0","1","","0","","","1","0","0","0","0","0","0","2","0","1","","","","N","","","","","","","","","",""
"2009107134","","1","0","0","0","0","0","0","0","0","99","0","","02","10","2009","5","40.5199","-80.0621","","11","0","0","0","0","0","0","0","0","","0","0","0","","","0","","0","","40 31:11.640","","0","80 03:43.560","0","0","0","0","2215","0","0","0","N","0","0","0","1","68B03","0","","1.0","","1","N","N","","0","","0","0","0","","0","","","1","0","0","0","0","0","0","2","0","1","","","","N","","","","","","","","","",""
"2009107135","","0","0","0","0","0","0","0","0","0","7","0","","02","10","2009","6","40.428789","-80.132073","","11","0","0","0","0","0","0","1","0","3","0","0","0","","","0","","0","","40 25:43.641","3","0","80 07:55.464","0","0","0","0","2102","0","0","0","N","0","0","0","4","68B03","0","","3.0","","1","N","N","","0","","0","0","1","","0","N","","1","0","0","0","0","0","0","2","0","1","","","","N","","","","","","","","","",""
"2009107136","","1","0","0","0","0","0","0","0","0","1","0","","02","10","2009","6","40.428789","-80.132073","","11","0","0","0","0","0","0","0","0","3","0","0","0","","","1","","0","","40 25:43.641","3","0","80 07:55.464","3","0","0","0","2102","0","0","0","N","0","0","0","4","68B03","0","","1.0","","1","N","N","","1","","1","0","1","","0","N","","3","1","0","0","0","0","0","2","0","3","","","","N","","","","","","","","","",""
"2009107137","","1","0","0","0","0","0","0","0","0","1","0","","02","10","2009","7","40.4306","-79.9577","","11","0","0","0","0","0","1","0","0","","0","0","0","","","0","","6","","40 25:50.160","","2","79 57:27.720","0","0","0","0","2301","0","0","0","N","0","0","0","5","68B03","0","","1.0","","1","N","N","","0","","0","0","0","","4","","","2","0","0","0","0","0","0","2","1","2","","","","N","","","","","","","","","",""
"2009107212","","1","0","0","0","0","0","0","0","0","4","0","","02","10","2009","2","40.413039","-80.009978","","11","0","0","0","0","0","1","0","0","","0","0","0","","","0","","1","","40 24:46.942","","0","80 00:35.920","0","0","0","0","2301","0","0","0","N","0","0","0","3","02301","0","","1.0","","1","N","N","","1","","0","0","0","","2","","","2","0","0","0","0","0","0","2","0","2","","","","N","","","","","","","","","",""
"2009107214","","2","0","0","0","0","0","0","0","0","4","0","","02","10","2009","2","40.469163","-79.859833","","11","0","0","0","0","0","0","0","0","","0","0","0","","","1","","0","","40 28:08.987","","0","79 51:35.399","4","0","0","0","2113","0","0","0","N","0","0","0","2","02113","1","","1.0","","1","N","N","","0","","0","0","0","","0","","","2","1","0","0","0","0","0","2","0","2","","","","N","","","","","","","","","",""
"2009107215","","1","0","0","0","0","0","0","0","0","7","0","","02","10","2009","2","40.47421","-79.850929","","11","0","0","0","0","0","0","0","0","1","0","0","0","","","0","","0","","40 28:27.155","3","0","79 51:03.344","9","0","0","1","2113","0","0","0","N","0","0","0","1","02113","0","","5.0","","1","N","N","","0","","0","0","0","","0","N","","2","0","0","0","0","0","1","2","0","2","","","","N","","","","","","","","","",""
"2009107218","","1","0","0","0","0","0","0","0","0","7","0","","02","10","2009","6","40.260206","-79.902642","","11","0","0","0","0","0","0","0","0","1","0","0","0","","","1","","0","","40 15:36.742","5","0","79 54:09.510","4","0","0","0","2204","0","0","0","N","0","0","0","1","02204","1","","2.0","","9","N","N","","0","","0","0","0","","0","N","","1","1","0","0","0","0","0","1","0","1","","","","N","","","","","","","","","",""
"2009107222","","2","0","0","0","0","0","0","0","0","1","0","","02","10","2009","2","40.416029","-80.030001","","11","0","0","0","0","0","0","0","0","1","0","0","0","","","1","","1","","40 24:57.705","2","0","80 01:48.002","4","0","0","0","2301","0","0","0","N","0","0","0","2","02301","1","","1.0","","1","N","N","","0","","0","0","0","","2","N","","2","1","0","0","0","0","0","2","0","2","","","","N","","","","","","","","","",""
"2009107227","","1","0","0","0","0","0","0","0","0","6","0","","02","10","2009","2","40.440072","-79.895571","","11","0","0","0","0","0","0","0","0","","0","0","0","","","0","","0","","40 26:24.259","","0","79 53:44.055","9","0","0","0","2301","0","0","0","N","0","0","0","1","02301","0","","4.0","","1","N","N","","0","","0","0","0","","0","","","2","0","0","0","0","0","1","2","0","2","","","","N","","","","","","","","","",""
"2009107232","","2","0","0","0","0","0","0","0","0","4","0","","02","10","2009","1","","","","11","0","0","0","0","0","0","0","0","","0","0","0","","","0","","1","","","","0","","0","0","0","0","2301","0","0","0","N","0","0","0","2","02301","0","","1.0","","1","N","N","","0","","0","0","0","","3","","","2","0","0","0","0","0","0","1","0","2","","","","N","","","","","","","","","",""
"2009107255","","1","0","0","0","0","0","0","0","0","7","0","","02","10","2009","1","40.437671","-79.975569","","11","0","0","0","0","0","0","0","0","","0","0","0","","","0","","0","","40 26:15.615","","0","79 58:32.048","0","0","0","0","2301","0","0","0","N","0","0","0","1","02301","0","","4.0","","1","N","N","","0","","0","0","0","","8","","","1","0","1","0","0","0","0","2","0","1","","","","N","","","","","","","","","",""
"2009107259","","1","0","0","0","0","0","0","0","0","4","0","","02","10","2009","6","40.421939","-80.046186","","11","0","0","0","0","1","0","0","0","","0","0","0","","","0","","2","","40 25:18.982","","0","80 02:46.269","0","0","0","0","2435","0","0","0","N","0","0","0","2","02435","0","","1.0","","9","N","N","","0","","0","0","1","","2","","","2","0","0","0","0","0","0","2","0","2","","","","N","","","","","","","","","",""