"CRN","ARRIVAL_TM","AUTOMOBILE_COUNT","BELTED_DEATH_COUNT","BELTED_SUSP_SERIOUS_INJ_COUNT","BICYCLE_COUNT","BICYCLE_DEATH_COUNT","BICYCLE_SUSP_SERIOUS_INJ_COUNT","BUS_COUNT","CHLDPAS_DEATH_COUNT","CHLDPAS_SUSP_SERIOUS_INJ_COUNT","COLLISION_TYPE","COMM_VEH_COUNT","CONS_ZONE_SPD_LIM","COUNTY","CRASH_MONTH","CRASH_YEAR","DAY_OF_WEEK","DEC_LATITUDE","DEC_LONGITUDE","DISPATCH_TM","DISTRICT","DRIVER_COUNT_16YR","DRIVER_COUNT_17YR","DRIVER_COUNT_18YR","DRIVER_COUNT_19YR","DRIVER_COUNT_20YR","DRIVER_COUNT_50_64YR","DRIVER_COUNT_65_74YR","DRIVER_COUNT_75PLUS","EST_HRS_CLOSED","FATAL_COUNT","HEAVY_TRUCK_COUNT","HORSE_BUGGY_COUNT","HOUR_OF_DAY","ILLUMINATION","INJURY_COUNT","INTERSECTION_RELATED","INTERSECT_TYPE","LANE_CLOSED","LATITUDE","LN_CLOSE_DIR","LOCATION_TYPE","LONGITUDE","MAX_SEVERITY_LEVEL","MCYCLE_DEATH_COUNT","MCYCLE_SUSP_SERIOUS_INJ_COUNT","MOTORCYCLE_COUNT","MUNICIPALITY","NONMOTR_COUNT","NONMOTR_DEATH_COUNT","NONMOTR_SUSP_SERIOUS_INJ_COUNT","NTFY_HIWY_MAINT","PED_COUNT","PED_DEATH_COUNT","PED_SUSP_SERIOUS_INJ_COUNT","PERSON_COUNT","POLICE_AGCY","POSSIBLE_INJ_COUNT","RDWY_SURF_TYPE_CD","RELATION_TO_ROAD","ROADWAY_CLEARED","ROAD_CONDITION","SCH_BUS_IND","SCH_ZONE_IND","SECONDARY_CRASH","SMALL_TRUCK_COUNT","SPEC_JURIS_CD","SUSP_MINOR_INJ_COUNT","SUSP_SERIOUS_INJ_COUNT","SUV_COUNT","TCD_FUNC_CD","TCD_TYPE","TFC_DETOUR_IND","TIME_OF_DAY","TOTAL_UNITS","TOT_INJ_COUNT","UNBELTED_OCC_COUNT","UNB_DEATH_COUNT","UNB_SUSP_SERIOUS_INJ_COUNT","UNK_INJ_DEG_COUNT","UNK_INJ_PER_COUNT","URBAN_RURAL","VAN_COUNT","VEHICLE_COUNT","WEATHER1","WEATHER2","WORKERS_PRES","WORK_ZONE_IND","WORK_ZONE_LOC","WORK_ZONE_TYPE","WZ_CLOSE_DETOUR","WZ_FLAGGER","WZ_LAW_OFFCR_IND","WZ_LN_CLOSURE","WZ_MOVING","WZ_OTHER","WZ_SHLDER_MDN","WZ_WORKERS_INJ_KILLED"
"2009107260","","1","0","0","0","0","0","0","0","0","7","0","","02","10","2009","6","40.44811","-79.709521","","11","0","0","0","0","1","0","0","0","","0","0","0","","","0","","2","","40 26:53.195","","0","79 42:34.276","0","0","0","0","2466","0","0","0","N","0","0","0","1","02466","0","","5.0","","9","N","N","","0","","0","0","0","","3","","","1","0","0","0","0","0","0","2","0","1","","","","N","","","","","","","","","",""
"2009107276","","0","0","0","0","0","0","0","0","0","8","0","","02","10","2009","2","40.454145","-79.944483","","11","0","0","0","0","0","0","0","1","","0","0","0","","","1","","1","","40 27:14.922","","0","79 56:40.138","4","0","0","0","2301","1","0","0","N","1","0","0","2","02301","1","","1.0","","1","N","N","","0","","0","0","1","","2","","","2","1","0","0","0","0","0","2","0","1","","","","N","","","","","","","","","",""
"2009107279","","1","0","0","0","0","0","0","0","0","7","0","","02","10","2009","3","40.586","-80.0994","","11","0","0","0","1","0","0","0","0","","0","0","0","","","0","","0","","40 35:09.600","","0","80 05:57.840","0","0","0","0","2481","0","0","0","N","0","0","0","1","68B03","0","","2.0","","1","N","N","","0","","0","0","0","","0","","","1","0","0","0","0","0","0","2","0","1","","","","N","","","","","","","","","",""
"2009107280","","1","0","0","0","0","0","0","0","0","7","0","","02","10","2009","7","40.440528","-80.008869","","11","0","0","0","0","0","0","0","0","","0","0","0","","","0","","0","","40 26:25.901","","0","80 00:31.928","0","0","0","0","2301","0","0","0","N","0","0","0","1","68B03","0","","4.0","","1","N","N","","0","","0","0","0","","0","","","2","0","0","0","0","0","0","2","0","1","","","","N","","","","","","","","","",""
"2009107283","","2","0","0","0","0","0","0","0","0","7","0","","02","10","2009","5","40.5859","-79.7785","","11","0","0","0","0","0","0","1","0","","0","0","0","","","0","","0","","40 35:09.240","","0","79 46:42.600","0","0","0","0","2104","0","0","0","N","0","0","0","6","68D02","0","","1.0","","9","N","N","","2","","0","0","0","","0","","","6","0","0","0","0","0","0","1","2","6","","","","N","","","","","","","","","",""
"2009107284","","1","0","0","0","0","0","0","0","0","7","0","","02","10","2009","6","40.542","-79.8393","","11","0","0","0","0","0","0","0","0","","0","0","0","","","1","","0","","40 32:31.200","","0","79 50:21.480","8","0","0","0","2208","0","0","0","N","0","0","0","2","68D02","0","","2.0","","9","N","N","","0","","0","0","0","","0","","","2","1","0","0","0","1","0","2","0","1","","","","N","","","","","","","","","",""
"2009107285","","2","0","0","0","0","0","0","0","0","1","0","","02","10","2009","6","40.494259","-79.909143","","11","0","0","0","0","0","1","0","0","","0","0","0","","","1","","3","","40 29:39.331","","8","79 54:32.913","8","0","0","0","2112","0","0","0","N","0","0","0","4","68D02","0","","1.0","","9","N","N","","0","","0","0","0","","0","","","2","1","0","0","0","1","0","2","0","2","","","","N","","","","","","","","","",""
"2009107286","","1","0","0","0","0","0","0","0","0","1","0","","02","10","2009","7","40.6226","-79.7438","","11","0","0","0","0","0","0","0","0","","0","0","0","","","0","","0","","40 37:21.360","","0","79 44:37.680","0","0","0","0","2202","0","0","0","N","0","0","0","2","68D02","0","","1.0","","1","N","N","","1","","0","0","0","","0","","","2","0","0","0","0","0","0","2","0","2","","","","N","","","","","","","","","",""
"2009107377","","2","0","0","0","0","0","0","0","0","1","0","","02","6","2009","2","40.354153","-79.842223","","11","0","0","0","1","0","0","0","0","1","0","0","0","","","0","","6","","40 21:14.949","1","2","79 50:32.004","0","0","0","0","2304","0","0","0","N","0","0","0","3","02304","0","","1.0","","9","N","N","","0","","0","0","1","","4","N","","3","0","0","0","0","0","0","2","0","3","","","","N","","","","","","","","","",""
"2009107412","","1","0","0","0","0","0","0","0","0","7","0","","02","10","2009","2","40.494462","-79.927583","","11","0","0","0","0","0","0","0","0","","0","0","0","","","1","","2","","40 29:40.064","","0","79 55:39.300","4","0","0","0","2461","0","0","0","N","0","0","0","1","02461","1","","2.0","","1","N","N","","0","","0","0","0","","0","","","1","1","0","0","0","0","0","2","0","1","","","","N","","","","","","","","","",""
"2009107425","","2","0","0","0","0","0","0","0","0","2","0","","02","10","2009","3","40.456627","-79.901855","","11","0","0","0","0","0","1","0","0","","0","0","0","","","0","","1","","40 27:23.857","","0","79 54:06.678","0","0","0","0","2301","0","0","0","N","0","0","0","3","02301","0","","1.0","","1","N","N","","0","","0","0","0","","3","","","2","0","0","0","0","0","0","2","0","2","","","","N","","","","","","","","","",""
"2009107442","","2","0","0","0","0","0","0","0","0","4","0","","02","10","2009","2","40.438835","-79.957146","","11","0","0","0","0","0","0","0","0","","0","0","0","","","0","","1","","40 26:19.806","","0","79 57:25.725","0","0","0","0","2301","0","0","0","N","0","0","0","4","02301","0","","1.0","","1","N","N","","0","","0","0","0","","3","","","2","0","2","0","0","0","0","2","0","2","","","","N","","","","","","","","","",""
"2009107445","","2","0","0","0","0","0","0","0","0","1","0","","02","10","2009","3","40.476098","-79.926503","","11","0","0","0","0","0","1","0","0","","0","0","0","","","1","","0","","40 28:33.952","","0","79 55:35.410","4","0","0","0","2301","0","0","0","Y","0","0","0","1","02301","1","","2.0","","1","N","N","","0","","0","0","0","","0","","","2","1","1","0","0","0","0","2","0","2","","","","N","","","","","","","","","",""
"2009107449","","1","0","0","0","0","0","0","0","0","1","0","","02","10","2009","2","40.61587","-80.055322","","11","0","0","0","0","0","1","0","0","","0","0","0","","","0","","1","","40 36:57.132","","0","80 03:19.160","0","0","0","0","2216","0","0","0","N","0","0","0","2","02505","0","","1.0","","1","N","N","","0","","0","0","1","","2","","","2","0","0","0","0","0","0","2","0","2","","","","N","","","","","","","","","",""
"2009107453","","2","0","0","0","0","0","0","0","0","2","0","","02","10","2009","2","40.429186","-79.999223","","11","0","0","0","0","0","0","0","0","1","0","0","0","","","3","","2","","40 25:45.071","5","3","79 59:57.204","8","0","0","0","2301","0","0","0","N","0","0","0","4","02301","0","","1.0","","1","N","N","","0","","0","0","0","","0","N","","2","3","0","0","0","3","0","2","0","2","","","","N","","","","","","","","","",""
"2009107454","","1","0","0","0","0","0","0","0","0","4","0","","02","10","2009","3","40.413987","-79.990521","","11","0","0","0","0","0","0","0","0","","0","0","0","","","0","","2","","40 24:50.353","","0","79 59:25.875","0","0","0","0","2301","0","0","0","N","0","0","0","2","02301","0","","1.0","","1","N","N","","0","","0","0","1","","3","","","2","0","0","0","0","0","0","2","0","2","","","","N","","","","","","","","","",""
"2009107460","","2","0","0","0","0","0","0","0","0","4","0","","02","10","2009","3","40.46065","-79.916671","","11","0","0","0","0","0","1","0","0","","0","0","0","","","1","","2","","40 27:38.340","","0","79 55:00.015","4","0","0","0","2301","0","0","0","N","0","0","0","3","02301","1","","1.0","","1","Y","N","","0","","0","0","0","","3","","","3","1","0","0","0","0","0","2","1","3","","","","N","","","","","","","","","",""
"2009107481","","2","0","0","0","0","0","0","0","0","4","0","","02","10","2009","3","40.338136","-79.96353","","11","0","1","0","0","0","0","0","0","","0","0","0","","","1","","2","","40 20:17.289","","0","79 57:48.708","4","0","0","0","2454","0","0","0","N","0","0","0","3","02454","1","","1.0","","1","N","N","","0","","0","0","0","","3","","","2","1","0","0","0","0","0","2","0","2","","","","N","","","","","","","","","",""
"2009107493","","2","0","0","0","0","0","0","0","0","1","0","","02","10","2009","2","40.419484","-79.849933","","11","0","0","0","0","0","0","0","0","","0","0","0","","","0","","0","","40 25:10.141","","0","79 50:59.759","0","0","0","0","2431","0","0","0","N","0","0","0","2","02431","0","","1.0","","1","N","N","","0","","0","0","0","","0","","","2","0","0","0","0","0","0","2","0","2","","","","N","","","","","","","","","",""
"2009107497","","1","0","0","0","0","0","0","0","0","4","0","","02","10","2009","3","40.448545","-80.065399","","11","0","0","0","0","0","1","0","0","","0","0","0","","","0","","2","","40 26:54.762","","0","80 03:55.436","9","0","0","0","2439","0","0","0","N","0","0","0","3","02439","0","","1.0","","1","N","N","","0","","0","0","1","","0","","","2","0","0","0","0","0","2","2","0","2","","","","N","","","","","","","","","",""
"2009107503","","0","0","0","0","0","0","0","0","0","7","0","","02","10","2009","7","","","","11","0","0","0","0","0","1","0","0","3","0","0","0","","","1","","10","","","6","0","","3","0","0","0","2448","0","0","0","N","0","0","0","1","02448","0","","5.0","","1","N","N","","0","","1","0","0","","0","Y","","1","1","0","0","0","0","0","1","1","1","","","","N","","","","","","","","","",""
"2009107504","","1","0","0","0","0","0","0","0","0","8","0","","02","10","2009","3","40.442192","-79.997246","","11","0","0","0","0","0","0","0","0","","0","0","0","","","1","","0","","40 26:31.892","","0","79 59:50.085","4","0","0","0","2301","1","0","0","N","1","0","0","2","02301","1","","1.0","","1","N","N","","0","","0","0","0","","0","","","2","1","0","0","0","0","0","2","0","1","","","","N","","","","","","","","","",""
"2009107664","","1","0","0","0","0","0","0","0","0","1","0","","02","10","2009","2","40.4633","-79.9999","","11","0","0","0","0","0","0","0","0","3","0","0","0","","","1","","0","","40 27:47.880","2","0","79 59:59.640","4","0","0","0","2301","0","0","0","N","0","0","0","2","68B03","1","","1.0","","1","N","N","","0","","0","0","1","","0","N","","2","1","0","0","0","0","0","2","0","2","","","","N","","","","","","","","","",""
"2009107665","","1","0","0","0","0","0","0","0","0","4","0","35","02","10","2009","4","40.438416","-79.830731","","11","0","0","0","0","0","0","1","0","1","0","0","0","","","2","","0","","40 26:18.296","4","0","79 49:50.632","4","0","0","0","2419","0","0","0","N","0","0","0","2","68B03","2","","1.0","","1","N","N","","0","","0","0","0","","7","N","","2","2","0","0","0","0","0","2","0","2","","","Y","Y","4","1","N","N","N","N","Y","N","Y",""
"2009107669","","2","0","0","0","0","0","0","0","0","1","0","","02","9","2009","4","40.500712","-79.863001","","11","1","0","0","0","0","1","0","0","2","0","0","0","","","0","","0","","40 30:02.562","2","0","79 51:46.804","0","0","0","0","2112","0","0","0","N","0","0","0","3","68D02","0","","1.0","","9","N","N","","1","","0","0","0","","0","N","","3","0","0","0","0","0","0","2","0","3","","","","N","","","","","","","","","",""
"2009107674","","1","0","0","0","0","0","0","0","0","7","0","","02","9","2009","3","40.519767","-79.943047","","11","0","0","0","1","0","0","0","0","1","0","0","0","","","0","","0","","40 31:11.161","1","0","79 56:34.969","0","0","0","0","2118","0","0","0","N","0","0","0","2","02118","0","","5.0","","1","N","N","","0","","0","0","0","","0","N","","1","0","0","0","0","0","0","2","0","1","","","","N","","","","","","","","","",""
"2009107745","","2","0","0","0","0","0","0","0","0","4","0","","02","10","2009","5","40.397279","-80.024009","","11","0","0","0","0","0","0","0","0","","0","0","0","","","0","","0","","40 23:50.204","","0","80 01:26.432","9","0","0","0","2301","0","0","0","N","0","0","0","1","02301","0","","4.0","","1","N","N","","0","","0","0","0","","0","","","2","0","0","0","0","0","1","2","0","2","","","","N","","","","","","","","","",""
"2009107746","","2","0","0","0","0","0","0","0","0","4","0","","02","10","2009","3","40.521434","-79.840222","","11","0","0","0","0","0","0","1","1","2","0","0","0","","","2","","1","","40 31:17.162","6","0","79 50:24.799","4","0","0","0","2451","0","0","0","N","0","0","0","2","02451","2","","1.0","","1","N","N","","0","","0","0","1","","3","Y","","3","2","0","0","0","0","0","2","0","3","","","","N","","","","","","","","","",""
"2009107747","","2","0","0","0","0","0","0","0","0","4","0","","02","10","2009","3","40.409059","-79.90304","","11","0","0","0","0","0","0","0","0","","0","0","0","","","2","","1","","40 24:32.614","","0","79 54:10.943","3","0","0","0","2448","0","0","0","N","0","0","0","4","02448","0","","1.0","","9","N","N","","0","","2","0","0","","2","","","2","2","0","0","0","0","0","2","0","2","","","","N","","","","","","","","","",""
"2009107752","","2","0","0","0","0","0","0","0","0","4","0","","02","10","2009","2","40.533597","-80.27546","","11","0","0","0","0","0","1","0","1","1","0","0","0","","","1","","0","","40 32:00.949","1","0","80 16:31.657","4","0","0","0","2203","0","0","0","N","0","0","0","2","02203","1","","1.0","","1","N","N","","0","","0","0","0","","0","N","","2","1","0","0","0","0","0","1","0","2","","","","N","","","","","","","","","",""
"2009107772","","1","0","0","0","0","0","0","0","0","1","0","","02","10","2009","3","40.343538","-79.970154","","11","0","0","0","1","0","0","0","0","","0","0","0","","","0","","1","","40 20:36.738","","0","79 58:12.554","0","0","0","0","2403","0","0","0","N","0","0","0","5","02403","0","","1.0","","9","N","N","","0","","0","0","1","","2","","","2","0","0","0","0","0","0","2","0","2","","","","N","","","","","","","","","",""
"2009107781","","1","0","0","0","0","0","0","0","0","7","0","","02","10","2009","1","40.435914","-79.95966","","11","0","0","0","0","0","0","0","0","3","0","0","0","","","0","","0","","40 26:09.290","3","0","79 57:34.777","0","0","0","0","2301","0","0","0","N","0","0","0","1","02301","0","","5.0","","1","N","N","","0","","0","0","1","","0","N","","2","0","0","0","0","0","0","2","0","2","","","","N","","","","","","","","","",""
"2009107789","","0","0","0","0","0","0","0","0","0","2","0","","02","10","2009","4","40.447761","-79.973533","","11","0","0","0","0","0","0","0","0","","0","0","0","","","1","","0","","40 26:51.940","","0","79 58:24.720","4","0","0","0","2301","0","0","0","N","0","0","0","1","02301","1","","6.0","","9","N","N","","0","","0","0","3","","3","","","3","1","0","0","0","0","0","2","0","3","","","","N","","","","","","","","","",""
"2009107793","","1","0","0","0","0","0","0","0","0","5","0","","02","10","2009","7","40.475008","-80.064663","","11","0","0","0","1","0","0","0","0","2","0","0","0","","","0","","0","","40 28:30.030","2","0","80 03:52.788","0","0","0","0","2444","0","0","0","N","0","0","0","3","02444","0","","1.0","","1","N","N","","1","","0","0","0","","0","N","","2","0","0","0","0","0","0","2","0","2","","","","N","","","","","","","","","",""
"2009107795","","1","0","0","0","0","0","0","0","0","7","0","","02","10","2009","4","40.352114","-79.959003","","11","0","0","0","0","0","0","0","0","2","0","0","0","","","0","","0","","40 21:07.609","6","0","79 57:32.410","0","0","0","0","2403","0","0","0","N","0","0","0","1","02403","0","","5.0","","8","N","N","","0","","0","0","0","","0","N","","1","0","0","0","0","0","0","2","0","1","","","","N","","","","","","","","","",""
"2009107831","","0","0","0","0","0","0","0","0","0","7","0","","02","10","2009","7","40.4267","-79.8924","","11","0","0","0","0","0","0","0","0","1","0","0","0","","","0","","0","","40 25:36.120","4","0","79 53:32.640","0","0","0","0","2301","0","0","0","N","0","0","0","1","68B03","0","","3.0","","9","N","N","","0","","0","0","0","","0","N","","1","0","0","0","0","0","0","2","1","1","","","","N","","","","","","","","","",""
"2009107961","","1","0","0","0","0","0","0","0","0","4","0","","02","10","2009","1","40.438399","-79.77184","","11","0","0","0","0","0","1","0","0","1","0","0","0","","","1","","0","","40 26:18.238","3","0","79 46:18.624","3","0","0","0","2446","0","0","0","N","0","0","0","4","02446","0","","1.0","","1","N","N","","0","","1","0","0","","0","N","","2","1","0","0","0","0","0","2","1","2","","","","N","","","","","","","","","",""
"2009107972","","0","0","0","0","0","0","0","0","0","4","0","","02","10","2009","4","40.555133","-79.809624","","11","0","0","0","0","0","0","0","0","1","0","0","0","","","0","","0","","40 33:18.479","3","0","79 48:34.648","0","0","0","0","2208","0","0","0","N","0","0","0","2","02208","0","","1.0","","9","N","N","","0","","0","0","2","","0","N","","2","0","0","0","0","0","0","2","0","2","","","","N","","","","","","","","","",""
"2009107982","","2","0","0","0","0","0","0","0","0","1","0","","02","10","2009","4","40.456542","-79.823078","","11","0","0","0","0","0","0","0","1","1","0","0","0","","","2","","2","","40 27:23.551","1","0","79 49:23.081","4","0","0","0","2113","0","0","0","N","0","0","0","2","02113","2","","1.0","","9","N","N","","0","","0","0","0","","0","N","","2","2","0","0","0","0","0","2","0","2","","","","N","","","","","","","","","",""
"2009107985","","2","0","0","0","0","0","0","0","0","2","0","","02","10","2009","1","40.497286","-80.054389","","11","0","0","0","0","0","1","0","1","1","0","0","0","","","1","","1","","40 29:50.229","1","0","80 03:15.800","8","0","0","0","2404","0","0","0","N","0","0","0","3","02404","0","","1.0","","1","N","N","","0","","0","0","0","","2","Y","","2","1","0","0","0","1","1","2","0","2","","","","N","","","","","","","","","",""
"2009107991","","0","0","0","0","0","0","0","0","0","4","0","","02","10","2009","4","","","","11","0","0","0","0","0","1","0","0","3","0","0","0","","","0","","0","","","5","0","","0","0","0","0","2111","0","0","0","N","0","0","0","2","02111","0","","1.0","","1","N","N","","1","","0","0","1","","0","Y","","2","0","0","0","0","0","0","1","0","2","","","","N","","","","","","","","","",""
"2009107993","","0","0","0","0","0","0","0","0","0","7","0","","02","10","2009","4","","","","11","0","0","0","0","0","0","0","1","","0","0","0","","","0","","10","","","","0","","0","0","0","0","2301","0","0","0","N","0","0","0","1","02301","0","","2.0","","9","N","N","","0","","0","0","1","","0","","","1","0","0","0","0","0","0","1","0","1","","","","N","","","","","","","","","",""
"2009107999","","1","0","0","0","0","0","0","0","0","4","0","","02","10","2009","4","40.415069","-79.993016","","11","0","0","0","0","0","0","0","0","","0","0","0","","","0","","1","","40 24:54.248","","0","79 59:34.857","0","0","0","0","2301","0","0","0","N","0","0","0","3","02301","0","","1.0","","1","N","N","","0","","0","0","1","","3","","","2","0","0","0","0","0","0","2","0","2","","","","N","","","","","","","","","",""
"2009108001","","1","0","0","0","0","0","0","0","0","4","0","","02","10","2009","3","40.613871","-79.948757","","11","0","0","0","0","0","1","0","1","","0","0","0","","","0","","1","","40 36:49.935","","0","79 56:55.525","0","0","0","0","2207","0","0","0","N","0","0","0","2","02207","0","","1.0","","1","N","N","","0","","0","0","1","","3","","","2","0","0","0","0","0","0","2","0","2","","","","N","","","","","","","","","",""
"2009108006","","1","0","0","0","0","0","0","0","0","4","1","","02","10","2009","4","","","","11","0","0","0","0","0","1","0","0","","0","1","0","","","0","","0","","","","7","","0","0","0","0","2102","0","0","0","N","0","0","0","2","02102","0","","1.0","","9","N","N","","0","","0","0","0","","0","","","2","0","0","0","0","0","0","1","0","2","","","","N","","","","","","","","","",""
"2009108007","","1","0","0","0","0","0","0","0","0","1","0","","02","10","2009","4","40.544805","-79.972353","","11","0","0","0","0","0","0","1","1","1","0","0","0","","","2","","2","","40 32:41.298","5","0","79 58:20.470","4","0","0","0","2118","0","0","0","N","0","0","0","2","02118","2","","1.0","","9","N","N","","0","","0","0","1","","0","N","","2","2","0","0","0","0","0","2","0","2","","","","N","","","","","","","","","",""
"2009108020","","1","0","0","0","0","0","0","0","0","8","0","","02","10","2009","1","40.45045","-79.94502","","11","0","0","0","0","0","0","1","0","1","0","0","0","","","1","","1","","40 27:01.620","3","0","79 56:42.072","3","0","0","0","2301","1","0","0","N","1","0","0","3","02301","0","","1.0","","1","N","N","","0","","1","0","0","","3","Y","","2","1","0","0","0","0","0","2","0","1","","","","N","","","","","","","","","",""
"2009108027","","1","0","0","0","0","0","0","0","0","1","0","","02","10","2009","4","40.407318","-80.033545","","11","0","0","0","0","0","0","0","0","1","0","0","0","","","1","","1","","40 24:26.343","3","0","80 02:00.761","4","0","0","0","2301","0","0","0","N","0","0","0","2","02301","1","","1.0","","1","N","N","","1","","0","0","0","","2","N","","2","1","0","0","0","0","0","2","0","2","","","","N","","","","","","","","","",""
"2009108040","","0","0","0","0","0","0","0","0","0","1","0","","02","10","2009","4","40.45563","-79.966107","","11","0","0","0","0","0","0","0","0","","0","0","0","","","0","","5","","40 27:20.268","","0","79 57:57.984","0","0","0","0","2301","0","0","0","N","0","0","0","2","02301","0","","1.0","","9","N","N","","1","","0","0","1","","2","","","2","0","0","0","0","0","0","2","0","2","","","","N","","","","","","","","","",""
"2009108043","","1","0","0","0","0","0","0","0","0","7","0","","02","10","2009","7","40.404614","-79.804156","","11","0","0","0","0","0","0","0","0","","0","0","0","","","0","","0","","40 24:16.610","","0","79 48:14.960","0","0","0","0","2446","0","0","0","N","0","0","0","1","02446","0","","5.0","","9","N","N","","0","","0","0","0","","0","","","1","0","0","0","0","0","0","2","0","1","","","","N","","","","","","","","","",""
"2009108114","","2","0","0","0","0","0","0","0","0","1","0","45","02","10","2009","2","40.506963","-80.137021","","11","0","0","0","0","0","0","0","0","2","0","0","0","","","0","","0","","40 30:25.068","1","0","80 08:13.274","0","0","0","0","2115","0","0","0","N","0","0","0","3","68B03","0","","1.0","","1","N","N","","0","","0","0","1","","0","N","","3","0","0","0","0","0","0","2","0","3","","","Y","Y","2","1","N","N","Y","N","Y","Y","N",""
"2009108115","","2","0","0","0","0","0","0","0","0","1","0","45","02","10","2009","2","40.506963","-80.137021","","11","0","0","0","0","0","1","0","0","2","0","0","0","","","0","","0","","40 30:25.068","1","0","80 08:13.274","0","0","0","0","2115","0","0","0","N","0","0","0","2","68B03","0","","1.0","","1","N","N","","0","","0","0","0","","0","N","","2","0","0","0","0","0","0","2","0","2","","","Y","Y","2","1","N","N","Y","N","Y","Y","N",""
"2009108128","","0","0","0","0","0","0","0","0","0","99","0","","02","10","2009","3","40.4964","-79.8681","","11","0","0","0","0","0","0","0","0","","0","0","0","","","1","","0","","40 29:47.040","","0","79 52:05.160","4","0","0","0","2112","0","0","0","N","0","0","0","1","68D02","1","","1.0","","1","N","N","","0","","0","0","1","","0","","","1","1","0","0","0","0","0","2","0","1","","","","N","","","","","","","","","",""
"2009108176","","3","0","0","0","0","0","0","0","0","5","0","","02","10","2009","1","40.435808","-80.059891","","11","0","0","0","0","0","0","0","0","","0","0","0","","","0","","3","","40 26:08.908","","0","80 03:35.607","0","0","0","0","2421","0","0","0","N","0","0","0","1","02421","0","","1.0","","1","N","N","","1","","0","0","1","","0","","","5","0","0","0","0","0","0","2","0","5","","","","N","","","","","","","","","",""
"2009108186","","1","0","0","0","0","0","0","0","0","4","0","","02","10","2009","2","40.512213","-79.843405","","11","0","0","1","0","0","0","0","0","","0","0","0","","","0","","2","","40 30:43.968","","0","79 50:36.259","0","0","0","0","2451","0","0","0","N","0","0","0","4","02451","0","","1.0","","1","N","N","","0","","0","0","1","","0","","","2","0","0","0","0","0","0","2","0","2","","","","N","","","","","","","","","",""
"2009108191","","1","0","0","0","0","0","0","0","0","2","0","","02","10","2009","4","40.375854","-79.993987","","11","0","0","0","0","0","0","0","0","2","0","0","0","","","1","","3","","40 22:33.073","2","0","79 59:38.353","8","0","0","0","2476","0","0","0","N","0","0","0","2","02476","0","","1.0","","9","N","N","","0","","0","0","1","","2","N","","2","1","1","0","0","1","0","2","0","2","","","","N","","","","","","","","","",""
"2009108197","","1","0","0","0","0","0","0","0","0","1","0","","02","10","2009","4","40.51397","-79.843241","","11","0","0","0","0","0","0","0","0","","0","0","0","","","2","","2","","40 30:50.291","","0","79 50:35.668","4","0","0","0","2451","0","0","0","N","0","0","0","4","02451","2","","1.0","","9","N","N","","1","","0","0","0","","3","","","2","2","0","0","0","0","0","2","0","2","","","","N","","","","","","","","","",""
"2009108203","","1","0","0","0","0","0","0","0","0","1","0","","02","10","2009","1","40.374357","-79.795415","","11","1","0","0","0","0","0","0","0","1","0","0","0","","","0","","0","","40 22:27.686","6","0","79 47:43.494","0","0","0","0","2111","0","0","0","N","0","0","0","5","02111","0","","1.0","","9","N","N","","2","","0","0","0","","0","N","","3","0","0","0","0","0","0","2","0","3","","","","N","","","","","","","","","",""
"2009108213","","2","0","0","0","0","0","0","0","0","4","0","","02","10","2009","1","40.439399","-80.010263","","11","0","0","0","0","0","1","0","0","3","0","0","0","","","1","","1","","40 26:21.837","2","0","80 00:36.946","4","0","0","0","2301","0","0","0","N","0","0","0","2","02301","1","","1.0","","1","N","N","","0","","0","0","0","","1","Y","","2","1","0","0","0","0","0","2","0","2","","","","N","","","","","","","","","",""
"2009108216","","1","0","0","0","0","0","0","0","0","7","0","","02","10","2009","3","40.633043","-79.853601","","11","0","0","0","0","0","0","0","0","3","0","0","0","","","2","","3","","40 37:58.954","5","0","79 51:12.962","3","0","0","0","2220","0","0","0","N","0","0","0","2","02220","1","","2.0","","1","N","N","","0","","1","0","0","","0","Y","","1","2","0","0","0","0","0","2","0","1","","","","N","","","","","","","","","",""
"2009108223","","1","0","0","0","0","0","0","0","0","99","0","","02","10","2009","4","40.509932","-80.258556","","11","0","0","0","0","0","1","0","0","","0","0","0","","","0","","0","","40 30:35.755","","0","80 15:30.803","0","0","0","0","2203","0","0","0","N","0","0","0","1","02203","0","","1.0","","1","N","N","","0","","0","0","0","","0","","","1","0","0","0","0","0","0","2","0","1","","","","N","","","","","","","","","",""
"2009108224","","0","0","0","0","0","0","0","0","0","7","0","","02","10","2009","2","40.403844","-80.083397","","11","0","0","0","0","0","0","0","0","","0","0","0","","","1","","0","","40 24:13.840","","0","80 05:00.228","8","0","0","0","2415","0","0","0","N","0","0","0","1","02415","0","","5.0","","1","N","N","","0","","0","0","1","","0","","","1","1","0","0","0","1","0","2","0","1","","","","N","","","","","","","","","",""
"2009108225","","2","0","0","0","0","0","0","0","0","4","0","","02","10","2009","5","40.468144","-80.021243","","11","0","0","0","0","0","0","0","0","","0","0","0","","","1","","0","","40 28:05.320","","0","80 01:16.476","4","0","0","0","2301","0","0","0","N","0","0","0","1","02301","1","","6.0","","9","N","N","","0","","0","0","0","","0","","","2","1","0","0","0","0","0","2","0","2","","","","N","","","","","","","","","",""
"2009108252","","0","0","0","0","0","0","0","0","0","1","0","","02","10","2009","5","40.483332","-80.007895","","11","0","0","0","0","0","0","0","0","","0","0","0","","","0","","0","","40 28:59.994","","0","80 00:28.421","0","0","0","0","2301","0","0","0","N","0","0","0","2","68B03","0","","1.0","","1","N","N","","0","","0","0","2","","0","","","2","0","0","0","0","0","0","2","0","2","","","","N","","","","","","","","","",""