"CRN","ARRIVAL_TM","AUTOMOBILE_COUNT","BELTED_DEATH_COUNT","BELTED_SUSP_SERIOUS_INJ_COUNT","BICYCLE_COUNT","BICYCLE_DEATH_COUNT","BICYCLE_SUSP_SERIOUS_INJ_COUNT","BUS_COUNT","CHLDPAS_DEATH_COUNT","CHLDPAS_SUSP_SERIOUS_INJ_COUNT","COLLISION_TYPE","COMM_VEH_COUNT","CONS_ZONE_SPD_LIM","COUNTY","CRASH_MONTH","CRASH_YEAR","DAY_OF_WEEK","DEC_LATITUDE","DEC_LONGITUDE","DISPATCH_TM","DISTRICT","DRIVER_COUNT_16YR","DRIVER_COUNT_17YR","DRIVER_COUNT_18YR","DRIVER_COUNT_19YR","DRIVER_COUNT_20YR","DRIVER_COUNT_50_64YR","DRIVER_COUNT_65_74YR","DRIVER_COUNT_75PLUS","EST_HRS_CLOSED","FATAL_COUNT","HEAVY_TRUCK_COUNT","HORSE_BUGGY_COUNT","HOUR_OF_DAY","ILLUMINATION","INJURY_COUNT","INTERSECTION_RELATED","INTERSECT_TYPE","LANE_CLOSED","LATITUDE","LN_CLOSE_DIR","LOCATION_TYPE","LONGITUDE","MAX_SEVERITY_LEVEL","MCYCLE_DEATH_COUNT","MCYCLE_SUSP_SERIOUS_INJ_COUNT","MOTORCYCLE_COUNT","MUNICIPALITY","NONMOTR_COUNT","NONMOTR_DEATH_COUNT","NONMOTR_SUSP_SERIOUS_INJ_COUNT","NTFY_HIWY_MAINT","PED_COUNT","PED_DEATH_COUNT","PED_SUSP_SERIOUS_INJ_COUNT","PERSON_COUNT","POLICE_AGCY","POSSIBLE_INJ_COUNT","RDWY_SURF_TYPE_CD","RELATION_TO_ROAD","ROADWAY_CLEARED","ROAD_CONDITION","SCH_BUS_IND","SCH_ZONE_IND","SECONDARY_CRASH","SMALL_TRUCK_COUNT","SPEC_JURIS_CD","SUSP_MINOR_INJ_COUNT","SUSP_SERIOUS_INJ_COUNT","SUV_COUNT","TCD_FUNC_CD","TCD_TYPE","TFC_DETOUR_IND","TIME_OF_DAY","TOTAL_UNITS","TOT_INJ_COUNT","UNBELTED_OCC_COUNT","UNB_DEATH_COUNT","UNB_SUSP_SERIOUS_INJ_COUNT","UNK_INJ_DEG_COUNT","UNK_INJ_PER_COUNT","URBAN_RURAL","VAN_COUNT","VEHICLE_COUNT","WEATHER1","WEATHER2","WORKERS_PRES","WORK_ZONE_IND","WORK_ZONE_LOC","WORK_ZONE_TYPE","WZ_CLOSE_DETOUR","WZ_FLAGGER","WZ_LAW_OFFCR_IND","WZ_LN_CLOSURE","WZ_MOVING","WZ_OTHER","WZ_SHLDER_MDN","WZ_WORKERS_INJ_KILLED"
"2009109558","","0","0","1","0","0","0","0","0","0","99","0","","02","10","2009","3","40.577593","-80.095066","","11","0","0","0","0","0","0","0","0","2","0","0","0","","","1","","0","","40 34:39.336","2","0","80 05:42.236","2","0","0","0","2481","0","0","0","N","0","0","0","1","68B03","0","","1.0","","1","N","N","","0","","0","1","1","","0","N","","1","1","0","0","0","0","0","2","0","1","","","","N","","","","","","","","","",""
"2009109560","","2","0","0","0","0","0","0","0","0","1","0","","02","10","2009","5","40.428732","-79.938269","","11","0","0","0","0","0","0","0","1","2","0","0","0","","","0","","0","","40 25:43.436","4","0","79 56:17.770","0","0","0","0","2301","0","0","0","N","0","0","0","3","68B03","0","","1.0","","1","N","N","","0","","0","0","0","","0","N","","2","0","0","0","0","0","0","2","0","2","","","","N","","","","","","","","","",""
"2009109561","","0","0","0","0","0","0","0","0","0","7","0","","02","10","2009","7","40.493277","-80.011264","","11","0","0","0","0","0","0","0","0","","0","0","0","","","0","","0","","40 29:35.798","","2","80 00:40.551","0","0","0","0","2301","0","0","0","N","0","0","0","1","68B03","0","","4.0","","9","N","N","","0","","0","0","0","","0","","","1","0","0","0","0","0","0","2","1","1","","","","N","","","","","","","","","",""
"2009109610","","1","0","0","0","0","0","0","0","0","4","0","","02","10","2009","7","","","","11","0","0","0","0","0","0","0","0","1","0","0","0","","","0","","2","","","1","7","","0","0","0","0","2473","0","0","0","N","0","0","0","3","02473","0","","1.0","","9","N","N","","1","","0","0","0","","3","N","","2","0","0","0","0","0","0","1","0","2","","","","N","","","","","","","","","",""
"2009109648","","2","0","0","0","0","0","0","0","0","1","0","","02","11","2009","1","40.377896","-80.003753","","11","0","0","0","0","0","1","0","0","","0","0","0","","","1","","2","","40 22:40.426","","0","80 00:13.512","8","0","0","0","2301","0","0","0","N","0","0","0","2","02301","0","","1.0","","1","N","N","","0","","0","0","0","","2","","","2","1","0","0","0","1","0","2","0","2","","","","N","","","","","","","","","",""
"2009109649","","2","0","0","0","0","0","0","0","0","4","0","","02","10","2009","7","40.420748","-79.889686","","11","0","0","0","0","0","0","0","0","1","0","0","0","","","0","","2","","40 25:14.692","2","0","79 53:22.869","0","0","0","0","2463","0","0","0","N","0","0","0","2","02463","0","","1.0","","1","N","N","","0","","0","0","0","","3","Y","","2","0","0","0","0","0","0","2","0","2","","","","N","","","","","","","","","",""
"2009109660","","1","0","0","0","0","0","0","0","0","5","0","25","02","11","2009","1","40.615788","-80.09422","","11","0","0","0","0","1","0","0","0","","0","0","0","","","0","","1","","40 36:56.838","","2","80 05:39.193","0","0","0","0","2481","0","0","0","N","0","0","0","2","02481","0","","1.0","","1","N","N","","1","","0","0","0","","2","","","2","0","0","0","0","0","0","2","0","2","","","N","Y","4","1","","","N","","Y","","",""
"2009109662","","0","0","0","0","0","0","0","0","0","8","0","","02","11","2009","1","40.480072","-79.929543","","11","0","0","0","0","0","0","0","0","","0","0","0","","","1","","0","","40 28:48.259","","0","79 55:46.354","2","0","0","0","2301","1","0","1","N","1","0","1","2","02301","0","","1.0","","1","N","N","","0","","0","1","1","","0","","","2","1","0","0","0","0","0","2","0","1","","","","N","","","","","","","","","",""
"2009109670","","1","0","0","0","0","0","0","0","0","4","0","","02","10","2009","4","40.423595","-79.961811","","11","0","0","0","0","0","0","0","0","","0","0","0","","","0","","2","","40 25:24.941","","0","79 57:42.519","0","0","0","0","2301","0","0","0","N","0","0","0","2","02301","0","","1.0","","1","N","N","","1","","0","0","0","","0","","","2","0","0","0","0","0","0","2","0","2","","","","N","","","","","","","","","",""
"2009109690","","1","0","0","0","0","0","0","0","0","7","0","","02","10","2009","7","40.480696","-80.032154","","11","0","0","0","0","0","0","0","0","1","0","0","0","","","0","","0","","40 28:50.505","1","0","80 01:55.754","0","0","0","0","2301","0","0","0","N","0","0","0","1","02301","0","","5.0","","9","N","N","","0","","0","0","0","","0","N","","1","0","0","0","0","0","0","2","0","1","","","","N","","","","","","","","","",""
"2009109695","","1","0","0","0","0","0","0","0","0","99","0","","02","11","2009","2","40.550834","-80.03721","","11","0","0","0","0","0","0","0","0","","0","0","0","","","0","","0","","40 33:03.001","","0","80 02:13.955","0","0","0","0","2217","0","0","0","N","0","0","0","1","02505","0","","1.0","","1","N","N","","0","","0","0","0","","0","","","1","0","0","0","0","0","0","2","0","1","","","","N","","","","","","","","","",""
"2009109696","","0","0","0","0","0","0","0","0","0","99","0","","02","10","2009","7","40.458921","-79.999234","","11","0","0","0","0","0","1","0","0","","0","0","0","","","0","","7","","40 27:32.117","","2","79 59:57.241","0","0","0","0","2301","0","0","0","N","0","0","0","1","02301","0","","1.0","","1","N","N","","0","","0","0","1","","0","","","1","0","0","0","0","0","0","2","0","1","","","","N","","","","","","","","","",""
"2009109700","","2","0","0","0","0","0","0","0","0","1","0","","02","10","2009","1","40.492608","-80.049558","","11","0","0","0","0","0","0","0","0","","0","0","0","","","0","","5","","40 29:33.388","","0","80 02:58.408","0","0","0","0","2404","0","0","0","N","0","0","0","1","02404","0","","1.0","","1","N","N","","1","","0","0","0","","2","","","3","0","0","0","0","0","0","2","0","3","","","","N","","","","","","","","","",""
"2009109811","","0","0","0","0","0","0","0","0","0","99","0","55","02","10","2009","6","40.64","-80.0054","","11","0","0","0","0","0","0","0","0","","0","0","0","","","0","","0","","40 38:24.000","","0","80 00:19.440","0","0","0","0","2216","0","0","0","N","0","0","0","1","68T02","0","","1.0","","1","N","N","","0","","0","0","1","","0","","","1","0","0","0","0","0","0","1","0","1","","","Y","Y","4","1","N","N","N","Y","N","N","Y",""
"2009109812","","1","0","0","0","0","0","0","0","0","99","0","","02","11","2009","1","40.4846","-79.7743","","11","0","0","0","0","0","0","0","0","","0","0","0","","","0","","0","","40 29:04.560","","0","79 46:27.480","0","0","0","0","2466","0","0","0","N","0","0","0","3","68T02","0","","1.0","","1","N","N","","0","","0","0","0","","0","","","1","0","0","0","0","0","0","2","0","1","","","","N","","","","","","","","","",""
"2009109848","","2","0","0","0","0","0","0","0","0","4","0","","02","10","2009","3","40.313399","-79.940402","","11","0","0","0","0","0","1","0","0","2","0","0","0","","","0","","0","","40 18:48.236","3","0","79 56:25.448","0","0","0","0","2440","0","0","0","N","0","0","0","2","02440","0","","1.0","","9","N","N","","0","","0","0","0","","0","N","","2","0","0","0","0","0","0","2","0","2","","","","N","","","","","","","","","",""
"2009109855","","2","0","0","0","0","0","0","0","0","1","0","","02","10","2009","1","40.534035","-80.019122","","11","0","0","0","0","0","2","0","0","1","0","0","0","","","0","","1","","40 32:02.526","1","0","80 01:08.839","0","0","0","0","2116","0","0","0","N","0","0","0","2","02116","0","","1.0","","1","N","N","","0","","0","0","0","","0","N","","2","0","0","0","0","0","0","2","0","2","","","","N","","","","","","","","","",""
"2009109857","","1","0","0","0","0","0","0","0","0","99","0","","02","10","2009","7","40.310094","-79.937281","","11","0","0","0","1","0","0","0","0","","0","0","0","","","1","","0","","40 18:36.339","","0","79 56:14.213","8","0","0","0","2440","0","0","0","N","0","0","0","1","02440","0","","1.0","","1","N","N","","0","","0","0","0","","0","","","1","1","1","0","0","1","0","2","0","1","","","","N","","","","","","","","","",""
"2009109864","","1","0","0","0","0","0","1","0","0","1","1","","02","11","2009","2","40.258808","-79.915478","","11","0","0","0","0","0","1","0","0","","0","0","0","","","1","","0","","40 15:31.709","","0","79 54:55.719","4","0","0","0","2440","0","0","0","N","0","0","0","21","02440","1","","1.0","","1","Y","N","","0","","0","0","0","","2","","","2","1","0","0","0","0","0","2","0","2","","","","N","","","","","","","","","",""
"2009109867","","0","0","0","0","0","0","0","0","0","4","0","","02","10","2009","7","40.517483","-80.1505","","11","0","0","0","0","0","0","0","0","","0","0","0","","","1","","0","","40 31:02.938","","0","80 09:01.800","3","0","0","1","2110","0","0","0","N","0","0","0","3","02215","0","","1.0","","9","N","N","","0","","1","0","0","","0","","","2","1","1","0","0","0","0","2","1","2","","05","","N","","","","","","","","","",""
"2009109870","","2","0","0","0","0","0","0","0","0","4","0","","02","10","2009","4","40.364745","-79.983237","","11","0","0","0","0","1","0","0","0","","0","0","0","","","1","","2","","40 21:53.082","","0","79 58:59.653","8","0","0","0","2413","0","0","0","N","0","0","0","3","02413","0","","1.0","","9","N","N","","0","","0","0","0","","3","","","2","1","0","0","0","1","2","2","0","2","","","","N","","","","","","","","","",""
"2009109875","","1","0","0","0","0","0","0","0","0","4","0","","02","11","2009","2","40.435645","-79.982798","","11","0","0","0","0","0","1","0","0","","0","1","0","","","0","","0","","40 26:08.321","","0","79 58:58.071","0","0","0","0","2301","0","0","0","N","0","0","0","4","02301","0","","1.0","","1","N","N","","0","","0","0","0","","8","","","2","0","0","0","0","0","0","2","0","2","","","","N","","","","","","","","","",""
"2009109876","","2","0","0","0","0","0","0","0","0","1","0","","02","11","2009","2","40.492848","-80.021844","","11","0","0","0","0","0","0","1","0","","0","0","0","","","1","","3","","40 29:34.253","","0","80 01:18.638","4","0","0","0","2301","0","0","0","N","0","0","0","2","02301","1","","1.0","","1","N","N","","0","","0","0","0","","2","","","2","1","0","0","0","0","0","2","0","2","","","","N","","","","","","","","","",""
"2009109887","","0","0","0","0","0","0","0","0","0","8","0","","02","11","2009","2","40.402514","-80.000916","","11","0","0","0","0","0","0","0","0","","0","0","0","","","1","","0","","40 24:09.049","","0","80 00:03.299","8","0","0","0","2301","1","0","0","N","1","0","0","2","02301","0","","2.0","","1","N","N","","1","","0","0","0","","0","","","2","1","0","0","0","1","0","2","0","1","","","","N","","","","","","","","","",""
"2009109890","","1","0","0","0","0","0","0","0","0","7","0","","02","11","2009","2","40.513451","-80.092455","","11","0","0","0","0","0","0","0","0","1","0","0","0","","","1","","0","","40 30:48.423","2","0","80 05:32.838","3","0","0","0","2429","0","0","0","Y","0","0","0","1","02215","0","","2.0","","1","N","N","","0","","1","0","0","","0","N","","1","1","0","0","0","0","0","2","0","1","","","","N","","","","","","","","","",""
"2009109891","","2","0","0","0","0","0","0","0","0","99","0","","02","11","2009","2","40.369342","-79.815484","","11","0","0","0","0","0","1","0","0","1","0","0","0","","","0","","3","","40 22:09.630","1","0","79 48:55.742","0","0","0","0","2111","0","0","0","N","0","0","0","2","02111","0","","1.0","","1","N","N","","0","","0","0","0","","0","N","","2","0","0","0","0","0","0","2","0","2","","","","N","","","","","","","","","",""
"2009109904","","1","0","0","0","0","0","0","0","0","7","0","","02","11","2009","2","40.468764","-79.931077","","11","0","0","0","0","0","0","0","0","","0","0","0","","","1","","0","","40 28:07.550","","0","79 55:51.877","4","0","0","0","2301","0","0","0","N","0","0","0","1","02301","1","","2.0","","1","N","N","","0","","0","0","0","","0","","","1","1","0","0","0","0","0","2","0","1","","","","N","","","","","","","","","",""
"2009109906","","1","0","0","0","0","0","0","0","0","7","0","","02","10","2009","1","40.343704","-80.188834","","11","0","1","0","0","0","0","0","0","","0","0","0","","","3","","0","","40 20:37.334","","0","80 11:19.802","3","0","0","0","2119","0","0","0","N","0","0","0","3","02119","0","","5.0","","1","N","N","","0","","3","0","0","","0","","","1","3","0","0","0","0","0","1","0","1","","","","N","","","","","","","","","",""
"2009109908","","0","0","0","0","0","0","0","0","0","7","0","","02","10","2009","7","40.504988","-79.997742","","11","0","1","0","0","0","0","0","0","1","0","0","0","","","0","","0","","40 30:17.957","3","0","79 59:51.872","0","0","0","0","2116","0","0","0","N","0","0","0","1","02116","0","","5.0","","9","N","N","","0","","0","0","1","","0","N","","1","0","0","0","0","0","0","2","0","1","","","","N","","","","","","","","","",""
"2009109909","","0","0","0","0","0","0","0","0","0","99","0","","02","11","2009","1","40.479587","-79.728843","","11","0","0","0","0","0","1","0","0","","0","0","0","","","1","","0","","40 28:46.514","","0","79 43:43.835","4","0","0","1","2466","0","0","0","N","0","0","0","1","02466","1","","1.0","","1","N","N","","0","","0","0","0","","0","","","1","1","0","0","0","0","0","2","0","1","","","","N","","","","","","","","","",""
"2009109912","","1","0","0","0","0","0","0","0","0","4","0","","02","10","2009","4","40.524145","-79.830106","","11","0","0","1","0","0","0","0","0","","0","0","0","","","1","","2","","40 31:26.923","","0","79 49:48.380","4","0","0","0","2451","0","0","0","N","0","0","0","3","02451","1","","1.0","","1","N","N","","1","","0","0","0","","3","","","2","1","1","0","0","0","0","2","0","2","","","","N","","","","","","","","","",""
"2009109915","","3","0","0","0","0","0","0","0","0","1","0","","02","11","2009","2","40.337466","-79.808754","","11","0","0","0","0","0","0","0","1","","0","0","0","","","0","","1","","40 20:14.876","","0","79 48:31.516","0","0","0","0","2477","0","0","0","N","0","0","0","4","02477","0","","1.0","","1","N","N","","0","","0","0","0","","2","","","3","0","0","0","0","0","0","2","0","3","","","","N","","","","","","","","","",""
"2009109924","","2","0","0","0","0","0","0","0","0","1","0","35","02","10","2009","5","40.473744","-80.06332","","11","0","0","0","0","0","1","0","0","2","0","0","0","","","1","","2","","40 28:25.479","4","3","80 03:47.953","4","0","0","0","2444","0","0","0","N","0","0","0","4","02444","1","","1.0","","1","N","N","","1","","0","0","0","","2","N","","3","1","0","0","0","0","0","2","0","3","","","N","Y","3","1","","","N","","Y","","",""
"2009109930","","0","0","0","0","0","0","0","0","0","1","0","","02","11","2009","2","40.445738","-79.942377","","11","0","0","0","0","0","0","0","0","","0","0","0","","","1","","0","","40 26:44.656","","0","79 56:32.557","4","0","0","0","2301","1","0","0","N","1","0","0","2","02301","1","","1.0","","1","N","N","","0","","0","0","1","","0","","","2","1","0","0","0","0","0","2","0","1","","","","N","","","","","","","","","",""
"2009109935","","0","0","0","0","0","0","0","0","0","5","0","","02","11","2009","2","40.318404","-79.94095","","11","1","0","0","0","0","0","0","0","1","0","0","0","","","1","","0","","40 19:06.254","5","0","79 56:27.421","8","0","0","0","2454","0","0","0","N","0","0","0","3","02454","0","","1.0","","1","N","N","","1","","0","0","1","","0","N","","2","1","0","0","0","1","0","2","0","2","","","","N","","","","","","","","","",""
"2009109936","","1","0","0","0","0","0","0","0","0","1","0","","02","11","2009","2","40.435906","-79.713676","","11","0","0","0","0","0","1","0","0","","0","0","0","","","1","","0","","40 26:09.261","","0","79 42:49.233","4","0","0","0","2446","0","0","0","N","0","0","0","3","02446","1","","1.0","","1","N","N","","1","","0","0","0","","0","","","2","1","0","0","0","0","0","2","0","2","","","","N","","","","","","","","","",""
"2009109992","","1","0","0","0","0","0","0","0","0","7","0","","02","10","2009","7","40.4455","-79.8474","","11","0","0","0","1","0","0","0","0","","0","0","0","","","0","","0","","40 26:43.800","","0","79 50:50.640","0","0","0","0","2419","0","0","0","N","0","0","0","2","68B03","0","","2.0","","9","N","N","","0","","0","0","0","","0","","","1","0","0","0","0","0","0","2","0","1","","","","N","","","","","","","","","",""
"2009109993","","2","0","0","0","0","0","0","0","0","1","0","","02","10","2009","3","40.431396","-80.258088","","11","0","0","0","0","0","1","0","0","1","0","0","0","","","0","","0","","40 25:53.024","3","0","80 15:29.115","0","0","0","0","2214","0","0","0","N","0","0","0","2","68B03","0","","1.0","","1","N","N","","0","","0","0","0","","0","N","","2","0","0","0","0","0","0","1","0","2","","","","N","","","","","","","","","",""
"2009109994","","1","0","0","0","0","0","0","0","0","7","0","","02","10","2009","1","40.424787","-80.113962","","11","0","0","0","0","0","0","0","0","","0","0","0","","","1","","0","","40 25:29.233","","0","80 06:50.263","3","0","0","0","2102","0","0","0","N","0","0","0","1","68B03","0","","7.0","","1","N","N","","0","","1","0","0","","0","","","1","1","1","0","0","0","0","2","0","1","","","","N","","","","","","","","","",""
"2009109995","","1","0","0","0","0","0","0","0","0","7","0","","02","10","2009","4","40.396123","-80.102829","","11","0","0","0","0","0","0","0","0","2","0","0","0","","","1","","7","","40 23:46.043","1","2","80 06:10.186","4","0","0","0","2102","0","0","0","N","0","0","0","1","68B03","1","","2.0","","9","N","N","","0","","0","0","0","","0","N","","1","1","0","0","0","0","0","2","0","1","","","","N","","","","","","","","","",""
"2009109996","","1","0","0","0","0","0","0","0","0","1","0","","02","11","2009","1","40.425885","-79.900953","","11","0","0","0","0","0","0","1","0","","0","0","0","","","2","","0","","40 25:33.185","","3","79 54:03.431","3","0","0","0","2301","0","0","0","N","0","0","0","3","68B03","1","","1.0","","1","N","N","","0","","1","0","1","","0","","","2","2","1","0","0","0","0","2","0","2","","","","N","","","","","","","","","",""
"2009109997","","2","0","0","0","0","0","0","0","0","1","0","","02","11","2009","1","40.439278","-79.861454","","11","0","0","0","0","0","0","0","0","","0","0","0","","","1","","0","","40 26:21.402","","0","79 51:41.233","4","0","0","0","2419","0","0","0","N","0","0","0","3","68B03","1","","1.0","","1","N","N","","0","","0","0","0","","0","","","2","1","0","0","0","0","0","2","0","2","","","","N","","","","","","","","","",""
"2009110056","","0","0","0","0","0","0","0","0","0","4","0","","02","11","2009","2","40.436043","-79.756911","","11","0","0","0","0","0","1","0","0","1","0","0","0","","","1","","0","","40 26:09.755","2","0","79 45:24.880","4","0","0","0","2446","0","0","0","N","0","0","0","2","02446","1","","1.0","","1","N","N","","0","","0","0","2","","0","N","","2","1","0","0","0","0","0","2","0","2","","","","N","","","","","","","","","",""
"2009110068","","0","0","0","0","0","0","0","0","0","7","0","","02","11","2009","2","40.455904","-79.879031","","11","0","0","0","0","0","0","0","0","","0","0","0","","","1","","0","","40 27:21.253","","0","79 52:44.511","8","0","0","0","2301","0","0","0","N","0","0","0","1","02301","0","","5.0","","1","N","N","","0","","0","0","1","","0","","","1","1","0","0","0","1","0","2","0","1","","","","N","","","","","","","","","",""
"2009110069","","2","0","0","0","0","0","0","0","0","1","0","","02","11","2009","2","40.397376","-79.988129","","11","0","0","0","0","0","0","0","0","","0","0","0","","","0","","2","","40 23:50.553","","0","79 59:17.264","0","0","0","0","2301","0","0","0","N","0","0","0","4","02301","0","","1.0","","1","N","N","","0","","0","0","0","","0","","","2","0","0","0","0","0","0","2","0","2","","","","N","","","","","","","","","",""
"2009110078","","1","0","0","0","0","0","0","0","0","7","0","","02","10","2009","1","40.550103","-80.121177","","11","0","0","0","0","1","0","0","0","","0","0","0","","","0","","0","","40 33:00.370","","0","80 07:16.237","0","0","0","0","2460","0","0","0","N","0","0","0","1","02215","0","","2.0","","1","N","N","","0","","0","0","0","","0","","","1","0","0","0","0","0","0","2","0","1","","","","N","","","","","","","","","",""
"2009110102","","1","0","0","0","0","0","0","0","0","1","0","","02","11","2009","3","40.449613","-79.984686","","11","0","0","0","0","0","0","0","0","","0","0","0","","","0","","0","","40 26:58.606","","1","79 59:04.869","0","0","0","0","2301","0","0","0","N","0","0","0","1","02301","0","","4.0","","1","N","N","","1","","0","0","0","","0","","","2","0","0","0","0","0","0","2","0","2","","","","N","","","","","","","","","",""
"2009110104","","0","0","0","0","0","0","0","0","0","7","1","","02","11","2009","1","40.457428","-80.029776","","11","0","0","0","0","0","0","0","0","1","0","1","0","","","1","","7","","40 27:26.742","1","2","80 01:47.192","4","0","0","0","2301","0","0","0","N","0","0","0","1","02301","1","","7.0","","1","N","N","","0","","0","0","0","","0","N","","1","1","0","0","0","0","0","2","0","1","","","","N","","","","","","","","","",""
"2009110107","","1","0","0","0","0","0","0","0","0","2","0","","02","11","2009","1","40.421261","-79.988218","","11","0","0","0","0","0","0","0","0","","0","0","0","","","0","","2","","40 25:16.539","","0","79 59:17.584","9","0","0","0","2301","0","0","0","N","0","0","0","2","02301","0","","1.0","","1","N","N","","2","","0","0","0","","0","","","4","0","0","0","0","0","1","2","1","4","","","","N","","","","","","","","","",""
"2009110115","","1","0","0","0","0","0","0","0","0","7","0","","02","11","2009","3","40.443645","-79.975047","","11","0","0","0","0","0","0","0","0","3","0","0","0","","","0","","2","","40 26:37.122","7","0","79 58:30.169","0","0","0","0","2301","0","0","0","Y","0","0","0","1","02301","0","","5.0","","1","N","N","","0","","0","0","0","","3","Y","","1","0","0","0","0","0","0","2","0","1","","","","N","","","","","","","","","",""
"2009110263","","1","0","0","0","0","0","0","0","0","1","0","","02","11","2009","3","40.33245","-79.93379","","11","0","0","0","0","0","0","1","0","","0","0","0","","","1","","1","","40 19:56.821","","0","79 56:01.645","4","0","0","0","2473","0","0","0","N","0","0","0","2","02473","1","","1.0","","1","N","N","","1","","0","0","0","","4","","","2","1","0","0","0","0","0","2","0","2","","","","N","","","","","","","","","",""
"2009110275","","1","0","0","0","0","0","0","0","0","7","0","","02","11","2009","3","40.521543","-79.961712","","11","0","0","0","0","0","0","0","1","","0","0","0","","","0","","0","","40 31:17.554","","0","79 57:42.163","0","0","0","0","2118","0","0","0","N","0","0","0","2","02118","0","","5.0","","1","N","N","","0","","0","0","0","","0","","","1","0","0","0","0","0","0","2","0","1","","","","N","","","","","","","","","",""
"2009110281","","1","0","0","0","0","0","0","0","0","7","0","","02","10","2009","6","40.487093","-79.772655","","11","0","0","1","0","0","0","0","0","1","0","0","0","","","1","","0","","40 29:13.533","2","0","79 46:21.559","4","0","0","0","2466","0","0","0","N","0","0","0","1","02466","1","","5.0","","1","N","N","","0","","0","0","0","","0","N","","1","1","0","0","0","0","0","2","0","1","","","","N","","","","","","","","","",""
"2009110284","","0","0","0","0","0","0","0","0","0","8","0","","02","10","2009","5","40.40793","-79.906737","","11","1","0","0","0","0","0","0","0","","0","0","0","","","1","","1","","40 24:28.548","","0","79 54:24.253","4","0","0","0","2448","1","0","0","N","1","0","0","5","02448","1","","5.0","","1","N","N","","0","","0","0","1","","0","","","2","1","0","0","0","0","4","2","0","1","","","","N","","","","","","","","","",""
"2009110290","","1","0","0","0","0","0","0","0","0","4","0","","02","11","2009","2","40.399718","-80.065041","","11","0","0","0","0","0","0","0","0","1","0","0","0","","","0","","1","","40 23:58.985","2","0","80 03:54.146","0","0","0","0","2117","0","0","0","N","0","0","0","2","02117","0","","1.0","","1","N","N","","0","","0","0","1","","1","N","","2","0","0","0","0","0","0","2","0","2","","","","N","","","","","","","","","",""
"2009110303","","0","0","0","0","0","0","0","0","0","1","0","","02","11","2009","2","40.414009","-80.009556","","11","0","0","0","0","0","1","0","0","","0","0","0","","","4","","2","","40 24:50.433","","4","80 00:34.401","8","0","0","0","2301","0","0","0","N","0","0","0","4","02301","0","","1.0","","1","N","N","","0","","0","0","1","","2","","","3","4","0","0","0","4","0","2","2","3","","","","N","","","","","","","","","",""
"2009110309","","2","0","0","0","0","0","0","0","0","1","0","","02","11","2009","3","40.401967","-80.000684","","11","0","0","0","0","0","0","1","0","","0","0","0","","","1","","1","","40 24:07.080","","0","80 00:02.464","8","0","0","0","2301","0","0","0","Y","0","0","0","3","02301","0","","1.0","","1","N","N","","0","","0","0","0","","2","","","2","1","0","0","0","1","0","2","0","2","","","","N","","","","","","","","","",""
"2009110310","","1","0","0","0","0","0","0","0","0","0","0","","02","10","2009","6","40.437083","-80.039782","","11","0","0","0","0","0","0","0","0","1","0","0","0","","","1","","0","","40 26:13.497","5","0","80 02:23.216","8","0","0","0","2301","0","0","0","N","0","0","0","1","02301","0","","4.0","","9","N","N","","0","","0","0","0","","0","N","","1","1","0","0","0","1","0","2","0","1","","","","N","","","","","","","","","",""
"2009110316","","1","0","0","0","0","0","0","0","0","7","0","","02","10","2009","5","","","","11","0","0","0","0","0","1","0","0","2","0","0","0","","","1","","0","","","1","0","","3","0","0","0","2116","0","0","0","N","0","0","0","1","02116","0","","5.0","","9","N","N","","0","","1","0","0","","0","N","","1","1","0","0","0","0","0","1","0","1","","","","N","","","","","","","","","",""
"2009110317","","2","0","0","0","0","0","0","0","0","1","0","","02","10","2009","5","40.339288","-79.913571","","11","0","0","0","0","0","0","0","0","","0","0","0","","","1","","3","","40 20:21.437","","0","79 54:48.854","8","0","0","0","2473","0","0","0","N","0","0","0","2","02473","0","","1.0","","1","N","N","","0","","0","0","0","","3","","","2","1","0","0","0","1","0","2","0","2","","","","N","","","","","","","","","",""
"2009110319","","3","0","0","0","0","0","0","0","0","7","0","","02","11","2009","2","40.531194","-80.010153","","11","0","0","0","1","0","0","1","0","2","0","0","0","","","2","","0","","40 31:52.300","5","0","80 00:36.551","8","0","0","0","2116","0","0","0","N","0","0","0","4","02116","0","","1.0","","1","N","N","","0","","0","0","0","","0","N","","3","2","0","0","0","2","0","2","0","3","","","","N","","","","","","","","","",""
"2009110320","","1","0","0","0","0","0","0","0","0","0","0","","02","11","2009","2","40.409319","-79.97744","","11","0","0","0","0","0","0","0","0","1","0","0","0","","","0","","2","","40 24:33.548","1","0","79 58:38.784","0","0","0","0","2301","0","0","0","N","0","0","0","1","02301","0","","1.0","","1","N","N","","0","","0","0","0","","0","N","","1","0","0","0","0","0","0","2","0","1","","","","N","","","","","","","","","",""
"2009110322","","1","0","0","0","0","0","0","0","0","1","0","","02","11","2009","3","40.465908","-79.953611","","11","0","0","1","0","0","0","0","0","","0","0","0","","","0","","2","","40 27:57.268","","0","79 57:12.999","0","0","0","0","2301","0","0","0","N","0","0","0","4","02301","0","","1.0","","1","N","N","","1","","0","0","0","","2","","","2","0","0","0","0","0","0","2","0","2","","","","N","","","","","","","","","",""