"CRN","ARRIVAL_TM","AUTOMOBILE_COUNT","BELTED_DEATH_COUNT","BELTED_SUSP_SERIOUS_INJ_COUNT","BICYCLE_COUNT","BICYCLE_DEATH_COUNT","BICYCLE_SUSP_SERIOUS_INJ_COUNT","BUS_COUNT","CHLDPAS_DEATH_COUNT","CHLDPAS_SUSP_SERIOUS_INJ_COUNT","COLLISION_TYPE","COMM_VEH_COUNT","CONS_ZONE_SPD_LIM","COUNTY","CRASH_MONTH","CRASH_YEAR","DAY_OF_WEEK","DEC_LATITUDE","DEC_LONGITUDE","DISPATCH_TM","DISTRICT","DRIVER_COUNT_16YR","DRIVER_COUNT_17YR","DRIVER_COUNT_18YR","DRIVER_COUNT_19YR","DRIVER_COUNT_20YR","DRIVER_COUNT_50_64YR","DRIVER_COUNT_65_74YR","DRIVER_COUNT_75PLUS","EST_HRS_CLOSED","FATAL_COUNT","HEAVY_TRUCK_COUNT","HORSE_BUGGY_COUNT","HOUR_OF_DAY","ILLUMINATION","INJURY_COUNT","INTERSECTION_RELATED","INTERSECT_TYPE","LANE_CLOSED","LATITUDE","LN_CLOSE_DIR","LOCATION_TYPE","LONGITUDE","MAX_SEVERITY_LEVEL","MCYCLE_DEATH_COUNT","MCYCLE_SUSP_SERIOUS_INJ_COUNT","MOTORCYCLE_COUNT","MUNICIPALITY","NONMOTR_COUNT","NONMOTR_DEATH_COUNT","NONMOTR_SUSP_SERIOUS_INJ_COUNT","NTFY_HIWY_MAINT","PED_COUNT","PED_DEATH_COUNT","PED_SUSP_SERIOUS_INJ_COUNT","PERSON_COUNT","POLICE_AGCY","POSSIBLE_INJ_COUNT","RDWY_SURF_TYPE_CD","RELATION_TO_ROAD","ROADWAY_CLEARED","ROAD_CONDITION","SCH_BUS_IND","SCH_ZONE_IND","SECONDARY_CRASH","SMALL_TRUCK_COUNT","SPEC_JURIS_CD","SUSP_MINOR_INJ_COUNT","SUSP_SERIOUS_INJ_COUNT","SUV_COUNT","TCD_FUNC_CD","TCD_TYPE","TFC_DETOUR_IND","TIME_OF_DAY","TOTAL_UNITS","TOT_INJ_COUNT","UNBELTED_OCC_COUNT","UNB_DEATH_COUNT","UNB_SUSP_SERIOUS_INJ_COUNT","UNK_INJ_DEG_COUNT","UNK_INJ_PER_COUNT","URBAN_RURAL","VAN_COUNT","VEHICLE_COUNT","WEATHER1","WEATHER2","WORKERS_PRES","WORK_ZONE_IND","WORK_ZONE_LOC","WORK_ZONE_TYPE","WZ_CLOSE_DETOUR","WZ_FLAGGER","WZ_LAW_OFFCR_IND","WZ_LN_CLOSURE","WZ_MOVING","WZ_OTHER","WZ_SHLDER_MDN","WZ_WORKERS_INJ_KILLED"
"2009111072","","1","0","0","0","0","0","0","0","0","99","0","","02","11","2009","1","40.4964","-79.784","","11","0","0","1","0","0","0","0","0","","0","0","0","","","0","","0","","40 29:47.040","","0","79 47:02.400","0","0","0","0","2466","0","0","0","N","0","0","0","1","68T02","0","","1.0","","1","N","N","","0","","0","0","0","","0","","","1","0","0","0","0","0","0","2","0","1","","","","N","","","","","","","","","",""
"2009111244","","0","0","0","0","0","0","0","0","0","4","0","","02","11","2009","1","40.376215","-80.097876","","11","0","0","0","0","0","1","1","0","1","0","0","0","","","0","","2","","40 22:34.375","5","0","80 05:52.353","9","0","0","0","2102","0","0","0","N","0","0","0","3","02102","0","","1.0","","1","N","N","","0","","0","0","2","","3","N","","3","0","0","0","0","0","3","2","1","3","","","","N","","","","","","","","","",""
"2009111248","","1","0","0","0","0","0","0","0","0","4","0","","02","11","2009","5","40.514168","-79.879115","","11","0","1","0","0","0","1","0","0","1","0","0","0","","","0","","1","","40 30:51.004","7","0","79 52:44.814","0","0","0","0","2432","0","0","0","N","0","0","0","2","02432","0","","1.0","","9","N","N","","0","","0","0","1","","2","N","","2","0","0","0","0","0","0","2","0","2","","","","N","","","","","","","","","",""
"2009111252","","1","0","0","0","0","0","0","0","0","4","1","","02","11","2009","5","40.448374","-79.76113","","11","0","0","0","0","0","0","0","0","","0","1","0","","","2","","0","","40 26:54.147","","0","79 45:40.067","8","0","0","0","2446","0","0","0","N","0","0","0","3","02446","0","","1.0","","9","N","N","","0","","0","0","0","","0","","","2","2","0","0","0","2","0","2","0","2","","","","N","","","","","","","","","",""
"2009111270","","1","0","0","0","0","0","0","0","0","8","0","","02","11","2009","5","40.454758","-79.94256","","11","0","0","0","0","0","0","0","0","","0","0","0","","","1","","0","","40 27:17.128","","0","79 56:33.216","4","0","0","0","2301","1","0","0","N","1","0","0","2","02301","1","","1.0","","9","N","N","","0","","0","0","0","","0","","","2","1","0","0","0","0","0","2","0","1","","","","N","","","","","","","","","",""
"2009111276","","1","0","0","0","0","0","0","0","0","1","0","","02","11","2009","5","40.352122","-79.97763","","11","0","0","0","0","0","1","0","0","","0","0","0","","","0","","0","","40 21:07.640","","0","79 58:39.467","0","0","0","0","2476","0","0","0","N","0","0","0","3","02476","0","","1.0","","9","N","N","","0","","0","0","0","","2","","","2","0","0","0","0","0","0","2","1","2","","","","N","","","","","","","","","",""
"2009111283","","1","0","0","0","0","0","0","0","0","4","0","","02","11","2009","5","40.382354","-80.044005","","11","0","0","0","0","0","0","0","1","2","0","0","0","","","1","","2","","40 22:56.476","2","0","80 02:38.417","4","0","0","0","2109","0","0","0","N","0","0","0","2","02109","1","","1.0","","1","N","N","","0","","0","0","1","","2","Y","","2","1","0","0","0","0","0","2","0","2","","","","N","","","","","","","","","",""
"2009111288","","2","0","0","0","0","0","0","0","0","6","0","","02","11","2009","5","40.426252","-79.976484","","11","0","0","0","0","0","0","1","0","","0","0","0","","","1","","2","","40 25:34.507","","0","79 58:35.342","8","0","0","0","2301","0","0","0","N","0","0","0","2","02301","0","","1.0","","1","N","N","","0","","0","0","0","","0","","","2","1","0","0","0","1","0","2","0","2","","","","N","","","","","","","","","",""
"2009111295","","0","0","0","0","0","0","0","0","0","8","0","","02","11","2009","5","40.513939","-80.153599","","11","0","0","0","0","0","0","0","0","1","0","0","0","","","1","","0","","40 30:50.180","1","0","80 09:12.956","3","0","0","0","2420","1","0","0","N","1","0","0","2","02420","0","","1.0","","1","N","N","","0","","1","0","0","","2","Y","","2","1","0","0","0","0","0","2","0","1","","","","N","","","","","","","","","",""
"2009111304","","0","0","0","0","0","0","0","0","0","1","0","","02","11","2009","4","40.402196","-79.775303","","11","0","0","0","0","0","1","1","0","","0","0","0","","","0","","0","","40 24:07.907","","0","79 46:31.091","0","0","0","0","2453","0","0","0","N","0","0","0","2","02453","0","","1.0","","1","N","N","","2","","0","0","0","","2","","","2","0","2","0","0","0","0","2","0","2","","","","N","","","","","","","","","",""
"2009111306","","2","0","0","0","0","0","0","0","0","1","0","","02","11","2009","4","40.540861","-79.807137","","11","0","0","1","0","0","1","0","0","","0","0","0","","","1","","0","","40 32:27.099","","0","79 48:25.693","3","0","0","0","2418","0","0","0","N","0","0","0","7","02418","0","","1.0","","1","N","N","","1","","1","0","0","","0","","","3","1","0","0","0","0","0","2","0","3","","","","N","","","","","","","","","",""
"2009111321","","0","0","0","0","0","0","0","0","0","7","0","","02","11","2009","3","40.518824","-80.30347","","11","0","1","0","0","0","0","0","0","3","0","0","0","","","1","","0","","40 31:07.767","6","0","80 18:12.491","4","0","0","0","2203","0","0","0","N","0","0","0","1","02203","1","","2.0","","1","N","N","","1","","0","0","0","","0","Y","","1","1","1","0","0","0","0","1","0","1","","","","N","","","","","","","","","",""
"2009111324","","2","0","0","0","0","0","0","0","0","1","0","","02","11","2009","5","40.443976","-79.997442","","11","0","0","0","1","0","0","0","0","","0","0","0","","","0","","1","","40 26:38.313","","0","79 59:50.791","9","0","0","0","2301","0","0","0","N","0","0","0","2","02301","0","","1.0","","9","N","N","","0","","0","0","0","","0","","","2","0","0","0","0","0","1","2","0","2","","","","N","","","","","","","","","",""
"2009111333","","2","0","0","0","0","0","0","0","0","1","0","","02","11","2009","5","40.342306","-79.812968","","11","1","0","1","0","0","1","0","0","","0","0","0","","","1","","0","","40 20:32.303","","0","79 48:46.684","8","0","0","0","2477","0","0","0","N","0","0","0","4","02477","0","","1.0","","1","N","N","","1","","0","0","0","","0","","","3","1","1","0","0","1","0","2","0","3","","","","N","","","","","","","","","",""
"2009111339","","2","0","0","0","0","0","0","0","0","1","0","","02","11","2009","5","40.582228","-79.877329","","11","0","0","0","1","0","0","1","0","","0","0","0","","","0","","2","","40 34:56.021","","0","79 52:38.384","0","0","0","0","2209","0","0","0","N","0","0","0","2","02209","0","","1.0","","1","N","N","","0","","0","0","0","","0","","","2","0","0","0","0","0","0","2","0","2","","","","N","","","","","","","","","",""
"2009111340","","1","0","0","0","0","0","0","0","0","1","0","","02","10","2009","3","40.513138","-80.222331","","11","0","0","0","0","0","0","1","0","1","0","0","0","","","2","","2","","40 30:47.296","1","0","80 13:20.390","4","0","0","0","2213","0","0","0","N","0","0","0","3","02213","2","","1.0","","1","N","N","","0","","0","0","1","","2","N","","2","2","3","0","0","0","0","2","0","2","","","","N","","","","","","","","","",""
"2009111341","","2","0","0","0","0","0","0","0","0","4","0","","02","10","2009","5","40.519731","-80.217795","","11","0","0","0","0","0","1","1","0","","0","0","0","","","0","","2","","40 31:11.033","","7","80 13:04.062","0","0","0","0","2213","0","0","0","N","0","0","0","3","02213","0","","2.0","","1","N","N","","1","","0","0","0","","2","","","3","0","0","0","0","0","0","2","0","3","","","","N","","","","","","","","","",""
"2009111342","","1","0","0","0","0","0","0","0","0","1","0","","02","10","2009","7","40.338318","-80.051483","","11","0","0","0","0","1","0","0","0","","0","0","0","","","0","","1","","40 20:17.944","","0","80 03:05.338","0","0","0","0","2407","0","0","0","N","0","0","0","2","02407","0","","1.0","","9","N","N","","0","","0","0","1","","2","","","2","0","1","0","0","0","0","2","0","2","","","","N","","","","","","","","","",""
"2009111343","","2","0","0","0","0","0","0","0","0","4","0","","02","11","2009","2","40.299259","-80.047413","","11","0","0","0","0","0","0","0","0","1","0","0","0","","","0","","1","","40 17:57.333","4","0","80 02:50.688","0","0","0","0","2407","0","0","0","N","0","0","0","3","02407","0","","1.0","","1","N","N","","0","","0","0","0","","3","N","","2","0","0","0","0","0","0","2","0","2","","","","N","","","","","","","","","",""
"2009111376","","2","0","0","0","0","0","0","0","0","1","0","","02","10","2009","5","40.446793","-80.168327","","11","0","0","0","0","0","1","0","0","","0","0","0","","","1","","0","","40 26:48.454","","0","80 10:05.976","4","0","0","0","2115","0","0","0","N","0","0","0","3","68B03","1","","1.0","","9","N","N","","0","","0","0","1","","0","","","3","1","0","0","0","0","0","2","0","3","","","","N","","","","","","","","","",""
"2009111377","","2","0","0","0","0","0","0","0","0","5","0","","02","10","2009","7","40.437061","-80.014605","","11","0","0","1","0","0","0","0","0","2","0","0","0","","","0","","0","","40 26:13.419","3","0","80 00:52.578","0","0","0","0","2301","0","0","0","N","0","0","0","6","68B03","0","","1.0","","1","N","N","","1","","0","0","0","","0","N","","3","0","1","0","0","0","0","2","0","3","","","","N","","","","","","","","","",""
"2009111378","","1","0","0","0","0","0","0","0","0","7","0","","02","11","2009","4","40.4363","-79.9729","","11","0","0","0","0","0","1","0","0","2","0","0","0","","","2","","0","","40 26:10.680","4","0","79 58:22.440","4","0","0","0","2301","0","0","0","Y","0","0","0","2","68B03","2","","2.0","","1","N","N","","0","","0","0","0","","0","N","","1","2","0","0","0","0","0","2","0","1","","","","N","","","","","","","","","",""
"2009111440","","3","0","0","0","0","0","0","0","0","1","0","25","02","10","2009","2","40.274656","-79.887459","","11","0","0","0","0","0","0","0","0","","0","0","0","","","1","","0","","40 16:28.763","","3","79 53:14.853","4","0","0","0","2428","0","0","0","N","0","0","0","3","02428","1","","1.0","","1","N","N","","0","","0","0","0","","1","","","3","1","0","0","0","0","0","2","0","3","","","U","Y","3","1","","","N","Y","","","",""
"2009111441","","2","0","0","0","0","0","0","0","0","4","0","","02","11","2009","5","40.617226","-80.055548","","11","0","1","0","0","0","0","0","0","","0","0","0","","","0","","0","","40 37:02.014","","0","80 03:19.974","0","0","0","0","2216","0","0","0","N","0","0","0","2","02505","0","","1.0","","1","N","","","0","","0","0","0","","0","","","2","0","1","0","0","0","0","1","0","2","","","","N","","","","","","","","","",""
"2009111446","","1","0","0","0","0","0","0","0","0","7","0","","02","11","2009","1","40.435513","-80.013801","","11","0","0","0","0","0","0","0","0","1","0","0","0","","","1","","2","","40 26:07.846","3","0","80 00:49.683","4","0","0","0","2301","0","0","0","N","0","0","0","1","02301","1","","5.0","","1","N","N","","0","","0","0","0","","0","N","","1","1","1","0","0","0","0","2","0","1","","","","N","","","","","","","","","",""
"2009111448","","1","0","0","0","0","0","0","0","0","8","0","","02","11","2009","5","40.448227","-79.986908","","11","0","0","0","0","0","0","0","0","","0","0","0","","","1","","2","","40 26:53.617","","0","79 59:12.868","8","0","0","0","2301","1","0","0","N","1","0","0","2","02301","0","","1.0","","9","N","N","","0","","0","0","0","","2","","","2","1","0","0","0","1","0","2","0","1","","","","N","","","","","","","","","",""
"2009111451","","3","0","0","0","0","0","0","0","0","1","0","","02","11","2009","5","40.440241","-79.96061","","11","0","0","0","0","0","0","0","0","1","0","0","0","","","0","","0","","40 26:24.867","4","0","79 57:38.196","0","0","0","0","2301","0","0","0","N","0","0","0","3","02301","0","","1.0","","9","N","Y","","0","","0","0","0","","0","N","","3","0","0","0","0","0","0","2","0","3","","","","N","","","","","","","","","",""
"2009111452","","1","0","0","0","0","0","0","0","0","2","0","","02","11","2009","4","40.451315","-80.068628","","11","0","0","1","0","0","0","0","0","","0","0","0","","","0","","0","","40 27:04.734","","0","80 04:07.060","0","0","0","0","2301","0","0","0","N","0","0","0","1","02301","0","","1.0","","1","N","N","","0","","0","0","0","","0","","","2","0","0","0","0","0","0","2","1","2","","","","N","","","","","","","","","",""
"2009111460","","1","0","0","0","0","0","0","0","0","8","0","","02","11","2009","5","40.465633","-80.061712","","11","0","0","0","0","0","0","0","0","1","0","0","0","","","1","","0","","40 27:56.278","4","0","80 03:42.164","8","0","0","0","2444","1","0","0","N","1","0","0","3","02444","0","","1.0","","9","N","N","","0","","0","0","0","","0","N","","2","1","0","0","0","1","0","2","0","1","","","","N","","","","","","","","","",""
"2009111462","","1","0","0","0","0","0","0","0","0","99","0","","02","11","2009","3","40.436887","-79.852014","","11","0","0","0","0","0","1","1","0","","0","0","0","","","1","","2","","40 26:12.793","","0","79 51:07.250","3","0","0","0","2419","0","0","0","N","0","0","0","3","02419","0","","1.0","","1","N","N","","0","","1","0","0","","3","","","2","1","0","0","0","0","0","2","1","2","","","","N","","","","","","","","","",""
"2009111474","","2","0","0","0","0","0","0","0","0","6","0","","02","11","2009","1","40.44516","-79.858534","","11","0","0","0","0","0","0","0","0","","0","0","0","","","1","","1","","40 26:42.575","","0","79 51:30.724","8","0","0","0","2419","0","0","0","N","0","0","0","4","02419","0","","1.0","","1","N","N","","0","","0","0","0","","2","","","2","1","0","0","0","1","0","2","0","2","","","","N","","","","","","","","","",""
"2009111487","","1","0","0","0","0","0","0","0","0","7","0","","02","11","2009","6","40.487483","-80.039996","","11","0","0","0","0","0","0","0","0","","0","0","0","","","0","","0","","40 29:14.938","","0","80 02:23.985","0","0","0","0","2301","0","0","0","N","0","0","0","1","02301","0","","4.0","","9","N","N","","0","","0","0","0","","0","","","1","0","0","0","0","0","0","2","0","1","","","","N","","","","","","","","","",""
"2009111494","","1","0","0","0","0","0","0","0","0","4","0","","02","10","2009","7","40.452603","-79.91041","","11","0","0","0","0","0","0","0","0","2","0","0","0","","","3","","1","","40 27:09.369","7","0","79 54:37.475","8","0","0","0","2301","0","0","0","N","0","0","0","5","02301","0","","1.0","","1","N","N","","0","","0","0","1","","1","Y","","2","3","0","0","0","3","2","2","0","2","","","","N","","","","","","","","","",""
"2009111508","","0","0","0","0","0","0","0","0","0","1","0","","02","10","2009","3","40.445414","-80.009602","","11","0","0","0","0","0","1","0","0","","0","0","0","","","0","","3","","40 26:43.491","","0","80 00:34.566","0","0","0","0","2301","0","0","0","N","0","0","0","2","68B03","0","","1.0","","1","N","N","","2","","0","0","0","","3","","","2","0","0","0","0","0","0","2","0","2","","","","N","","","","","","","","","",""
"2009111509","","1","0","0","0","0","0","0","0","0","7","0","","02","11","2009","5","40.4381","-80.2169","","11","0","0","0","1","0","0","0","0","2","0","0","0","","","1","","0","","40 26:17.160","3","0","80 13:00.840","3","0","0","0","2214","0","0","0","Y","0","0","0","1","68B03","0","","2.0","","1","N","N","","0","","1","0","0","","0","N","","1","1","0","0","0","0","0","2","0","1","","","","N","","","","","","","","","",""
"2009111518","","1","0","0","0","0","0","0","0","0","7","0","","02","10","2009","7","40.5202","-79.853","","11","0","0","0","0","0","0","0","0","3","0","0","0","","","1","","0","","40 31:12.720","1","0","79 51:10.800","4","0","0","0","2112","0","0","0","N","0","0","0","1","68D02","1","","5.0","","9","N","N","","0","","0","0","0","","0","N","","1","1","0","0","0","0","0","2","0","1","","","","N","","","","","","","","","",""
"2009111596","","2","0","0","0","0","0","0","0","0","1","0","","02","9","2009","2","40.563795","-80.20865","","11","0","0","0","0","0","1","0","0","1","0","0","0","","","1","","0","","40 33:49.662","2","0","80 12:31.140","4","0","0","0","2441","0","0","0","N","0","0","0","2","02441","1","","1.0","","1","N","N","","0","","0","0","0","","2","N","","2","1","0","0","0","0","0","2","0","2","","","","N","","","","","","","","","",""
"2009111597","","3","0","0","0","0","0","0","0","0","1","0","","02","10","2009","2","40.564811","-80.2098","","11","0","0","0","0","0","2","0","0","2","0","0","0","","","8","","0","","40 33:53.320","5","0","80 12:35.280","4","0","0","0","2441","0","0","0","N","0","0","0","8","02441","1","","1.0","","1","N","N","","0","","0","0","0","","0","Y","","3","8","0","0","0","7","0","2","0","3","","","","N","","","","","","","","","",""
"2009111693","","1","0","0","0","0","0","0","0","0","99","0","","02","10","2009","5","40.585049","-80.043389","","11","0","0","0","0","0","1","0","0","","0","0","0","","","0","","0","","40 35:06.175","","0","80 02:36.202","0","0","0","0","2108","0","0","0","N","0","0","0","1","02108","0","","1.0","","9","N","N","","0","","0","0","0","","0","","","1","0","0","0","0","0","0","2","0","1","","","","N","","","","","","","","","",""
"2009111694","","2","0","0","0","0","0","0","0","0","2","0","","02","10","2009","6","40.560221","-80.007051","","11","0","0","1","0","0","0","0","0","1","0","0","0","","","0","","0","","40 33:36.796","6","0","80 00:25.383","0","0","0","0","2108","0","0","0","N","0","0","0","2","02108","0","","1.0","","9","N","N","","0","","0","0","0","","0","Y","","2","0","0","0","0","0","0","2","0","2","","","","N","","","","","","","","","",""
"2009111695","","3","0","0","0","0","0","0","0","0","1","0","","02","10","2009","3","40.572128","-80.023504","","11","0","0","0","0","0","1","0","0","1","0","0","0","","","1","","1","","40 34:19.660","1","0","80 01:24.616","4","0","0","0","2108","0","0","0","N","0","0","0","3","02108","1","","1.0","","1","N","N","","0","","0","0","0","","2","N","","3","1","0","0","0","0","0","2","0","3","","","","N","","","","","","","","","",""
"2009111700","","1","0","0","0","0","0","0","0","0","4","0","","02","10","2009","6","40.454872","-80.224828","","11","0","0","0","0","0","0","0","0","","0","0","0","","","1","","0","","40 27:17.540","","0","80 13:29.380","3","0","0","0","2214","0","0","0","N","0","0","0","3","02214","0","","1.0","","9","N","N","","0","","1","0","1","","0","","","2","1","0","0","0","0","0","2","0","2","","","","N","","","","","","","","","",""
"2009111701","","2","0","0","0","0","0","0","0","0","4","0","","02","10","2009","4","40.440519","-80.238481","","11","0","0","0","0","0","1","0","0","1","0","0","0","","","1","","1","","40 26:25.870","4","0","80 14:18.530","4","0","0","0","2214","0","0","0","N","0","0","0","3","02214","1","","1.0","","1","N","N","","0","","0","0","0","","3","N","","2","1","0","0","0","0","0","2","0","2","","","","N","","","","","","","","","",""
"2009111909","","1","0","0","0","0","0","0","0","0","4","0","","02","11","2009","5","40.490536","-80.060044","","11","0","0","0","0","0","1","0","0","","0","0","0","","","0","","0","","40 29:25.931","","7","80 03:36.157","0","0","0","0","2404","0","0","0","N","0","0","0","2","02404","0","","1.0","","1","N","N","","0","","0","0","1","","0","","","2","0","0","0","0","0","0","2","0","2","","","","N","","","","","","","","","",""
"2009111914","","1","0","0","0","0","0","0","0","0","7","0","","02","11","2009","6","40.496813","-80.012102","","11","0","0","0","0","0","0","0","0","","0","0","0","","","0","","2","","40 29:48.526","","0","80 00:43.567","0","0","0","0","2301","0","0","0","N","0","0","0","1","02301","0","","2.0","","2","N","N","","0","","0","0","0","","0","","","1","0","0","0","0","0","0","2","0","1","","","","N","","","","","","","","","",""
"2009111919","","1","0","0","0","0","0","0","0","0","8","0","","02","11","2009","5","40.453768","-79.999122","","11","0","0","0","0","0","0","0","0","","0","0","0","","","1","","1","","40 27:13.565","","0","79 59:56.839","4","0","0","0","2301","1","0","0","N","1","0","0","3","02301","1","","1.0","","1","N","N","","0","","0","0","0","","3","","","2","1","0","0","0","0","0","2","0","1","","","","N","","","","","","","","","",""
"2009111922","","2","0","0","0","0","0","0","0","0","4","0","","02","9","2009","2","40.402012","-80.000594","","11","0","0","0","0","0","0","1","0","","0","0","0","","","0","","1","","40 24:07.244","","0","80 00:02.139","0","0","0","0","2301","0","0","0","N","0","0","0","2","02301","0","","1.0","","1","N","N","","0","","0","0","0","","2","","","2","0","0","0","0","0","0","2","0","2","","","","N","","","","","","","","","",""
"2009111929","","1","0","0","0","0","0","0","0","0","4","0","","02","11","2009","6","40.379349","-79.853544","","11","0","0","0","0","0","0","0","0","1","0","0","0","","","1","","3","","40 22:45.658","5","3","79 51:12.757","8","0","0","0","2303","0","0","0","N","0","0","0","2","02303","0","","1.0","","2","N","N","","0","","0","0","0","","0","N","","2","1","0","0","0","1","0","2","1","2","","","","N","","","","","","","","","",""
"2009111932","","0","0","0","0","0","0","0","0","0","7","0","","02","11","2009","6","40.497574","-80.020012","","11","0","0","0","0","0","1","0","0","1","0","0","0","","","0","","0","","40 29:51.268","2","0","80 01:12.044","0","0","0","0","2301","0","0","0","N","0","0","0","1","02301","0","","1.0","","2","N","N","","0","","0","0","1","","0","N","","1","0","0","0","0","0","0","2","0","1","","","","N","","","","","","","","","",""
"2009111934","","1","0","0","0","0","0","0","0","0","1","0","","02","11","2009","5","40.4358","-79.770944","","11","0","0","0","0","0","0","0","1","1","0","0","0","","","1","","0","","40 26:08.880","4","7","79 46:15.400","8","0","0","0","2446","0","0","0","N","0","0","0","2","02446","0","","1.0","","1","N","N","","0","","0","0","1","","2","N","","2","1","0","0","0","1","0","2","0","2","","","","N","","","","","","","","","",""
"2009111936","","0","0","0","0","0","0","0","0","0","7","0","","02","11","2009","6","40.5964","-79.7545","","11","0","0","0","0","1","0","0","0","1","0","0","0","","","0","","0","","40 35:47.040","1","3","79 45:16.200","0","0","0","0","2464","0","0","0","N","0","0","0","1","64305","0","","1.0","","2","N","N","","1","","0","0","0","","0","N","","1","0","0","0","0","0","0","2","0","1","","","","N","","","","","","","","","",""
"2009111941","","2","0","0","0","0","0","0","0","0","1","0","","02","11","2009","6","","","","11","0","1","0","0","0","0","1","0","","0","0","0","","","0","","0","","","","0","","0","0","0","0","2481","0","0","0","N","0","0","0","2","02481","0","","1.0","","2","N","N","","0","","0","0","0","","0","","","2","0","0","0","0","0","0","1","0","2","","","","N","","","","","","","","","",""
"2009111949","","1","0","0","0","0","0","0","0","0","5","0","","02","11","2009","6","40.43939","-79.999178","","11","0","0","0","0","0","0","0","0","","0","0","0","","","0","","1","","40 26:21.804","","0","79 59:57.040","0","0","0","0","2301","0","0","0","N","0","0","0","3","02301","0","","1.0","","1","N","N","","0","","0","0","0","","2","","","2","0","0","0","0","0","0","2","1","2","","","","N","","","","","","","","","",""
"2009111956","","0","0","0","0","0","0","0","0","0","4","0","","02","11","2009","6","40.473149","-79.962128","","11","0","0","0","0","0","0","0","0","","0","0","0","","","0","","2","","40 28:23.336","","0","79 57:43.660","0","0","0","0","2301","0","0","0","N","0","0","0","3","02301","0","","1.0","","1","N","N","","2","","0","0","1","","0","","","4","0","0","0","0","0","0","2","1","4","","","","N","","","","","","","","","",""
"2009111959","","0","0","0","1","0","0","0","0","0","8","1","","02","11","2009","6","","","","11","0","0","0","0","0","0","0","0","","0","1","0","","","1","","1","","","","0","","4","0","0","0","2301","1","0","0","N","0","0","0","2","02301","1","","1.0","","1","N","N","","0","","0","0","0","","3","","","2","1","0","0","0","0","0","1","0","1","","","","N","","","","","","","","","",""
"2009111965","","1","0","0","0","0","0","0","0","0","4","0","","02","11","2009","6","40.455115","-80.058819","","11","0","0","0","0","0","0","0","1","","0","0","0","","","1","","0","","40 27:18.414","","0","80 03:31.748","4","0","0","0","2301","0","0","0","N","0","0","0","2","02301","1","","1.0","","1","N","N","","0","","0","0","0","","0","","","2","1","0","0","0","0","0","2","1","2","","","","N","","","","","","","","","",""
"2009111967","","2","0","0","0","0","0","0","0","0","4","0","","02","11","2009","6","40.371007","-80.059755","","11","0","0","0","0","0","1","0","0","","0","0","0","","","0","","2","","40 22:15.625","","0","80 03:35.118","0","0","0","0","2109","0","0","0","N","0","0","0","2","02109","0","","1.0","","1","N","N","","0","","0","0","0","","3","","","2","0","0","0","0","0","0","2","0","2","","","","N","","","","","","","","","",""
"2009111976","","1","0","0","0","0","0","0","0","0","1","1","","02","11","2009","3","40.389308","-79.774285","","11","0","0","0","0","0","0","0","0","","0","1","0","","","0","","0","","40 23:21.507","","0","79 46:27.425","0","0","0","0","2111","0","0","0","N","0","0","0","2","02111","0","","1.0","","1","N","N","","0","","0","0","0","","0","","","2","0","0","0","0","0","0","2","0","2","","","","N","","","","","","","","","",""
"2009111981","","0","0","0","0","0","0","0","0","0","4","0","","02","11","2009","6","40.454283","-80.000903","","11","0","0","0","0","0","0","0","1","","0","0","0","","","0","","1","","40 27:15.418","","0","80 00:03.250","0","0","0","0","2301","0","0","0","N","0","0","0","2","02301","0","","1.0","","1","N","N","","1","","0","0","1","","0","","","2","0","0","0","0","0","0","2","0","2","","","","N","","","","","","","","","",""
"2009111985","","1","0","0","0","0","0","0","0","0","7","0","","02","11","2009","5","40.642473","-80.075576","","11","0","0","0","0","0","0","0","0","2","0","0","0","","","0","","0","","40 38:32.902","6","0","80 04:32.073","0","0","0","0","2412","0","0","0","N","0","0","0","1","02505","0","","5.0","","9","N","N","","0","","0","0","0","","0","Y","","1","0","0","0","0","0","0","2","0","1","","","","N","","","","","","","","","",""
"2009111986","","1","0","0","0","0","0","0","0","0","7","0","","02","11","2009","4","40.398468","-79.836897","","11","0","0","0","0","1","0","0","0","4","0","0","0","","","1","","0","","40 23:54.483","6","0","79 50:12.828","3","0","0","0","2425","0","0","0","N","0","0","0","2","02425","0","","5.0","","1","N","N","","0","","1","0","0","","0","Y","","1","1","2","0","0","0","0","2","0","1","","","","N","","","","","","","","","",""
"2009111995","","0","0","0","1","0","0","0","0","0","8","0","","02","11","2009","6","40.461415","-79.924821","","11","0","0","0","0","0","0","0","0","1","0","0","0","","","1","","1","","40 27:41.094","3","0","79 55:29.355","8","0","0","0","2301","1","0","0","N","0","0","0","2","02301","0","","1.0","","1","N","N","","1","","0","0","0","","2","N","","2","1","0","0","0","1","0","2","0","1","","","","N","","","","","","","","","",""
"2009111997","","1","0","0","0","0","0","0","0","0","7","0","","02","11","2009","4","40.488472","-80.19009","","11","0","0","0","0","0","0","1","0","2","0","0","0","","","1","","0","","40 29:18.498","3","0","80 11:24.325","4","0","0","0","2213","0","0","0","N","0","0","0","1","02213","1","","4.0","","1","N","N","","0","","0","0","0","","0","N","","1","1","0","0","0","0","0","2","0","1","","","","N","","","","","","","","","",""