"CRN","ARRIVAL_TM","AUTOMOBILE_COUNT","BELTED_DEATH_COUNT","BELTED_SUSP_SERIOUS_INJ_COUNT","BICYCLE_COUNT","BICYCLE_DEATH_COUNT","BICYCLE_SUSP_SERIOUS_INJ_COUNT","BUS_COUNT","CHLDPAS_DEATH_COUNT","CHLDPAS_SUSP_SERIOUS_INJ_COUNT","COLLISION_TYPE","COMM_VEH_COUNT","CONS_ZONE_SPD_LIM","COUNTY","CRASH_MONTH","CRASH_YEAR","DAY_OF_WEEK","DEC_LATITUDE","DEC_LONGITUDE","DISPATCH_TM","DISTRICT","DRIVER_COUNT_16YR","DRIVER_COUNT_17YR","DRIVER_COUNT_18YR","DRIVER_COUNT_19YR","DRIVER_COUNT_20YR","DRIVER_COUNT_50_64YR","DRIVER_COUNT_65_74YR","DRIVER_COUNT_75PLUS","EST_HRS_CLOSED","FATAL_COUNT","HEAVY_TRUCK_COUNT","HORSE_BUGGY_COUNT","HOUR_OF_DAY","ILLUMINATION","INJURY_COUNT","INTERSECTION_RELATED","INTERSECT_TYPE","LANE_CLOSED","LATITUDE","LN_CLOSE_DIR","LOCATION_TYPE","LONGITUDE","MAX_SEVERITY_LEVEL","MCYCLE_DEATH_COUNT","MCYCLE_SUSP_SERIOUS_INJ_COUNT","MOTORCYCLE_COUNT","MUNICIPALITY","NONMOTR_COUNT","NONMOTR_DEATH_COUNT","NONMOTR_SUSP_SERIOUS_INJ_COUNT","NTFY_HIWY_MAINT","PED_COUNT","PED_DEATH_COUNT","PED_SUSP_SERIOUS_INJ_COUNT","PERSON_COUNT","POLICE_AGCY","POSSIBLE_INJ_COUNT","RDWY_SURF_TYPE_CD","RELATION_TO_ROAD","ROADWAY_CLEARED","ROAD_CONDITION","SCH_BUS_IND","SCH_ZONE_IND","SECONDARY_CRASH","SMALL_TRUCK_COUNT","SPEC_JURIS_CD","SUSP_MINOR_INJ_COUNT","SUSP_SERIOUS_INJ_COUNT","SUV_COUNT","TCD_FUNC_CD","TCD_TYPE","TFC_DETOUR_IND","TIME_OF_DAY","TOTAL_UNITS","TOT_INJ_COUNT","UNBELTED_OCC_COUNT","UNB_DEATH_COUNT","UNB_SUSP_SERIOUS_INJ_COUNT","UNK_INJ_DEG_COUNT","UNK_INJ_PER_COUNT","URBAN_RURAL","VAN_COUNT","VEHICLE_COUNT","WEATHER1","WEATHER2","WORKERS_PRES","WORK_ZONE_IND","WORK_ZONE_LOC","WORK_ZONE_TYPE","WZ_CLOSE_DETOUR","WZ_FLAGGER","WZ_LAW_OFFCR_IND","WZ_LN_CLOSURE","WZ_MOVING","WZ_OTHER","WZ_SHLDER_MDN","WZ_WORKERS_INJ_KILLED"
"2009111998","","1","0","0","0","0","0","0","0","0","7","0","","02","11","2009","1","40.508641","-80.223076","","11","0","0","0","0","0","0","0","0","","0","0","0","","","0","","0","","40 30:31.107","","7","80 13:23.074","0","0","0","0","2213","0","0","0","N","0","0","0","2","02213","0","","5.0","","1","N","N","","0","","0","0","0","","0","","","1","0","0","0","0","0","0","2","0","1","","","","N","","","","","","","","","",""
"2009111999","","1","0","0","0","0","0","0","0","0","7","0","","02","11","2009","4","40.519375","-80.195069","","11","0","0","0","0","1","0","0","0","","0","0","0","","","0","","0","","40 31:09.750","","0","80 11:42.250","0","0","0","0","2213","0","0","0","N","0","0","0","1","02213","0","","4.0","","1","N","N","","0","","0","0","0","","0","","","1","0","0","0","0","0","0","2","0","1","","","","N","","","","","","","","","",""
"2009112055","","0","0","0","0","0","0","0","0","0","7","0","","02","10","2009","2","40.4342","-79.9948","","11","0","0","0","0","0","0","0","0","1","0","0","0","","","0","","0","","40 26:03.120","4","0","79 59:41.280","0","0","0","0","2301","0","0","0","N","0","0","0","2","68B03","0","","4.0","","1","N","N","","1","","0","0","0","","0","N","","1","0","1","0","0","0","0","2","0","1","","","","N","","","","","","","","","",""
"2009112056","","0","0","0","0","0","0","0","0","0","99","0","45","02","10","2009","7","40.4808","-80.1217","","11","0","0","0","0","0","1","0","0","","0","0","0","","","0","","0","","40 28:50.880","","0","80 07:18.120","0","0","0","0","2115","0","0","0","N","0","0","0","1","68B03","0","","1.0","","9","N","N","","1","","0","0","0","","0","","","1","0","0","0","0","0","0","2","0","1","","","N","Y","4","1","N","N","N","N","N","N","Y",""
"2009112057","","0","0","0","0","0","0","0","0","0","99","0","","02","11","2009","5","40.440221","-80.187882","","11","0","0","0","0","0","1","0","0","","0","0","0","","","0","","0","","40 26:24.794","","0","80 11:16.375","0","0","0","0","2214","0","0","0","N","0","0","0","1","68B03","0","","1.0","","9","N","N","","1","","0","0","0","","0","","","1","0","0","0","0","0","0","2","0","1","","","","N","","","","","","","","","",""
"2009112058","","0","0","0","0","0","0","0","0","0","99","0","","02","11","2009","5","40.446316","-80.110701","","11","0","0","0","0","0","0","0","0","","0","0","0","","","0","","0","","40 26:46.736","","0","80 06:38.522","0","0","0","0","2115","0","0","0","N","0","0","0","2","68B03","0","","1.0","","9","N","N","","0","","0","0","1","","0","","","1","0","0","0","0","0","0","2","0","1","","","","N","","","","","","","","","",""
"2009112116","","2","0","0","0","0","0","0","0","0","4","0","","02","11","2009","6","40.491481","-79.86589","","11","0","0","0","0","0","1","0","0","2","0","0","0","","","0","","1","","40 29:29.330","4","0","79 51:57.203","0","0","0","0","2112","0","0","0","N","0","0","0","3","02112","0","","1.0","","1","N","N","","0","","0","0","0","","2","N","","2","0","1","0","0","0","0","2","0","2","","","","N","","","","","","","","","",""
"2009112125","","1","0","0","0","0","0","0","0","0","1","0","","02","11","2009","6","40.673408","-80.098405","","11","0","0","0","0","0","1","0","0","","0","0","0","","","0","","1","","40 40:24.270","","0","80 05:54.259","0","0","0","0","2212","0","0","0","N","0","0","0","2","02505","0","","1.0","","1","N","N","","0","","0","0","1","","2","","","2","0","0","0","0","0","0","2","0","2","","","","N","","","","","","","","","",""
"2009112127","","1","0","0","0","0","0","0","0","0","7","0","","02","11","2009","6","40.307831","-79.891769","","11","0","0","0","0","0","0","0","0","","0","0","0","","","1","","0","","40 18:28.191","","0","79 53:30.368","4","0","0","0","2302","0","0","0","N","0","0","0","1","02302","1","","5.0","","1","N","N","","0","","0","0","0","","0","","","1","1","0","0","0","0","0","2","0","1","","","","N","","","","","","","","","",""
"2009112138","","3","0","0","0","0","0","0","0","0","2","0","","02","11","2009","6","40.481465","-79.806537","","11","0","0","0","0","0","2","0","0","2","0","0","0","","","2","","0","","40 28:53.273","7","0","79 48:23.534","3","0","0","0","2113","0","0","0","N","0","0","0","4","02113","1","","1.0","","1","N","N","","0","","1","0","0","","0","N","","3","2","0","0","0","0","0","2","0","3","","","","N","","","","","","","","","",""
"2009112145","","1","0","0","0","0","0","0","0","0","1","0","30","02","11","2009","2","40.631105","-79.961556","","11","0","1","0","0","0","0","0","0","","0","0","0","","","0","","2","","40 37:51.978","","0","79 57:41.601","0","0","0","0","2217","0","0","0","N","0","0","0","2","02505","0","","1.0","","1","N","N","","0","","0","0","1","","0","","","2","0","0","0","0","0","0","2","0","2","","","Y","Y","4","3","","","N","","","","Y",""
"2009112154","","1","0","0","0","0","0","0","0","0","7","0","","02","11","2009","6","40.460608","-79.947061","","11","0","1","0","0","0","0","0","0","","0","0","0","","","0","","1","","40 27:38.188","","0","79 56:49.419","0","0","0","0","2301","0","0","0","N","0","0","0","3","02301","0","","2.0","","1","N","N","","0","","0","0","0","","1","","","1","0","2","0","0","0","0","2","0","1","","","","N","","","","","","","","","",""
"2009112157","","1","0","0","0","0","0","0","0","0","1","0","","02","11","2009","6","40.414223","-80.009628","","11","0","0","0","0","0","0","0","0","","0","0","0","","","1","","3","","40 24:51.203","","1","80 00:34.662","4","0","0","0","2301","0","0","0","N","0","0","0","5","02301","1","","1.0","","1","N","N","","0","","0","0","1","","2","","","2","1","0","0","0","0","0","2","0","2","","","","N","","","","","","","","","",""
"2009112158","","1","0","0","0","0","0","0","0","0","7","0","","02","11","2009","7","40.480457","-79.835751","","11","0","0","0","0","0","0","0","0","","0","0","0","","","0","","0","","40 28:49.646","","0","79 50:08.702","0","0","0","0","2113","0","0","0","N","0","0","0","2","02113","0","","2.0","","1","N","N","","0","","0","0","0","","0","","","1","0","0","0","0","0","0","2","0","1","","","","N","","","","","","","","","",""
"2009112159","","0","0","0","0","0","0","0","0","0","7","0","","02","11","2009","7","40.458103","-79.995496","","11","0","0","0","0","0","0","0","0","","0","0","0","","","0","","1","","40 27:29.170","","0","79 59:43.785","0","0","0","0","2301","0","0","0","N","0","0","0","1","02301","0","","2.0","","1","N","N","","0","","0","0","1","","3","","","1","0","0","0","0","0","0","2","0","1","","","","N","","","","","","","","","",""
"2009112161","","1","0","0","0","0","0","0","0","0","7","0","","02","11","2009","7","40.496429","-80.057204","","11","1","0","0","0","0","0","0","0","","0","0","0","","","0","","1","","40 29:47.144","","0","80 03:25.934","0","0","0","0","2404","0","0","0","N","0","0","0","3","02404","0","","5.0","","1","N","N","","0","","0","0","0","","0","","","1","0","0","0","0","0","0","2","0","1","","","","N","","","","","","","","","",""
"2009112162","","0","0","0","0","0","0","0","0","0","7","0","","02","11","2009","7","40.487158","-79.757495","","11","0","0","0","0","0","0","0","0","1","0","0","0","","","1","","0","","40 29:13.768","1","0","79 45:26.982","3","0","0","0","2466","0","0","0","N","0","0","0","2","02466","0","","2.0","","1","N","N","","0","","1","0","0","","0","N","","1","1","1","0","0","0","1","2","1","1","","","","N","","","","","","","","","",""
"2009112163","","2","0","0","0","0","0","0","0","0","1","0","","02","10","2009","6","40.34837","-79.944808","","11","0","0","0","0","0","0","0","0","1","0","0","0","","","1","","2","","40 20:54.133","4","7","79 56:41.310","4","0","0","0","2473","0","0","0","N","0","0","0","6","02473","1","","1.0","","1","N","N","","0","","0","0","0","","2","Y","","2","1","2","0","0","0","0","2","0","2","","","","N","","","","","","","","","",""
"2009112164","","1","0","0","0","0","0","0","0","0","7","0","","02","11","2009","7","40.438021","-79.993205","","11","0","0","0","0","0","0","0","0","","0","0","0","","","0","","0","","40 26:16.875","","0","79 59:35.538","0","0","0","0","2301","0","0","0","N","0","0","0","1","02301","0","","5.0","","1","N","N","","0","","0","0","0","","1","","","1","0","0","0","0","0","0","2","0","1","","","","N","","","","","","","","","",""
"2009112165","","0","0","0","0","0","0","0","0","0","7","0","","02","11","2009","6","40.434263","-79.951523","","11","0","0","0","0","0","1","0","0","1","0","0","0","","","1","","0","","40 26:03.345","4","3","79 57:05.482","4","0","0","0","2301","0","0","0","N","0","0","0","1","02301","1","","2.0","","2","N","N","","1","","0","0","0","","0","N","","1","1","0","0","0","0","0","2","0","1","","","","N","","","","","","","","","",""
"2009112186","","2","0","0","0","0","0","0","0","0","1","0","","02","9","2009","5","40.438542","-80.011857","","11","0","0","1","0","0","0","0","1","","0","0","0","","","0","","0","","40 26:18.751","","3","80 00:42.684","0","0","0","0","2301","0","0","0","N","0","0","0","4","68B03","0","","1.0","","1","N","N","","0","","0","0","1","","0","","","3","0","0","0","0","0","0","2","0","3","","","","N","","","","","","","","","",""
"2009112187","","0","0","0","0","0","0","0","0","0","7","0","","02","11","2009","1","40.425009","-80.119503","","11","0","0","0","0","0","0","0","0","","0","0","0","","","1","","0","","40 25:30.033","","0","80 07:10.210","8","0","0","0","2102","0","0","0","Y","0","0","0","1","68B03","0","","2.0","","1","N","N","","1","","0","0","0","","0","","","1","1","0","0","0","1","0","2","0","1","","","","N","","","","","","","","","",""
"2009112188","","2","0","0","0","0","0","0","0","0","1","0","","02","11","2009","5","40.4384","-80.0058","","11","0","0","0","0","0","0","0","0","","0","0","0","","","0","","0","","40 26:18.240","","0","80 00:20.880","0","0","0","0","2301","0","0","0","N","0","0","0","3","68B03","0","","1.0","","9","N","N","","0","","0","0","1","","0","","","3","0","0","0","0","0","0","2","0","3","","","","N","","","","","","","","","",""
"2009112189","","1","0","0","0","0","0","0","0","0","1","0","","02","11","2009","5","40.4259","-79.8992","","11","0","0","0","1","0","0","0","0","1","0","0","0","","","0","","0","","40 25:33.240","3","0","79 53:57.120","0","0","0","0","2301","0","0","0","N","0","0","0","2","68B03","0","","1.0","","9","N","N","","0","","0","0","1","","0","N","","2","0","0","0","0","0","0","2","0","2","","","","N","","","","","","","","","",""
"2009112190","","0","0","0","0","0","0","0","0","0","7","0","","02","11","2009","6","40.494","-80.0116","","11","0","0","0","0","0","0","0","0","2","0","0","0","","","0","","0","","40 29:38.400","2","3","80 00:41.760","0","0","0","0","2301","0","0","0","N","0","0","0","1","68B03","0","","2.0","","2","N","N","","1","","0","0","0","","0","N","","1","0","0","0","0","0","0","2","0","1","","","","N","","","","","","","","","",""
"2009112191","","0","0","0","0","0","0","0","0","0","7","0","","02","11","2009","6","40.494","-80.0116","","11","0","0","0","0","0","0","0","0","2","0","0","0","","","0","","0","","40 29:38.400","2","3","80 00:41.760","0","0","0","0","2301","0","0","0","N","0","0","0","1","68B03","0","","2.0","","2","N","N","","1","","0","0","0","","0","N","","1","0","0","0","0","0","0","2","0","1","","","","N","","","","","","","","","",""
"2009112198","","1","0","0","0","0","0","0","0","0","99","0","","02","11","2009","3","40.4973","-79.9336","","11","0","0","0","0","0","0","0","0","2","0","0","0","","","0","","0","","40 29:50.280","2","0","79 56:00.960","0","0","0","0","2112","0","0","0","N","0","0","0","1","68D02","0","","1.0","","1","N","N","","0","","0","0","0","","0","N","","1","0","0","0","0","0","0","2","0","1","","","","N","","","","","","","","","",""
"2009112199","","3","0","0","0","0","0","0","0","0","99","0","","02","11","2009","3","40.4973","-79.9327","","11","0","0","0","0","0","0","0","0","2","0","0","0","","","0","","0","","40 29:50.280","2","0","79 55:57.720","0","0","0","0","2112","0","0","0","N","0","0","0","3","68D02","0","","2.0","","1","N","N","","0","","0","0","0","","0","N","","3","0","0","0","0","0","0","2","0","3","","","","N","","","","","","","","","",""
"2009112262","","1","0","0","0","0","0","0","0","0","4","1","","02","10","2009","5","40.502167","-80.102144","","11","0","0","0","0","0","1","0","0","1","0","1","0","","","0","","2","","40 30:07.801","4","0","80 06:07.718","0","0","0","0","2110","0","0","0","N","0","0","0","2","02215","0","","1.0","","1","N","N","","0","","0","0","0","","2","N","","2","0","0","0","0","0","0","2","0","2","","","","N","","","","","","","","","",""
"2009112265","","0","0","0","0","0","0","0","0","0","7","0","","02","11","2009","6","40.475113","-79.768034","","11","0","0","0","0","0","0","0","0","1","0","0","0","","","0","","2","","40 28:30.406","5","0","79 46:04.921","0","0","0","0","2466","0","0","0","N","0","0","0","1","02466","0","","5.0","","2","N","N","","0","","0","0","1","","0","N","","1","0","0","0","0","0","0","2","0","1","","05","","N","","","","","","","","","",""
"2009112266","","1","0","0","0","0","0","0","0","0","5","0","","02","11","2009","6","40.34837","-79.944808","","11","0","0","0","0","0","1","0","0","","0","0","0","","","0","","2","","40 20:54.133","","7","79 56:41.310","0","0","0","0","2473","0","0","0","N","0","0","0","2","02473","0","","1.0","","1","N","N","","0","","0","0","1","","2","","","2","0","0","0","0","0","0","2","0","2","","","","N","","","","","","","","","",""
"2009112267","","1","0","0","0","0","0","0","0","0","2","0","","02","11","2009","6","40.595523","-80.194299","","11","0","0","0","0","0","0","0","0","1","0","0","0","","","1","","0","","40 35:43.882","3","0","80 11:39.477","8","0","0","0","2480","0","0","0","N","0","0","0","2","02480","0","","1.0","","1","N","N","","1","","0","0","0","","0","N","","2","1","0","0","0","1","0","1","0","2","","","","N","","","","","","","","","",""
"2009112271","","1","0","0","0","0","0","0","0","0","7","0","","02","11","2009","6","40.528725","-79.770548","","11","0","0","0","0","0","0","0","0","","0","0","0","","","0","","0","","40 31:43.410","","0","79 46:13.972","0","0","0","0","2466","0","0","0","N","0","0","0","1","02466","0","","5.0","","1","N","N","","0","","0","0","0","","0","","","1","0","0","0","0","0","0","2","0","1","","","","N","","","","","","","","","",""
"2009112275","","1","0","0","0","0","0","0","0","0","1","0","25","02","10","2009","7","40.404901","-79.88159","","11","0","0","0","0","0","1","0","0","1","0","0","0","","","0","","0","","40 24:17.642","6","3","79 52:53.723","0","0","0","0","2475","0","0","0","N","0","0","0","2","02475","0","","1.0","","1","N","N","","1","","0","0","0","","0","Y","","2","0","0","0","0","0","0","2","0","2","","","N","Y","4","1","","","N","","","Y","",""
"2009112286","","1","0","0","0","0","0","0","0","0","4","0","","02","11","2009","7","40.352174","-80.050459","","11","0","0","0","0","0","0","0","1","2","0","0","0","","","0","","1","","40 21:07.828","1","0","80 03:01.654","0","0","0","0","2109","0","0","0","N","0","0","0","2","02109","0","","1.0","","1","N","N","","1","","0","0","0","","2","N","","2","0","0","0","0","0","0","2","0","2","","","","N","","","","","","","","","",""
"2009112288","","1","0","0","0","0","0","0","0","0","4","0","","02","10","2009","7","40.391763","-79.766134","","11","0","0","0","0","0","0","1","0","","0","0","0","","","0","","0","","40 23:30.345","","0","79 45:58.084","0","0","0","0","2446","0","0","0","N","0","0","0","2","02446","0","","1.0","","1","N","N","","0","","0","0","0","","0","","","2","0","0","0","0","0","0","2","1","2","","","","N","","","","","","","","","",""
"2009112294","","1","0","0","0","0","0","0","0","0","4","0","","02","11","2009","6","40.449156","-79.762252","","11","0","0","1","0","0","0","0","0","1","0","0","0","","","0","","1","","40 26:56.961","3","0","79 45:44.107","0","0","0","0","2446","0","0","0","N","0","0","0","2","02446","0","","1.0","","1","N","N","","1","","0","0","0","","0","Y","","2","0","0","0","0","0","0","2","0","2","","","","N","","","","","","","","","",""
"2009112298","","2","0","0","0","0","0","0","0","0","4","0","","02","10","2009","7","","","","11","0","0","1","0","0","0","0","0","","0","0","0","","","1","","0","","","","7","","4","0","0","0","2102","0","0","0","N","0","0","0","3","02102","1","","1.0","","9","N","N","","0","","0","0","0","","3","","","2","1","0","0","0","0","0","1","0","2","","","","N","","","","","","","","","",""
"2009112302","","2","0","0","0","0","0","0","0","0","1","0","","02","11","2009","7","40.609093","-79.947278","","11","0","0","1","0","0","0","0","0","","0","0","0","","","6","","0","","40 36:32.734","","0","79 56:50.201","8","0","0","0","2207","0","0","0","N","0","0","0","6","02207","0","","1.0","","1","N","N","","0","","0","0","0","","0","","","2","6","1","0","0","6","0","2","0","2","","","","N","","","","","","","","","",""
"2009112308","","1","0","0","0","0","0","0","0","0","7","0","","02","11","2009","7","40.427008","-80.125258","","11","0","0","0","0","0","0","0","0","","0","0","0","","","0","","0","","40 25:37.228","","0","80 07:30.928","9","0","0","0","2102","0","0","0","N","0","0","0","1","02102","0","","2.0","","1","N","N","","0","","0","0","0","","0","","","1","0","0","0","0","0","1","2","0","1","","","","N","","","","","","","","","",""
"2009112323","","2","0","0","0","0","0","0","0","0","4","0","","02","11","2009","6","40.467856","-80.209822","","11","0","0","0","0","0","2","0","0","2","0","0","0","","","1","","0","","40 28:04.280","2","0","80 12:35.360","8","0","0","0","2203","0","0","0","N","0","0","0","2","02203","0","","1.0","","2","N","N","","0","","0","0","0","","0","N","","2","1","0","0","0","1","0","2","0","2","","","","N","","","","","","","","","",""
"2009112386","","1","0","0","0","0","0","0","0","0","5","1","55","02","10","2009","4","40.633406","-79.988324","","11","0","0","0","0","0","0","0","0","","0","1","0","","","0","","0","","40 38:00.261","","0","79 59:17.968","0","0","0","0","2217","0","0","0","N","0","0","0","2","68T02","0","","1.0","","1","N","N","","0","","0","0","0","","0","","","2","0","0","0","0","0","0","1","0","2","","","N","Y","4","1","N","N","N","N","N","Y","N",""
"2009112387","","0","0","0","0","0","0","0","0","0","99","0","","02","11","2009","3","40.497668","-79.78454","","11","0","0","0","0","0","1","0","0","","0","0","0","","","1","","0","","40 29:51.605","","0","79 47:04.343","3","0","0","0","2466","0","0","0","N","0","0","0","1","68T02","0","","1.0","","1","N","N","","1","","1","0","0","","0","","","1","1","0","0","0","0","0","2","0","1","","","","N","","","","","","","","","",""
"2009112401","","1","0","0","0","0","0","0","0","0","7","0","","02","11","2009","7","40.299066","-79.828879","","11","0","0","0","1","0","0","0","0","2","0","0","0","","","0","","0","","40 17:56.636","1","0","79 49:43.963","0","0","0","0","2105","0","0","0","N","0","0","0","1","02105","0","","5.0","","1","N","N","","0","","0","0","0","","0","N","","1","0","1","0","0","0","0","2","0","1","","","","N","","","","","","","","","",""
"2009112409","","1","0","0","0","0","0","0","0","0","99","0","","02","11","2009","7","40.404702","-80.001955","","11","0","0","0","0","0","0","0","0","2","0","0","0","","","0","","0","","40 24:16.926","2","0","80 00:07.039","0","0","0","0","2301","0","0","0","N","0","0","0","7","02301","0","","1.0","","1","N","N","","0","","0","0","1","","0","N","","2","0","0","0","0","0","0","2","0","2","","","","N","","","","","","","","","",""
"2009112412","","0","0","0","0","0","0","0","0","0","7","0","","02","10","2009","6","40.405742","-79.804114","","11","0","0","0","0","0","1","0","0","2","0","0","0","","","1","","0","","40 24:20.670","6","0","79 48:14.810","4","0","0","0","2446","0","0","0","N","0","0","0","1","02446","1","","2.0","","1","N","N","","0","","0","0","1","","0","N","","1","1","0","0","0","0","0","2","0","1","","","","N","","","","","","","","","",""
"2009112420","","1","0","0","0","0","0","0","0","0","8","0","","02","11","2009","6","40.347581","-79.968397","","11","0","0","0","0","0","0","0","0","","0","0","0","","","1","","2","","40 20:51.291","","0","79 58:06.229","4","0","0","0","2403","1","0","0","N","1","0","0","2","02403","1","","1.0","","1","N","N","","0","","0","0","0","","0","","","2","1","0","0","0","0","1","2","0","1","","","","N","","","","","","","","","",""
"2009112423","","1","0","0","0","0","0","0","0","0","4","0","","02","11","2009","1","40.461897","-79.937608","","11","0","0","0","0","0","0","0","0","","0","0","0","","","0","","1","","40 27:42.829","","0","79 56:15.388","0","0","0","0","2301","0","0","0","N","0","0","0","5","02301","0","","1.0","","1","N","N","","0","","0","0","1","","1","","","2","0","1","0","0","0","0","2","0","2","","","","N","","","","","","","","","",""
"2009112430","","1","0","0","0","0","0","0","0","0","7","0","","02","11","2009","1","40.460584","-79.989281","","11","0","0","0","0","0","0","0","0","","0","0","0","","","0","","0","","40 27:38.102","","0","79 59:21.411","0","0","0","0","2301","0","0","0","N","0","0","0","1","02301","0","","2.0","","1","N","N","","0","","0","0","0","","0","","","1","0","0","0","0","0","0","2","0","1","","","","N","","","","","","","","","",""
"2009112433","","1","0","0","0","0","0","0","0","0","4","0","","02","11","2009","1","40.471023","-80.008598","","11","0","0","0","0","1","0","0","0","1","0","0","0","","","0","","1","","40 28:15.682","1","0","80 00:30.952","0","0","0","0","2301","0","0","0","N","0","0","0","2","02301","0","","1.0","","1","N","N","","0","","0","0","1","","1","N","","2","0","0","0","0","0","0","2","0","2","","","","N","","","","","","","","","",""
"2009112448","","1","0","0","0","0","0","0","0","0","1","0","","02","11","2009","5","40.554547","-80.085704","","11","0","0","0","0","0","0","0","0","","0","0","0","","","2","","0","","40 33:16.369","","0","80 05:08.536","4","0","0","0","2215","0","0","0","N","0","0","0","6","68B03","2","","1.0","","9","N","N","","0","","0","0","0","","0","","","2","2","3","0","0","0","0","2","1","2","","","","N","","","","","","","","","",""
"2009112449","","3","0","0","0","0","0","0","0","0","1","0","","02","11","2009","6","40.415603","-80.059996","","11","0","0","0","0","0","1","0","0","","0","0","0","","","1","","0","","40 24:56.170","","0","80 03:35.986","8","0","0","0","2435","0","0","0","N","0","0","0","6","68B03","0","","1.0","","1","N","N","","0","","0","0","0","","0","","","3","1","2","0","0","1","0","2","0","3","","","","N","","","","","","","","","",""
"2009112450","","1","0","0","0","0","0","0","0","0","99","0","","02","11","2009","6","40.482308","-80.276839","","11","0","0","0","0","0","1","0","0","","0","0","0","","","0","","0","","40 28:56.307","","0","80 16:36.621","0","0","0","0","2203","0","0","0","N","0","0","0","1","68B03","0","","1.0","","1","N","N","","0","","0","0","0","","0","","","1","0","0","0","0","0","0","1","0","1","","","","N","","","","","","","","","",""
"2009112451","","1","0","0","0","0","0","0","0","0","99","0","","02","11","2009","7","40.472249","-80.211156","","11","0","0","0","0","0","0","0","0","","0","0","0","","","0","","0","","40 28:20.098","","0","80 12:40.161","0","0","0","0","2213","0","0","0","N","0","0","0","4","68B03","0","","1.0","","1","N","N","","0","","0","0","0","","0","","","1","0","0","0","0","0","0","2","0","1","","","","N","","","","","","","","","",""
"2009112463","","1","0","0","0","0","0","0","0","0","0","0","45","02","11","2009","5","40.6103","-79.7607","","11","0","0","0","0","0","0","0","1","","0","0","0","","","0","","0","","40 36:37.080","","2","79 45:38.520","0","0","0","0","2464","0","0","0","N","0","0","0","2","68D02","0","","1.0","","1","N","N","","0","","0","0","0","","8","","","1","0","0","0","0","0","0","2","0","1","","","N","Y","4","2","Y","N","N","Y","N","N","N",""
"2009112471","","1","0","0","0","0","0","0","0","0","7","0","","02","11","2009","1","40.357861","-80.126158","","11","0","1","0","0","0","0","0","0","","0","0","0","","","0","","2","","40 21:28.301","","0","80 07:34.168","0","0","0","0","2119","0","0","0","N","0","0","0","1","02119","0","","2.0","","1","N","N","","0","","0","0","0","","0","","","1","0","0","0","0","0","0","2","0","1","","","","N","","","","","","","","","",""
"2009112473","","2","0","0","0","0","0","0","0","0","6","0","","02","11","2009","1","40.455015","-79.890311","","11","0","0","0","0","0","1","0","0","","0","0","0","","","1","","0","","40 27:18.053","","0","79 53:25.120","4","0","0","0","2301","0","0","0","N","0","0","0","3","02301","1","","1.0","","1","N","N","","0","","0","0","0","","0","","","2","1","2","0","0","0","0","2","0","2","","","","N","","","","","","","","","",""
"2009112474","","2","0","0","0","0","0","0","0","0","1","0","","02","11","2009","7","40.431881","-80.027249","","11","0","0","0","0","0","1","0","0","","0","0","0","","","0","","0","","40 25:54.771","","0","80 01:38.097","0","0","0","0","2301","0","0","0","N","0","0","0","3","02301","0","","1.0","","1","N","N","","0","","0","0","0","","4","","","2","0","0","0","0","0","0","2","0","2","","","","N","","","","","","","","","",""
"2009112481","","3","0","0","0","0","0","0","0","0","4","0","","02","11","2009","1","40.449686","-79.952272","","11","0","0","0","1","0","0","0","1","","0","0","0","","","0","","0","","40 26:58.870","","0","79 57:08.180","0","0","0","0","2301","0","0","0","N","0","0","0","3","02301","0","","1.0","","1","N","N","","0","","0","0","0","","0","","","4","0","0","0","0","0","0","2","1","4","","","","N","","","","","","","","","",""
"2009112504","","2","0","0","0","0","0","0","0","0","4","0","","02","11","2009","1","40.499994","-80.052489","","11","0","0","0","0","0","0","0","0","","0","0","0","","","1","","1","","40 29:59.978","","0","80 03:08.960","4","0","0","0","2404","0","0","0","N","0","0","0","5","02404","1","","1.0","","1","N","N","","0","","0","0","0","","3","","","2","1","0","0","0","0","0","2","0","2","","","","N","","","","","","","","","",""
"2009112505","","1","0","0","0","0","0","0","0","0","7","0","","02","11","2009","1","40.453496","-79.885731","","11","0","0","0","1","0","0","0","0","","0","0","0","","","1","","0","","40 27:12.584","","0","79 53:08.630","4","0","0","0","2301","0","0","0","N","0","0","0","2","02301","1","","2.0","","1","N","N","","0","","0","0","0","","0","","","1","1","2","0","0","0","1","2","0","1","","","","N","","","","","","","","","",""
"2009112512","","0","0","0","0","0","0","0","0","0","7","0","","02","11","2009","2","40.441997","-80.008961","","11","0","0","0","0","0","0","0","0","1","0","0","0","","","0","","7","","40 26:31.189","2","2","80 00:32.258","0","0","0","0","2301","0","0","0","N","0","0","0","2","68B03","0","","3.0","","1","N","N","","1","","0","0","0","","0","N","","1","0","0","0","0","0","0","2","0","1","","","","N","","","","","","","","","",""
"2009112513","","0","0","0","0","0","0","0","0","0","99","0","","02","11","2009","6","40.561848","-79.800399","","11","0","0","0","0","0","0","0","0","","0","0","0","","","0","","0","","40 33:42.654","","0","79 48:01.436","0","0","0","0","2206","0","0","0","N","0","0","0","2","68D02","0","","1.0","","1","N","N","","0","","0","0","1","","0","","","1","0","0","0","0","0","0","2","0","1","","","","N","","","","","","","","","",""