"CRN","ARRIVAL_TM","AUTOMOBILE_COUNT","BELTED_DEATH_COUNT","BELTED_SUSP_SERIOUS_INJ_COUNT","BICYCLE_COUNT","BICYCLE_DEATH_COUNT","BICYCLE_SUSP_SERIOUS_INJ_COUNT","BUS_COUNT","CHLDPAS_DEATH_COUNT","CHLDPAS_SUSP_SERIOUS_INJ_COUNT","COLLISION_TYPE","COMM_VEH_COUNT","CONS_ZONE_SPD_LIM","COUNTY","CRASH_MONTH","CRASH_YEAR","DAY_OF_WEEK","DEC_LATITUDE","DEC_LONGITUDE","DISPATCH_TM","DISTRICT","DRIVER_COUNT_16YR","DRIVER_COUNT_17YR","DRIVER_COUNT_18YR","DRIVER_COUNT_19YR","DRIVER_COUNT_20YR","DRIVER_COUNT_50_64YR","DRIVER_COUNT_65_74YR","DRIVER_COUNT_75PLUS","EST_HRS_CLOSED","FATAL_COUNT","HEAVY_TRUCK_COUNT","HORSE_BUGGY_COUNT","HOUR_OF_DAY","ILLUMINATION","INJURY_COUNT","INTERSECTION_RELATED","INTERSECT_TYPE","LANE_CLOSED","LATITUDE","LN_CLOSE_DIR","LOCATION_TYPE","LONGITUDE","MAX_SEVERITY_LEVEL","MCYCLE_DEATH_COUNT","MCYCLE_SUSP_SERIOUS_INJ_COUNT","MOTORCYCLE_COUNT","MUNICIPALITY","NONMOTR_COUNT","NONMOTR_DEATH_COUNT","NONMOTR_SUSP_SERIOUS_INJ_COUNT","NTFY_HIWY_MAINT","PED_COUNT","PED_DEATH_COUNT","PED_SUSP_SERIOUS_INJ_COUNT","PERSON_COUNT","POLICE_AGCY","POSSIBLE_INJ_COUNT","RDWY_SURF_TYPE_CD","RELATION_TO_ROAD","ROADWAY_CLEARED","ROAD_CONDITION","SCH_BUS_IND","SCH_ZONE_IND","SECONDARY_CRASH","SMALL_TRUCK_COUNT","SPEC_JURIS_CD","SUSP_MINOR_INJ_COUNT","SUSP_SERIOUS_INJ_COUNT","SUV_COUNT","TCD_FUNC_CD","TCD_TYPE","TFC_DETOUR_IND","TIME_OF_DAY","TOTAL_UNITS","TOT_INJ_COUNT","UNBELTED_OCC_COUNT","UNB_DEATH_COUNT","UNB_SUSP_SERIOUS_INJ_COUNT","UNK_INJ_DEG_COUNT","UNK_INJ_PER_COUNT","URBAN_RURAL","VAN_COUNT","VEHICLE_COUNT","WEATHER1","WEATHER2","WORKERS_PRES","WORK_ZONE_IND","WORK_ZONE_LOC","WORK_ZONE_TYPE","WZ_CLOSE_DETOUR","WZ_FLAGGER","WZ_LAW_OFFCR_IND","WZ_LN_CLOSURE","WZ_MOVING","WZ_OTHER","WZ_SHLDER_MDN","WZ_WORKERS_INJ_KILLED"
"2009112595","","1","0","0","0","0","0","0","0","0","2","0","","02","11","2009","7","40.387551","-79.96046","","11","0","0","0","0","0","0","0","0","","0","0","0","","","0","","0","","40 23:15.183","","0","79 57:37.656","0","0","0","0","2403","0","0","0","N","0","0","0","1","02403","0","","1.0","","1","N","N","","1","","0","0","0","","0","","","2","0","0","0","0","0","0","2","0","2","","","","N","","","","","","","","","",""
"2009112601","","1","0","0","0","0","0","0","0","0","2","0","","02","11","2009","1","40.387486","-79.919693","","11","0","0","0","0","0","0","0","0","4","0","0","0","","","5","","0","","40 23:14.949","5","0","79 55:10.894","2","0","0","0","2301","0","0","0","N","0","0","0","5","02301","0","","1.0","","1","N","N","","1","","0","2","0","","0","Y","","2","5","5","0","2","3","0","2","0","2","","","","N","","","","","","","","","",""
"2009112602","","2","0","0","0","0","0","0","0","0","4","0","","02","11","2009","1","40.387467","-79.883788","","11","1","0","0","0","0","0","0","0","2","0","0","0","","","2","","2","","40 23:14.881","5","0","79 53:01.636","3","0","0","0","2473","0","0","0","N","0","0","0","2","02473","0","","1.0","","1","N","N","","0","","2","0","1","","0","Y","","3","2","2","0","0","0","0","2","0","3","","","","N","","","","","","","","","",""
"2009112603","","1","0","0","0","0","0","0","0","0","7","0","","02","11","2009","7","40.356061","-79.899515","","11","0","0","0","0","0","0","0","0","","0","0","0","","","1","","3","","40 21:21.819","","0","79 53:58.253","8","0","0","0","2473","0","0","0","Y","0","0","0","1","02473","0","","4.0","","1","N","N","","0","","0","0","0","","2","","","1","1","1","0","0","1","0","2","0","1","","","","N","","","","","","","","","",""
"2009112604","","1","0","0","0","0","0","0","0","0","99","0","","02","11","2009","2","40.444084","-80.029436","","11","0","0","0","0","0","0","0","0","","0","0","0","","","0","","1","","40 26:38.704","","2","80 01:45.968","0","0","0","0","2301","0","0","0","N","0","0","0","1","02301","0","","1.0","","1","N","N","","0","","0","0","0","","0","","","1","0","0","0","0","0","0","2","0","1","","","","N","","","","","","","","","",""
"2009112608","","2","0","0","0","0","0","0","0","0","4","0","","02","11","2009","1","40.438283","-79.996078","","11","0","0","0","0","0","0","0","0","","0","0","0","","","0","","1","","40 26:17.818","","0","79 59:45.880","0","0","0","0","2301","0","0","0","N","0","0","0","2","02301","0","","1.0","","1","N","N","","0","","0","0","0","","2","","","2","0","0","0","0","0","0","2","0","2","","","","N","","","","","","","","","",""
"2009112614","","0","0","0","0","0","0","0","0","0","7","0","","02","11","2009","1","40.285411","-79.812803","","11","0","0","0","0","0","0","0","0","2","0","0","0","","","0","","0","","40 17:07.479","5","0","79 48:46.092","0","0","0","0","2105","0","0","0","N","0","0","0","0","02105","0","","5.0","","1","N","N","","1","","0","0","0","","0","N","","1","0","0","0","0","0","0","2","0","1","","","","N","","","","","","","","","",""
"2009112631","","0","0","0","0","0","0","0","0","0","7","0","","02","10","2009","1","40.499338","-80.120796","","11","0","0","0","0","0","0","0","0","","0","0","0","","","1","","0","","40 29:57.617","","0","80 07:14.866","4","0","0","0","2115","0","0","0","N","0","0","0","1","68B03","1","","5.0","","1","N","N","","0","","0","0","1","","0","","","1","1","0","0","0","0","0","2","0","1","","","","N","","","","","","","","","",""
"2009112632","","1","0","0","0","0","0","0","0","0","4","0","","02","11","2009","7","40.416536","-80.058021","","11","0","0","0","0","0","0","0","0","","0","0","0","","","0","","0","","40 24:59.531","","0","80 03:28.874","0","0","0","0","2435","0","0","0","N","0","0","0","2","68B03","0","","1.0","","1","N","N","","0","","0","0","1","","0","","","2","0","0","0","0","0","0","2","0","2","","","","N","","","","","","","","","",""
"2009112633","","0","0","0","0","0","0","0","0","0","7","0","","02","11","2009","1","40.4289","-79.9317","","11","0","0","0","1","0","0","0","0","","0","0","0","","","1","","7","","40 25:44.040","","2","79 55:54.120","3","0","0","1","2301","0","0","0","N","0","0","0","1","68B03","0","","4.0","","1","N","N","","0","","1","0","0","","0","","","1","1","0","0","0","0","0","2","0","1","","","","N","","","","","","","","","",""
"2009112727","","2","0","0","0","0","0","0","0","0","2","0","","02","11","2009","2","40.442831","-80.042428","","11","0","0","0","0","0","0","1","0","","0","0","0","","","0","","2","","40 26:34.191","","0","80 02:32.740","0","0","0","0","2301","0","0","0","N","0","0","0","2","02301","0","","1.0","","1","N","N","","0","","0","0","0","","2","","","2","0","0","0","0","0","0","2","0","2","","","","N","","","","","","","","","",""
"2009112732","","2","0","0","0","0","0","0","0","0","4","0","","02","11","2009","2","40.490759","-80.035613","","11","0","0","0","0","0","1","0","0","","0","0","0","","","1","","0","","40 29:26.732","","7","80 02:08.206","4","0","0","0","2301","0","0","0","N","0","0","0","2","02301","1","","1.0","","1","N","N","","0","","0","0","0","","4","","","2","1","0","0","0","0","0","2","0","2","","","","N","","","","","","","","","",""
"2009112747","","1","0","0","0","0","0","0","0","0","5","0","","02","10","2009","1","40.327523","-79.888466","","11","0","0","0","0","0","1","0","0","","0","0","0","","","0","","0","","40 19:39.082","","0","79 53:18.477","0","0","0","0","2433","0","0","0","N","0","0","0","1","02433","0","","1.0","","1","N","N","","0","","0","0","0","","0","","","2","0","0","0","0","0","0","2","0","2","","","","N","","","","","","","","","",""
"2009112759","","2","0","0","0","0","0","0","0","0","4","0","","02","11","2009","2","40.453945","-79.979862","","11","0","0","0","0","0","1","0","0","","0","0","0","","","0","","2","","40 27:14.202","","0","79 58:47.503","0","0","0","0","2301","0","0","0","N","0","0","0","3","02301","0","","1.0","","1","N","N","","0","","0","0","0","","3","","","2","0","0","0","0","0","0","2","0","2","","","","N","","","","","","","","","",""
"2009112763","","1","0","0","0","0","0","0","0","0","1","1","","02","11","2009","2","40.472323","-79.928353","","11","0","0","0","0","0","1","0","0","","0","0","0","","","1","","1","","40 28:20.362","","0","79 55:42.070","8","0","0","0","2301","0","0","0","N","0","0","0","3","02301","0","","1.0","","1","N","N","","1","","0","0","0","","0","","","2","1","1","0","0","1","0","2","0","2","","","","N","","","","","","","","","",""
"2009112765","","2","0","0","0","0","0","0","0","0","1","0","","02","11","2009","6","40.387934","-79.996376","","11","0","0","0","0","0","2","0","0","","0","0","0","","","1","","2","","40 23:16.562","","0","79 59:46.954","4","0","0","0","2301","0","0","0","N","0","0","0","3","02301","1","","1.0","","1","N","N","","1","","0","0","0","","2","","","3","1","0","0","0","0","1","2","0","3","","","","N","","","","","","","","","",""
"2009112771","","1","0","0","0","0","0","0","0","0","4","1","","02","11","2009","2","40.428773","-79.985344","","11","0","0","0","0","0","0","0","0","2","0","1","0","","","2","","1","","40 25:43.581","3","0","79 59:07.240","8","0","0","0","2301","0","0","0","N","0","0","0","2","02301","0","","1.0","","1","N","N","","1","","0","0","0","","3","Y","","3","2","0","0","0","2","0","2","0","3","","","","N","","","","","","","","","",""
"2009112772","","2","0","0","0","0","0","0","0","0","4","0","","02","11","2009","1","40.590274","-79.94859","","11","0","0","0","0","0","1","0","0","","0","0","0","","","1","","0","","40 35:24.988","","0","79 56:54.923","8","0","0","0","2217","0","0","0","N","0","0","0","4","02207","0","","1.0","","1","N","N","","0","","0","0","0","","2","","","2","1","0","0","0","1","0","2","0","2","","","","N","","","","","","","","","",""
"2009112773","","1","0","0","0","0","0","0","0","0","1","0","","02","11","2009","2","40.458977","-79.823253","","11","0","0","0","1","0","1","0","0","2","0","0","0","","","0","","1","","40 27:32.318","1","0","79 49:23.709","0","0","0","0","2113","0","0","0","N","0","0","0","4","02113","0","","1.0","","1","N","N","","1","","0","0","0","","0","Y","","4","0","0","0","0","0","0","2","2","4","","","","N","","","","","","","","","",""
"2009112775","","1","0","0","0","0","0","0","0","0","2","0","","02","11","2009","2","40.517089","-79.726591","","11","0","0","0","0","0","1","0","0","","0","0","0","","","0","","2","","40 31:01.521","","0","79 43:35.729","0","0","0","0","2466","0","0","0","N","0","0","0","2","02466","0","","1.0","","1","N","N","","1","","0","0","0","","3","","","2","0","0","0","0","0","0","1","0","2","","","","N","","","","","","","","","",""
"2009112799","","2","0","0","0","0","0","0","0","0","7","0","","02","11","2009","7","40.469524","-79.866699","","11","0","0","0","0","0","0","0","0","","0","0","0","","","0","","0","","40 28:10.286","","0","79 52:00.116","0","0","0","0","2113","0","0","0","N","0","0","0","2","02113","0","","5.0","","1","N","N","","0","","0","0","0","","0","","","2","0","0","0","0","0","0","2","0","2","","","","N","","","","","","","","","",""
"2009112805","","3","0","0","0","0","0","0","0","0","4","0","","02","11","2009","1","40.411014","-80.005933","","11","0","0","0","0","0","0","0","0","2","0","0","0","","","0","","2","","40 24:39.651","1","0","80 00:21.360","9","0","0","0","2301","0","0","0","N","0","0","0","3","02301","0","","1.0","","1","N","N","","0","","0","0","0","","2","N","","3","0","0","0","0","0","1","2","0","3","","","","N","","","","","","","","","",""
"2009112823","","3","0","0","0","0","0","0","0","0","1","0","","02","11","2009","1","40.452833","-79.995957","","11","0","0","0","0","0","0","0","0","1","0","0","0","","","1","","7","","40 27:10.200","1","2","79 59:45.445","3","0","0","0","2301","0","0","0","N","0","0","0","4","02445","0","","1.0","","1","N","N","","0","","1","0","0","","0","N","","3","1","0","0","0","0","1","2","0","3","","","","N","","","","","","","","","",""
"2009112824","","2","0","0","0","0","0","0","0","0","1","0","","02","11","2009","4","40.538579","-80.023583","","11","0","0","0","0","0","1","0","0","1","0","0","0","","","0","","0","","40 32:18.883","1","0","80 01:24.899","0","0","0","0","2116","0","0","0","N","0","0","0","2","02116","0","","1.0","","1","N","N","","0","","0","0","0","","0","N","","2","0","0","0","0","0","0","2","0","2","","","","N","","","","","","","","","",""
"2009112827","","2","0","0","0","0","0","0","0","0","1","0","","02","11","2009","5","40.5045","-80.1434","","11","0","0","0","0","1","1","0","0","1","0","0","0","","","2","","2","","40 30:16.200","5","0","80 08:36.240","8","0","0","0","2115","0","0","0","Y","0","0","0","2","02115","0","","1.0","","1","N","N","","0","","0","0","0","","0","N","","2","2","1","0","0","2","0","2","0","2","","","","N","","","","","","","","","",""
"2009112828","","1","0","0","0","0","0","0","0","0","7","0","","02","11","2009","7","40.354758","-80.074271","","11","0","0","0","0","0","0","0","0","","0","0","0","","","1","","0","","40 21:17.130","","0","80 04:27.375","4","0","0","0","2414","0","0","0","N","0","0","0","1","02414","1","","5.0","","1","N","N","","0","","0","0","0","","0","","","1","1","0","0","0","0","0","2","0","1","","","","N","","","","","","","","","",""
"2009112875","","2","0","0","0","0","0","0","0","0","1","0","","02","11","2009","3","40.427252","-79.92057","","11","0","0","0","0","1","0","0","0","","0","0","0","","","1","","0","","40 25:38.108","","0","79 55:14.052","4","0","0","0","2301","0","0","0","N","0","0","0","2","68B03","1","","1.0","","1","N","N","","0","","0","0","0","","0","","","2","1","0","0","0","0","0","2","0","2","","","","N","","","","","","","","","",""
"2009112876","","1","0","0","0","0","0","0","0","0","99","0","","02","11","2009","7","40.436693","-80.209912","","11","0","0","0","0","0","1","0","0","","0","0","0","","","0","","0","","40 26:12.095","","0","80 12:35.683","0","0","0","0","2214","0","0","0","N","0","0","0","1","68B03","0","","1.0","","1","N","N","","0","","0","0","0","","0","","","1","0","0","0","0","0","0","1","0","1","","","","N","","","","","","","","","",""
"2009112965","","3","0","0","0","0","0","0","0","0","7","0","","02","11","2009","2","40.357006","-80.003409","","11","0","0","0","0","0","1","0","0","","0","0","0","","","1","","0","","40 21:25.221","","0","80 00:12.272","8","0","0","0","2476","0","0","0","N","0","0","0","2","02476","0","","5.0","","1","N","N","","0","","0","0","0","","0","","","3","1","0","0","0","1","0","2","0","3","","","","N","","","","","","","","","",""
"2009112970","","2","0","0","0","0","0","0","0","0","4","0","","02","11","2009","2","40.264615","-79.878739","","11","0","1","0","0","1","0","0","0","1","0","0","0","","","1","","1","","40 15:52.615","3","0","79 52:43.460","4","0","0","0","2105","0","0","0","N","0","0","0","4","02105","1","","1.0","","1","N","N","","0","","0","0","0","","2","Y","","2","1","0","0","0","0","0","1","0","2","","","","N","","","","","","","","","",""
"2009112973","","2","0","0","0","0","0","0","0","0","6","0","","02","11","2009","2","40.46212","-79.940382","","11","0","1","0","0","0","0","0","0","2","0","0","0","","","1","","1","","40 27:43.632","4","0","79 56:25.375","8","0","0","0","2301","0","0","0","N","0","0","0","4","02301","0","","1.0","","1","N","N","","0","","0","0","0","","3","Y","","2","1","0","0","0","1","0","2","0","2","","","","N","","","","","","","","","",""
"2009112986","","0","0","0","0","0","0","0","0","0","6","1","","02","10","2009","5","40.317831","-79.898722","","11","0","0","0","0","0","1","0","0","","0","1","0","","","1","","0","","40 19:04.193","","1","79 53:55.400","4","0","0","0","2302","0","0","0","N","0","0","0","2","02302","1","","1.0","","9","N","N","","1","","0","0","0","","0","","","2","1","0","0","0","0","0","2","0","2","","","","N","","","","","","","","","",""
"2009112995","","1","0","0","0","0","0","0","0","0","99","0","","02","11","2009","4","40.515403","-80.119084","","11","0","0","0","0","0","1","0","0","1","0","0","0","","","0","","0","","40 30:55.451","1","0","80 07:08.703","0","0","0","0","2211","0","0","0","N","0","0","0","1","02215","0","","1.0","","1","N","N","","0","","0","0","0","","0","Y","","1","0","0","0","0","0","0","2","0","1","","","","N","","","","","","","","","",""
"2009112998","","2","0","0","0","0","0","0","0","0","3","0","","02","11","2009","2","40.457604","-79.998007","","11","0","0","0","0","0","0","0","0","","0","0","0","","","0","","2","","40 27:27.376","","0","79 59:52.825","0","0","0","0","2301","0","0","0","N","0","0","0","4","02301","0","","1.0","","1","N","N","","0","","0","0","0","","0","","","2","0","0","0","0","0","0","2","0","2","","","","N","","","","","","","","","",""
"2009113004","","1","0","0","0","0","0","0","0","0","4","0","","02","11","2009","7","40.448413","-79.934205","","11","0","0","0","0","0","0","0","0","","0","0","0","","","0","","2","","40 26:54.286","","0","79 56:03.138","0","0","0","0","2301","0","0","0","N","0","0","0","2","02301","0","","1.0","","1","N","N","","0","","0","0","1","","1","","","2","0","0","0","0","0","0","2","0","2","","","","N","","","","","","","","","",""
"2009113005","","0","0","0","0","0","0","0","0","0","7","0","","02","11","2009","3","40.450145","-79.973852","","11","0","0","0","0","0","0","0","0","2","0","0","0","","","0","","2","","40 27:00.522","5","0","79 58:25.867","0","0","0","0","2301","0","0","0","N","0","0","0","1","02301","0","","5.0","","1","N","N","","0","","0","0","0","","0","Y","","1","0","0","0","0","0","0","2","1","1","","","","N","","","","","","","","","",""
"2009113008","","2","0","0","0","0","0","0","0","0","1","0","","02","11","2009","3","40.447898","-80.026172","","11","0","0","0","0","0","0","0","0","3","0","0","0","","","1","","6","","40 26:52.431","7","8","80 01:34.219","3","0","0","0","2301","0","0","0","N","0","0","0","2","02301","0","","1.0","","1","N","N","","0","","1","0","0","","2","Y","","2","1","0","0","0","0","0","2","0","2","","","","N","","","","","","","","","",""
"2009113009","","0","0","0","0","0","0","0","0","0","99","0","","02","11","2009","2","40.237989","-79.85783","","11","0","0","0","0","0","0","0","0","2","0","0","0","","","0","","0","","40 14:16.761","5","7","79 51:28.189","0","0","0","0","2105","0","0","0","N","0","0","0","1","02105","0","","1.0","","9","N","N","","0","","0","0","1","","0","N","","1","0","0","0","0","0","0","1","0","1","","","","N","","","","","","","","","",""
"2009113097","","1","0","0","0","0","0","0","0","0","1","0","","02","11","2009","2","40.448","-80.0085","","11","0","0","0","0","0","0","0","0","","0","0","0","","","0","","6","","40 26:52.800","","2","80 00:30.600","0","0","0","0","2301","0","0","0","N","0","0","0","2","68B03","0","","1.0","","1","N","N","","0","","0","0","1","","4","","","2","0","0","0","0","0","0","2","0","2","","","","N","","","","","","","","","",""
"2009113098","","1","0","0","0","0","0","0","0","0","4","0","","02","11","2009","6","40.398815","-80.105002","","11","0","0","0","0","0","0","0","0","1","0","0","0","","","1","","0","","40 23:55.733","1","0","80 06:18.006","4","0","0","0","2102","0","0","0","N","0","0","0","2","68B03","1","","1.0","","2","N","N","","0","","0","0","1","","0","N","","2","1","1","0","0","0","0","2","0","2","","","","N","","","","","","","","","",""
"2009113099","","1","0","0","0","0","0","0","0","0","1","0","","02","11","2009","1","40.6258","-80.0966","","11","0","0","0","0","0","1","0","0","","0","0","0","","","0","","0","","40 37:32.880","","0","80 05:47.760","0","0","0","0","2212","0","0","0","N","0","0","0","4","68B03","0","","1.0","","1","N","N","","0","","0","0","1","","0","","","2","0","0","0","0","0","0","2","0","2","","","","N","","","","","","","","","",""
"2009113213","","3","0","1","0","0","0","0","0","0","1","0","","02","11","2009","3","","","","11","0","0","0","0","0","0","0","2","","0","0","0","","","2","","0","","","","0","","2","0","0","0","2446","0","0","0","","0","0","0","2","02446","0","","6.0","","1","N","","","0","","1","1","0","","0","","","3","2","0","0","0","0","0","1","0","3","","","","N","","","","","","","","","",""
"2009113214","","2","0","0","0","0","0","0","0","0","4","0","","02","11","2009","2","40.45289","-79.920715","","11","0","0","0","0","0","1","0","0","","0","0","0","","","0","","1","","40 27:10.404","","0","79 55:14.574","0","0","0","0","2301","0","0","0","N","0","0","0","2","02301","0","","1.0","","1","N","N","","0","","0","0","0","","2","","","2","0","0","0","0","0","0","2","0","2","","","","N","","","","","","","","","",""
"2009113226","","1","0","0","0","0","0","0","0","0","1","0","","02","11","2009","3","40.356967","-80.120356","","11","0","0","0","0","0","1","0","0","1","0","0","0","","","1","","1","","40 21:25.081","3","0","80 07:13.280","8","0","0","0","2119","0","0","0","N","0","0","0","3","02119","0","","1.0","","1","N","N","","0","","0","0","2","","2","N","","3","1","0","0","0","1","0","2","0","3","","","","N","","","","","","","","","",""
"2009113227","","1","0","0","0","0","0","0","0","0","1","0","","02","11","2009","3","40.443375","-79.785714","","11","0","0","0","0","0","0","0","0","1","0","0","0","","","1","","0","","40 26:36.150","6","0","79 47:08.570","8","0","0","0","2446","0","0","0","N","0","0","0","3","02446","0","","1.0","","1","N","N","","1","","0","0","0","","0","N","","3","1","0","0","0","1","0","2","1","3","","","","N","","","","","","","","","",""
"2009113241","","1","0","0","0","0","0","0","0","0","4","0","","02","11","2009","3","40.417468","-79.972909","","11","0","0","0","0","0","1","0","0","","0","0","0","","","1","","1","","40 25:02.884","","0","79 58:22.472","8","0","0","0","2301","0","0","0","N","0","0","0","2","02301","0","","1.0","","1","N","N","","0","","0","0","1","","3","","","2","1","0","0","0","1","0","2","0","2","","","","N","","","","","","","","","",""
"2009113242","","1","0","0","0","0","0","0","0","0","4","0","","02","11","2009","2","40.366002","-79.949448","","11","0","0","0","0","0","0","0","0","","0","0","0","","","0","","2","","40 21:57.607","","0","79 56:58.013","0","0","0","0","2403","0","0","0","N","0","0","0","3","02403","0","","1.0","","1","N","N","","0","","0","0","1","","0","","","2","0","0","0","0","0","0","2","0","2","","","","N","","","","","","","","","",""
"2009113246","","1","0","0","0","0","0","1","0","0","5","1","","02","11","2009","3","40.446961","-79.948995","","11","0","0","0","0","0","0","0","0","","0","0","0","","","0","","1","","40 26:49.059","","0","79 56:56.382","0","0","0","0","2301","0","0","0","N","0","0","0","5","02503","0","","1.0","","1","N","N","","0","","0","0","0","","2","","","2","0","0","0","0","0","0","2","0","2","","","","N","","","","","","","","","",""
"2009113247","","2","0","0","0","0","0","0","0","0","4","0","","02","11","2009","3","40.537522","-80.011307","","11","0","0","0","0","0","1","0","0","2","0","0","0","","","0","","2","","40 32:15.080","2","7","80 00:40.705","0","0","0","0","2116","0","0","0","N","0","0","0","2","02116","0","","1.0","","1","N","N","","0","","0","0","0","","2","N","","2","0","0","0","0","0","0","2","0","2","","","","N","","","","","","","","","",""
"2009113251","","1","0","0","0","0","0","0","0","0","7","0","","02","11","2009","2","40.40086","-79.918287","","11","0","0","0","0","0","0","0","0","","0","0","0","","","2","","0","","40 24:03.095","","0","79 55:05.832","4","0","0","0","2472","0","0","0","N","0","0","0","2","02501","2","","5.0","","1","N","N","","0","","0","0","0","","0","","","1","2","1","0","0","0","0","2","0","1","","","","N","","","","","","","","","",""
"2009113262","","1","0","0","0","0","0","0","0","0","7","0","","02","11","2009","3","40.441558","-79.992392","","11","0","0","0","0","0","0","0","0","","0","0","0","","","0","","2","","40 26:29.607","","0","79 59:32.610","0","0","0","0","2301","0","0","0","N","0","0","0","1","02301","0","","1.0","","1","N","N","","0","","0","0","0","","0","","","1","0","0","0","0","0","0","2","0","1","","","","N","","","","","","","","","",""
"2009113269","","0","0","0","0","0","0","0","0","0","1","0","","02","11","2009","3","40.431144","-79.959222","","11","0","0","0","0","0","0","0","0","1","0","0","0","","","0","","1","","40 25:52.118","4","0","79 57:33.198","0","0","0","0","2301","0","0","0","N","0","0","0","2","02301","0","","1.0","","1","N","N","","1","","0","0","0","","2","N","","2","0","0","0","0","0","0","2","1","2","","","","N","","","","","","","","","",""
"2009113272","","1","0","0","0","0","0","0","0","0","1","0","","02","11","2009","7","40.416936","-80.014558","","11","0","0","0","0","0","1","0","0","1","0","0","0","","","0","","2","","40 25:00.970","2","0","80 00:52.409","0","0","0","0","2301","0","0","0","N","0","0","0","5","02301","0","","1.0","","1","N","N","","0","","0","0","0","","2","N","","2","0","1","0","0","0","0","2","1","2","","","","N","","","","","","","","","",""
"2009113274","","2","0","0","0","0","0","0","0","0","4","0","","02","10","2009","4","","","","11","1","0","0","0","0","0","1","0","","0","0","0","","","1","","0","","","","0","","4","0","0","0","2446","0","0","0","N","0","0","0","3","02446","1","","6.0","","1","N","N","","0","","0","0","0","","0","","","2","1","0","0","0","0","0","1","0","2","","","","N","","","","","","","","","",""
"2009113277","","2","0","0","0","0","0","0","0","0","1","0","","02","11","2009","1","40.483074","-80.107248","","11","0","0","0","0","0","1","0","0","3","0","0","0","","","2","","2","","40 28:59.068","2","0","80 06:26.091","4","0","0","0","2126","0","0","0","N","0","0","0","5","02126","2","","1.0","","1","N","N","","0","","0","0","0","","0","Y","","2","2","0","0","0","0","0","2","0","2","","","","N","","","","","","","","","",""
"2009113278","","2","0","0","0","0","0","0","0","0","5","0","","02","11","2009","6","40.440286","-79.99322","","11","0","0","0","0","0","1","0","0","","0","0","0","","","0","","6","","40 26:25.031","","2","79 59:35.593","0","0","0","0","2301","0","0","0","N","0","0","0","3","02301","0","","1.0","","1","N","N","","0","","0","0","0","","0","","","2","0","0","0","0","0","0","2","0","2","","","","N","","","","","","","","","",""
"2009113279","","0","0","0","0","0","0","0","0","0","7","0","","02","11","2009","6","40.33521","-80.183291","","11","0","0","0","0","0","0","0","0","2","0","0","0","","","0","","0","","40 20:06.755","2","0","80 10:59.849","0","0","0","0","2119","0","0","0","N","0","0","0","1","02119","0","","5.0","","1","N","N","","0","","0","0","1","","0","N","","1","0","0","0","0","0","0","1","0","1","","","","N","","","","","","","","","",""
"2009113282","","1","0","0","0","0","0","0","0","0","2","0","","02","11","2009","1","","","","11","0","0","0","0","0","0","1","0","","0","0","0","","","1","","2","","","","0","","4","0","0","0","2446","0","0","0","N","0","0","0","2","02446","1","","1.0","","1","N","N","","0","","0","0","1","","3","","","2","1","1","0","0","0","0","1","0","2","","","","N","","","","","","","","","",""
"2009113286","","0","0","0","0","0","0","0","0","0","7","0","","02","11","2009","6","40.529718","-79.972851","","11","0","0","0","0","0","0","0","0","2","0","0","0","","","2","","0","","40 31:46.984","6","0","79 58:22.263","8","0","0","0","2118","0","0","0","N","0","0","0","2","02118","0","","2.0","","1","N","N","","0","","0","0","0","","0","Y","","1","2","0","0","0","2","0","2","1","1","","","","N","","","","","","","","","",""
"2009113287","","1","0","0","0","0","0","0","0","0","4","0","","02","11","2009","3","40.411429","-79.98999","","11","0","0","0","0","0","1","0","0","","0","0","0","","","0","","2","","40 24:41.144","","0","79 59:23.964","0","0","0","0","2301","0","0","0","N","0","0","0","2","02301","0","","1.0","","1","N","N","","0","","0","0","1","","0","","","2","0","0","0","0","0","0","2","0","2","","","","N","","","","","","","","","",""
"2009113295","","1","0","0","0","0","0","0","0","0","8","0","","02","11","2009","3","40.448933","-80.000739","","11","0","0","0","0","0","0","0","0","","0","0","0","","","1","","1","","40 26:56.157","","0","80 00:02.660","8","0","0","0","2301","1","0","0","N","1","0","0","4","02301","0","","1.0","","1","N","N","","0","","0","0","0","","2","","","2","1","0","0","0","1","0","2","0","1","","","","N","","","","","","","","","",""
"2009113301","","1","0","0","0","0","0","0","0","0","6","0","","02","11","2009","3","40.457925","-79.898546","","11","0","0","0","0","1","0","0","0","","0","0","0","","","0","","1","","40 27:28.530","","0","79 53:54.765","9","0","0","0","2301","0","0","0","N","0","0","0","2","02301","0","","1.0","","1","N","N","","1","","0","0","0","","2","","","2","0","0","0","0","0","1","2","0","2","","","","N","","","","","","","","","",""
"2009113305","","2","0","0","0","0","0","0","0","0","1","0","","02","10","2009","7","40.438004","-80.148768","","11","0","0","0","0","0","0","0","0","","0","0","0","","","1","","1","","40 26:16.815","","2","80 08:55.566","4","0","0","0","2115","0","0","0","N","0","0","0","4","02115","1","","1.0","","9","N","N","","0","","0","0","0","","2","","","2","1","0","0","0","0","0","2","0","2","","","","N","","","","","","","","","",""