"CRN","ARRIVAL_TM","AUTOMOBILE_COUNT","BELTED_DEATH_COUNT","BELTED_SUSP_SERIOUS_INJ_COUNT","BICYCLE_COUNT","BICYCLE_DEATH_COUNT","BICYCLE_SUSP_SERIOUS_INJ_COUNT","BUS_COUNT","CHLDPAS_DEATH_COUNT","CHLDPAS_SUSP_SERIOUS_INJ_COUNT","COLLISION_TYPE","COMM_VEH_COUNT","CONS_ZONE_SPD_LIM","COUNTY","CRASH_MONTH","CRASH_YEAR","DAY_OF_WEEK","DEC_LATITUDE","DEC_LONGITUDE","DISPATCH_TM","DISTRICT","DRIVER_COUNT_16YR","DRIVER_COUNT_17YR","DRIVER_COUNT_18YR","DRIVER_COUNT_19YR","DRIVER_COUNT_20YR","DRIVER_COUNT_50_64YR","DRIVER_COUNT_65_74YR","DRIVER_COUNT_75PLUS","EST_HRS_CLOSED","FATAL_COUNT","HEAVY_TRUCK_COUNT","HORSE_BUGGY_COUNT","HOUR_OF_DAY","ILLUMINATION","INJURY_COUNT","INTERSECTION_RELATED","INTERSECT_TYPE","LANE_CLOSED","LATITUDE","LN_CLOSE_DIR","LOCATION_TYPE","LONGITUDE","MAX_SEVERITY_LEVEL","MCYCLE_DEATH_COUNT","MCYCLE_SUSP_SERIOUS_INJ_COUNT","MOTORCYCLE_COUNT","MUNICIPALITY","NONMOTR_COUNT","NONMOTR_DEATH_COUNT","NONMOTR_SUSP_SERIOUS_INJ_COUNT","NTFY_HIWY_MAINT","PED_COUNT","PED_DEATH_COUNT","PED_SUSP_SERIOUS_INJ_COUNT","PERSON_COUNT","POLICE_AGCY","POSSIBLE_INJ_COUNT","RDWY_SURF_TYPE_CD","RELATION_TO_ROAD","ROADWAY_CLEARED","ROAD_CONDITION","SCH_BUS_IND","SCH_ZONE_IND","SECONDARY_CRASH","SMALL_TRUCK_COUNT","SPEC_JURIS_CD","SUSP_MINOR_INJ_COUNT","SUSP_SERIOUS_INJ_COUNT","SUV_COUNT","TCD_FUNC_CD","TCD_TYPE","TFC_DETOUR_IND","TIME_OF_DAY","TOTAL_UNITS","TOT_INJ_COUNT","UNBELTED_OCC_COUNT","UNB_DEATH_COUNT","UNB_SUSP_SERIOUS_INJ_COUNT","UNK_INJ_DEG_COUNT","UNK_INJ_PER_COUNT","URBAN_RURAL","VAN_COUNT","VEHICLE_COUNT","WEATHER1","WEATHER2","WORKERS_PRES","WORK_ZONE_IND","WORK_ZONE_LOC","WORK_ZONE_TYPE","WZ_CLOSE_DETOUR","WZ_FLAGGER","WZ_LAW_OFFCR_IND","WZ_LN_CLOSURE","WZ_MOVING","WZ_OTHER","WZ_SHLDER_MDN","WZ_WORKERS_INJ_KILLED"
"2009113306","","0","0","0","0","0","0","0","0","0","4","0","","02","10","2009","3","40.525276","-80.25629","","11","0","0","0","0","0","2","0","0","1","0","0","0","","","0","","0","","40 31:30.992","2","0","80 15:22.644","0","0","0","0","2213","0","0","0","N","0","0","0","2","02213","0","","1.0","","1","N","N","","1","","0","0","0","","0","Y","","2","0","0","0","0","0","0","2","1","2","","","","N","","","","","","","","","",""
"2009113307","","2","0","0","0","0","0","0","0","0","1","0","","02","11","2009","6","","","","11","0","0","0","0","0","1","0","0","","0","0","0","","","1","","0","","","","0","","4","0","0","0","2407","0","0","0","N","0","0","0","3","02407","1","","1.0","","1","N","N","","0","","0","0","0","","0","","","2","1","0","0","0","0","0","1","0","2","","","","N","","","","","","","","","",""
"2009113308","","1","0","0","0","0","0","0","0","0","4","0","","02","11","2009","6","40.3222","-80.0567","","11","0","0","1","1","0","0","0","0","","0","0","0","","","1","","1","","40 19:19.920","","0","80 03:24.120","4","0","0","0","2407","0","0","0","N","0","0","0","2","02407","1","","1.0","","1","N","N","","0","","0","0","1","","3","","","2","1","1","0","0","0","0","2","0","2","","","","N","","","","","","","","","",""
"2009113371","","2","0","0","0","0","0","0","0","0","5","0","","02","11","2009","2","40.419629","-80.091016","","11","0","0","0","0","0","0","0","0","","0","0","0","","","0","","0","","40 25:10.665","","0","80 05:27.657","0","0","0","0","2457","0","0","0","N","0","0","0","3","68B03","0","","1.0","","1","N","N","","0","","0","0","0","","0","","","2","0","0","0","0","0","0","2","0","2","","","","N","","","","","","","","","",""
"2009113372","","0","0","0","0","0","0","0","0","0","1","0","","02","11","2009","1","40.625759","-80.096624","","11","0","0","0","1","0","1","0","0","","0","0","0","","","0","","0","","40 37:32.732","","0","80 05:47.846","0","0","0","0","2212","0","0","0","N","0","0","0","2","68B03","0","","1.0","","1","N","N","","1","","0","0","1","","0","","","2","0","0","0","0","0","0","2","0","2","","","","N","","","","","","","","","",""
"2009113434","","3","0","0","0","0","0","0","0","0","4","0","","02","11","2009","3","40.391153","-80.059654","","11","0","0","0","0","0","1","0","0","2","0","0","0","","","2","","0","","40 23:28.149","1","7","80 03:34.755","4","0","0","0","2109","0","0","0","N","0","0","0","8","02109","1","","1.0","","1","N","N","","0","","0","0","0","","0","Y","","4","2","0","0","0","1","0","2","1","4","","","","N","","","","","","","","","",""
"2009113439","","1","0","0","0","0","0","0","0","0","2","0","","02","11","2009","2","40.467339","-80.099003","","11","0","1","0","0","0","1","0","0","2","0","0","0","","","0","","2","","40 28:02.419","7","0","80 05:56.411","0","0","0","0","2126","0","0","0","N","0","0","0","2","02126","0","","1.0","","1","N","N","","0","","0","0","1","","3","N","","2","0","0","0","0","0","0","2","0","2","","","","N","","","","","","","","","",""
"2009113449","","1","0","0","0","0","0","0","0","0","7","0","","02","11","2009","3","40.535337","-80.277524","","11","0","0","0","0","0","1","0","0","","0","0","0","","","1","","0","","40 32:07.213","","0","80 16:39.086","2","0","0","0","2203","0","0","0","N","0","0","0","1","02203","0","","2.0","","1","N","N","","0","","0","1","0","","0","","","1","1","1","0","1","0","0","2","0","1","","","","N","","","","","","","","","",""
"2009113451","","0","0","0","0","0","0","0","0","0","4","0","","02","11","2009","3","40.471575","-79.89159","","11","0","0","0","0","0","0","0","0","","0","0","0","","","0","","0","","40 28:17.670","","0","79 53:29.724","0","0","0","0","2301","0","0","0","N","0","0","0","1","02301","0","","2.0","","9","N","N","","0","","0","0","1","","0","","","2","0","0","0","0","0","0","2","0","2","","","","N","","","","","","","","","",""
"2009113468","","2","0","0","0","0","0","0","0","0","5","0","","02","11","2009","4","40.480436","-79.941179","","11","0","0","0","0","0","0","0","0","","0","0","0","","","0","","0","","40 28:49.569","","0","79 56:28.244","0","0","0","0","2301","0","0","0","N","0","0","0","1","02301","0","","4.0","","1","N","N","","0","","0","0","0","","0","","","2","0","0","0","0","0","0","2","0","2","","","","N","","","","","","","","","",""
"2009113469","","1","0","0","0","0","0","0","0","0","7","0","","02","11","2009","3","40.273784","-79.885604","","11","0","0","0","0","0","1","0","0","","0","0","0","","","0","","0","","40 16:25.623","","0","79 53:08.174","0","0","0","0","2428","0","0","0","N","0","0","0","1","02428","0","","4.0","","1","N","N","","0","","0","0","0","","3","","","1","0","0","0","0","0","0","2","0","1","","","","N","","","","","","","","","",""
"2009113475","","2","0","0","0","0","0","0","0","0","2","0","","02","11","2009","3","40.396563","-80.031186","","11","0","0","0","0","0","0","0","0","","0","0","0","","","0","","0","","40 23:47.628","","0","80 01:52.268","0","0","0","0","2422","0","0","0","N","0","0","0","1","02422","0","","6.0","","1","N","N","","0","","0","0","1","","0","","","3","0","0","0","0","0","0","2","0","3","","","","N","","","","","","","","","",""
"2009113487","","1","0","0","0","0","0","0","0","0","1","0","","02","10","2009","6","40.416846","-80.057366","","11","0","0","0","0","0","0","0","0","1","0","0","0","","","1","","0","","40 25:00.645","3","0","80 03:26.518","8","0","0","0","2435","0","0","0","N","0","0","0","2","68B03","0","","1.0","","1","N","N","","0","","0","0","1","","0","N","","2","1","0","0","0","1","1","2","0","2","","","","N","","","","","","","","","",""
"2009113567","","0","0","0","0","0","0","0","0","0","8","0","","02","10","2009","1","40.4353","-79.751253","","11","0","0","0","0","0","1","0","0","","0","0","0","","","1","","0","","40 26:07.080","","5","79 45:04.510","3","0","0","0","2446","1","0","0","N","1","0","0","5","68T09","0","","1.0","","1","N","N","","1","","1","0","0","","8","","","2","1","0","0","0","0","0","2","0","1","","","","N","","","","","","","","","",""
"2009113575","","1","0","0","0","0","0","0","0","0","4","1","","02","11","2009","3","40.430384","-79.710756","","11","0","0","0","0","0","2","0","0","1","0","1","0","","","1","","1","","40 25:49.383","3","0","79 42:38.723","3","0","0","0","2446","0","0","0","N","0","0","0","2","02446","0","","1.0","","1","N","N","","0","","1","0","0","","2","N","","2","1","0","0","0","0","0","2","0","2","","","","N","","","","","","","","","",""
"2009113589","","0","0","0","0","0","0","0","0","0","1","0","","02","11","2009","2","40.65184","-80.081359","","11","0","0","0","0","0","0","0","0","","0","0","0","","","0","","0","","40 39:06.624","","0","80 04:52.892","0","0","0","0","2212","0","0","0","N","0","0","0","2","02505","0","","1.0","","1","N","N","","1","","0","0","1","","0","","","2","0","0","0","0","0","0","2","0","2","","","","N","","","","","","","","","",""
"2009113597","","1","0","0","0","0","0","0","0","0","1","0","","02","11","2009","2","40.613841","-80.099981","","11","0","0","0","0","0","0","0","0","","0","0","0","","","0","","5","","40 36:49.826","","0","80 05:59.931","0","0","0","0","2481","0","0","0","N","0","0","0","2","02481","0","","1.0","","1","N","N","","0","","0","0","1","","2","","","2","0","0","0","0","0","0","1","0","2","","","","N","","","","","","","","","",""
"2009113600","","1","0","0","0","0","0","0","0","0","1","0","","02","11","2009","3","40.434909","-79.823562","","11","0","0","0","0","0","1","0","0","2","0","0","0","","","1","","0","","40 26:05.671","3","7","79 49:24.823","8","0","0","0","2419","0","0","0","N","0","0","0","3","02419","0","","1.0","","1","N","N","","0","","0","0","1","","0","N","","2","1","0","0","0","1","0","2","0","2","","","","N","","","","","","","","","",""
"2009113609","","2","0","0","0","0","0","0","0","0","4","0","","02","11","2009","4","40.393147","-79.805054","","11","0","0","0","0","0","1","0","0","1","0","0","0","","","0","","2","","40 23:35.329","1","0","79 48:18.195","9","0","0","0","2111","0","0","0","N","0","0","0","2","02111","0","","1.0","","1","N","N","","0","","0","0","0","","2","N","","2","0","0","0","0","0","1","2","0","2","","","","N","","","","","","","","","",""
"2009113619","","0","0","0","0","0","0","0","0","0","1","0","","02","11","2009","4","40.431782","-80.003301","","11","0","0","0","0","0","1","0","0","","0","0","0","","","0","","0","","40 25:54.414","","0","80 00:11.882","0","0","0","0","2301","0","0","0","N","0","0","0","2","02301","0","","1.0","","1","N","N","","1","","0","0","1","","0","","","2","0","0","0","0","0","0","2","0","2","","","","N","","","","","","","","","",""
"2009113622","","1","0","0","0","0","0","0","0","0","99","0","","02","11","2009","4","40.475356","-80.1043","","11","0","1","0","0","0","0","0","0","1","0","0","0","","","0","","2","","40 28:31.281","4","0","80 06:15.480","9","0","0","0","2126","0","0","0","N","0","0","0","1","02126","0","","2.0","","1","N","N","","0","","0","0","0","","0","N","","1","0","0","0","0","0","1","2","0","1","","","","N","","","","","","","","","",""
"2009113626","","2","0","1","0","0","0","0","0","0","5","0","","02","11","2009","4","40.437157","-79.963045","","11","0","0","0","0","0","0","0","0","","0","0","0","","","1","","2","","40 26:13.765","","0","79 57:46.962","2","0","0","0","2301","0","0","0","N","0","0","0","2","02301","0","","1.0","","1","N","N","","0","","0","1","0","","0","","","2","1","0","0","0","0","0","2","0","2","","","","N","","","","","","","","","",""
"2009113639","","1","0","0","0","0","0","0","0","0","8","0","","02","11","2009","4","40.469417","-79.929414","","11","0","0","0","0","0","1","0","0","","0","0","0","","","1","","0","","40 28:09.901","","0","79 55:45.890","4","0","0","0","2301","1","0","0","N","1","0","0","2","02301","1","","1.0","","1","N","N","","0","","0","0","0","","0","","","2","1","0","0","0","0","0","2","0","1","","","","N","","","","","","","","","",""
"2009113640","","1","0","0","0","0","0","0","0","0","4","0","","02","11","2009","4","40.466585","-79.837679","","11","0","0","0","0","0","0","1","0","2","0","0","0","","","0","","0","","40 27:59.707","4","0","79 50:15.643","0","0","0","0","2113","0","0","0","N","0","0","0","3","02113","0","","1.0","","1","N","N","","0","","0","0","1","","0","N","","2","0","0","0","0","0","0","2","0","2","","","","N","","","","","","","","","",""
"2009113641","","0","0","0","0","0","0","0","0","0","7","0","","02","11","2009","4","40.395284","-79.996795","","11","0","0","0","0","0","1","0","0","","0","0","0","","","1","","0","","40 23:43.022","","0","79 59:48.462","4","0","0","0","2301","0","0","0","N","0","0","0","1","02301","1","","2.0","","3","N","N","","0","","0","0","1","","0","","","1","1","0","0","0","0","0","2","0","1","","","","N","","","","","","","","","",""
"2009113656","","2","0","0","0","0","0","0","0","0","1","0","","02","11","2009","3","40.436756","-79.713185","","11","0","0","0","0","1","2","0","0","1","0","0","0","","","0","","0","","40 26:12.323","3","0","79 42:47.466","0","0","0","0","2446","0","0","0","N","0","0","0","4","02446","0","","1.0","","1","N","N","","0","","0","0","2","","0","N","","4","0","0","0","0","0","0","2","0","4","","","","N","","","","","","","","","",""
"2009113658","","1","0","0","0","0","0","0","0","0","4","0","","02","11","2009","4","40.458687","-79.908061","","11","0","0","0","0","0","1","0","0","","0","0","0","","","0","","1","","40 27:31.273","","0","79 54:29.021","0","0","0","0","2301","0","0","0","N","0","0","0","4","02301","0","","1.0","","1","N","N","","0","","0","0","0","","2","","","2","0","0","0","0","0","0","2","1","2","","","","N","","","","","","","","","",""
"2009113659","","1","0","0","0","0","0","0","0","0","4","0","","02","11","2009","4","40.448227","-79.986908","","11","0","0","1","1","0","0","0","0","1","0","0","0","","","0","","1","","40 26:53.617","3","0","79 59:12.868","0","0","0","0","2301","0","0","0","N","0","0","0","4","02301","0","","1.0","","1","N","N","","0","","0","0","1","","2","N","","2","0","0","0","0","0","0","2","0","2","","","","N","","","","","","","","","",""
"2009113669","","2","0","0","0","0","0","0","0","0","4","0","","02","11","2009","4","40.449597","-80.061422","","11","0","0","0","0","0","0","0","1","","0","0","0","","","1","","1","","40 26:58.549","","0","80 03:41.119","4","0","0","0","2301","0","0","0","N","0","0","0","2","02301","1","","1.0","","1","N","N","","0","","0","0","0","","0","","","2","1","0","0","0","0","0","2","0","2","","","","N","","","","","","","","","",""
"2009113671","","1","0","0","0","0","0","0","0","0","1","0","","02","10","2009","6","40.543116","-80.206969","","11","0","0","0","0","0","2","0","0","1","0","0","0","","","0","","0","","40 32:35.218","2","0","80 12:25.090","0","0","0","0","2213","0","0","0","N","0","0","0","3","02213","0","","1.0","","1","N","N","","0","","0","0","1","","0","Y","","2","0","0","0","0","0","0","2","0","2","","","","N","","","","","","","","","",""
"2009113672","","2","0","0","0","0","0","0","0","0","4","0","","02","11","2009","3","40.482887","-80.199943","","11","0","0","0","0","0","0","1","0","","0","0","0","","","1","","1","","40 28:58.392","","0","80 11:59.795","4","0","0","0","2213","0","0","0","N","0","0","0","2","02213","1","","1.0","","1","N","Y","","0","","0","0","0","","2","","","2","1","0","0","0","0","0","2","0","2","","","","N","","","","","","","","","",""
"2009113673","","2","0","0","0","0","0","0","0","0","1","0","","02","10","2009","5","40.33875","-80.051483","","11","0","0","0","0","0","0","0","0","","0","0","0","","","0","","1","","40 20:19.500","","0","80 03:05.338","0","0","0","0","2407","0","0","0","N","0","0","0","5","02407","0","","1.0","","1","N","N","","1","","0","0","0","","2","","","3","0","0","0","0","0","0","2","0","3","","","","N","","","","","","","","","",""
"2009113674","","1","0","0","1","0","0","0","0","0","8","0","","02","11","2009","2","40.34132","-80.022424","","11","0","0","0","0","0","0","0","0","","0","0","0","","","1","","1","","40 20:28.753","","0","80 01:20.728","4","0","0","0","2407","1","0","0","N","0","0","0","2","02407","1","","1.0","","1","N","N","","0","","0","0","0","","3","","","2","1","0","0","0","0","1","2","0","1","","","","N","","","","","","","","","",""
"2009113686","","1","0","0","0","0","0","0","0","0","4","1","","02","11","2009","4","40.345376","-80.154741","","11","0","0","0","0","0","0","0","0","","0","1","0","","","1","","1","","40 20:43.355","","0","80 09:17.069","4","0","0","0","2119","0","0","0","N","0","0","0","2","02119","1","","1.0","","1","N","N","","0","","0","0","0","","3","","","2","1","2","0","0","0","0","2","0","2","","","","N","","","","","","","","","",""
"2009113715","","1","0","0","0","0","0","0","0","0","7","0","","02","10","2009","5","40.5199","-80.062","","11","0","0","0","0","0","0","0","0","2","0","0","0","","","0","","0","","40 31:11.640","2","0","80 03:43.200","0","0","0","0","2215","0","0","0","N","0","0","0","1","68B03","0","","2.0","","1","N","N","","0","","0","0","0","","0","N","","1","0","0","0","0","0","0","2","0","1","","","","N","","","","","","","","","",""
"2009113716","","2","0","0","0","0","0","0","0","0","1","0","","02","10","2009","6","40.412134","-80.067486","","11","0","0","0","0","0","1","0","0","3","0","0","0","","","2","","0","","40 24:43.682","4","0","80 04:02.949","3","0","0","0","2435","0","0","0","N","0","0","0","4","68B01","1","","1.0","","1","N","N","","2","","1","0","0","","0","N","","4","2","0","0","0","0","0","2","0","4","","","","N","","","","","","","","","",""
"2009113769","","1","0","0","0","0","0","1","0","0","6","1","","02","11","2009","4","40.341351","-79.920525","","11","0","0","0","0","0","1","0","1","","0","0","0","","","0","","0","","40 20:28.863","","0","79 55:13.890","0","0","0","0","2473","0","0","0","N","0","0","0","3","02503","0","","1.0","","1","N","N","","0","","0","0","0","","0","","","2","0","0","0","0","0","0","2","0","2","","","","N","","","","","","","","","",""
"2009113777","","0","0","0","0","0","0","0","0","0","1","0","","02","11","2009","4","40.390712","-80.073971","","11","0","0","0","0","0","1","0","0","","0","0","0","","","0","","0","","40 23:26.563","","0","80 04:26.295","0","0","0","0","2117","0","0","0","N","0","0","0","2","02117","0","","1.0","","1","N","N","","0","","0","0","1","","0","","","2","0","0","0","0","0","0","2","1","2","","","","N","","","","","","","","","",""
"2009113790","","0","0","0","0","0","0","0","0","0","7","0","","02","11","2009","5","40.281476","-79.902056","","11","0","0","1","0","0","0","0","0","1","0","0","0","","","1","","0","","40 16:53.313","6","0","79 54:07.401","8","0","0","0","2440","0","0","0","N","0","0","0","1","02440","0","","5.0","","1","N","N","","0","","0","0","1","","0","N","","1","1","1","0","0","1","0","2","0","1","","","","N","","","","","","","","","",""
"2009113795","","1","0","0","0","0","0","0","0","0","7","0","","02","11","2009","4","40.454083","-79.993747","","11","0","0","0","0","0","0","0","0","","0","0","0","","","0","","2","","40 27:14.697","","2","79 59:37.490","0","0","0","0","2301","0","0","0","N","0","0","0","1","02301","0","","2.0","","1","N","N","","0","","0","0","0","","3","","","1","0","0","0","0","0","0","2","0","1","","","","N","","","","","","","","","",""
"2009113803","","1","0","0","0","0","0","0","0","0","2","0","","02","11","2009","5","40.474542","-80.028101","","11","0","0","0","0","0","0","0","0","","0","0","0","","","1","","2","","40 28:28.352","","0","80 01:41.162","3","0","0","0","2301","0","0","0","N","0","0","0","1","02301","0","","4.0","","1","N","N","","0","","1","0","1","","0","","","2","1","0","0","0","0","0","2","0","2","","","","N","","","","","","","","","",""
"2009113806","","1","0","0","0","0","0","0","0","0","7","0","","02","11","2009","6","40.61336","-79.954908","","11","0","0","0","0","0","0","0","0","","0","0","0","","","1","","2","","40 36:48.095","","0","79 57:17.669","4","0","0","0","2207","0","0","0","N","0","0","0","1","02207","1","","5.0","","9","N","N","","0","","0","0","0","","3","","","1","1","0","0","0","0","0","2","0","1","","","","N","","","","","","","","","",""
"2009113807","","2","0","0","0","0","0","0","0","0","5","0","","02","11","2009","2","40.438395","-80.001987","","11","0","0","0","0","0","1","0","0","1","0","0","0","","","0","","1","","40 26:18.222","3","0","80 00:07.153","0","0","0","0","2301","0","0","0","N","0","0","0","2","02301","0","","1.0","","1","N","N","","0","","0","0","0","","2","Y","","2","0","0","0","0","0","0","2","0","2","","","","N","","","","","","","","","",""
"2009113814","","1","0","0","0","0","0","0","0","0","1","0","","02","11","2009","4","40.500499","-80.073508","","11","0","0","0","1","1","0","0","0","2","0","0","0","","","6","","2","","40 30:01.797","5","0","80 04:24.629","2","0","0","0","2402","0","0","0","N","0","0","0","16","02402","2","","1.0","","1","N","N","","0","","3","1","2","","0","Y","","4","6","5","0","1","0","0","2","1","4","","","","N","","","","","","","","","",""
"2009113815","","2","0","0","0","0","0","0","0","0","4","0","","02","11","2009","1","40.430965","-80.001642","","11","0","0","0","0","0","0","0","0","1","0","0","0","","","2","","5","","40 25:51.473","4","0","80 00:05.910","3","0","0","0","2301","0","0","0","N","0","0","0","2","02301","1","","1.0","","1","N","N","","0","","1","0","0","","2","N","","2","2","0","0","0","0","0","2","0","2","","","","N","","","","","","","","","",""
"2009113817","","1","0","0","0","0","0","0","0","0","1","0","","02","11","2009","4","40.388695","-79.830309","","11","0","0","0","0","0","1","0","0","1","0","0","0","","","0","","2","","40 23:19.301","3","0","79 49:49.113","0","0","0","0","2111","0","0","0","N","0","0","0","2","02111","0","","1.0","","1","N","N","","1","","0","0","0","","2","N","","2","0","0","0","0","0","0","2","0","2","","","","N","","","","","","","","","",""
"2009113822","","2","0","0","0","0","0","0","0","0","2","0","","02","11","2009","5","40.471454","-79.831291","","11","0","0","0","0","0","1","1","0","2","0","0","0","","","0","","0","","40 28:17.235","6","0","79 49:52.646","0","0","0","0","2113","0","0","0","N","0","0","0","2","02113","0","","1.0","","1","N","N","","0","","0","0","0","","0","Y","","2","0","0","0","0","0","0","2","0","2","","","","N","","","","","","","","","",""
"2009113825","","1","0","0","0","0","0","0","0","0","1","0","","02","10","2009","7","40.4257","-79.9101","","11","0","0","0","0","0","0","0","0","","0","0","0","","","0","","0","","40 25:32.520","","4","79 54:36.360","0","0","0","0","2301","0","0","0","N","0","0","0","3","68B03","0","","1.0","","1","N","N","","1","","0","0","0","","0","","","2","0","0","0","0","0","0","2","0","2","","","","N","","","","","","","","","",""
"2009113830","","1","0","0","0","0","0","0","0","0","4","0","","02","11","2009","2","40.667634","-79.716306","","11","0","0","0","0","0","0","1","1","","0","0","0","","","0","","2","","40 40:03.482","","2","79 42:58.701","0","0","0","0","2106","0","0","0","N","0","0","0","2","68D02","0","","1.0","","1","N","N","","0","","0","0","0","","3","","","2","0","0","0","0","0","0","2","1","2","","","","N","","","","","","","","","",""
"2009113879","","1","0","0","0","0","0","0","0","0","1","0","","02","11","2009","4","40.469986","-79.97567","","11","0","0","0","0","0","0","0","0","1","0","0","0","","","0","","0","","40 28:11.948","1","0","79 58:32.411","0","0","0","0","2301","0","0","0","N","0","0","0","2","02118","0","","1.0","","1","N","N","","0","","0","0","1","","0","N","","2","0","0","0","0","0","0","2","0","2","","","","N","","","","","","","","","",""
"2009113883","","0","0","0","0","0","0","0","0","0","0","0","","02","11","2009","2","40.4562","-79.7361","","11","0","0","0","1","0","0","0","0","","0","0","0","","","0","","0","","40 27:22.320","","0","79 44:09.960","0","0","0","0","2446","0","0","0","","0","0","0","1","02446","0","","9.0","","1","N","N","","1","","0","0","0","","0","","","1","0","0","0","0","0","0","2","0","1","","","","N","","","","","","","","","",""
"2009113890","","2","0","0","0","0","0","0","0","0","1","0","","02","11","2009","5","40.44991","-79.761743","","11","0","0","0","0","0","2","0","0","","0","0","0","","","2","","0","","40 26:59.676","","0","79 45:42.274","4","0","0","0","2446","0","0","0","N","0","0","0","4","02446","1","","1.0","","1","N","N","","0","","0","0","1","","0","","","3","2","0","0","0","1","0","2","0","3","","","","N","","","","","","","","","",""
"2009113895","","1","0","0","0","0","0","1","0","0","1","0","","02","11","2009","5","40.462902","-79.953498","","11","0","0","0","0","0","1","0","0","","0","0","0","","","1","","0","","40 27:46.448","","3","79 57:12.592","8","0","0","0","2301","0","0","0","N","0","0","0","2","02301","0","","1.0","","1","Y","N","","0","","0","0","0","","0","","","2","1","0","0","0","1","0","2","0","2","","","","N","","","","","","","","","",""
"2009113903","","2","0","0","0","0","0","0","0","0","4","0","","02","11","2009","3","40.343302","-80.06036","","11","0","0","0","0","0","1","0","0","2","0","0","0","","","2","","1","","40 20:35.887","7","0","80 03:37.295","3","0","0","0","2123","0","0","0","N","0","0","0","3","02123","0","","1.0","","1","N","N","","0","","2","0","0","","2","N","","2","2","0","0","0","0","0","2","0","2","","","","N","","","","","","","","","",""
"2009113906","","2","0","0","0","0","0","0","0","0","4","0","","02","11","2009","5","40.465018","-79.920004","","11","0","0","0","0","0","1","0","0","","0","0","0","","","1","","1","","40 27:54.064","","0","79 55:12.014","8","0","0","0","2301","0","0","0","N","0","0","0","2","02301","0","","1.0","","1","N","N","","0","","0","0","0","","2","","","2","1","0","0","0","1","0","2","0","2","","","","N","","","","","","","","","",""
"2009113907","","2","0","0","0","0","0","0","0","0","4","0","","02","11","2009","4","40.623208","-80.053742","","11","0","0","0","0","0","1","1","0","1","0","0","0","","","0","","0","","40 37:23.547","1","0","80 03:13.470","0","0","0","0","2216","0","0","0","N","0","0","0","2","02505","0","","1.0","","1","N","N","","0","","0","0","0","","0","N","","2","0","0","0","0","0","0","1","0","2","","","","N","","","","","","","","","",""
"2009113908","","1","0","0","0","0","0","0","0","0","2","0","","02","11","2009","4","40.394452","-80.06624","","11","0","0","0","0","0","1","0","0","","0","0","0","","","1","","0","","40 23:40.027","","7","80 03:58.463","4","0","0","0","2117","0","0","0","N","0","0","0","2","02117","1","","1.0","","1","N","N","","0","","0","0","1","","0","","","2","1","0","0","0","0","0","2","0","2","","","","N","","","","","","","","","",""
"2009113910","","2","0","0","0","0","0","0","0","0","4","0","","02","11","2009","4","40.550108","-80.017353","","11","0","0","0","0","0","0","0","0","1","0","0","0","","","1","","2","","40 33:00.390","6","0","80 01:02.470","4","0","0","0","2116","0","0","0","N","0","0","0","3","02116","1","","1.0","","1","N","N","","0","","0","0","0","","3","N","","2","1","0","0","0","0","0","2","0","2","","","","N","","","","","","","","","",""
"2009113912","","1","0","0","0","0","0","0","0","0","4","0","","02","11","2009","5","40.464546","-80.057973","","11","0","0","1","0","0","0","0","1","1","0","0","0","","","1","","1","","40 27:52.367","1","0","80 03:28.704","8","0","0","0","2444","0","0","0","N","0","0","0","2","02444","0","","1.0","","1","N","N","","0","","0","0","1","","2","N","","2","1","0","0","0","1","0","2","0","2","","","","N","","","","","","","","","",""
"2009113925","","1","0","0","0","0","0","0","0","0","4","0","","02","11","2009","5","40.443777","-79.796911","","11","0","0","0","0","0","0","0","0","","0","0","0","","","2","","1","","40 26:37.596","","0","79 47:48.879","8","0","0","0","2446","0","0","0","N","0","0","0","2","02446","0","","1.0","","1","N","N","","0","","0","0","1","","3","","","2","2","0","0","0","2","0","2","0","2","","","","N","","","","","","","","","",""
"2009113926","","0","0","0","0","0","0","0","0","0","2","0","","02","11","2009","5","40.554038","-79.806799","","11","0","0","0","0","0","0","1","0","1","0","0","0","","","1","","2","","40 33:14.537","7","0","79 48:24.476","8","0","0","0","2208","0","0","0","N","0","0","0","2","02208","0","","1.0","","1","N","N","","1","","0","0","1","","0","Y","","2","1","0","0","0","1","0","2","0","2","","","","N","","","","","","","","","",""
"2009113936","","3","0","0","0","0","0","0","0","0","1","0","","02","10","2009","6","40.454029","-79.912399","","11","0","0","0","0","0","0","0","1","","0","0","0","","","0","","1","","40 27:14.504","","0","79 54:44.638","0","0","0","0","2301","0","0","0","N","0","0","0","4","02301","0","","1.0","","1","N","N","","0","","0","0","0","","3","","","3","0","0","0","0","0","0","2","0","3","","","","N","","","","","","","","","",""
"2009113946","","1","0","0","0","0","0","0","0","0","4","1","","02","11","2009","5","40.452833","-79.995957","","11","0","0","0","0","0","2","0","0","","0","0","0","","","0","","7","","40 27:10.200","","2","79 59:45.445","9","0","0","0","2301","0","0","0","N","0","0","0","2","02301","0","","1.0","","1","N","N","","0","","0","0","0","","2","","","2","0","0","0","0","0","2","2","1","2","","","","N","","","","","","","","","",""