"CRN","ARRIVAL_TM","AUTOMOBILE_COUNT","BELTED_DEATH_COUNT","BELTED_SUSP_SERIOUS_INJ_COUNT","BICYCLE_COUNT","BICYCLE_DEATH_COUNT","BICYCLE_SUSP_SERIOUS_INJ_COUNT","BUS_COUNT","CHLDPAS_DEATH_COUNT","CHLDPAS_SUSP_SERIOUS_INJ_COUNT","COLLISION_TYPE","COMM_VEH_COUNT","CONS_ZONE_SPD_LIM","COUNTY","CRASH_MONTH","CRASH_YEAR","DAY_OF_WEEK","DEC_LATITUDE","DEC_LONGITUDE","DISPATCH_TM","DISTRICT","DRIVER_COUNT_16YR","DRIVER_COUNT_17YR","DRIVER_COUNT_18YR","DRIVER_COUNT_19YR","DRIVER_COUNT_20YR","DRIVER_COUNT_50_64YR","DRIVER_COUNT_65_74YR","DRIVER_COUNT_75PLUS","EST_HRS_CLOSED","FATAL_COUNT","HEAVY_TRUCK_COUNT","HORSE_BUGGY_COUNT","HOUR_OF_DAY","ILLUMINATION","INJURY_COUNT","INTERSECTION_RELATED","INTERSECT_TYPE","LANE_CLOSED","LATITUDE","LN_CLOSE_DIR","LOCATION_TYPE","LONGITUDE","MAX_SEVERITY_LEVEL","MCYCLE_DEATH_COUNT","MCYCLE_SUSP_SERIOUS_INJ_COUNT","MOTORCYCLE_COUNT","MUNICIPALITY","NONMOTR_COUNT","NONMOTR_DEATH_COUNT","NONMOTR_SUSP_SERIOUS_INJ_COUNT","NTFY_HIWY_MAINT","PED_COUNT","PED_DEATH_COUNT","PED_SUSP_SERIOUS_INJ_COUNT","PERSON_COUNT","POLICE_AGCY","POSSIBLE_INJ_COUNT","RDWY_SURF_TYPE_CD","RELATION_TO_ROAD","ROADWAY_CLEARED","ROAD_CONDITION","SCH_BUS_IND","SCH_ZONE_IND","SECONDARY_CRASH","SMALL_TRUCK_COUNT","SPEC_JURIS_CD","SUSP_MINOR_INJ_COUNT","SUSP_SERIOUS_INJ_COUNT","SUV_COUNT","TCD_FUNC_CD","TCD_TYPE","TFC_DETOUR_IND","TIME_OF_DAY","TOTAL_UNITS","TOT_INJ_COUNT","UNBELTED_OCC_COUNT","UNB_DEATH_COUNT","UNB_SUSP_SERIOUS_INJ_COUNT","UNK_INJ_DEG_COUNT","UNK_INJ_PER_COUNT","URBAN_RURAL","VAN_COUNT","VEHICLE_COUNT","WEATHER1","WEATHER2","WORKERS_PRES","WORK_ZONE_IND","WORK_ZONE_LOC","WORK_ZONE_TYPE","WZ_CLOSE_DETOUR","WZ_FLAGGER","WZ_LAW_OFFCR_IND","WZ_LN_CLOSURE","WZ_MOVING","WZ_OTHER","WZ_SHLDER_MDN","WZ_WORKERS_INJ_KILLED"
"2009116629","","2","0","0","0","0","0","0","0","0","6","0","","02","11","2009","5","40.477567","-79.799614","","11","0","0","0","0","0","0","0","0","1","0","0","0","","","0","","2","","40 28:39.242","6","0","79 47:58.612","0","0","0","0","2113","0","0","0","N","0","0","0","4","02113","0","","1.0","","9","N","N","","0","","0","0","0","","0","Y","","2","0","0","0","0","0","0","2","0","2","","","","N","","","","","","","","","",""
"2009116640","","1","0","0","0","0","0","0","0","0","7","0","","02","11","2009","5","40.440854","-80.024615","","11","0","0","0","0","0","0","0","0","","0","0","0","","","0","","10","","40 26:27.074","","0","80 01:28.614","0","0","0","0","2301","0","0","0","N","0","0","0","1","02301","0","","5.0","","1","N","N","","0","","0","0","0","","0","","","1","0","0","0","0","0","0","2","0","1","","","","N","","","","","","","","","",""
"2009116643","","0","0","0","0","0","0","0","0","0","7","0","","02","11","2009","5","40.394779","-80.051567","","11","0","1","0","0","0","0","0","0","2","0","0","0","","","0","","0","","40 23:41.204","2","0","80 03:05.641","0","0","0","0","2109","0","0","0","N","0","0","0","2","02109","0","","4.0","","1","N","N","","0","","0","0","1","","0","N","","1","0","0","0","0","0","0","2","0","1","","","","N","","","","","","","","","",""
"2009116658","","2","0","0","0","0","0","0","0","0","1","0","","02","11","2009","5","40.461627","-80.034668","","11","0","0","0","0","0","0","0","0","","0","0","0","","","0","","0","","40 27:41.857","","0","80 02:04.804","9","0","0","0","2301","0","0","0","N","0","0","0","1","02301","0","","6.0","","1","N","N","","0","","0","0","1","","0","","","3","0","0","0","0","0","1","2","0","3","","","","N","","","","","","","","","",""
"2009116659","","3","0","0","0","0","0","0","0","0","1","0","","02","11","2009","5","40.34889","-79.939012","","11","0","0","0","0","0","1","1","0","","0","0","0","","","1","","2","","40 20:56.003","","0","79 56:20.443","4","0","0","0","2473","0","0","0","N","0","0","0","5","02473","1","","1.0","","9","N","N","","0","","0","0","0","","2","","","3","1","1","0","0","0","0","2","0","3","","","","N","","","","","","","","","",""
"2009116674","","1","0","0","0","0","0","0","0","0","99","0","","02","11","2009","7","40.4327","-80.256","","11","0","0","1","0","0","0","0","0","","0","0","0","","","0","","0","","40 25:57.720","","0","80 15:21.600","0","0","0","0","2214","0","0","0","N","0","0","0","2","68B03","0","","1.0","","1","N","N","","0","","0","0","0","","0","","","1","0","2","0","0","0","0","2","0","1","","","","N","","","","","","","","","",""
"2009116852","","3","0","0","0","0","0","0","0","0","1","0","","02","11","2009","4","40.559188","-80.039719","","11","0","0","0","0","0","0","0","0","","0","0","0","","","0","","0","","40 33:33.077","","0","80 02:22.990","0","0","0","0","2108","0","0","0","N","0","0","0","4","02108","0","","1.0","","1","N","N","","0","","0","0","0","","0","","","3","0","0","0","0","0","0","2","0","3","","","","N","","","","","","","","","",""
"2009116853","","1","0","0","0","0","0","0","0","0","99","0","","02","11","2009","4","40.58233","-80.003148","","11","0","0","0","0","0","0","0","0","","0","0","0","","","0","","2","","40 34:56.389","","0","80 00:11.334","0","0","0","0","2108","0","0","0","N","0","0","0","1","02108","0","","1.0","","1","N","N","","0","","0","0","0","","0","","","1","0","0","0","0","0","0","2","0","1","","","","N","","","","","","","","","",""
"2009116854","","0","0","0","0","0","0","0","0","0","7","0","","02","11","2009","6","40.582911","-80.030126","","11","0","0","0","0","0","0","0","0","2","0","0","0","","","0","","0","","40 34:58.479","1","0","80 01:48.455","0","0","0","0","2108","0","0","0","N","0","0","0","1","02108","0","","5.0","","2","N","N","","0","","0","0","1","","0","N","","1","0","0","0","0","0","0","2","0","1","","","","N","","","","","","","","","",""
"2009116855","","0","0","0","0","0","0","0","0","0","7","0","","02","11","2009","6","40.592967","-80.059132","","11","0","0","0","0","0","0","0","0","3","0","0","0","","","1","","0","","40 35:34.682","6","0","80 03:32.875","3","0","0","0","2108","0","0","0","N","0","0","0","1","02108","0","","2.0","","2","N","N","","0","","1","0","1","","0","Y","","1","1","0","0","0","0","0","2","0","1","","","","N","","","","","","","","","",""
"2009116856","","2","0","0","0","0","0","0","0","0","1","0","","02","11","2009","6","40.591475","-80.047557","","11","0","0","0","0","0","1","0","0","","0","0","0","","","1","","3","","40 35:29.311","","0","80 02:51.206","8","0","0","0","2108","0","0","0","N","0","0","0","4","02108","0","","1.0","","1","N","N","","0","","0","0","0","","0","","","2","1","0","0","0","1","0","2","0","2","","","","N","","","","","","","","","",""
"2009116857","","2","0","0","0","0","0","0","0","0","4","0","","02","11","2009","5","40.60182","-80.049323","","11","1","0","0","0","0","1","0","0","","0","0","0","","","0","","0","","40 36:06.551","","0","80 02:57.561","0","0","0","0","2108","0","0","0","N","0","0","0","4","02108","0","","1.0","","1","N","N","","0","","0","0","0","","3","","","2","0","0","0","0","0","0","2","0","2","","","","N","","","","","","","","","",""
"2009116858","","0","0","0","0","0","0","0","0","0","7","0","","02","11","2009","6","40.579036","-80.02756","","11","0","0","0","0","0","0","0","0","2","0","0","0","","","0","","0","","40 34:44.530","2","0","80 01:39.216","0","0","0","0","2108","0","0","0","N","0","0","0","1","02108","0","","1.0","","2","N","N","","1","","0","0","0","","0","N","","1","0","0","0","0","0","0","2","0","1","","","","N","","","","","","","","","",""
"2009116872","","4","0","0","0","0","0","0","0","0","1","0","","02","10","2009","4","40.32709","-79.892452","","11","0","0","0","0","0","0","0","1","","0","0","0","","","1","","0","","40 19:37.524","","0","79 53:32.828","8","0","0","0","2433","0","0","0","N","0","0","0","1","02433","0","","6.0","","1","N","N","","0","","0","0","1","","0","","","5","1","0","0","0","1","0","2","0","5","","","","N","","","","","","","","","",""
"2009116888","","0","0","0","0","0","0","0","0","0","8","0","","02","11","2009","2","40.5587","-80.200215","","11","0","0","0","0","0","1","0","0","","0","0","0","","","1","","2","","40 33:31.320","","0","80 12:00.774","4","0","0","0","2427","1","0","0","N","1","0","0","2","02427","1","","1.0","","1","N","N","","1","","0","0","0","","0","","","2","1","0","0","0","0","0","2","0","1","","","","N","","","","","","","","","",""
"2009116899","","1","0","0","0","0","0","1","0","0","1","1","","02","10","2009","5","40.353786","-79.888686","","11","0","0","0","0","0","1","0","0","2","0","0","0","","","1","","2","","40 21:13.628","4","0","79 53:19.268","4","0","0","0","2423","0","0","0","N","0","0","0","3","02304","1","","1.0","","1","Y","N","","0","","0","0","0","","3","N","","2","1","1","0","0","0","0","2","0","2","","","","N","","","","","","","","","",""
"2009116900","","0","0","0","0","0","0","0","0","0","7","0","","02","10","2009","1","40.352254","-79.9042","","11","0","0","0","0","0","0","0","0","3","0","0","0","","","0","","0","","40 21:08.114","3","0","79 54:15.120","0","0","0","0","2423","0","0","0","N","0","0","0","1","02304","0","","2.0","","1","N","N","","0","","0","0","1","","0","N","","1","0","0","0","0","0","0","2","0","1","","","","N","","","","","","","","","",""
"2009116913","","0","0","0","0","0","0","0","0","0","4","0","","02","11","2009","4","40.431933","-79.839183","","11","0","0","0","0","0","0","0","0","","0","0","0","","","0","","2","","40 25:54.959","","0","79 50:21.059","0","0","0","0","2419","0","0","0","N","0","0","0","2","02419","0","","1.0","","1","N","N","","0","","0","0","1","","3","","","2","0","0","0","0","0","0","2","1","2","","","","N","","","","","","","","","",""
"2009116917","","2","0","0","0","0","0","0","0","0","4","0","","02","11","2009","6","40.474303","-79.82191","","11","0","0","0","0","0","0","0","1","1","0","0","0","","","0","","1","","40 28:27.491","3","0","79 49:18.877","0","0","0","0","2113","0","0","0","N","0","0","0","2","02113","0","","1.0","","1","N","N","","0","","0","0","0","","2","N","","2","0","0","0","0","0","0","2","0","2","","","","N","","","","","","","","","",""
"2009116919","","1","0","0","0","0","0","0","0","0","7","0","","02","11","2009","5","40.452514","-79.997462","","11","0","0","0","0","0","1","0","0","","0","0","0","","","1","","3","","40 27:09.051","","2","79 59:50.862","3","0","0","0","2301","0","0","0","N","0","0","0","1","02301","0","","3.0","","9","N","N","","0","","1","0","0","","0","","","1","1","0","0","0","0","0","2","0","1","","","","N","","","","","","","","","",""
"2009116934","","0","0","0","0","0","0","0","0","0","1","0","","02","11","2009","6","40.552129","-79.967621","","11","0","0","0","0","0","0","0","0","2","0","0","0","","","1","","0","","40 33:07.666","6","0","79 58:03.435","4","0","0","0","2118","0","0","0","N","0","0","0","3","02118","1","","1.0","","1","N","N","","1","","0","0","1","","0","Y","","2","1","0","0","0","0","0","2","0","2","","","","N","","","","","","","","","",""
"2009116935","","1","0","0","0","0","0","0","0","0","4","0","","02","11","2009","5","40.525754","-80.035576","","11","0","0","0","0","0","0","0","0","1","0","0","0","","","1","","1","","40 31:32.714","4","0","80 02:08.075","8","0","0","0","2116","0","0","0","N","0","0","0","2","02116","0","","1.0","","9","N","N","","1","","0","0","0","","2","N","","2","1","0","0","0","1","0","2","0","2","","","","N","","","","","","","","","",""
"2009116938","","2","0","0","0","0","0","0","0","0","2","0","","02","11","2009","6","40.433991","-79.753167","","11","0","0","0","0","0","1","0","0","","0","0","0","","","1","","0","","40 26:02.366","","0","79 45:11.401","4","0","0","0","2446","0","0","0","N","0","0","0","2","02446","1","","1.0","","1","N","N","","0","","0","0","0","","0","","","2","1","0","0","0","0","0","2","0","2","","","","N","","","","","","","","","",""
"2009116944","","1","0","0","1","0","0","0","0","0","4","0","","02","11","2009","6","40.428997","-79.998235","","11","0","0","0","0","0","0","0","0","","0","0","0","","","1","","1","","40 25:44.389","","0","79 59:53.646","4","0","0","0","2301","1","0","0","N","0","0","0","2","02301","1","","1.0","","1","N","N","","0","","0","0","0","","2","","","2","1","0","0","0","0","0","2","0","1","","","","N","","","","","","","","","",""
"2009116962","","0","0","0","0","0","0","0","0","0","0","0","","02","11","2009","6","40.46497","-79.979744","","11","0","0","0","0","0","1","0","0","","0","0","0","","","0","","1","","40 27:53.892","","0","79 58:47.078","0","0","0","0","2301","0","0","0","N","0","0","0","2","02301","0","","1.0","","1","N","N","","0","","0","0","0","","2","","","2","0","0","0","0","0","0","2","2","2","","","","N","","","","","","","","","",""
"2009116968","","1","0","0","0","0","0","0","0","0","7","0","","02","11","2009","6","40.274338","-79.947373","","11","0","0","0","0","0","0","0","0","2","0","0","0","","","0","","0","","40 16:27.615","4","0","79 56:50.541","0","0","0","0","2440","0","0","0","N","0","0","0","1","02440","0","","5.0","","1","N","N","","0","","0","0","0","","3","N","","1","0","0","0","0","0","0","2","0","1","","","","N","","","","","","","","","",""
"2009116981","","0","0","0","0","0","0","0","0","0","7","0","","02","11","2009","6","40.464031","-79.985974","","11","0","0","0","0","0","1","0","0","2","0","0","0","","","1","","1","","40 27:50.511","3","0","79 59:09.506","8","0","0","0","2301","0","0","0","N","0","0","0","1","02301","0","","4.0","","1","N","Y","","1","","0","0","0","","0","N","","1","1","0","0","0","1","0","2","0","1","","","","N","","","","","","","","","",""
"2009116984","","2","0","0","0","0","0","0","0","0","4","0","","02","11","2009","6","40.439996","-80.083964","","11","0","0","0","0","0","0","0","0","1","0","0","0","","","1","","3","","40 26:23.986","2","0","80 05:02.270","3","0","0","0","2115","0","0","0","N","0","0","0","2","02115","0","","1.0","","1","N","N","","0","","1","0","0","","3","N","","2","1","0","0","0","0","0","2","0","2","","","","N","","","","","","","","","",""
"2009117084","","2","0","0","0","0","0","0","0","0","1","0","","02","11","2009","5","40.429155","-79.838326","","11","0","0","0","0","0","0","1","0","","0","0","0","","","1","","2","","40 25:44.957","","0","79 50:17.973","8","0","0","0","2419","0","0","0","N","0","0","0","4","02419","0","","1.0","","1","N","N","","0","","0","0","0","","0","","","2","1","1","0","0","1","0","2","0","2","","","","N","","","","","","","","","",""
"2009117094","","1","0","0","0","0","0","0","0","0","1","0","","02","11","2009","6","40.385446","-80.016661","","11","0","0","0","0","0","1","0","0","","0","0","0","","","1","","0","","40 23:07.605","","0","80 00:59.979","4","0","0","0","2301","0","0","0","N","0","0","0","1","02301","1","","2.0","","1","N","N","","0","","0","0","1","","0","","","2","1","0","0","0","0","0","2","0","2","","","","N","","","","","","","","","",""
"2009117095","","1","0","0","0","0","0","0","0","0","99","0","","02","11","2009","6","40.660418","-79.877196","","11","0","0","0","0","1","0","0","0","","0","0","0","","","0","","0","","40 39:37.503","","0","79 52:37.907","0","0","0","0","2220","0","0","0","N","0","0","0","1","02220","0","","1.0","","1","N","N","","0","","0","0","0","","0","","","1","0","0","0","0","0","0","1","0","1","","","","N","","","","","","","","","",""
"2009117101","","2","0","0","0","0","0","0","0","0","2","0","","02","11","2009","6","40.384477","-79.992931","","11","0","0","0","1","0","0","0","0","1","0","0","0","","","0","","10","","40 23:04.117","6","0","79 59:34.551","0","0","0","0","2301","0","0","0","N","0","0","0","4","02301","0","","1.0","","1","N","N","","0","","0","0","0","","0","Y","","2","0","0","0","0","0","0","2","0","2","","","","N","","","","","","","","","",""
"2009117109","","1","0","0","0","0","0","0","0","0","4","0","","02","11","2009","7","40.438634","-79.986476","","11","0","0","1","0","0","0","0","0","","0","0","0","","","1","","1","","40 26:19.082","","0","79 59:11.313","4","0","0","0","2301","0","0","0","N","0","0","0","3","02301","1","","1.0","","1","N","N","","0","","0","0","0","","1","","","2","1","0","0","0","0","0","2","1","2","","","","N","","","","","","","","","",""
"2009117112","","3","0","0","0","0","0","0","0","0","1","0","","02","11","2009","5","40.497776","-80.069877","","11","0","0","0","0","0","0","0","0","1","0","0","0","","","0","","0","","40 29:51.995","2","0","80 04:11.556","0","0","0","0","2402","0","0","0","N","0","0","0","3","02402","0","","1.0","","9","N","N","","0","","0","0","0","","0","N","","3","0","0","0","0","0","0","2","0","3","","","","N","","","","","","","","","",""
"2009117117","","1","0","0","0","0","0","0","0","0","7","0","","02","11","2009","7","40.452823","-79.980008","","11","0","0","0","0","0","0","0","0","","0","0","0","","","0","","2","","40 27:10.162","","0","79 58:48.028","0","0","0","0","2301","0","0","0","N","0","0","0","1","02301","0","","2.0","","1","N","N","","0","","0","0","0","","0","","","1","0","0","0","0","0","0","2","0","1","","","","N","","","","","","","","","",""
"2009117126","","2","0","0","0","0","0","0","0","0","1","0","","02","10","2009","1","40.469033","-80.002285","","11","0","0","0","0","0","0","0","0","","0","0","0","","","2","","7","","40 28:08.519","","2","80 00:08.225","4","0","0","0","2301","0","0","0","N","0","0","0","5","68B03","2","","1.0","","1","N","N","","0","","0","0","0","","0","","","2","2","0","0","0","0","0","2","0","2","","","","N","","","","","","","","","",""
"2009117127","","2","0","0","0","0","0","0","0","0","1","0","","02","10","2009","6","40.64933","-80.094683","","11","0","0","1","0","0","1","0","0","3","0","0","0","","","0","","0","","40 38:57.589","1","3","80 05:40.860","0","0","0","0","2212","0","0","0","N","0","0","0","4","68B03","0","","1.0","","1","N","N","","0","","0","0","2","","0","N","","4","0","0","0","0","0","0","2","0","4","","","","N","","","","","","","","","",""
"2009117128","","1","0","0","0","0","0","0","0","0","1","0","","02","10","2009","7","40.427875","-80.129962","","11","0","0","0","0","0","0","0","0","3","0","0","0","","","1","","0","","40 25:40.349","3","0","80 07:47.863","3","0","0","0","2102","0","0","0","N","0","0","0","2","68B03","0","","1.0","","1","N","N","","1","","1","0","0","","0","N","","2","1","0","0","0","0","0","2","0","2","","","","N","","","","","","","","","",""
"2009117129","","2","0","0","0","0","0","0","0","0","1","0","","02","11","2009","3","40.5412","-80.0813","","11","0","0","0","0","0","0","0","0","","0","0","0","","","1","","0","","40 32:28.320","","0","80 04:52.680","3","0","0","0","2215","0","0","0","N","0","0","0","2","68B03","0","","1.0","","1","N","N","","0","","1","0","0","","0","","","2","1","1","0","0","0","0","2","0","2","","","","N","","","","","","","","","",""
"2009117130","","1","0","0","0","0","0","0","0","0","1","0","","02","11","2009","1","40.642171","-80.097068","","11","0","0","0","0","0","0","0","0","","0","0","0","","","1","","0","","40 38:31.817","","0","80 05:49.444","4","0","0","0","2212","0","0","0","N","0","0","0","3","68B03","1","","1.0","","1","N","N","","0","","0","0","0","","0","","","2","1","1","0","0","0","0","2","1","2","","","","N","","","","","","","","","",""
"2009117131","","1","0","0","0","0","0","0","0","0","7","0","","02","11","2009","3","40.4314","-80.108","","11","0","0","0","0","0","1","0","0","","0","0","0","","","0","","0","","40 25:53.040","","0","80 06:28.800","0","0","0","0","2102","0","0","0","N","0","0","0","1","68B03","0","","4.0","","1","N","N","","0","","0","0","0","","0","","","1","0","0","0","0","0","0","2","0","1","","","","N","","","","","","","","","",""
"2009117132","","2","0","0","0","0","0","0","0","0","4","0","","02","11","2009","5","40.4296","-79.8784","","11","0","0","0","0","0","0","0","0","","0","0","0","","","0","","0","","40 25:46.560","","0","79 52:42.240","0","0","0","0","2426","0","0","0","N","0","0","0","2","68B03","0","","1.0","","1","N","N","","0","","0","0","0","","0","","","2","0","0","0","0","0","0","2","0","2","","","","N","","","","","","","","","",""
"2009117200","","0","0","0","0","0","0","0","0","0","5","0","55","02","11","2009","5","40.65493","-80.069292","","11","0","0","0","1","0","1","0","0","1","0","0","0","","","0","","0","","40 39:17.748","3","0","80 04:09.451","0","0","0","0","2216","0","0","0","N","0","0","0","3","68T02","0","","1.0","","1","N","N","","1","","0","0","1","","0","N","","2","0","0","0","0","0","0","2","0","2","","","N","Y","4","1","N","N","N","N","Y","N","Y",""
"2009117202","","1","0","0","0","0","0","0","0","0","5","0","","02","11","2009","3","40.598319","-79.920599","","11","0","0","0","0","0","0","0","0","","0","0","0","","","0","","0","","40 35:53.949","","0","79 55:14.155","9","0","0","0","2207","0","0","0","N","0","0","0","1","68T02","0","","2.0","","1","N","N","","0","","0","0","0","","0","","","2","0","0","0","0","0","1","1","0","2","","","","N","","","","","","","","","",""
"2009117207","","1","0","0","0","0","0","0","0","0","5","0","","02","11","2009","3","40.411133","-79.919153","","11","0","0","0","0","0","1","0","0","1","0","0","0","","","2","","0","","40 24:40.077","5","3","79 55:08.949","8","0","0","0","2438","0","0","0","N","0","0","0","5","02438","0","","1.0","","1","N","N","","0","","0","0","2","","0","Y","","3","2","0","0","0","2","1","2","0","3","","","","N","","","","","","","","","",""
"2009117210","","1","0","0","0","0","0","0","0","0","7","0","","02","11","2009","3","40.27357","-79.899189","","11","0","0","0","0","0","0","0","0","2","0","0","0","","","0","","0","","40 16:24.852","2","0","79 53:57.079","0","0","0","0","2440","0","0","0","Y","0","0","0","1","02440","0","","1.0","","1","N","N","","0","","0","0","0","","0","N","","1","0","0","0","0","0","0","2","0","1","","","","N","","","","","","","","","",""
"2009117212","","2","0","0","0","0","0","0","0","0","4","0","","02","11","2009","6","40.497747","-80.069719","","11","0","0","0","0","0","0","0","0","","0","0","0","","","0","","0","","40 29:51.889","","0","80 04:10.987","0","0","0","0","2402","0","0","0","N","0","0","0","3","02402","0","","1.0","","1","N","N","","0","","0","0","0","","0","","","2","0","0","0","0","0","0","2","0","2","","","","N","","","","","","","","","",""
"2009117215","","0","0","0","0","0","0","0","0","0","1","0","","02","11","2009","6","40.52955","-79.990343","","11","0","0","0","0","0","0","0","0","","0","0","0","","","0","","0","","40 31:46.380","","0","79 59:25.234","0","0","0","0","2116","0","0","0","N","0","0","0","6","02116","0","","1.0","","1","N","N","","0","","0","0","3","","0","","","3","0","0","0","0","0","0","2","0","3","","","","N","","","","","","","","","",""
"2009117219","","3","0","0","0","0","0","0","0","0","1","0","","02","11","2009","6","40.39861","-80.065576","","11","0","0","0","1","0","0","0","0","1","0","0","0","","","0","","0","","40 23:54.996","2","0","80 03:56.072","9","0","0","0","2117","0","0","0","N","0","0","0","5","02117","0","","1.0","","1","N","N","","0","","0","0","1","","2","N","","4","0","0","0","0","0","1","2","0","4","","","","N","","","","","","","","","",""
"2009117224","","2","0","0","0","0","0","0","0","0","1","0","","02","11","2009","6","40.367623","-80.039903","","11","0","0","0","0","0","0","0","0","","0","0","0","","","0","","0","","40 22:03.444","","0","80 02:23.650","0","0","0","0","2109","0","0","0","N","0","0","0","3","02109","0","","1.0","","1","N","N","","0","","0","0","0","","0","","","3","0","0","0","0","0","0","2","1","3","","","","N","","","","","","","","","",""
"2009117225","","2","0","0","0","0","0","0","0","0","4","1","","02","11","2009","6","40.333159","-79.970977","","11","0","0","0","0","0","1","0","0","2","0","1","0","","","0","","0","","40 19:59.372","5","0","79 58:15.517","0","0","0","0","2454","0","0","0","N","0","0","0","3","02454","0","","1.0","","1","N","N","","0","","0","0","0","","0","Y","","3","0","0","0","0","0","0","2","0","3","","","","N","","","","","","","","","",""
"2009117235","","1","0","0","0","0","0","1","0","0","4","1","","02","11","2009","6","40.438892","-79.934087","","11","0","0","0","0","0","0","0","0","1","0","0","0","","","0","","1","","40 26:20.011","6","0","79 56:02.713","0","0","0","0","2301","0","0","0","N","0","0","0","2","02503","0","","1.0","","1","N","N","","0","","0","0","0","","3","N","","2","0","0","0","0","0","0","2","0","2","","","","N","","","","","","","","","",""
"2009117240","","1","0","0","0","0","0","0","0","0","1","0","","02","11","2009","5","40.526882","-80.035554","","11","0","1","0","0","0","1","0","0","","0","0","0","","","1","","0","","40 31:36.775","","0","80 02:07.996","8","0","0","0","2116","0","0","0","N","0","0","0","3","02116","0","","1.0","","1","N","N","","1","","0","0","0","","0","","","2","1","0","0","0","1","0","2","0","2","","","","N","","","","","","","","","",""
"2009117248","","0","0","0","0","0","0","0","0","0","7","0","","02","11","2009","6","40.406936","-79.910744","","11","0","0","0","0","0","0","0","0","2","0","0","0","","","0","","0","","40 24:24.968","2","0","79 54:38.680","9","0","0","0","2438","0","0","0","N","0","0","0","2","02438","0","","5.0","","1","N","N","","0","","0","0","1","","0","Y","","1","0","0","0","0","0","1","2","0","1","","","","N","","","","","","","","","",""
"2009117249","","2","0","0","0","0","0","0","0","0","1","0","","02","11","2009","7","40.453683","-79.934781","","11","0","0","0","0","0","0","0","0","1","0","0","0","","","0","","2","","40 27:13.258","4","0","79 56:05.211","0","0","0","0","2301","0","0","0","N","0","0","0","3","02301","0","","1.0","","1","N","N","","0","","0","0","0","","3","N","","2","0","0","0","0","0","0","2","0","2","","","","N","","","","","","","","","",""
"2009117255","","1","0","0","0","0","0","0","0","0","5","0","","02","11","2009","7","40.460459","-79.888202","","11","0","0","0","0","0","0","0","0","","0","0","0","","","0","","0","","40 27:37.654","","0","79 53:17.528","0","0","0","0","2301","0","0","0","N","0","0","0","4","02301","0","","1.0","","1","N","N","","0","","0","0","1","","0","","","2","0","0","0","0","0","0","2","0","2","","","","N","","","","","","","","","",""
"2009117258","","1","0","0","0","0","0","0","0","0","4","0","","02","11","2009","6","40.43287","-80.01346","","11","0","0","0","0","0","0","0","0","2","0","0","0","","","1","","1","","40 25:58.332","2","0","80 00:48.456","8","0","0","0","2301","0","0","0","N","0","0","0","3","02301","0","","1.0","","1","N","N","","0","","0","0","1","","3","N","","2","1","0","0","0","1","0","2","0","2","","","","N","","","","","","","","","",""
"2009117264","","1","0","0","0","0","0","0","0","0","6","0","","02","11","2009","6","40.470015","-79.712164","","11","0","0","0","0","0","0","0","0","1","0","0","0","","","0","","0","","40 28:12.054","2","0","79 42:43.790","0","0","0","0","2466","0","0","0","N","0","0","0","1","02466","0","","1.0","","1","N","N","","0","","0","0","1","","0","N","","2","0","0","0","0","0","0","2","0","2","","","","N","","","","","","","","","",""
"2009117272","","2","0","0","0","0","0","0","0","0","4","0","","02","11","2009","7","40.438023","-79.913084","","11","0","0","0","0","1","0","0","0","1","0","0","0","","","0","","1","","40 26:16.882","2","0","79 54:47.102","0","0","0","0","2301","0","0","0","N","0","0","0","2","02301","0","","1.0","","1","N","N","","0","","0","0","0","","2","N","","2","0","0","0","0","0","0","2","0","2","","","","N","","","","","","","","","",""
"2009117273","","2","0","0","0","0","0","0","0","0","5","0","","02","11","2009","6","40.443576","-79.797578","","11","0","0","0","0","0","1","0","0","","0","0","0","","","0","","2","","40 26:36.873","","0","79 47:51.280","0","0","0","0","2113","0","0","0","N","0","0","0","4","02113","0","","1.0","","1","N","N","","0","","0","0","0","","3","","","2","0","0","0","0","0","0","2","0","2","","","","N","","","","","","","","","",""
"2009117279","","0","0","0","0","0","0","0","0","0","7","0","","02","11","2009","7","40.417979","-79.972206","","11","0","0","0","0","0","0","0","0","","0","0","0","","","0","","0","","40 25:04.724","","0","79 58:19.941","0","0","0","0","2301","0","0","0","N","0","0","0","1","02301","0","","2.0","","1","N","N","","0","","0","0","1","","0","","","1","0","0","0","0","0","0","2","0","1","","","","N","","","","","","","","","",""
"2009117280","","0","0","0","0","0","0","0","0","0","4","0","","02","11","2009","6","40.370519","-79.975201","","11","0","1","0","0","0","0","0","0","1","0","0","0","","","1","","1","","40 22:13.868","3","0","79 58:30.723","4","0","0","0","2413","0","0","0","N","0","0","0","2","02413","1","","1.0","","1","N","N","","1","","0","0","0","","2","Y","","2","1","0","0","0","0","0","2","0","2","","","","N","","","","","","","","","",""
"2009117309","","1","0","0","0","0","0","0","0","0","7","0","","02","11","2009","6","40.648055","-79.908061","","11","0","0","0","0","0","0","0","0","1","0","0","0","","","0","","0","","40 38:52.998","5","0","79 54:29.019","9","0","0","0","2220","0","0","0","N","0","0","0","1","02220","0","","5.0","","1","N","N","","0","","0","0","0","","0","Y","","1","0","0","0","0","0","1","1","0","1","","","","N","","","","","","","","","",""