"CRN","ARRIVAL_TM","AUTOMOBILE_COUNT","BELTED_DEATH_COUNT","BELTED_SUSP_SERIOUS_INJ_COUNT","BICYCLE_COUNT","BICYCLE_DEATH_COUNT","BICYCLE_SUSP_SERIOUS_INJ_COUNT","BUS_COUNT","CHLDPAS_DEATH_COUNT","CHLDPAS_SUSP_SERIOUS_INJ_COUNT","COLLISION_TYPE","COMM_VEH_COUNT","CONS_ZONE_SPD_LIM","COUNTY","CRASH_MONTH","CRASH_YEAR","DAY_OF_WEEK","DEC_LATITUDE","DEC_LONGITUDE","DISPATCH_TM","DISTRICT","DRIVER_COUNT_16YR","DRIVER_COUNT_17YR","DRIVER_COUNT_18YR","DRIVER_COUNT_19YR","DRIVER_COUNT_20YR","DRIVER_COUNT_50_64YR","DRIVER_COUNT_65_74YR","DRIVER_COUNT_75PLUS","EST_HRS_CLOSED","FATAL_COUNT","HEAVY_TRUCK_COUNT","HORSE_BUGGY_COUNT","HOUR_OF_DAY","ILLUMINATION","INJURY_COUNT","INTERSECTION_RELATED","INTERSECT_TYPE","LANE_CLOSED","LATITUDE","LN_CLOSE_DIR","LOCATION_TYPE","LONGITUDE","MAX_SEVERITY_LEVEL","MCYCLE_DEATH_COUNT","MCYCLE_SUSP_SERIOUS_INJ_COUNT","MOTORCYCLE_COUNT","MUNICIPALITY","NONMOTR_COUNT","NONMOTR_DEATH_COUNT","NONMOTR_SUSP_SERIOUS_INJ_COUNT","NTFY_HIWY_MAINT","PED_COUNT","PED_DEATH_COUNT","PED_SUSP_SERIOUS_INJ_COUNT","PERSON_COUNT","POLICE_AGCY","POSSIBLE_INJ_COUNT","RDWY_SURF_TYPE_CD","RELATION_TO_ROAD","ROADWAY_CLEARED","ROAD_CONDITION","SCH_BUS_IND","SCH_ZONE_IND","SECONDARY_CRASH","SMALL_TRUCK_COUNT","SPEC_JURIS_CD","SUSP_MINOR_INJ_COUNT","SUSP_SERIOUS_INJ_COUNT","SUV_COUNT","TCD_FUNC_CD","TCD_TYPE","TFC_DETOUR_IND","TIME_OF_DAY","TOTAL_UNITS","TOT_INJ_COUNT","UNBELTED_OCC_COUNT","UNB_DEATH_COUNT","UNB_SUSP_SERIOUS_INJ_COUNT","UNK_INJ_DEG_COUNT","UNK_INJ_PER_COUNT","URBAN_RURAL","VAN_COUNT","VEHICLE_COUNT","WEATHER1","WEATHER2","WORKERS_PRES","WORK_ZONE_IND","WORK_ZONE_LOC","WORK_ZONE_TYPE","WZ_CLOSE_DETOUR","WZ_FLAGGER","WZ_LAW_OFFCR_IND","WZ_LN_CLOSURE","WZ_MOVING","WZ_OTHER","WZ_SHLDER_MDN","WZ_WORKERS_INJ_KILLED"
"2009117667","","2","0","0","0","0","0","0","0","0","4","0","","02","11","2009","4","40.4281","-79.9549","","11","0","0","1","0","0","0","0","0","3","0","0","0","","","1","","0","","40 25:41.160","4","0","79 57:17.640","4","0","0","0","2301","0","0","0","Y","0","0","0","1","68B03","1","","1.0","","9","N","N","","0","","0","0","0","","0","N","","2","1","0","0","0","0","0","2","0","2","","","","N","","","","","","","","","",""
"2009117668","","3","0","0","0","0","0","0","0","0","1","0","","02","11","2009","4","40.4281","-79.9549","","11","0","0","0","0","0","0","0","0","3","0","0","0","","","0","","0","","40 25:41.160","4","0","79 57:17.640","0","0","0","0","2301","0","0","0","Y","0","0","0","4","68B03","0","","1.0","","9","N","N","","1","","0","0","0","","0","N","","4","0","0","0","0","0","0","2","0","4","","","","N","","","","","","","","","",""
"2009117669","","1","0","0","0","0","0","0","0","0","1","0","","02","11","2009","5","40.438903","-80.011185","","11","0","0","0","0","0","0","0","0","1","0","0","0","","","0","","0","","40 26:20.051","3","3","80 00:40.266","0","0","0","0","2301","0","0","0","N","0","0","0","2","68B03","0","","1.0","","1","N","N","","0","","0","0","1","","0","N","","2","0","0","0","0","0","0","2","0","2","","","","N","","","","","","","","","",""
"2009117670","","1","0","0","0","0","0","0","0","0","99","0","","02","11","2009","7","40.532963","-80.12627","","11","0","0","0","0","0","0","0","0","","0","0","0","","","0","","0","","40 31:58.666","","0","80 07:34.572","0","0","0","0","2125","0","0","0","N","0","0","0","1","68B03","0","","1.0","","1","N","N","","0","","0","0","0","","0","","","1","0","0","0","0","0","0","2","0","1","","","","N","","","","","","","","","",""
"2009117811","","1","0","0","0","0","0","0","0","0","8","0","","02","11","2009","2","40.428363","-79.97351","","11","0","0","0","0","0","0","0","0","1","0","0","0","","","1","","2","","40 25:42.107","1","0","79 58:24.636","4","0","0","0","2301","1","0","0","N","1","0","0","2","02301","1","","1.0","","9","N","N","","0","","0","0","0","","2","N","","2","1","0","0","0","0","0","2","0","1","","","","N","","","","","","","","","",""
"2009117913","","1","0","0","0","0","0","0","0","0","7","0","","02","11","2009","6","40.2785","-79.938","","11","0","0","0","0","0","0","0","1","3","0","0","0","","","1","","0","","40 16:42.600","2","0","79 56:16.800","3","0","0","0","2440","0","0","0","N","0","0","0","1","68T09","0","","3.0","","1","N","N","","0","","1","0","0","","0","N","","1","1","0","0","0","0","0","2","0","1","","","","N","","","","","","","","","",""
"2009117915","","1","0","0","0","0","0","0","0","0","7","0","","02","11","2009","2","40.396182","-80.176426","","11","0","0","0","1","0","0","0","0","3","0","0","0","","","0","","0","","40 23:46.256","6","0","80 10:35.133","0","0","0","0","2119","0","0","0","N","0","0","0","1","02119","0","","2.0","","9","N","N","","0","","0","0","0","","0","Y","","1","0","0","0","0","0","0","2","0","1","","","","N","","","","","","","","","",""
"2009117916","","0","0","0","0","0","0","0","0","0","4","0","","02","11","2009","2","40.391697","-80.015764","","11","0","0","0","0","0","0","0","1","","0","0","0","","","1","","0","","40 23:30.109","","0","80 00:56.750","8","0","0","0","2301","0","0","0","N","0","0","0","1","02301","0","","6.0","","9","N","N","","0","","0","0","2","","0","","","2","1","0","0","0","1","0","2","0","2","","","","N","","","","","","","","","",""
"2009117919","","2","0","0","0","0","0","0","0","0","1","0","","02","11","2009","2","40.45598","-79.933319","","11","0","0","0","0","0","0","0","0","","0","0","0","","","1","","0","","40 27:21.528","","0","79 55:59.948","4","0","0","0","2301","0","0","0","N","0","0","0","2","02301","1","","1.0","","9","N","N","","0","","0","0","0","","2","","","2","1","0","0","0","0","0","2","0","2","","","","N","","","","","","","","","",""
"2009117923","","0","0","0","0","0","0","0","0","0","7","0","","02","11","2009","2","40.405327","-79.990938","","11","0","0","0","0","0","0","0","0","1","0","0","0","","","0","","2","","40 24:19.177","4","0","79 59:27.376","0","0","0","0","2301","0","0","0","N","0","0","0","1","02301","0","","5.0","","9","N","N","","0","","0","0","0","","0","N","","1","0","0","0","0","0","0","2","1","1","","","","N","","","","","","","","","",""
"2009117934","","2","0","0","0","0","0","0","0","0","1","0","","02","11","2009","2","40.377485","-80.046372","","11","0","0","0","0","0","0","0","0","","0","0","0","","","0","","2","","40 22:38.946","","0","80 02:46.938","0","0","0","0","2109","0","0","0","N","0","0","0","3","02109","0","","1.0","","9","N","N","","0","","0","0","0","","2","","","2","0","0","0","0","0","0","2","0","2","","","","N","","","","","","","","","",""
"2009117942","","1","0","0","0","0","0","0","0","0","1","0","","02","11","2009","1","40.383627","-79.858705","","11","0","0","0","0","0","0","0","0","1","0","0","0","","","1","","2","","40 23:01.057","1","0","79 51:31.338","4","0","0","0","2303","0","0","0","N","0","0","0","2","02303","1","","1.0","","1","N","N","","1","","0","0","0","","0","N","","2","1","1","0","0","0","0","2","0","2","","","","N","","","","","","","","","",""
"2009117960","","2","0","0","0","0","0","0","0","0","6","1","","02","11","2009","2","40.453019","-80.039483","","11","0","0","0","0","0","1","1","0","2","0","0","0","","","1","","2","","40 27:10.869","4","0","80 02:22.140","8","0","0","0","2301","0","0","0","N","0","0","0","2","02301","0","","1.0","","9","N","N","","0","","0","0","0","","1","N","","2","1","0","0","0","1","0","2","0","2","","","","N","","","","","","","","","",""
"2009117965","","0","0","0","0","0","0","0","0","0","5","0","","02","11","2009","5","40.431528","-80.048862","","11","0","0","0","0","0","0","0","0","","0","0","0","","","0","","0","","40 25:53.500","","0","80 02:55.903","0","0","0","0","2301","0","0","0","N","0","0","0","2","02301","0","","1.0","","1","N","N","","1","","0","0","0","","0","","","3","0","0","0","0","0","0","2","2","3","","","","N","","","","","","","","","",""
"2009117970","","0","0","0","0","0","0","0","0","0","7","0","","02","11","2009","3","40.321391","-79.836799","","11","0","0","0","0","0","0","0","0","","0","0","0","","","1","","0","","40 19:17.009","","0","79 50:12.476","8","0","0","0","2477","0","0","0","N","0","0","0","2","02477","0","","5.0","","9","N","N","","0","","0","0","1","","0","","","1","1","0","0","0","1","0","2","0","1","","","","N","","","","","","","","","",""
"2009117971","","2","0","0","0","0","0","0","0","0","1","0","","02","11","2009","6","40.538386","-79.832029","","11","0","0","0","0","0","1","0","0","","0","0","0","","","0","","0","","40 32:18.189","","0","79 49:55.304","0","0","0","0","2208","0","0","0","N","0","0","0","4","02208","0","","1.0","","1","N","N","","0","","0","0","0","","0","","","2","0","0","0","0","0","0","2","0","2","","","","N","","","","","","","","","",""
"2009117972","","2","0","0","0","0","0","0","0","0","4","0","","02","11","2009","3","40.418251","-79.968443","","11","0","0","0","0","0","0","0","0","1","0","0","0","","","0","","0","","40 25:05.703","7","0","79 58:06.394","9","0","0","0","2301","0","0","0","N","0","0","0","1","02301","0","","4.0","","1","N","N","","1","","0","0","0","","0","N","","3","0","0","0","0","0","1","2","0","3","","","","N","","","","","","","","","",""
"2009117973","","0","0","0","0","0","0","0","0","0","7","0","","02","11","2009","2","40.649736","-79.970332","","11","0","0","0","0","0","0","0","0","1","0","0","0","","","1","","0","","40 38:59.049","2","0","79 58:13.195","4","0","0","0","2217","0","0","0","N","0","0","0","1","02505","1","","5.0","","1","N","N","","1","","0","0","0","","0","N","","1","1","0","0","0","0","0","2","0","1","","","","N","","","","","","","","","",""
"2009117974","","1","0","0","0","0","0","0","0","0","1","0","","02","11","2009","1","40.639603","-79.771563","","11","0","0","0","0","1","0","0","0","","0","0","0","","","0","","2","","40 38:22.572","","0","79 46:17.625","0","0","0","0","2202","0","0","0","N","0","0","0","2","02202","0","","1.0","","1","N","N","","1","","0","0","0","","0","","","2","0","0","0","0","0","0","1","0","2","","","","N","","","","","","","","","",""
"2009117976","","2","0","0","0","0","0","0","0","0","4","0","","02","11","2009","7","40.448948","-80.162827","","11","0","0","0","0","0","0","0","0","","0","0","0","","","1","","2","","40 26:56.212","","7","80 09:46.177","4","0","0","0","2115","0","0","0","N","0","0","0","4","02115","1","","1.0","","1","N","N","","0","","0","0","0","","0","","","2","1","0","0","0","0","0","2","0","2","","","","N","","","","","","","","","",""
"2009117977","","1","0","0","0","0","0","0","0","0","8","0","","02","11","2009","6","40.4521","-80.1339","","11","0","0","0","0","0","0","0","0","","0","0","0","","","1","","1","","40 27:07.560","","0","80 08:02.040","4","0","0","0","2115","1","0","0","N","1","0","0","2","02115","1","","1.0","","1","N","N","","0","","0","0","0","","2","","","2","1","0","0","0","0","0","2","0","1","","","","N","","","","","","","","","",""
"2009117982","","2","0","0","0","0","0","0","0","0","1","1","","02","11","2009","5","40.442328","-79.789301","","11","0","0","0","0","0","1","1","0","","0","1","0","","","2","","0","","40 26:32.382","","0","79 47:21.483","3","0","0","0","2446","0","0","0","N","0","0","0","3","68B01","1","","1.0","","1","N","N","","0","","1","0","0","","0","","","3","2","0","0","0","0","0","2","0","3","","","","N","","","","","","","","","",""
"2009118085","","1","0","0","0","0","0","0","0","0","7","0","55","02","11","2009","4","40.615","-79.9758","","11","0","0","0","0","0","0","0","0","","0","0","0","","","0","","0","","40 36:54.000","","0","79 58:32.880","0","0","0","0","2217","0","0","0","N","0","0","0","1","68T02","0","","2.0","","1","N","N","","0","","0","0","0","","0","","","1","0","0","0","0","0","0","1","0","1","","","N","Y","8","1","N","N","N","N","Y","N","N",""
"2009118086","","0","0","0","0","0","0","0","0","0","99","1","","02","11","2009","7","40.475985","-79.767323","","11","0","0","0","0","0","0","0","0","","0","1","0","","","0","","0","","40 28:33.545","","0","79 46:02.363","0","0","0","0","2466","0","0","0","N","0","0","0","1","68T02","0","","1.0","","1","N","N","","0","","0","0","0","","0","","","1","0","0","0","0","0","0","2","0","1","","","","N","","","","","","","","","",""
"2009118087","","1","0","0","0","0","0","0","0","0","99","0","","02","11","2009","1","40.613173","-79.964907","","11","0","0","0","0","0","0","0","0","","0","0","0","","","2","","0","","40 36:47.424","","0","79 57:53.665","4","0","0","0","2207","0","0","0","N","0","0","0","2","68T02","2","","1.0","","1","N","N","","0","","0","0","0","","0","","","1","2","0","0","0","0","0","2","0","1","","","","N","","","","","","","","","",""
"2009118101","","1","0","2","0","0","0","0","0","0","4","0","","02","11","2009","4","40.33258","-80.070463","","11","0","0","0","0","0","1","0","1","2","0","0","0","","","2","","2","","40 19:57.288","5","2","80 04:13.665","2","0","0","0","2123","0","0","0","N","0","0","0","2","02123","0","","7.0","","1","N","N","","0","","0","2","0","","0","Y","","2","2","0","0","0","0","0","2","1","2","","","","N","","","","","","","","","",""
"2009118105","","1","0","0","0","0","0","0","0","0","4","0","","02","11","2009","3","40.457093","-79.975331","","11","0","0","0","0","0","1","0","0","","0","0","0","","","0","","0","","40 27:25.534","","0","79 58:31.191","0","0","0","0","2301","0","0","0","N","0","0","0","2","02301","0","","1.0","","1","N","N","","0","","0","0","1","","0","","","2","0","0","0","0","0","0","2","0","2","","","","N","","","","","","","","","",""
"2009118118","","3","0","0","0","0","0","0","0","0","1","0","","02","11","2009","3","40.457101","-79.877679","","11","0","0","0","0","0","2","0","0","","0","0","0","","","0","","2","","40 27:25.564","","0","79 52:39.644","0","0","0","0","2301","0","0","0","N","0","0","0","3","02301","0","","1.0","","9","N","N","","0","","0","0","0","","2","","","3","0","0","0","0","0","0","2","0","3","","","","N","","","","","","","","","",""
"2009118119","","2","0","0","0","0","0","0","0","0","4","0","","02","11","2009","1","40.436004","-79.785298","","11","0","0","0","0","0","0","0","1","","0","0","0","","","0","","0","","40 26:09.616","","7","79 47:07.074","0","0","0","0","2446","0","0","0","N","0","0","0","4","02446","0","","1.0","","1","N","N","","0","","0","0","0","","2","","","2","0","0","0","0","0","0","2","0","2","","","","N","","","","","","","","","",""
"2009118137","","1","0","0","0","0","0","0","0","0","4","0","","02","11","2009","3","40.414459","-79.988047","","11","0","0","0","0","0","2","0","0","","0","0","0","","","0","","1","","40 24:52.052","","0","79 59:16.969","0","0","0","0","2301","0","0","0","N","0","0","0","3","02301","0","","1.0","","1","N","N","","0","","0","0","1","","2","","","2","0","0","0","0","0","0","2","0","2","","","","N","","","","","","","","","",""
"2009118139","","1","0","0","0","0","0","0","0","0","6","0","","02","11","2009","1","40.536068","-80.086319","","11","0","0","0","0","0","1","0","0","1","0","0","0","","","0","","0","","40 32:09.844","2","0","80 05:10.748","0","0","0","0","2215","0","0","0","N","0","0","0","2","02215","0","","1.0","","1","N","N","","1","","0","0","0","","0","N","","2","0","0","0","0","0","0","2","0","2","","","","N","","","","","","","","","",""
"2009118154","","2","0","0","0","0","0","0","0","0","6","0","","02","11","2009","7","40.460221","-79.842652","","11","0","0","0","1","0","0","0","0","","0","0","0","","","0","","5","","40 27:36.794","","0","79 50:33.548","0","0","0","0","2113","0","0","0","N","0","0","0","2","02113","0","","1.0","","1","N","N","","0","","0","0","0","","2","","","2","0","0","0","0","0","0","2","0","2","","","","N","","","","","","","","","",""
"2009118160","","0","0","0","0","0","0","0","0","0","7","0","","02","11","2009","3","40.479707","-79.966","","11","0","0","0","0","0","0","0","0","3","0","0","0","","","1","","7","","40 28:46.944","2","2","79 57:57.600","4","0","0","0","2118","0","0","0","Y","0","0","0","1","02118","1","","7.0","","1","N","N","","1","","0","0","0","","0","N","","1","1","0","0","0","0","0","2","0","1","","","","N","","","","","","","","","",""
"2009118162","","1","0","0","0","0","0","0","0","0","4","0","25","02","11","2009","7","40.473538","-80.062351","","11","0","0","0","0","0","0","0","0","6","0","0","0","","","0","","0","","40 28:24.738","6","3","80 03:44.462","0","0","0","0","2444","0","0","0","N","0","0","0","1","02444","0","","1.0","","1","N","N","","0","","0","0","0","","0","N","","2","0","0","0","0","0","0","2","0","2","","","Y","Y","4","1","Y","","N","","","","",""
"2009118175","","1","0","0","0","0","0","0","0","0","4","0","","02","11","2009","3","","","","11","0","1","0","0","0","0","0","0","2","0","0","0","","","2","","2","","","1","0","","4","0","0","0","2473","0","0","0","N","0","0","0","7","02473","2","","1.0","","9","N","N","","0","","0","0","1","","3","N","","3","2","0","0","0","0","0","1","1","3","","","","N","","","","","","","","","",""
"2009118182","","2","0","0","0","0","0","0","0","0","4","0","","02","11","2009","6","40.451941","-80.016578","","11","0","0","1","0","0","1","0","0","1","0","0","0","","","0","","1","","40 27:06.989","4","0","80 00:59.679","9","0","0","0","2301","0","0","0","N","0","0","0","4","02301","0","","1.0","","1","N","N","","0","","0","0","0","","2","Y","","2","0","0","0","0","0","2","2","0","2","","","","N","","","","","","","","","",""
"2009118197","","2","0","0","0","0","0","0","0","0","4","0","","02","11","2009","3","40.464949","-80.073996","","11","0","0","0","0","0","2","0","0","","0","0","0","","","0","","0","","40 27:53.818","","0","80 04:26.387","0","0","0","0","2444","0","0","0","N","0","0","0","2","02444","0","","1.0","","1","N","N","","0","","0","0","0","","0","","","2","0","0","0","0","0","0","2","0","2","","","","N","","","","","","","","","",""
"2009118202","","3","0","0","0","0","0","0","0","0","4","0","","02","11","2009","3","40.558106","-79.984642","","11","0","0","0","0","0","0","0","1","2","0","0","0","","","2","","2","","40 33:29.181","3","0","79 59:04.710","4","0","0","0","2207","0","0","0","N","0","0","0","3","02207","2","","1.0","","1","N","N","","0","","0","0","0","","3","Y","","3","2","0","0","0","0","0","2","0","3","","","","N","","","","","","","","","",""
"2009118203","","1","0","0","0","0","0","0","0","0","99","0","","02","11","2009","3","40.627397","-80.052319","","11","0","0","0","0","0","0","0","0","","0","0","0","","","0","","2","","40 37:38.630","","0","80 03:08.348","0","0","0","0","2216","0","0","0","N","0","0","0","1","02505","0","","1.0","","1","N","N","","0","","0","0","0","","0","","","1","0","0","0","0","0","0","1","0","1","","","","N","","","","","","","","","",""
"2009118210","","1","0","0","0","0","0","0","0","0","4","0","","02","11","2009","3","40.533837","-79.844814","","11","0","0","0","0","0","2","0","0","2","0","0","0","","","3","","2","","40 32:01.814","2","0","79 50:41.330","4","0","0","0","2208","0","0","0","N","0","0","0","3","02208","2","","1.0","","1","N","N","","0","","0","0","1","","2","N","","2","3","0","0","0","1","0","2","0","2","","","","N","","","","","","","","","",""
"2009118211","","2","0","0","0","0","0","0","0","0","1","0","","02","11","2009","3","40.458371","-79.933843","","11","0","0","0","0","0","1","0","0","","0","0","0","","","1","","5","","40 27:30.134","","0","79 56:01.836","3","0","0","0","2301","0","0","0","N","0","0","0","3","02301","0","","1.0","","1","N","N","","0","","1","0","0","","2","","","2","1","0","0","0","0","0","2","0","2","","","","N","","","","","","","","","",""
"2009118216","","1","0","0","0","0","0","0","0","0","7","0","","02","11","2009","2","40.667931","-80.020446","","11","0","1","0","0","0","0","0","0","1","0","0","0","","","0","","0","","40 40:04.550","4","0","80 01:13.607","0","0","0","0","2216","0","0","0","N","0","0","0","1","02505","0","","5.0","","9","N","N","","0","","0","0","0","","0","N","","1","0","0","0","0","0","0","2","0","1","","","","N","","","","","","","","","",""
"2009118218","","1","0","0","0","0","0","0","0","0","4","0","","02","11","2009","2","40.448948","-80.162827","","11","0","0","0","0","1","0","0","0","1","0","0","0","","","1","","2","","40 26:56.212","2","7","80 09:46.177","4","0","0","0","2115","0","0","0","N","0","0","0","3","02115","1","","1.0","","1","N","N","","0","","0","0","1","","0","N","","2","1","2","0","0","0","0","2","0","2","","","","N","","","","","","","","","",""
"2009118219","","0","0","0","0","0","0","0","0","0","7","0","","02","11","2009","2","40.590601","-79.82694","","11","0","0","0","0","0","0","0","0","1","0","0","0","","","0","","0","","40 35:26.162","1","0","79 49:36.985","0","0","0","0","2209","0","0","0","N","0","0","0","1","02209","0","","2.0","","9","N","N","","0","","0","0","1","","0","N","","1","0","0","0","0","0","0","1","0","1","","","","N","","","","","","","","","",""
"2009118280","","2","0","0","0","0","0","0","0","0","2","0","","02","11","2009","3","40.395704","-80.021061","","11","0","0","0","0","0","0","0","0","","0","0","0","","","1","","0","","40 23:44.534","","0","80 01:15.819","8","0","0","0","2301","0","0","0","N","0","0","0","1","02301","0","","6.0","","1","N","N","","0","","0","0","0","","0","","","2","1","1","0","0","1","0","2","0","2","","","","N","","","","","","","","","",""
"2009118288","","0","0","0","0","0","0","0","0","0","7","0","","02","11","2009","2","40.573717","-79.960707","","11","0","1","0","0","0","0","0","0","4","0","0","0","","","1","","0","","40 34:25.380","5","0","79 57:38.545","4","0","0","0","2207","0","0","0","N","0","0","0","1","02207","1","","2.0","","9","N","N","","1","","0","0","0","","0","Y","","1","1","0","0","0","0","0","2","0","1","","","","N","","","","","","","","","",""
"2009118290","","1","0","0","0","0","0","0","0","0","2","0","","02","11","2009","3","40.471756","-79.926912","","11","0","0","0","0","0","1","0","0","","0","0","0","","","0","","1","","40 28:18.321","","0","79 55:36.883","0","0","0","0","2301","0","0","0","N","0","0","0","3","02301","0","","1.0","","1","N","N","","0","","0","0","1","","0","","","2","0","0","0","0","0","0","2","0","2","","","","N","","","","","","","","","",""
"2009118301","","1","0","0","0","0","0","0","0","0","7","0","","02","11","2009","1","40.415828","-79.884145","","11","0","0","0","0","0","0","0","0","","0","0","0","","","0","","0","","40 24:56.980","","0","79 53:02.922","0","0","0","0","2456","0","0","0","N","0","0","0","1","02456","0","","5.0","","1","N","N","","0","","0","0","0","","0","","","1","0","1","0","0","0","0","2","0","1","","","","N","","","","","","","","","",""
"2009118303","","2","0","0","0","0","0","0","0","0","1","0","","02","11","2009","3","40.436438","-79.971222","","11","0","0","0","0","1","1","0","0","1","0","0","0","","","1","","0","","40 26:11.178","3","2","79 58:16.399","2","0","0","0","2301","0","0","0","Y","0","0","0","3","02301","0","","1.0","","1","N","N","","0","","0","1","0","","0","N","","2","1","1","0","1","0","0","2","0","2","","","","N","","","","","","","","","",""
"2009118305","","0","0","0","0","0","0","0","0","0","7","0","","02","11","2009","3","40.396815","-79.997592","","11","0","0","0","0","0","0","0","0","1","0","0","0","","","0","","0","","40 23:48.534","5","0","79 59:51.331","0","0","0","0","2301","0","0","0","N","0","0","0","2","02301","0","","2.0","","1","N","N","","0","","0","0","1","","0","Y","","1","0","0","0","0","0","0","2","0","1","","","","N","","","","","","","","","",""
"2009118307","","2","0","0","0","0","0","0","0","0","4","0","","02","8","2009","2","40.433985","-79.79514","","11","0","0","0","0","0","0","0","0","2","0","0","0","","","1","","0","","40 26:02.347","3","0","79 47:42.504","3","0","0","0","2446","0","0","0","N","0","0","0","5","02446","0","","1.0","","1","N","N","","0","","1","0","0","","0","N","","2","1","3","0","0","0","0","2","0","2","","","","N","","","","","","","","","",""
"2009118319","","2","0","0","0","0","0","0","0","0","1","0","","02","11","2009","6","40.429845","-80.131446","","11","0","0","0","0","0","0","0","0","","0","0","0","","","0","","0","","40 25:47.442","","0","80 07:53.204","0","0","0","0","2115","0","0","0","N","0","0","0","3","02115","0","","1.0","","1","N","N","","0","","0","0","1","","0","","","3","0","0","0","0","0","0","2","0","3","","","","N","","","","","","","","","",""
"2009118321","","0","0","0","0","0","0","0","0","0","7","0","90","02","11","2009","3","40.272398","-79.901232","","11","0","0","0","0","0","0","0","0","","0","0","0","","","0","","0","","40 16:20.631","","0","79 54:04.435","0","0","0","0","2440","0","0","0","N","0","0","0","0","02440","0","","1.0","","1","N","N","","1","","0","0","0","","0","","","2","0","0","0","0","0","0","2","0","2","","","N","Y","4","2","Y","","N","","","","",""
"2009118341","","1","0","0","0","0","0","0","0","0","7","0","","02","11","2009","5","40.4426","-79.8372","","11","0","0","0","0","1","0","0","0","","0","0","0","","","0","","7","","40 26:33.360","","2","79 50:13.920","0","0","0","0","2419","0","0","0","N","0","0","0","1","68B03","0","","5.0","","9","N","N","","0","","0","0","0","","0","","","1","0","0","0","0","0","0","2","0","1","","","","N","","","","","","","","","",""
"2009118342","","1","0","0","0","0","0","0","0","0","7","0","","02","11","2009","6","40.4276","-80.1294","","11","0","0","0","0","0","0","0","0","1","0","0","0","","","1","","0","","40 25:39.360","3","0","80 07:45.840","4","0","0","0","2102","0","0","0","N","0","0","0","1","68B03","1","","2.0","","1","N","N","","0","","0","0","0","","0","N","","1","1","0","0","0","0","0","2","0","1","","","","N","","","","","","","","","",""
"2009118343","","2","0","0","0","0","0","0","0","0","1","0","","02","11","2009","6","40.5251","-80.0693","","11","0","0","0","0","0","0","0","0","","0","0","0","","","0","","7","","40 31:30.360","","2","80 04:09.480","0","0","0","0","2215","0","0","0","N","0","0","0","2","68B01","0","","1.0","","1","N","N","","0","","0","0","0","","2","","","2","0","0","0","0","0","0","2","0","2","","","","N","","","","","","","","","",""
"2009118344","","1","0","0","0","0","0","0","0","0","99","0","","02","11","2009","2","40.5561","-80.1162","","11","0","0","0","0","0","0","0","0","","0","0","0","","","1","","0","","40 33:21.960","","0","80 06:58.320","4","0","0","0","2460","0","0","0","N","0","0","0","1","68B03","1","","1.0","","9","N","N","","0","","0","0","0","","0","","","1","1","0","0","0","0","0","2","0","1","","","","N","","","","","","","","","",""
"2009118441","","2","0","0","0","0","0","0","0","0","5","0","","02","11","2009","4","40.478035","-79.86921","","11","0","0","0","0","0","1","0","0","2","0","0","0","","","1","","0","","40 28:40.926","2","0","79 52:09.156","4","0","0","0","2113","0","0","0","N","0","0","0","3","02113","1","","1.0","","1","N","N","","0","","0","0","0","0","0","N","","2","1","1","0","0","0","0","2","0","2","","","","N","","","","","","","","","",""
"2009118516","","1","0","0","0","0","0","0","0","0","7","0","","02","11","2009","3","40.661203","-80.000601","","11","0","0","0","0","1","0","0","0","","0","0","0","","","1","","2","","40 39:40.329","","0","80 00:02.163","4","0","0","0","2216","0","0","0","N","0","0","0","1","02505","1","","5.0","","9","N","N","","0","","0","0","0","0","0","","","1","1","0","0","0","0","0","1","0","1","","","","N","","","","","","","","","",""
"2009118530","","1","0","0","0","0","0","0","0","0","8","0","","02","11","2009","4","40.456642","-79.939679","","11","0","0","0","0","0","0","0","0","","0","0","0","","","1","","1","","40 27:23.912","","0","79 56:22.843","8","0","0","0","2301","1","0","0","N","1","0","0","2","02301","0","","1.0","","1","N","N","","0","","0","0","0","3","2","","","2","1","0","0","0","1","0","2","0","1","","","","N","","","","","","","","","",""
"2009118541","","2","0","0","0","0","0","0","0","0","4","0","","02","11","2009","3","40.384816","-79.823212","","11","0","0","0","0","0","2","0","0","","0","0","0","","","3","","0","","40 23:05.339","","7","79 49:23.562","4","0","0","0","2111","0","0","0","N","0","0","0","4","02111","3","","1.0","","1","N","N","","0","","0","0","0","0","0","","","2","3","1","0","0","0","0","2","0","2","","","","N","","","","","","","","","",""
"2009118551","","3","0","0","0","0","0","0","0","0","2","0","","02","11","2009","4","40.466871","-79.92864","","11","0","0","0","0","0","0","0","0","","0","0","0","","","0","","0","","40 28:00.735","","0","79 55:43.104","9","0","0","0","2301","0","0","0","N","0","0","0","1","02301","0","","1.0","","1","N","N","","0","","0","0","0","0","0","","","3","0","0","0","0","0","1","2","0","3","","","","N","","","","","","","","","",""
"2009118558","","1","0","0","0","0","0","0","0","0","4","0","","02","11","2009","4","40.382824","-80.068916","","11","0","0","0","0","0","0","0","0","","0","0","0","","","1","","1","","40 22:58.166","","0","80 04:08.096","8","0","0","0","2117","0","0","0","N","0","0","0","2","02117","0","","1.0","","1","N","N","","0","","0","0","1","3","3","","","2","1","0","0","0","1","0","2","0","2","","","","N","","","","","","","","","",""