"CRN","ARRIVAL_TM","AUTOMOBILE_COUNT","BELTED_DEATH_COUNT","BELTED_SUSP_SERIOUS_INJ_COUNT","BICYCLE_COUNT","BICYCLE_DEATH_COUNT","BICYCLE_SUSP_SERIOUS_INJ_COUNT","BUS_COUNT","CHLDPAS_DEATH_COUNT","CHLDPAS_SUSP_SERIOUS_INJ_COUNT","COLLISION_TYPE","COMM_VEH_COUNT","CONS_ZONE_SPD_LIM","COUNTY","CRASH_MONTH","CRASH_YEAR","DAY_OF_WEEK","DEC_LATITUDE","DEC_LONGITUDE","DISPATCH_TM","DISTRICT","DRIVER_COUNT_16YR","DRIVER_COUNT_17YR","DRIVER_COUNT_18YR","DRIVER_COUNT_19YR","DRIVER_COUNT_20YR","DRIVER_COUNT_50_64YR","DRIVER_COUNT_65_74YR","DRIVER_COUNT_75PLUS","EST_HRS_CLOSED","FATAL_COUNT","HEAVY_TRUCK_COUNT","HORSE_BUGGY_COUNT","HOUR_OF_DAY","ILLUMINATION","INJURY_COUNT","INTERSECTION_RELATED","INTERSECT_TYPE","LANE_CLOSED","LATITUDE","LN_CLOSE_DIR","LOCATION_TYPE","LONGITUDE","MAX_SEVERITY_LEVEL","MCYCLE_DEATH_COUNT","MCYCLE_SUSP_SERIOUS_INJ_COUNT","MOTORCYCLE_COUNT","MUNICIPALITY","NONMOTR_COUNT","NONMOTR_DEATH_COUNT","NONMOTR_SUSP_SERIOUS_INJ_COUNT","NTFY_HIWY_MAINT","PED_COUNT","PED_DEATH_COUNT","PED_SUSP_SERIOUS_INJ_COUNT","PERSON_COUNT","POLICE_AGCY","POSSIBLE_INJ_COUNT","RDWY_SURF_TYPE_CD","RELATION_TO_ROAD","ROADWAY_CLEARED","ROAD_CONDITION","SCH_BUS_IND","SCH_ZONE_IND","SECONDARY_CRASH","SMALL_TRUCK_COUNT","SPEC_JURIS_CD","SUSP_MINOR_INJ_COUNT","SUSP_SERIOUS_INJ_COUNT","SUV_COUNT","TCD_FUNC_CD","TCD_TYPE","TFC_DETOUR_IND","TIME_OF_DAY","TOTAL_UNITS","TOT_INJ_COUNT","UNBELTED_OCC_COUNT","UNB_DEATH_COUNT","UNB_SUSP_SERIOUS_INJ_COUNT","UNK_INJ_DEG_COUNT","UNK_INJ_PER_COUNT","URBAN_RURAL","VAN_COUNT","VEHICLE_COUNT","WEATHER1","WEATHER2","WORKERS_PRES","WORK_ZONE_IND","WORK_ZONE_LOC","WORK_ZONE_TYPE","WZ_CLOSE_DETOUR","WZ_FLAGGER","WZ_LAW_OFFCR_IND","WZ_LN_CLOSURE","WZ_MOVING","WZ_OTHER","WZ_SHLDER_MDN","WZ_WORKERS_INJ_KILLED"
"2009118561","","2","0","0","0","0","0","0","0","0","1","0","","02","11","2009","4","40.455301","-80.007701","","11","0","0","0","0","1","0","1","0","","0","0","0","","","3","","0","","40 27:19.083","","0","80 00:27.723","4","0","0","0","2301","0","0","0","N","0","0","0","4","02301","2","","1.0","","9","N","N","","1","","0","0","0","0","0","","","3","3","0","0","0","1","0","2","0","3","","","","N","","","","","","","","","",""
"2009118566","","0","0","0","0","0","0","0","0","0","0","0","","02","11","2009","4","40.560876","-79.791777","","11","0","0","0","1","0","0","0","0","","0","0","0","","","0","","0","","40 33:39.153","","0","79 47:30.398","0","0","0","0","2466","0","0","0","N","0","0","0","1","02466","0","","5.0","","9","N","N","","0","","0","0","1","0","0","","","1","0","0","0","0","0","0","1","0","1","","","","N","","","","","","","","","",""
"2009118576","","1","0","0","0","0","0","0","0","0","4","1","","02","11","2009","4","40.454803","-79.998097","","11","0","0","0","0","0","1","0","0","","0","0","0","","","0","","2","","40 27:17.289","","0","79 59:53.148","0","0","0","0","2301","0","0","0","N","0","0","0","2","02301","0","","1.0","","1","N","N","","0","","0","0","0","3","3","","","2","0","0","0","0","0","0","2","0","2","","","","N","","","","","","","","","",""
"2009118583","","1","0","0","0","0","0","0","0","0","7","0","","02","11","2009","4","40.505843","-80.147658","","11","0","0","0","0","0","0","0","0","","0","0","0","","","0","","2","","40 30:21.034","","0","80 08:51.570","0","0","0","0","2420","0","0","0","N","0","0","0","1","02420","0","","2.0","","1","N","N","","0","","0","0","0","0","0","","","1","0","0","0","0","0","0","2","0","1","","","","N","","","","","","","","","",""
"2009118593","","0","0","0","0","0","0","0","0","0","1","0","","02","11","2009","1","40.378935","-79.852945","","11","0","0","0","0","0","1","0","0","4","0","0","0","","","2","","0","","40 22:44.166","5","3","79 51:10.603","4","0","0","0","2303","0","0","0","N","0","0","0","2","02501","2","","1.0","","1","N","N","","0","","0","0","3","0","0","Y","","3","2","0","0","0","0","0","2","0","3","","","","N","","","","","","","","","",""
"2009118618","","1","0","0","0","0","0","0","0","0","5","0","","02","11","2009","4","40.414709","-80.010877","","11","0","0","0","0","0","0","0","0","1","0","0","0","","","1","","7","","40 24:52.952","2","2","80 00:39.156","4","0","0","0","2301","0","0","0","N","0","0","0","2","02301","1","","1.0","","1","N","N","","1","","0","0","0","0","0","Y","","2","1","0","0","0","0","0","2","0","2","","","","N","","","","","","","","","",""
"2009118622","","2","0","0","0","0","0","0","0","0","1","0","","02","11","2009","4","40.614029","-80.099339","","11","0","0","0","0","0","2","0","0","","0","0","0","","","0","","0","","40 36:50.506","","3","80 05:57.620","0","0","0","0","2481","0","0","0","N","0","0","0","4","02481","0","","1.0","","1","N","N","","0","","0","0","1","0","0","","","3","0","0","0","0","0","0","2","0","3","","","","N","","","","","","","","","",""
"2009118631","","1","0","0","0","0","0","0","0","0","8","0","","02","11","2009","4","40.465082","-79.948221","","11","0","0","0","0","0","0","0","0","","0","0","0","","","1","","1","","40 27:54.295","","0","79 56:53.595","4","0","0","0","2301","1","0","0","N","1","0","0","3","02301","1","","1.0","","1","N","N","","0","","0","0","0","3","3","","","2","1","0","0","0","0","0","2","0","1","","","","N","","","","","","","","","",""
"2009118637","","2","0","0","0","0","0","0","0","0","1","0","","02","11","2009","2","40.338318","-80.051483","","11","0","0","1","0","0","2","0","0","","0","0","0","","","2","","1","","40 20:17.944","","0","80 03:05.338","4","0","0","0","2407","0","0","0","N","0","0","0","6","02407","1","","1.0","","9","N","N","","0","","0","0","1","3","2","","","3","2","0","0","0","1","0","2","0","3","","","","N","","","","","","","","","",""
"2009118670","","0","0","0","0","0","0","0","0","0","1","0","","02","11","2009","2","40.475113","-79.768034","","11","0","0","0","0","0","2","0","0","1","0","0","0","","","0","","2","","40 28:30.406","1","0","79 46:04.921","0","0","0","0","2466","0","0","0","N","0","0","0","2","02466","0","","1.0","","9","N","N","","1","","0","0","1","0","0","N","","2","0","0","0","0","0","0","2","0","2","","","","N","","","","","","","","","",""
"2009118674","","1","0","0","0","0","0","0","0","0","1","0","","02","11","2009","2","40.4337","-80.0209","","11","0","0","0","0","0","2","0","0","","0","0","0","","","0","","0","","40 26:01.320","","0","80 01:15.240","0","0","0","0","2301","0","0","0","N","0","0","0","3","68B03","0","","1.0","","1","N","N","","1","","0","0","0","0","0","","","3","0","0","0","0","0","0","2","1","3","","","","N","","","","","","","","","",""
"2009118675","","0","0","0","0","0","0","0","0","0","1","0","","02","11","2009","2","40.519431","-80.130715","","11","0","0","0","0","0","0","0","0","2","0","0","0","","","0","","0","","40 31:09.950","2","0","80 07:50.575","0","0","0","0","2434","0","0","0","N","0","0","0","4","68B03","0","","4.0","","1","Y","N","","0","","0","0","1","0","0","N","","2","0","0","0","0","0","0","2","1","2","","","","N","","","","","","","","","",""
"2009118676","","0","0","0","0","0","0","0","0","0","99","0","","02","11","2009","7","40.569557","-80.090344","","11","0","0","0","0","0","0","0","0","","0","0","0","","","1","","0","","40 34:10.406","","0","80 05:25.240","4","0","0","0","2481","0","0","0","N","0","0","0","2","68B03","1","","1.0","","1","N","N","","0","","0","0","1","0","0","","","1","1","0","0","0","0","0","2","0","1","","","","N","","","","","","","","","",""
"2009118677","","2","0","0","0","0","0","0","0","0","1","0","","02","11","2009","3","40.4682","-80.2025","","11","0","0","0","0","0","0","0","1","","0","0","0","","","0","","0","","40 28:05.520","","0","80 12:09.000","0","0","0","0","2203","0","0","0","N","0","0","0","3","68B03","0","","1.0","","1","N","N","","0","","0","0","0","0","0","","","2","0","0","0","0","0","0","2","0","2","","","","N","","","","","","","","","",""
"2009118728","","1","0","0","0","0","0","0","0","0","1","0","","02","11","2009","7","40.311086","-80.03299","","11","0","0","0","0","0","0","0","0","","0","0","0","","","1","","1","","40 18:39.908","","0","80 01:58.763","4","0","0","0","2407","0","0","0","N","0","0","0","4","02407","1","","1.0","","1","N","N","","0","","0","0","2","3","2","","","3","1","0","0","0","0","0","2","0","3","","","","N","","","","","","","","","",""
"2009118736","","1","0","0","0","0","0","0","0","0","7","0","","02","11","2009","4","40.442209","-80.083691","","11","0","0","0","0","0","0","0","0","","0","0","0","","","0","","2","","40 26:31.951","","0","80 05:01.288","0","0","0","0","2301","0","0","0","N","0","0","0","1","02301","0","","4.0","","1","N","N","","0","","0","0","0","0","0","","","1","0","0","0","0","0","0","2","0","1","","","","N","","","","","","","","","",""
"2009118741","","2","0","0","0","0","0","0","0","0","1","0","","02","11","2009","4","40.54792","-80.218844","","11","0","0","0","0","0","1","0","0","","0","0","0","","","1","","0","","40 32:52.512","","0","80 13:07.840","4","0","0","0","2103","0","0","0","N","0","0","0","5","02103","1","","1.0","","1","N","N","","0","","0","0","0","0","0","","","2","1","0","0","0","0","0","2","0","2","","","","N","","","","","","","","","",""
"2009118745","","2","0","0","0","0","0","0","0","0","4","0","","02","11","2009","4","40.352338","-80.073812","","11","0","1","0","0","0","0","0","0","","0","0","0","","","0","","1","","40 21:08.418","","0","80 04:25.723","0","0","0","0","2123","0","0","0","N","0","0","0","2","02123","0","","1.0","","1","N","N","","0","","0","0","0","3","3","","","2","0","0","0","0","0","0","2","0","2","","","","N","","","","","","","","","",""
"2009118748","","0","0","0","0","0","0","0","0","0","7","0","","02","11","2009","4","40.39309","-79.975725","","11","0","0","0","0","0","0","0","0","","0","0","0","","","0","","0","","40 23:35.124","","0","79 58:32.610","9","0","0","0","2301","0","0","0","N","0","0","0","1","02301","0","","2.0","","1","N","N","","1","","0","0","0","0","0","","","1","0","0","0","0","0","1","2","0","1","","","","N","","","","","","","","","",""
"2009118764","","2","0","0","0","0","0","0","0","0","5","0","","02","11","2009","4","40.463516","-79.948945","","11","0","0","0","0","0","0","0","0","","0","0","0","","","0","","2","","40 27:48.657","","0","79 56:56.202","0","0","0","0","2301","0","0","0","N","0","0","0","1","02301","0","","1.0","","1","N","N","","0","","0","0","0","3","2","","","2","0","0","0","0","0","0","2","0","2","","","","N","","","","","","","","","",""
"2009118771","","1","0","0","0","0","0","0","0","0","7","0","","02","11","2009","5","40.295758","-79.994475","","11","0","0","0","0","0","0","0","0","2","0","0","0","","","0","","0","","40 17:44.727","2","0","79 59:40.110","0","0","0","0","2219","0","0","0","N","0","0","0","1","02219","0","","5.0","","1","N","N","","0","","0","0","0","0","0","N","","1","0","0","0","0","0","0","2","0","1","","","","N","","","","","","","","","",""
"2009118773","","3","0","0","0","0","0","0","0","0","5","0","","02","11","2009","5","40.42867","-79.989821","","11","0","0","0","1","0","0","0","0","1","0","0","0","","","0","","1","","40 25:43.212","4","0","79 59:23.356","0","0","0","0","2301","0","0","0","N","0","0","0","1","02301","0","","1.0","","1","N","N","","0","","0","0","0","0","0","N","","3","0","0","0","0","0","0","2","0","3","","","","N","","","","","","","","","",""
"2009118779","","2","0","0","0","0","0","0","0","0","1","0","","02","11","2009","4","40.341091","-80.120459","","11","0","1","0","0","0","0","1","0","","0","0","0","","","0","","0","","40 20:27.927","","0","80 07:13.654","0","0","0","0","2119","0","0","0","N","0","0","0","3","02119","0","","1.0","","1","N","N","","0","","0","0","0","0","0","","","2","0","0","0","0","0","0","2","0","2","","","","N","","","","","","","","","",""
"2009118782","","3","0","0","0","0","0","0","0","0","2","0","","02","11","2009","5","40.445545","-79.970429","","11","0","0","0","0","0","0","0","0","","0","0","0","","","0","","0","","40 26:43.962","","0","79 58:13.544","0","0","0","0","2301","0","0","0","N","0","0","0","1","02301","0","","6.0","","1","N","N","","0","","0","0","0","0","0","","","3","0","0","0","0","0","0","2","0","3","","","","N","","","","","","","","","",""
"2009118787","","1","0","0","0","0","0","0","0","0","7","0","","02","11","2009","5","40.440956","-79.760556","","11","0","0","0","0","0","0","0","0","","0","0","0","","","0","","0","","40 26:27.441","","3","79 45:38.001","0","0","0","0","2446","0","0","0","N","0","0","0","1","68B01","0","","3.0","","9","N","N","","0","","0","0","0","0","0","","","1","0","0","0","0","0","0","2","0","1","","","","N","","","","","","","","","",""
"2009118788","","1","0","0","0","0","0","0","0","0","1","0","","02","11","2009","2","40.435094","-79.966529","","11","0","0","0","0","0","1","0","0","2","0","0","0","","","1","","0","","40 26:06.340","4","0","79 57:59.506","3","0","0","0","2301","0","0","0","N","0","0","0","2","68B01","0","","1.0","","9","N","N","","0","","1","0","1","0","0","N","","2","1","0","0","0","0","0","2","0","2","","","","N","","","","","","","","","",""
"2009118789","","1","0","0","0","0","0","0","0","0","7","0","","02","11","2009","3","40.535937","-80.075539","","11","0","0","0","0","0","0","0","0","","0","0","0","","","1","","0","","40 32:09.374","","0","80 04:31.939","4","0","0","0","2215","0","0","0","N","0","0","0","1","68B01","1","","4.0","","9","N","N","","0","","0","0","0","0","0","","","1","1","0","0","0","0","0","2","0","1","","","","N","","","","","","","","","",""
"2009118883","","1","0","0","0","0","0","0","0","0","1","0","","02","11","2009","6","40.582697","-80.046904","","11","1","0","0","0","0","1","0","0","2","0","0","0","","","1","","0","","40 34:57.709","4","0","80 02:48.855","8","0","0","0","2108","0","0","0","N","0","0","0","3","02108","0","","1.0","","1","N","N","","0","","0","0","1","0","0","N","","2","1","0","0","0","1","0","2","0","2","","","","N","","","","","","","","","",""
"2009118896","","1","0","0","0","0","0","0","0","0","7","0","","02","10","2009","7","40.324728","-79.883481","","11","0","0","0","0","0","0","0","0","","0","0","0","","","1","","0","","40 19:29.020","","0","79 53:00.531","3","0","0","0","2433","0","0","0","N","0","0","0","1","02433","0","","4.0","","1","N","N","","0","","1","0","0","0","0","","","1","1","1","0","0","0","0","2","0","1","","","","N","","","","","","","","","",""
"2009119018","","0","0","0","0","0","0","0","0","0","7","0","","02","11","2009","4","40.639092","-79.937797","","11","0","0","0","0","0","1","0","0","1","0","0","0","","","0","","0","","40 38:20.731","2","0","79 56:16.068","0","0","0","0","2217","0","0","0","N","0","0","0","1","02505","0","","5.0","","9","N","N","","1","","0","0","0","0","0","Y","","1","0","0","0","0","0","0","2","0","1","","","","N","","","","","","","","","",""
"2009119030","","1","0","0","0","0","0","0","0","0","7","0","","02","11","2009","4","40.509603","-80.158336","","11","1","0","0","0","0","0","0","0","3","0","0","0","","","5","","0","","40 30:34.570","5","0","80 09:30.010","4","0","0","0","2420","0","0","0","N","0","0","0","5","02420","5","","5.0","","9","N","N","","0","","0","0","0","0","0","Y","","1","5","0","0","0","0","0","2","0","1","","","","N","","","","","","","","","",""
"2009119039","","1","0","0","0","0","0","0","0","0","7","0","","02","11","2009","5","40.56311","-79.966386","","11","0","0","0","0","0","0","0","0","","0","0","0","","","1","","1","","40 33:47.197","","0","79 57:58.988","8","0","0","0","2207","0","0","0","N","0","0","0","2","02207","0","","3.0","","1","N","N","","0","","0","0","0","3","3","","","1","1","0","0","0","1","0","2","0","1","","","","N","","","","","","","","","",""
"2009119049","","1","0","0","0","0","0","0","0","0","1","0","","02","11","2009","6","40.408331","-79.894203","","11","0","0","0","0","0","0","1","0","","0","0","0","","","1","","2","","40 24:29.992","","0","79 53:39.132","8","0","0","0","2448","0","0","0","N","0","0","0","3","02448","0","","1.0","","1","N","N","","1","","0","0","1","3","2","","","3","1","0","0","0","1","1","2","0","3","","","","N","","","","","","","","","",""
"2009119052","","1","0","0","0","0","0","0","0","0","4","0","","02","11","2009","4","40.435278","-79.78935","","11","0","0","0","0","1","0","0","0","1","0","0","0","","","1","","0","","40 26:07.002","4","0","79 47:21.659","4","0","0","0","2446","0","0","0","N","0","0","0","3","02446","1","","1.0","","1","N","N","","0","","0","0","1","0","0","N","","2","1","1","0","0","0","0","2","0","2","","","","N","","","","","","","","","",""
"2009119053","","2","0","0","0","0","0","0","0","0","4","0","","02","11","2009","4","40.59453","-79.947837","","11","0","0","0","0","0","1","0","0","","0","0","0","","","0","","2","","40 35:40.307","","0","79 56:52.212","0","0","0","0","2207","0","0","0","N","0","0","0","2","02207","0","","1.0","","1","N","N","","0","","0","0","0","0","0","","","2","0","0","0","0","0","0","2","0","2","","","","N","","","","","","","","","",""
"2009119054","","1","0","0","0","0","0","0","0","0","1","0","","02","11","2009","5","40.474421","-79.971592","","11","0","0","0","0","0","1","0","0","1","0","0","0","","","1","","0","","40 28:27.916","2","0","79 58:17.731","4","0","0","0","2445","0","0","0","N","0","0","0","5","02445","1","","1.0","","9","N","N","","1","","0","0","0","0","0","N","","2","1","0","0","0","0","0","2","0","2","","","","N","","","","","","","","","",""
"2009119056","","0","0","0","0","0","0","0","0","0","4","0","","02","11","2009","5","40.459151","-79.909963","","11","0","0","0","0","0","2","0","0","","0","0","0","","","1","","2","","40 27:32.943","","0","79 54:35.866","4","0","0","0","2301","0","0","0","N","0","0","0","5","02301","1","","1.0","","1","N","N","","0","","0","0","1","3","3","","","2","1","0","0","0","0","0","2","1","2","","","","N","","","","","","","","","",""
"2009119058","","2","0","0","0","0","0","0","0","0","1","0","","02","11","2009","3","40.423513","-79.794053","","11","0","0","0","0","0","0","0","0","1","0","0","0","","","3","","2","","40 25:24.646","3","7","79 47:38.592","4","0","0","0","2446","0","0","0","N","0","0","0","4","02446","3","","1.0","","1","N","N","","0","","0","0","0","3","3","N","","2","3","1","0","0","0","0","2","0","2","","","","N","","","","","","","","","",""
"2009119071","","0","0","0","0","0","0","0","0","0","4","0","","02","11","2009","4","40.356716","-80.113204","","11","0","0","0","0","0","1","0","0","","0","0","0","","","0","","0","","40 21:24.177","","7","80 06:47.533","0","0","0","0","2414","0","0","0","N","0","0","0","3","02414","0","","1.0","","1","N","N","","1","","0","0","1","0","0","","","2","0","0","0","0","0","0","2","0","2","","","","N","","","","","","","","","",""
"2009119072","","1","0","0","0","0","0","1","0","0","6","1","","02","11","2009","4","40.350788","-80.098907","","11","0","0","0","0","0","0","1","1","1","0","0","0","","","0","","2","","40 21:02.836","3","0","80 05:56.065","0","0","0","0","2414","0","0","0","N","0","0","0","2","02414","0","","1.0","","1","Y","N","","0","","0","0","0","2","3","Y","","2","0","0","0","0","0","0","2","0","2","","","","N","","","","","","","","","",""
"2009119073","","2","0","0","0","0","0","0","0","0","4","0","","02","11","2009","5","40.36549","-80.115319","","11","0","0","0","0","0","0","0","0","2","0","0","0","","","1","","3","","40 21:55.765","3","0","80 06:55.149","4","0","0","0","2414","0","0","0","N","0","0","0","6","02414","1","","1.0","","1","N","N","","0","","0","0","0","0","0","Y","","2","1","1","0","0","0","0","2","0","2","","","","N","","","","","","","","","",""
"2009119139","","0","0","0","0","0","0","0","0","0","7","0","","02","11","2009","5","40.603085","-79.757337","","11","0","1","0","0","0","0","0","0","1","0","0","0","","","2","","0","","40 36:11.106","1","0","79 45:26.414","4","0","0","0","2464","0","0","0","N","0","0","0","2","02464","2","","5.0","","1","N","N","","1","","0","0","0","0","0","Y","","1","2","0","0","0","0","0","2","0","1","","","","N","","","","","","","","","",""
"2009119159","","1","0","0","0","0","0","0","0","0","2","0","","02","11","2009","6","40.449928","-79.826988","","11","0","0","0","0","0","0","0","0","2","0","0","0","","","2","","2","","40 26:59.740","1","0","79 49:37.155","4","0","0","0","2113","0","0","0","N","0","0","0","3","02113","1","","1.0","","1","N","N","","0","","0","0","1","0","0","Y","","2","2","1","0","0","1","0","2","0","2","","","","N","","","","","","","","","",""
"2009119166","","1","0","0","0","0","0","0","0","0","7","0","","02","11","2009","6","40.420774","-79.958295","","11","0","0","0","0","0","0","0","0","","0","0","0","","","0","","0","","40 25:14.786","","0","79 57:29.861","0","0","0","0","2301","0","0","0","N","0","0","0","2","02301","0","","5.0","","9","N","N","","0","","0","0","0","0","0","","","1","0","0","0","0","0","0","2","0","1","","","","N","","","","","","","","","",""
"2009119204","","1","0","0","0","0","0","0","0","0","99","0","","02","11","2009","4","40.2857","-79.918","","11","0","0","0","0","0","0","0","0","","0","0","0","","","0","","0","","40 17:08.520","","0","79 55:04.800","0","0","0","0","2440","0","0","0","N","0","0","0","1","68T09","0","","1.0","","1","N","N","","0","","0","0","0","0","0","","","1","0","0","0","0","0","0","2","0","1","","","","N","","","","","","","","","",""
"2009119206","","2","0","0","0","0","0","0","0","0","4","0","","02","11","2009","6","40.42959","-79.997556","","11","0","0","0","0","0","0","0","0","1","0","0","0","","","0","","0","","40 25:46.523","2","0","79 59:51.202","0","0","0","0","2301","0","0","0","N","0","0","0","2","02301","0","","1.0","","9","N","N","","0","","0","0","0","0","0","N","","2","0","0","0","0","0","0","2","0","2","","","","N","","","","","","","","","",""
"2009119215","","1","0","0","0","0","0","0","0","0","1","0","","02","11","2009","4","40.431862","-79.802066","","11","0","0","0","0","1","1","0","0","","0","0","0","","","2","","0","","40 25:54.704","","3","79 48:07.437","4","0","0","0","2446","0","0","0","N","0","0","0","3","02446","1","","1.0","","1","N","N","","2","","0","0","0","0","0","","","3","2","0","0","0","1","0","2","0","3","","","","N","","","","","","","","","",""
"2009119224","","1","0","0","0","0","0","0","0","0","7","0","","02","11","2009","5","40.612937","-79.960631","","11","0","0","0","0","0","1","0","0","","0","0","0","","","0","","0","","40 36:46.574","","0","79 57:38.272","0","0","0","0","2207","0","0","0","N","0","0","0","1","02207","0","","2.0","","1","N","N","","0","","0","0","0","0","0","","","1","0","0","0","0","0","0","2","0","1","","","","N","","","","","","","","","",""
"2009119237","","1","0","0","0","0","0","0","0","0","4","0","","02","11","2009","6","40.562769","-80.226624","","11","0","0","0","0","0","1","0","1","","0","0","0","","","0","","2","","40 33:45.969","","0","80 13:35.848","0","0","0","0","2103","0","0","0","N","0","0","0","3","02103","0","","1.0","","9","N","N","","0","","0","0","1","3","3","","","2","0","0","0","0","0","0","2","0","2","","","","N","","","","","","","","","",""
"2009119239","","1","0","0","0","0","0","0","0","0","5","1","","02","11","2009","6","40.481218","-79.836398","","11","0","0","0","0","0","1","0","0","2","0","1","0","","","0","","0","","40 28:52.384","6","0","79 50:11.032","0","0","0","0","2113","0","0","0","N","0","0","0","2","02113","0","","1.0","","9","N","N","","0","","0","0","0","0","0","Y","","2","0","1","0","0","0","0","2","0","2","","","","N","","","","","","","","","",""
"2009119240","","0","0","0","0","0","0","0","0","0","7","0","","02","11","2009","6","40.451857","-80.041458","","11","0","0","0","0","0","0","0","0","","0","0","0","","","1","","0","","40 27:06.685","","0","80 02:29.248","4","0","0","0","2301","0","0","0","N","0","0","0","1","02301","1","","2.0","","9","N","N","","1","","0","0","0","0","0","","","1","1","0","0","0","0","0","2","0","1","","","","N","","","","","","","","","",""
"2009119248","","1","0","0","0","0","0","0","0","0","2","0","","02","11","2009","6","40.41335","-80.009852","","11","0","0","0","0","0","1","0","0","","0","0","0","","","0","","0","","40 24:48.060","","0","80 00:35.467","0","0","0","0","2301","0","0","0","N","0","0","0","2","02301","0","","1.0","","1","N","N","","1","","0","0","0","0","0","","","2","0","0","0","0","0","0","2","0","2","","","","N","","","","","","","","","",""
"2009119258","","0","0","0","0","0","0","0","0","0","1","1","","02","11","2009","6","40.438202","-79.830514","","11","0","0","0","0","1","0","0","0","2","0","1","0","","","1","","1","","40 26:17.528","3","0","79 49:49.850","3","0","0","0","2419","0","0","0","N","0","0","0","6","02419","0","","1.0","","9","N","N","","0","","1","0","2","3","2","N","","3","1","0","0","0","0","0","2","0","3","","","","N","","","","","","","","","",""
"2009119266","","1","0","0","0","0","0","0","0","0","4","0","","02","11","2009","6","40.406996","-80.034361","","11","0","0","0","0","0","0","0","0","1","0","0","0","","","0","","1","","40 24:25.186","4","0","80 02:03.698","0","0","0","0","2301","0","0","0","N","0","0","0","5","02301","0","","1.0","","9","N","N","","1","","0","0","0","3","2","Y","","2","0","0","0","0","0","0","2","0","2","","","","N","","","","","","","","","",""
"2009119272","","0","0","0","0","0","0","0","0","0","7","0","","02","11","2009","6","40.476197","-79.848382","","11","0","0","0","0","0","0","1","0","","0","0","0","","","0","","0","","40 28:34.310","","0","79 50:54.174","0","0","0","0","2113","0","0","0","N","0","0","0","1","02113","0","","2.0","","1","N","N","","0","","0","0","1","0","0","","","1","0","0","0","0","0","0","2","0","1","","","","N","","","","","","","","","",""
"2009119299","","0","0","0","0","0","0","0","0","0","1","1","","02","11","2009","3","40.4438","-79.7789","","11","0","0","0","0","0","1","0","0","","0","1","0","","","0","","0","","40 26:37.680","","0","79 46:44.040","0","0","0","0","2446","0","0","0","N","0","0","0","4","68B03","0","","1.0","","1","N","N","","0","","0","0","1","0","0","","","2","0","0","0","0","0","0","2","0","2","","","","N","","","","","","","","","",""
"2009119346","","2","0","0","0","0","0","0","0","0","1","0","","02","11","2009","6","40.438284","-79.830443","","11","0","0","0","0","0","0","0","1","","0","0","0","","","0","","1","","40 26:17.821","","0","79 49:49.594","0","0","0","0","2419","0","0","0","N","0","0","0","3","02419","0","","1.0","","1","N","N","","0","","0","0","1","3","2","","","3","0","0","0","0","0","0","2","0","3","","","","N","","","","","","","","","",""
"2009119347","","0","0","0","0","0","0","0","0","0","2","0","","02","11","2009","6","40.342063","-79.813562","","11","0","0","0","0","0","1","0","0","1","0","0","0","","","0","","0","","40 20:31.426","3","0","79 48:48.823","0","0","0","0","2477","0","0","0","N","0","0","0","1","02477","0","","6.0","","1","N","N","","0","","0","0","1","0","0","N","","2","0","0","0","0","0","0","2","0","2","","","","N","","","","","","","","","",""
"2009119350","","1","0","0","0","0","0","0","0","0","7","0","","02","11","2009","6","40.406797","-79.96718","","11","0","0","0","0","0","0","0","0","3","0","0","0","","","1","","0","","40 24:24.469","4","0","79 58:01.848","3","0","0","0","2301","0","0","0","N","0","0","0","4","02301","0","","2.0","","9","N","N","","0","","1","0","0","0","0","N","","1","1","0","0","0","0","0","2","0","1","","","","N","","","","","","","","","",""
"2009119354","","1","0","0","0","0","0","0","0","0","99","0","","02","11","2009","6","40.510068","-80.259481","","11","0","0","0","0","0","1","0","0","","0","0","0","","","1","","0","","40 30:36.243","","0","80 15:34.132","4","0","0","0","2203","0","0","0","N","0","0","0","2","02203","1","","1.0","","1","N","N","","0","","0","0","0","0","0","","","1","1","0","0","0","0","0","2","0","1","","","","N","","","","","","","","","",""
"2009119360","","1","0","0","0","0","0","0","0","0","4","0","","02","11","2009","6","40.436369","-79.919143","","11","0","0","0","0","0","0","0","0","1","0","0","0","","","1","","0","","40 26:10.930","1","0","79 55:08.915","8","0","0","0","2301","0","0","0","N","0","0","0","2","02301","0","","1.0","","9","N","N","","0","","0","0","1","0","0","N","","2","1","0","0","0","1","0","2","0","2","","","","N","","","","","","","","","",""
"2009119361","","2","0","0","0","0","0","0","0","0","1","0","","02","11","2009","6","40.447062","-79.947299","","11","0","0","0","0","0","1","0","0","1","0","0","0","","","1","","1","","40 26:49.423","4","0","79 56:50.276","3","0","0","0","2301","0","0","0","N","0","0","0","3","02301","0","","1.0","","1","N","N","","0","","1","0","0","3","2","Y","","2","1","0","0","0","0","0","2","0","2","","","","N","","","","","","","","","",""
"2009119363","","2","0","0","0","0","0","0","0","0","4","0","","02","11","2009","6","40.306914","-80.07415","","11","0","0","0","1","0","0","0","0","3","0","0","0","","","0","","1","","40 18:24.890","3","0","80 04:26.940","0","0","0","0","2123","0","0","0","N","0","0","0","2","02123","0","","1.0","","1","N","N","","0","","0","0","0","3","3","N","","2","0","0","0","0","0","0","2","0","2","","","","N","","","","","","","","","",""