"CRN","ARRIVAL_TM","AUTOMOBILE_COUNT","BELTED_DEATH_COUNT","BELTED_SUSP_SERIOUS_INJ_COUNT","BICYCLE_COUNT","BICYCLE_DEATH_COUNT","BICYCLE_SUSP_SERIOUS_INJ_COUNT","BUS_COUNT","CHLDPAS_DEATH_COUNT","CHLDPAS_SUSP_SERIOUS_INJ_COUNT","COLLISION_TYPE","COMM_VEH_COUNT","CONS_ZONE_SPD_LIM","COUNTY","CRASH_MONTH","CRASH_YEAR","DAY_OF_WEEK","DEC_LATITUDE","DEC_LONGITUDE","DISPATCH_TM","DISTRICT","DRIVER_COUNT_16YR","DRIVER_COUNT_17YR","DRIVER_COUNT_18YR","DRIVER_COUNT_19YR","DRIVER_COUNT_20YR","DRIVER_COUNT_50_64YR","DRIVER_COUNT_65_74YR","DRIVER_COUNT_75PLUS","EST_HRS_CLOSED","FATAL_COUNT","HEAVY_TRUCK_COUNT","HORSE_BUGGY_COUNT","HOUR_OF_DAY","ILLUMINATION","INJURY_COUNT","INTERSECTION_RELATED","INTERSECT_TYPE","LANE_CLOSED","LATITUDE","LN_CLOSE_DIR","LOCATION_TYPE","LONGITUDE","MAX_SEVERITY_LEVEL","MCYCLE_DEATH_COUNT","MCYCLE_SUSP_SERIOUS_INJ_COUNT","MOTORCYCLE_COUNT","MUNICIPALITY","NONMOTR_COUNT","NONMOTR_DEATH_COUNT","NONMOTR_SUSP_SERIOUS_INJ_COUNT","NTFY_HIWY_MAINT","PED_COUNT","PED_DEATH_COUNT","PED_SUSP_SERIOUS_INJ_COUNT","PERSON_COUNT","POLICE_AGCY","POSSIBLE_INJ_COUNT","RDWY_SURF_TYPE_CD","RELATION_TO_ROAD","ROADWAY_CLEARED","ROAD_CONDITION","SCH_BUS_IND","SCH_ZONE_IND","SECONDARY_CRASH","SMALL_TRUCK_COUNT","SPEC_JURIS_CD","SUSP_MINOR_INJ_COUNT","SUSP_SERIOUS_INJ_COUNT","SUV_COUNT","TCD_FUNC_CD","TCD_TYPE","TFC_DETOUR_IND","TIME_OF_DAY","TOTAL_UNITS","TOT_INJ_COUNT","UNBELTED_OCC_COUNT","UNB_DEATH_COUNT","UNB_SUSP_SERIOUS_INJ_COUNT","UNK_INJ_DEG_COUNT","UNK_INJ_PER_COUNT","URBAN_RURAL","VAN_COUNT","VEHICLE_COUNT","WEATHER1","WEATHER2","WORKERS_PRES","WORK_ZONE_IND","WORK_ZONE_LOC","WORK_ZONE_TYPE","WZ_CLOSE_DETOUR","WZ_FLAGGER","WZ_LAW_OFFCR_IND","WZ_LN_CLOSURE","WZ_MOVING","WZ_OTHER","WZ_SHLDER_MDN","WZ_WORKERS_INJ_KILLED"
"2009119370","","5","0","0","0","0","0","0","0","0","6","0","","02","11","2009","7","40.449208","-79.98769","","11","0","0","0","0","0","0","0","0","","0","0","0","","","0","","0","","40 26:57.148","","0","79 59:15.684","9","0","0","0","2301","0","0","0","N","0","0","0","4","02301","0","","4.0","","1","N","N","","0","","0","0","0","0","0","","","5","0","3","0","0","0","1","2","0","5","","","","N","","","","","","","","","",""
"2009119375","","1","0","0","0","0","0","0","0","0","7","0","","02","11","2009","7","40.467565","-79.862529","","11","0","0","0","0","0","0","0","0","2","0","0","0","","","0","","0","","40 28:03.233","2","0","79 51:45.105","0","0","0","0","2113","0","0","0","N","0","0","0","2","02113","0","","5.0","","1","N","N","","0","","0","0","0","0","0","N","","1","0","0","0","0","0","0","2","0","1","","","","N","","","","","","","","","",""
"2009119380","","2","0","0","0","0","0","0","0","0","5","0","","02","11","2009","7","40.445744","-79.969778","","11","0","0","0","0","0","0","0","0","1","0","0","0","","","0","","0","","40 26:44.678","3","0","79 58:11.200","0","0","0","0","2301","0","0","0","N","0","0","0","2","02301","0","","5.0","","1","N","N","","0","","0","0","1","0","0","N","","3","0","0","0","0","0","0","2","0","3","","","","N","","","","","","","","","",""
"2009119388","","3","0","0","0","0","0","0","0","0","4","0","","02","11","2009","7","40.467114","-79.897455","","11","0","0","0","0","0","0","0","0","1","0","0","0","","","2","","0","","40 28:01.610","5","0","79 53:50.838","8","0","0","0","2301","0","0","0","N","0","0","0","2","02301","0","","1.0","","9","N","N","","0","","0","0","0","0","0","N","","3","2","0","0","0","2","0","2","0","3","","","","N","","","","","","","","","",""
"2009119389","","2","0","0","0","0","0","0","0","0","4","0","","02","11","2009","7","40.423929","-79.988543","","11","0","0","0","0","0","0","0","0","","0","0","0","","","0","","0","","40 25:26.144","","0","79 59:18.754","0","0","0","0","2301","0","0","0","N","0","0","0","1","02301","0","","4.0","","1","N","N","","0","","0","0","0","0","0","","","2","0","0","0","0","0","0","2","0","2","","","","N","","","","","","","","","",""
"2009119391","","3","0","0","0","0","0","0","0","0","1","0","","02","11","2009","7","40.452365","-79.892724","","11","0","0","0","0","0","0","0","0","2","0","0","0","","","0","","0","","40 27:08.514","6","0","79 53:33.806","9","0","0","0","2301","0","0","0","N","0","0","0","1","02301","0","","4.0","","1","N","N","","0","","0","0","0","0","0","Y","","4","0","0","0","0","0","1","2","1","4","","","","N","","","","","","","","","",""
"2009119460","","1","0","0","0","0","0","0","0","0","1","1","","02","11","2009","2","40.660337","-80.0895","","11","0","0","0","0","0","1","0","0","1","0","1","0","","","1","","0","","40 39:37.214","4","0","80 05:22.200","3","0","0","0","2212","0","0","0","N","0","0","0","4","68T02","0","","1.0","","1","N","N","","1","","1","0","0","0","0","N","","3","1","0","0","0","0","0","2","0","3","","","","N","","","","","","","","","",""
"2009119461","","1","0","0","0","0","0","0","0","0","99","0","55","02","11","2009","5","40.64034","-80.001224","","11","0","0","0","0","0","1","0","0","","0","0","0","","","0","","0","","40 38:25.223","","0","80 00:04.408","0","0","0","0","2216","0","0","0","N","0","0","0","1","68T02","0","","1.0","","1","N","N","","0","","0","0","0","0","0","","","1","0","0","0","0","0","0","1","0","1","","","N","Y","2","1","N","N","N","N","N","Y","N",""
"2009119467","","1","0","0","0","0","0","0","0","0","1","0","","02","11","2009","4","40.435399","-79.993501","","11","0","0","0","0","0","0","0","0","","0","0","0","","","0","","6","","40 26:07.435","","2","79 59:36.604","0","0","0","0","2301","0","0","0","N","0","0","0","2","02301","0","","1.0","","1","N","N","","0","","0","0","1","0","0","","","2","0","0","0","0","0","0","2","0","2","","","","N","","","","","","","","","",""
"2009119469","","2","0","0","0","0","0","0","0","0","4","0","","02","11","2009","6","40.343538","-79.970154","","11","0","0","0","0","0","2","0","0","1","0","0","0","","","1","","2","","40 20:36.738","1","0","79 58:12.554","8","0","0","0","2403","0","0","0","N","0","0","0","3","02403","0","","1.0","","9","N","N","","0","","0","0","0","3","2","Y","","2","1","0","0","0","1","0","2","0","2","","","","N","","","","","","","","","",""
"2009119476","","1","0","0","0","0","0","0","0","0","7","0","","02","11","2009","6","40.512954","-79.996991","","11","0","0","0","0","0","0","0","0","","0","0","0","","","0","","0","","40 30:46.634","","0","79 59:49.167","0","0","0","0","2116","0","0","0","N","0","0","0","1","02116","0","","5.0","","1","N","N","","0","","0","0","0","0","0","","","1","0","1","0","0","0","0","2","0","1","","","","N","","","","","","","","","",""
"2009119479","","2","0","0","0","0","0","0","0","0","4","0","","02","11","2009","5","40.649075","-80.096928","","11","0","0","0","0","0","1","0","0","","0","0","0","","","0","","1","","40 38:56.671","","0","80 05:48.942","9","0","0","0","2212","0","0","0","N","0","0","0","3","02505","0","","1.0","","9","N","N","","1","","0","0","0","3","2","","","3","0","0","0","0","0","1","2","0","3","","","","N","","","","","","","","","",""
"2009119493","","2","0","0","0","0","0","0","0","0","5","0","","02","11","2009","6","40.468254","-79.88034","","11","0","0","0","0","0","0","0","0","","0","0","0","","","0","","0","","40 28:05.714","","0","79 52:49.224","0","0","0","0","2113","0","0","0","N","0","0","0","1","02113","0","","2.0","","9","N","N","","0","","0","0","0","0","0","","","2","0","0","0","0","0","0","2","0","2","","","","N","","","","","","","","","",""
"2009119499","","1","0","0","0","0","0","0","0","0","7","0","","02","11","2009","7","40.274755","-79.893886","","11","0","0","0","0","0","0","0","0","","0","0","0","","","0","","0","","40 16:29.117","","0","79 53:37.990","0","0","0","0","2428","0","0","0","N","0","0","0","1","02428","0","","5.0","","1","N","N","","0","","0","0","0","0","0","","","1","0","0","0","0","0","0","2","0","1","","","","N","","","","","","","","","",""
"2009119501","","1","0","0","0","0","0","0","0","0","4","0","","02","11","2009","7","40.456848","-79.975654","","11","0","0","0","0","0","0","0","0","","0","0","0","","","1","","1","","40 27:24.652","","0","79 58:32.354","4","0","0","0","2301","0","0","0","N","0","0","0","2","02301","1","","1.0","","1","N","N","","0","","0","0","1","3","2","","","2","1","0","0","0","0","0","2","0","2","","","","N","","","","","","","","","",""
"2009119507","","1","0","0","0","0","0","0","0","0","7","0","","02","11","2009","7","40.590942","-79.827058","","11","0","1","0","0","0","0","0","0","","0","0","0","","","0","","0","","40 35:27.391","","0","79 49:37.410","0","0","0","0","2209","0","0","0","N","0","0","0","1","02209","0","","4.0","","9","N","N","","0","","0","0","0","0","0","","","1","0","0","0","0","0","0","1","0","1","","","","N","","","","","","","","","",""
"2009119516","","1","0","0","0","0","0","0","0","0","7","0","","02","11","2009","3","40.441","-79.7606","","11","0","0","0","0","0","1","0","0","","0","0","0","","","0","","0","","40 26:27.600","","0","79 45:38.160","0","0","0","0","2446","0","0","0","Y","0","0","0","1","68B03","0","","2.0","","9","N","N","","0","","0","0","0","0","0","","","1","0","0","0","0","0","0","2","0","1","","","","N","","","","","","","","","",""
"2009119534","","2","0","0","0","0","0","0","0","0","4","0","","02","11","2009","7","40.391277","-80.010438","","11","0","0","0","1","0","0","0","0","","0","0","0","","","0","","0","","40 23:28.597","","0","80 00:37.576","0","0","0","0","2301","0","0","0","N","0","0","0","1","02301","0","","6.0","","1","N","N","","0","","0","0","0","0","0","","","2","0","0","0","0","0","0","2","0","2","","","","N","","","","","","","","","",""
"2009119535","","1","0","0","0","0","0","0","0","0","7","0","","02","11","2009","7","40.337361","-79.926454","","11","0","0","0","0","0","0","1","0","1","0","0","0","","","0","","0","","40 20:14.499","6","0","79 55:35.234","0","0","0","0","2473","0","0","0","N","0","0","0","1","02473","0","","4.0","","1","N","N","","0","","0","0","0","0","0","N","","1","0","0","0","0","0","0","2","0","1","","","","N","","","","","","","","","",""
"2009119554","","0","0","0","0","0","0","0","0","0","7","0","","02","11","2009","7","40.530226","-79.874029","","11","0","0","0","0","0","0","0","0","3","0","0","0","","","0","","0","","40 31:48.813","5","0","79 52:26.504","9","0","0","0","2432","0","0","0","N","0","0","0","1","02432","0","","5.0","","1","N","N","","0","","0","0","1","0","0","Y","","1","0","0","0","0","0","1","2","0","1","","","","N","","","","","","","","","",""
"2009119561","","1","0","0","0","0","0","0","0","0","2","0","","02","11","2009","7","40.447483","-79.764108","","11","0","0","0","0","0","0","0","0","1","0","0","0","","","0","","0","","40 26:50.940","6","0","79 45:50.790","0","0","0","0","2446","0","0","0","N","0","0","0","2","02446","0","","2.0","","1","N","N","","0","","0","0","1","0","0","N","","2","0","0","0","0","0","0","2","0","2","","","","N","","","","","","","","","",""
"2009119562","","1","0","0","0","0","0","0","0","0","2","0","","02","11","2009","7","40.446428","-79.726847","","11","0","0","0","0","0","0","0","0","","0","0","0","","","0","","0","","40 26:47.140","","0","79 43:36.650","0","0","0","0","2446","0","0","0","N","0","0","0","1","02446","0","","1.0","","1","N","N","","0","","0","0","1","0","0","","","2","0","0","0","0","0","0","2","0","2","","","","N","","","","","","","","","",""
"2009119580","","1","0","0","0","0","0","0","0","0","7","0","","02","11","2009","1","40.47343","-79.856868","","11","0","0","0","0","0","0","0","0","3","0","0","0","","","1","","0","","40 28:24.347","6","0","79 51:24.723","8","0","0","0","2113","0","0","0","N","0","0","0","1","02113","0","","5.0","","1","N","N","","0","","0","0","0","0","0","Y","","1","1","0","0","0","1","0","2","0","1","","","","N","","","","","","","","","",""
"2009119589","","1","0","0","0","0","0","0","0","0","1","0","","02","11","2009","3","40.529334","-79.994273","","11","0","0","0","0","0","0","0","1","2","0","0","0","","","2","","1","","40 31:45.603","3","0","79 59:39.381","4","0","0","0","2116","0","0","0","N","0","0","0","3","02116","2","","1.0","","1","N","N","","1","","0","0","0","3","3","N","","2","2","0","0","0","0","0","2","0","2","","","","N","","","","","","","","","",""
"2009119591","","4","0","0","0","0","0","0","0","0","4","0","","02","11","2009","7","40.530536","-80.011622","","11","0","0","0","0","0","0","0","0","1","0","0","0","","","0","","0","","40 31:49.931","3","0","80 00:41.839","0","0","0","0","2116","0","0","0","N","0","0","0","8","02116","0","","1.0","","1","N","N","","0","","0","0","0","0","0","N","","4","0","0","0","0","0","0","2","0","4","","","","N","","","","","","","","","",""
"2009119592","","1","0","0","0","0","0","0","0","0","8","0","","02","10","2009","4","40.368293","-79.780402","","11","0","0","0","0","0","1","0","0","","0","0","0","","","1","","0","","40 22:05.855","","7","79 46:49.446","8","0","0","0","2111","1","0","0","N","1","0","0","2","02111","0","","1.0","","1","N","N","","0","","0","0","0","3","3","","","2","1","0","0","0","1","0","2","0","1","","","","N","","","","","","","","","",""
"2009119599","","2","0","0","0","0","0","0","0","0","2","0","","02","11","2009","1","40.386134","-79.821206","","11","0","0","0","0","0","2","0","0","","0","0","0","","","1","","1","","40 23:10.082","","0","79 49:16.341","8","0","0","0","2111","0","0","0","N","0","0","0","2","02111","0","","1.0","","1","N","N","","0","","0","0","0","3","2","","","2","1","0","0","0","1","0","2","0","2","","","","N","","","","","","","","","",""
"2009119603","","1","0","0","0","0","0","0","0","0","1","0","","02","11","2009","1","40.389304","-79.99689","","11","0","0","0","0","0","0","0","0","","0","0","0","","","0","","0","","40 23:21.496","","0","79 59:48.804","0","0","0","0","2301","0","0","0","N","0","0","0","3","02301","0","","1.0","","1","N","N","","1","","0","0","0","0","0","","","2","0","0","0","0","0","0","2","0","2","","","","N","","","","","","","","","",""
"2009119611","","1","0","0","0","0","0","0","0","0","7","0","","02","11","2009","4","40.628252","-80.002239","","11","0","0","1","0","0","0","0","0","1","0","0","0","","","0","","0","","40 37:41.708","1","0","80 00:08.060","0","0","0","0","2216","0","0","0","Y","0","0","0","1","02505","0","","4.0","","9","N","N","","0","","0","0","0","0","0","N","","1","0","0","0","0","0","0","1","0","1","","","","N","","","","","","","","","",""
"2009119616","","2","0","0","0","0","0","0","0","0","4","0","","02","11","2009","4","40.621648","-80.054363","","11","0","0","1","0","0","0","0","0","1","0","0","0","","","0","","1","","40 37:17.931","2","0","80 03:15.705","0","0","0","0","2216","0","0","0","N","0","0","0","5","02505","0","","1.0","","9","N","N","","0","","0","0","0","3","2","N","","2","0","0","0","0","0","0","1","0","2","","","","N","","","","","","","","","",""
"2009119622","","2","0","0","0","0","0","0","0","0","4","0","","02","11","2009","7","40.375392","-79.903037","","11","0","0","1","0","0","1","0","0","1","0","0","0","","","3","","2","","40 22:31.410","6","0","79 54:10.933","3","0","0","0","2473","0","0","0","N","0","0","0","3","02473","2","","1.0","","1","N","N","","0","","1","0","0","0","0","N","","2","3","0","0","0","0","0","2","0","2","","","","N","","","","","","","","","",""
"2009119623","","2","0","0","0","0","0","0","0","0","1","0","","02","11","2009","6","40.431569","-79.749328","","11","0","0","0","0","1","0","0","0","1","0","0","0","","","2","","0","","40 25:53.650","3","0","79 44:57.580","4","0","0","0","2446","0","0","0","N","0","0","0","6","02446","2","","1.0","","1","N","N","","1","","0","0","0","0","0","N","","3","2","0","0","0","0","0","2","0","3","","","","N","","","","","","","","","",""
"2009119642","","0","0","0","0","0","0","0","0","0","4","1","","02","11","2009","4","40.601329","-80.093861","","11","0","0","0","0","0","0","2","0","2","0","1","0","","","0","","0","","40 36:04.785","2","0","80 05:37.898","0","0","0","0","2481","0","0","0","N","0","0","0","3","68B03","0","","1.0","","1","N","N","","0","","0","0","0","0","0","N","","2","0","0","0","0","0","0","2","1","2","","","","N","","","","","","","","","",""
"2009119643","","0","0","0","0","0","0","0","0","0","7","0","","02","11","2009","5","40.462444","-79.999821","","11","0","0","0","0","0","0","0","0","","0","0","0","","","0","","0","","40 27:44.798","","0","79 59:59.354","0","0","0","0","2301","0","0","0","N","0","0","0","1","68B03","0","","2.0","","1","N","N","","0","","0","0","1","0","0","","","1","0","0","0","0","0","0","2","0","1","","","","N","","","","","","","","","",""
"2009119644","","2","0","0","0","0","0","0","0","0","7","0","","02","11","2009","7","40.445681","-79.846054","","11","0","0","0","0","0","2","0","0","","0","0","0","","","0","","0","","40 26:44.452","","0","79 50:45.795","0","0","0","0","2419","0","0","0","N","0","0","0","2","68B01","0","","2.0","","1","N","N","","0","","0","0","0","0","0","","","2","0","0","0","0","0","0","2","0","2","","","","N","","","","","","","","","",""
"2009119698","","1","0","0","0","0","0","0","0","0","4","0","","02","11","2009","1","40.437603","-79.770094","","11","0","0","0","0","0","0","0","0","1","0","0","0","","","1","","0","","40 26:15.370","5","7","79 46:12.340","4","0","0","0","2446","0","0","0","N","0","0","0","3","02446","1","","1.0","","1","N","N","","1","","0","0","0","1","3","Y","","2","1","1","0","0","0","0","2","0","2","","","","N","","","","","","","","","",""
"2009119715","","1","0","0","0","0","0","0","0","0","4","0","","02","11","2009","5","40.535713","-80.050906","","11","0","0","0","0","0","1","0","0","2","0","0","0","","","1","","0","","40 32:08.567","5","7","80 03:03.260","3","0","0","0","2116","0","0","0","N","0","0","0","2","02116","0","","1.0","","1","N","N","","1","","1","0","0","0","0","Y","","2","1","0","0","0","0","0","2","0","2","","","","N","","","","","","","","","",""
"2009119716","","0","0","0","0","0","0","0","0","0","1","0","","02","11","2009","7","40.488518","-79.936855","","11","0","0","0","0","0","1","0","0","","0","0","0","","","0","","2","","40 29:18.663","","0","79 56:12.677","0","0","0","0","2301","0","0","0","N","0","0","0","2","02301","0","","1.0","","9","N","N","","0","","0","0","2","3","2","","","2","0","0","0","0","0","0","2","0","2","","","","N","","","","","","","","","",""
"2009119717","","2","0","0","0","0","0","0","0","0","1","0","","02","11","2009","2","40.49459","-79.925953","","11","0","0","0","0","0","0","0","0","1","0","0","0","","","0","","0","","40 29:40.524","3","0","79 55:33.430","0","0","0","0","2461","0","0","0","N","0","0","0","1","02461","0","","4.0","","1","N","N","","0","","0","0","0","0","0","N","","2","0","0","0","0","0","0","2","0","2","","","","N","","","","","","","","","",""
"2009119729","","2","0","0","0","0","0","0","0","0","4","0","","02","11","2009","6","40.438034","-79.774728","","11","0","0","0","1","0","0","0","0","1","0","0","0","","","1","","0","","40 26:16.923","3","7","79 46:29.022","3","0","0","0","2446","0","0","0","N","0","0","0","2","02446","0","","1.0","","1","N","N","","0","","1","0","0","0","0","N","","2","1","0","0","0","0","0","2","0","2","","","","N","","","","","","","","","",""
"2009119732","","1","0","0","0","0","0","0","0","0","7","0","","02","11","2009","2","40.660648","-79.983987","","11","0","0","1","0","0","0","0","0","2","0","0","0","","","0","","0","","40 39:38.333","3","0","79 59:02.352","0","0","0","0","2217","0","0","0","N","0","0","0","1","02505","0","","5.0","","9","N","N","","0","","0","0","0","0","0","N","","1","0","0","0","0","0","0","1","0","1","","","","N","","","","","","","","","",""
"2009119748","","0","0","0","0","0","0","0","0","0","99","0","55","02","10","2009","1","40.4826","-80.1214","","11","0","0","0","0","0","1","0","0","","0","0","0","","","1","","0","","40 28:57.360","","0","80 07:17.040","8","0","0","0","2126","0","0","0","N","0","0","0","1","68B03","0","","2.0","","1","N","N","","0","","0","0","0","0","0","","","1","1","0","0","0","1","0","2","1","1","","","N","Y","5","1","N","N","N","N","N","Y","N",""
"2009119749","","1","0","0","0","0","0","0","0","0","99","0","","02","11","2009","7","40.4285","-80.2786","","11","0","0","1","0","0","0","0","0","","0","0","0","","","0","","0","","40 25:42.600","","0","80 16:42.960","0","0","0","0","2214","0","0","0","N","0","0","0","2","68B03","0","","1.0","","1","N","N","","0","","0","0","0","0","0","","","1","0","0","0","0","0","0","1","0","1","","","","N","","","","","","","","","",""
"2009119750","","1","0","0","0","0","0","0","0","0","7","0","","02","11","2009","7","40.4394","-80.0092","","11","0","0","0","0","0","0","0","0","","0","0","0","","","0","","0","","40 26:21.840","","0","80 00:33.120","0","0","0","0","2301","0","0","0","N","0","0","0","1","68B03","0","","2.0","","1","N","N","","0","","0","0","0","0","0","","","1","0","0","0","0","0","0","2","0","1","","","","N","","","","","","","","","",""
"2009119812","","2","0","0","0","0","0","0","0","0","2","0","","02","11","2009","5","40.640361","-80.089709","","11","0","0","0","0","0","0","0","2","","0","0","0","","","0","","2","","40 38:25.300","","0","80 05:22.954","0","0","0","0","2212","0","0","0","N","0","0","0","2","02505","0","","1.0","","1","N","N","","0","","0","0","0","3","3","","","2","0","0","0","0","0","0","2","0","2","","","","N","","","","","","","","","",""
"2009119814","","1","0","0","0","0","0","0","0","0","7","0","","02","11","2009","5","40.485312","-79.760925","","11","0","0","0","0","0","0","0","0","","0","0","0","","","0","","0","","40 29:07.123","","0","79 45:39.330","0","0","0","0","2466","0","0","0","N","0","0","0","1","02466","0","","5.0","","1","N","N","","0","","0","0","0","0","0","","","1","0","0","0","0","0","0","2","0","1","","","","N","","","","","","","","","",""
"2009119823","","0","0","0","0","0","0","0","0","0","2","1","","02","11","2009","2","40.454369","-79.953607","","11","0","0","0","0","0","1","0","0","1","0","1","0","","","1","","0","","40 27:15.728","2","0","79 57:12.985","4","0","0","0","2301","0","0","0","N","0","0","0","3","02301","1","","1.0","","9","N","N","","0","","0","0","1","0","0","N","","2","1","0","0","0","0","0","2","0","2","","","","N","","","","","","","","","",""
"2009119824","","1","0","0","0","0","0","0","0","0","1","0","","02","11","2009","2","40.427242","-79.846001","","11","0","0","0","0","0","0","1","0","1","0","0","0","","","0","","0","","40 25:38.071","3","0","79 50:45.603","0","0","0","0","2431","0","0","0","N","0","0","0","1","02431","0","","1.0","","9","N","N","","1","","0","0","0","0","0","N","","2","0","0","0","0","0","0","2","0","2","","","","N","","","","","","","","","",""
"2009119831","","2","0","0","0","0","0","0","0","0","4","1","","02","11","2009","2","40.398195","-79.878209","","11","0","0","0","0","0","0","0","0","2","0","1","0","","","2","","0","","40 23:53.502","5","0","79 52:41.552","4","0","0","0","2473","2","0","0","N","2","0","0","4","02473","1","","1.0","","9","N","N","","0","","0","0","1","0","0","Y","","6","2","0","0","0","1","1","2","0","4","","","","N","","","","","","","","","",""
"2009119832","","1","0","0","0","0","0","0","0","0","99","0","","02","11","2009","2","40.527132","-79.950268","","11","0","0","0","0","0","0","0","0","","0","0","0","","","0","","2","","40 31:37.675","","0","79 57:00.965","0","0","0","0","2118","0","0","0","N","0","0","0","2","02118","0","","1.0","","9","N","N","","0","","0","0","1","3","2","","","2","0","0","0","0","0","0","2","0","2","","","","N","","","","","","","","","",""
"2009119835","","2","0","0","0","0","0","0","0","0","4","0","","02","11","2009","2","40.436235","-79.919127","","11","0","0","0","0","0","1","0","0","1","0","0","0","","","0","","1","","40 26:10.446","1","0","79 55:08.857","0","0","0","0","2301","0","0","0","N","0","0","0","2","02301","0","","1.0","","9","N","N","","0","","0","0","0","3","3","N","","2","0","0","0","0","0","0","2","0","2","","","","N","","","","","","","","","",""
"2009119843","","2","0","0","0","0","0","0","0","0","1","0","","02","11","2009","2","40.383715","-79.931358","","11","0","0","0","0","1","0","1","0","1","0","0","0","","","2","","0","","40 23:01.373","2","0","79 55:52.887","8","0","0","0","2301","0","0","0","N","0","0","0","3","02301","0","","1.0","","1","N","N","","0","","0","0","0","0","0","Y","","2","2","0","0","0","2","0","2","0","2","","","","N","","","","","","","","","",""
"2009119848","","1","0","0","0","0","0","0","0","0","7","0","","02","11","2009","2","40.448418","-80.06305","","11","0","0","0","0","1","0","0","0","","0","0","0","","","1","","0","","40 26:54.304","","0","80 03:46.981","8","0","0","0","2301","0","0","0","N","0","0","0","1","02301","0","","2.0","","9","N","N","","0","","0","0","0","0","0","","","1","1","0","0","0","1","0","2","0","1","","","","N","","","","","","","","","",""
"2009119850","","1","0","0","0","0","0","0","0","0","7","0","","02","11","2009","2","40.383534","-79.933419","","11","0","0","0","0","1","0","0","1","","0","0","0","","","0","","0","","40 23:00.722","","0","79 56:00.309","0","0","0","0","2301","0","0","0","N","0","0","0","2","02301","0","","5.0","","1","N","N","","0","","0","0","1","0","0","","","2","0","0","0","0","0","0","2","0","2","","","","N","","","","","","","","","",""
"2009119857","","1","0","0","0","0","0","0","0","0","4","0","","02","11","2009","2","40.446002","-79.981101","","11","0","0","0","0","0","1","0","0","","0","0","0","","","0","","1","","40 26:45.607","","0","79 58:51.963","0","0","0","0","2301","0","0","0","N","0","0","0","2","02301","0","","1.0","","9","N","N","","1","","0","0","0","1","3","","","2","0","0","0","0","0","0","2","0","2","","","","N","","","","","","","","","",""
"2009119862","","1","0","0","0","0","0","0","0","0","1","0","","02","11","2009","2","40.387471","-79.773542","","11","0","0","0","0","0","1","0","0","","0","0","0","","","1","","0","","40 23:14.895","","1","79 46:24.752","8","0","0","0","2111","0","0","0","N","0","0","0","2","02111","0","","1.0","","1","N","N","","1","","0","0","0","0","0","","","2","1","0","0","0","1","0","2","0","2","","","","N","","","","","","","","","",""
"2009119876","","1","0","0","0","0","0","0","0","0","4","0","","02","11","2009","7","40.437617","-79.770011","","11","0","0","0","0","0","0","0","0","1","0","0","0","","","1","","0","","40 26:15.420","5","0","79 46:12.040","8","0","0","0","2446","0","0","0","N","0","0","0","5","02446","0","","1.0","","1","N","N","","0","","0","0","1","3","3","Y","","2","1","0","0","0","1","0","2","0","2","","","","N","","","","","","","","","",""
"2009119879","","2","0","0","0","0","0","0","0","0","4","0","","02","11","2009","7","40.46917","-80.066148","","11","0","1","0","0","0","1","0","0","2","0","0","0","","","0","","1","","40 28:09.012","3","0","80 03:58.132","0","0","0","0","2444","0","0","0","N","0","0","0","2","02444","0","","1.0","","1","N","N","","0","","0","0","0","3","3","N","","2","0","0","0","0","0","0","2","0","2","","","","N","","","","","","","","","",""
"2009119884","","1","0","0","0","0","0","0","0","0","7","0","","02","11","2009","2","40.285851","-79.837711","","11","0","0","0","0","0","0","0","0","","0","0","0","","","0","","2","","40 17:09.062","","0","79 50:15.760","0","0","0","0","2105","0","0","0","Y","0","0","0","1","02105","0","","2.0","","1","N","N","","0","","0","0","0","0","0","","","1","0","0","0","0","0","0","2","0","1","","","","N","","","","","","","","","",""
"2009119885","","1","0","0","0","0","0","0","0","0","1","0","","02","11","2009","3","40.54556","-80.036017","","11","0","0","0","0","1","1","0","0","","0","0","0","","","0","","0","","40 32:44.016","","0","80 02:09.660","0","0","0","0","2116","0","0","0","N","0","0","0","4","02116","0","","1.0","","1","N","N","","1","","0","0","0","3","2","","","2","0","0","0","0","0","0","2","0","2","","","","N","","","","","","","","","",""
"2009119888","","2","0","0","0","0","0","0","0","0","4","0","","02","11","2009","2","40.385873","-79.967127","","11","0","0","1","0","0","0","0","0","","0","0","0","","","0","","1","","40 23:09.144","","0","79 58:01.658","0","0","0","0","2403","0","0","0","N","0","0","0","2","02403","0","","1.0","","1","N","N","","0","","0","0","0","3","3","","","2","0","0","0","0","0","0","2","0","2","","","","N","","","","","","","","","",""
"2009119904","","1","0","0","0","0","0","0","0","0","4","0","","02","11","2009","4","40.543347","-80.233963","","11","0","1","0","0","1","0","0","0","2","0","0","0","","","0","","2","","40 32:36.049","1","0","80 14:02.265","0","0","0","0","2213","0","0","0","Y","0","0","0","6","02213","0","","1.0","","1","N","N","","0","","0","0","0","0","0","N","","2","0","0","0","0","0","0","2","1","2","","","","N","","","","","","","","","",""
"2009119905","","1","0","0","0","0","0","0","0","0","99","0","","02","11","2009","3","40.516826","-80.196107","","11","0","0","0","0","0","1","0","0","","0","0","0","","","0","","0","","40 31:00.574","","0","80 11:45.986","0","0","0","0","2213","0","0","0","N","0","0","0","1","02213","0","","1.0","","1","N","N","","0","","0","0","0","0","0","","","1","0","0","0","0","0","0","2","0","1","","","","N","","","","","","","","","",""