"CRN","ARRIVAL_TM","AUTOMOBILE_COUNT","BELTED_DEATH_COUNT","BELTED_SUSP_SERIOUS_INJ_COUNT","BICYCLE_COUNT","BICYCLE_DEATH_COUNT","BICYCLE_SUSP_SERIOUS_INJ_COUNT","BUS_COUNT","CHLDPAS_DEATH_COUNT","CHLDPAS_SUSP_SERIOUS_INJ_COUNT","COLLISION_TYPE","COMM_VEH_COUNT","CONS_ZONE_SPD_LIM","COUNTY","CRASH_MONTH","CRASH_YEAR","DAY_OF_WEEK","DEC_LATITUDE","DEC_LONGITUDE","DISPATCH_TM","DISTRICT","DRIVER_COUNT_16YR","DRIVER_COUNT_17YR","DRIVER_COUNT_18YR","DRIVER_COUNT_19YR","DRIVER_COUNT_20YR","DRIVER_COUNT_50_64YR","DRIVER_COUNT_65_74YR","DRIVER_COUNT_75PLUS","EST_HRS_CLOSED","FATAL_COUNT","HEAVY_TRUCK_COUNT","HORSE_BUGGY_COUNT","HOUR_OF_DAY","ILLUMINATION","INJURY_COUNT","INTERSECTION_RELATED","INTERSECT_TYPE","LANE_CLOSED","LATITUDE","LN_CLOSE_DIR","LOCATION_TYPE","LONGITUDE","MAX_SEVERITY_LEVEL","MCYCLE_DEATH_COUNT","MCYCLE_SUSP_SERIOUS_INJ_COUNT","MOTORCYCLE_COUNT","MUNICIPALITY","NONMOTR_COUNT","NONMOTR_DEATH_COUNT","NONMOTR_SUSP_SERIOUS_INJ_COUNT","NTFY_HIWY_MAINT","PED_COUNT","PED_DEATH_COUNT","PED_SUSP_SERIOUS_INJ_COUNT","PERSON_COUNT","POLICE_AGCY","POSSIBLE_INJ_COUNT","RDWY_SURF_TYPE_CD","RELATION_TO_ROAD","ROADWAY_CLEARED","ROAD_CONDITION","SCH_BUS_IND","SCH_ZONE_IND","SECONDARY_CRASH","SMALL_TRUCK_COUNT","SPEC_JURIS_CD","SUSP_MINOR_INJ_COUNT","SUSP_SERIOUS_INJ_COUNT","SUV_COUNT","TCD_FUNC_CD","TCD_TYPE","TFC_DETOUR_IND","TIME_OF_DAY","TOTAL_UNITS","TOT_INJ_COUNT","UNBELTED_OCC_COUNT","UNB_DEATH_COUNT","UNB_SUSP_SERIOUS_INJ_COUNT","UNK_INJ_DEG_COUNT","UNK_INJ_PER_COUNT","URBAN_RURAL","VAN_COUNT","VEHICLE_COUNT","WEATHER1","WEATHER2","WORKERS_PRES","WORK_ZONE_IND","WORK_ZONE_LOC","WORK_ZONE_TYPE","WZ_CLOSE_DETOUR","WZ_FLAGGER","WZ_LAW_OFFCR_IND","WZ_LN_CLOSURE","WZ_MOVING","WZ_OTHER","WZ_SHLDER_MDN","WZ_WORKERS_INJ_KILLED"
"2009122151","","1","0","0","0","0","0","0","0","0","1","0","","02","12","2009","6","40.4776","-80.031552","","11","0","0","0","0","0","0","0","0","2","0","0","0","","","1","","0","","40 28:39.360","5","0","80 01:53.587","8","0","0","0","2301","0","0","0","N","0","0","0","1","02301","0","","1.0","","1","N","N","","0","","0","0","0","0","0","Y","","2","1","0","0","0","1","0","2","1","2","","","","N","","","","","","","","","",""
"2009122168","","0","0","0","0","0","0","0","0","0","1","0","55","02","11","2009","5","40.428503","-79.937446","","11","0","0","0","0","0","0","0","0","5","0","0","0","","","0","","0","","40 25:42.612","3","0","79 56:14.805","0","0","0","0","2301","0","0","0","N","0","0","0","4","68B03","0","","1.0","","1","N","N","","0","","0","0","2","3","8","N","","3","0","0","0","0","0","0","2","0","2","","","Y","Y","2","2","N","N","Y","Y","Y","N","Y",""
"2009122169","","2","0","0","0","0","0","0","0","0","5","0","","02","12","2009","5","40.4187","-80.0889","","11","0","0","0","0","0","1","0","0","1","0","0","0","","","0","","0","","40 25:07.320","4","0","80 05:20.040","0","0","0","0","2457","0","0","0","N","0","0","0","3","68B03","0","","1.0","","1","N","N","","0","","0","0","0","0","0","N","","2","0","0","0","0","0","0","2","0","2","","","","N","","","","","","","","","",""
"2009122171","","0","0","0","0","0","0","0","0","0","99","0","","02","11","2009","3","40.661695","-79.719481","","11","0","0","0","0","0","1","0","0","","0","0","0","","","0","","0","","40 39:42.103","","0","79 43:10.132","0","0","0","1","2106","0","0","0","N","0","0","0","1","68D02","0","","1.0","","1","N","N","","0","","0","0","0","0","0","","","1","0","0","0","0","0","0","2","0","1","","","","N","","","","","","","","","",""
"2009122215","","0","0","0","0","0","0","0","0","0","1","0","","02","12","2009","6","40.282167","-79.81085","","11","0","0","0","0","0","1","0","0","1","0","0","0","","","0","","0","","40 16:55.801","2","0","79 48:39.060","0","0","0","0","2105","0","0","0","N","0","0","0","2","02105","0","","1.0","","1","N","N","","1","","0","0","1","0","0","N","","2","0","1","0","0","0","0","2","0","2","","","","N","","","","","","","","","",""
"2009122217","","1","0","0","0","0","0","0","0","0","4","0","","02","12","2009","6","40.447965","-79.990536","","11","0","0","0","0","0","0","0","0","1","0","0","0","","","0","","2","","40 26:52.674","4","0","79 59:25.929","0","0","0","0","2301","0","0","0","N","0","0","0","2","02301","0","","1.0","","1","N","N","","0","","0","0","1","3","3","N","","2","0","0","0","0","0","0","2","0","2","","","","N","","","","","","","","","",""
"2009122224","","2","0","0","0","0","0","0","0","0","2","0","","02","12","2009","6","40.435126","-79.956406","","11","0","0","0","0","0","0","0","0","","0","0","0","","","0","","1","","40 26:06.452","","0","79 57:23.060","0","0","0","0","2301","0","0","0","N","0","0","0","2","02301","0","","1.0","","1","N","N","","0","","0","0","0","3","2","","","2","0","0","0","0","0","0","2","0","2","","","","N","","","","","","","","","",""
"2009122225","","1","0","0","0","0","0","0","0","0","7","0","","02","12","2009","6","40.438658","-79.74409","","11","0","0","1","0","0","0","0","0","","0","0","0","","","1","","0","","40 26:19.169","","0","79 44:38.725","4","0","0","0","2446","0","0","0","N","0","0","0","1","02446","1","","2.0","","1","N","N","","0","","0","0","0","0","0","","","1","1","0","0","0","0","0","2","0","1","","","","N","","","","","","","","","",""
"2009122229","","1","0","0","0","0","0","0","0","0","1","0","","02","12","2009","6","40.520227","-79.879265","","11","1","1","0","0","0","0","0","0","2","0","0","0","","","0","","0","","40 31:12.817","2","0","79 52:45.354","0","0","0","0","2432","0","0","0","N","0","0","0","3","02432","0","","1.0","","1","N","N","","0","","0","0","1","0","0","Y","","2","0","1","0","0","0","0","2","0","2","","","","N","","","","","","","","","",""
"2009122231","","2","0","0","0","0","0","0","0","0","1","0","","02","12","2009","6","40.429354","-79.999194","","11","0","0","0","0","0","0","0","1","1","0","0","0","","","2","","1","","40 25:45.675","2","3","79 59:57.097","3","0","0","0","2301","0","0","0","N","0","0","0","3","02301","0","","1.0","","1","N","N","","0","","1","0","0","0","0","N","","3","2","0","0","0","1","0","2","1","3","","","","N","","","","","","","","","",""
"2009122241","","2","0","0","0","0","0","0","0","0","1","0","","02","12","2009","4","40.39067","-79.869136","","11","0","0","0","0","0","1","0","0","1","0","0","0","","","0","","2","","40 23:26.412","1","0","79 52:08.889","0","0","0","0","2473","0","0","0","N","0","0","0","3","02473","0","","1.0","","9","N","N","","0","","0","0","0","3","2","Y","","2","0","0","0","0","0","0","2","0","2","","","","N","","","","","","","","","",""
"2009122243","","1","0","0","0","0","0","0","0","0","2","0","","02","12","2009","7","40.46789","-79.846925","","11","0","0","0","0","1","1","0","0","2","0","0","0","","","3","","0","","40 28:04.405","5","0","79 50:48.929","3","0","0","0","2113","0","0","0","N","0","0","0","3","02113","2","","1.0","","1","N","N","","0","","1","0","0","0","0","N","","2","3","0","0","0","0","0","2","1","2","","","","N","","","","","","","","","",""
"2009122247","","1","0","0","0","0","0","0","0","0","7","0","","02","12","2009","7","40.433557","-80.050544","","11","0","0","0","0","0","0","0","0","","0","0","0","","","0","","2","","40 26:00.806","","0","80 03:01.958","0","0","0","0","2301","0","0","0","N","0","0","0","1","02301","0","","4.0","","1","N","N","","0","","0","0","0","0","0","","","1","0","0","0","0","0","0","2","0","1","","","","N","","","","","","","","","",""
"2009122249","","2","0","0","0","0","0","0","0","0","4","0","","02","12","2009","6","40.460155","-79.921263","","11","0","0","0","0","0","2","0","0","","0","0","0","","","0","","0","","40 27:36.558","","7","79 55:16.547","0","0","0","0","2301","0","0","0","N","0","0","0","2","02301","0","","1.0","","1","N","N","","0","","0","0","0","0","0","","","2","0","1","0","0","0","0","2","0","2","","","","N","","","","","","","","","",""
"2009122251","","1","0","0","0","0","0","0","0","0","4","0","","02","12","2009","7","40.476419","-79.760319","","11","0","0","0","0","0","0","0","0","","0","0","0","","","0","","3","","40 28:35.110","","0","79 45:37.149","9","0","0","0","2466","0","0","0","N","0","0","0","2","02466","0","","1.0","","1","N","N","","1","","0","0","0","0","0","","","2","0","0","0","0","0","1","2","0","2","","","","N","","","","","","","","","",""
"2009122252","","1","0","0","0","0","0","0","0","0","7","0","","02","12","2009","7","40.389701","-79.991868","","11","0","0","0","0","0","0","0","0","","0","0","0","","","0","","0","","40 23:22.923","","0","79 59:30.724","0","0","0","0","2301","0","0","0","","0","0","0","1","02301","0","","4.0","","1","","","","0","","0","0","0","0","0","","","1","0","0","0","0","0","0","2","0","1","","","","N","","","","","","","","","",""
"2009122257","","1","0","0","0","0","0","0","0","0","7","0","","02","12","2009","7","40.360769","-79.982277","","11","0","0","1","0","0","0","0","0","2","0","0","0","","","0","","3","","40 21:38.769","1","0","79 58:56.198","0","0","0","0","2476","0","0","0","N","0","0","0","1","02476","0","","5.0","","1","N","N","","0","","0","0","0","0","0","N","","1","0","0","0","0","0","0","2","0","1","","","","N","","","","","","","","","",""
"2009122261","","0","0","0","0","0","0","0","0","0","7","0","","02","12","2009","7","40.430546","-80.000384","","11","0","0","0","0","0","0","0","0","","0","0","0","","","0","","10","","40 25:49.965","","7","80 00:01.383","0","0","0","0","2301","0","0","0","N","0","0","0","1","02301","0","","4.0","","1","N","N","","1","","0","0","0","0","0","","","1","0","1","0","0","0","0","2","0","1","","","","N","","","","","","","","","",""
"2009122342","","2","0","0","0","0","0","0","0","0","1","0","","02","12","2009","7","40.430473","-79.892454","","11","0","0","0","0","0","0","0","0","1","0","0","0","","","0","","0","","40 25:49.703","5","0","79 53:32.835","0","0","0","0","2426","0","0","0","N","0","0","0","1","02426","0","","2.0","","1","N","N","","0","","0","0","0","0","0","Y","","2","0","0","0","0","0","0","2","0","2","","","","N","","","","","","","","","",""
"2009122360","","1","0","0","0","0","0","0","0","0","2","0","","02","11","2009","5","40.374164","-80.098988","","11","0","0","0","0","0","0","0","1","","0","0","0","","","1","","0","","40 22:26.990","","0","80 05:56.357","4","0","0","0","2102","0","0","0","N","0","0","0","2","02102","1","","1.0","","1","N","N","","0","","0","0","1","0","0","","","2","1","0","0","0","0","0","2","0","2","","","","N","","","","","","","","","",""
"2009122378","","1","0","0","0","0","0","0","0","0","7","0","","02","12","2009","7","40.547859","-79.960313","","11","0","0","0","0","0","0","0","0","2","0","0","0","","","1","","0","","40 32:52.291","1","0","79 57:37.127","8","0","0","0","2118","0","0","0","N","0","0","0","2","02118","0","","4.0","","1","N","N","","0","","0","0","0","0","0","N","","2","1","0","0","0","1","0","2","1","2","","","","N","","","","","","","","","",""
"2009122380","","2","0","0","0","0","0","0","0","0","4","0","","02","12","2009","3","40.530531","-80.011206","","11","0","0","0","0","0","1","0","0","1","0","0","0","","","1","","0","","40 31:49.912","4","0","80 00:40.340","8","0","0","0","2116","0","0","0","N","0","0","0","3","02116","0","","1.0","","1","N","N","","0","","0","0","0","0","0","N","","2","1","0","0","0","1","0","2","0","2","","","","N","","","","","","","","","",""
"2009122381","","2","0","0","0","0","0","0","0","0","2","0","","02","12","2009","7","40.457437","-79.937033","","11","0","0","0","0","0","0","0","0","","0","0","0","","","0","","0","","40 27:26.772","","0","79 56:13.320","0","0","0","0","2301","0","0","0","N","0","0","0","2","02301","0","","1.0","","9","N","N","","0","","0","0","0","0","0","","","2","0","0","0","0","0","0","2","0","2","","","","N","","","","","","","","","",""
"2009122383","","1","0","0","0","0","0","0","0","0","4","0","","02","12","2009","7","40.337978","-79.807118","","11","0","0","0","0","0","0","0","0","1","0","0","0","","","0","","0","","40 20:16.720","2","6","79 48:25.624","0","0","0","0","2477","0","0","0","N","0","0","0","3","02477","0","","1.0","","9","N","N","","1","","0","0","0","0","0","N","","2","0","0","0","0","0","0","2","0","2","","","","N","","","","","","","","","",""
"2009122384","","1","0","0","0","0","0","0","0","0","4","0","","02","12","2009","6","40.416518","-79.925718","","11","0","0","0","0","0","0","0","0","","0","0","0","","","0","","0","","40 24:59.464","","0","79 55:32.584","0","0","0","0","2301","0","0","0","N","0","0","0","2","02301","0","","1.0","","9","N","N","","0","","0","0","1","0","0","","","2","0","0","0","0","0","0","2","0","2","","","","N","","","","","","","","","",""
"2009122388","","1","0","0","0","0","0","0","0","0","1","0","","02","12","2009","7","40.429286","-79.999241","","11","0","0","0","0","0","1","0","0","1","0","0","0","","","1","","10","","40 25:45.428","1","4","79 59:57.266","8","0","0","0","2301","0","0","0","N","0","0","0","3","02301","0","","1.0","","1","N","N","","0","","0","0","0","0","0","N","","2","1","0","0","0","1","0","2","1","2","","","","N","","","","","","","","","",""
"2009122411","","1","0","0","0","0","0","0","0","0","6","0","","02","12","2009","6","40.32808","-80.090405","","11","0","1","0","0","0","0","0","0","2","0","0","0","","","0","","0","","40 19:41.088","2","0","80 05:25.458","0","0","0","0","2123","0","0","0","N","0","0","0","2","02123","0","","1.0","","1","N","N","","0","","0","0","2","0","0","N","","3","0","0","0","0","0","0","2","0","3","","","","N","","","","","","","","","",""
"2009122417","","1","0","0","0","0","0","0","0","0","8","0","99","02","12","2009","7","40.440952","-80.034723","","11","0","0","0","0","0","0","0","0","","0","0","0","","","1","","1","","40 26:27.426","","0","80 02:05.001","4","0","0","0","2301","1","0","0","N","1","0","0","3","02301","1","","1.0","","1","N","N","","0","","0","0","0","3","2","","","2","1","0","0","0","0","0","2","0","1","","","N","Y","8","8","","","N","","","Y","",""
"2009122418","","2","0","0","0","0","0","0","0","0","4","0","","02","12","2009","7","40.422845","-79.928788","","11","0","0","0","0","0","1","1","0","","0","0","0","","","0","","0","","40 25:22.242","","0","79 55:43.636","0","0","0","0","2301","0","0","0","N","0","0","0","2","02301","0","","1.0","","1","N","N","","0","","0","0","0","3","3","","","2","0","0","0","0","0","0","2","0","2","","","","N","","","","","","","","","",""
"2009122420","","2","0","0","0","0","0","0","0","0","2","0","","02","12","2009","7","40.456574","-79.939691","","11","0","0","0","0","0","2","0","0","1","0","0","0","","","2","","1","","40 27:23.665","2","0","79 56:22.888","4","0","0","0","2301","0","0","0","N","0","0","0","2","02301","2","","1.0","","1","N","N","","0","","0","0","0","3","2","N","","2","2","0","0","0","0","0","2","0","2","","","","N","","","","","","","","","",""
"2009122423","","1","0","0","0","0","0","0","0","0","7","0","","02","12","2009","7","40.201214","-79.914328","","11","0","0","0","0","0","0","0","0","","0","0","0","","","0","","2","","40 12:04.371","","3","79 54:51.579","0","0","0","0","2204","0","0","0","N","0","0","0","1","02204","0","","3.0","","9","N","N","","0","","0","0","0","3","3","","","1","0","0","0","0","0","0","2","0","1","","","","N","","","","","","","","","",""
"2009122424","","0","0","0","0","0","0","0","0","0","7","0","","02","12","2009","7","40.400064","-79.937626","","11","0","0","0","0","0","0","0","0","1","0","0","0","","","0","","0","","40 24:00.230","2","3","79 56:15.453","0","0","0","0","2301","0","0","0","N","0","0","0","1","02301","0","","2.0","","2","N","N","","0","","0","0","1","0","0","N","","1","0","0","0","0","0","0","2","0","1","","","","N","","","","","","","","","",""
"2009122425","","0","0","0","0","0","0","0","0","0","7","0","","02","12","2009","7","","","","11","0","0","0","0","0","0","0","0","1","0","0","0","","","0","","0","","","2","3","","0","0","0","0","2301","0","0","0","N","0","0","0","1","02301","0","","2.0","","2","N","N","","1","","0","0","0","0","0","N","","1","0","0","0","0","0","0","1","0","1","","","","N","","","","","","","","","",""
"2009122426","","1","0","0","0","0","0","0","0","0","1","0","","02","12","2009","7","40.498164","-80.020226","","11","0","0","0","0","0","2","0","0","","0","0","0","","","0","","0","","40 29:53.389","","3","80 01:12.814","0","0","0","0","2301","0","0","0","N","0","0","0","2","02301","0","","1.0","","2","N","N","","0","","0","0","1","0","0","","","2","0","0","0","0","0","0","2","0","2","","","","N","","","","","","","","","",""
"2009122427","","3","0","0","0","0","0","0","0","0","4","0","","02","12","2009","7","40.450762","-80.001354","","11","0","0","0","0","0","1","0","0","3","0","0","0","","","1","","2","","40 27:02.743","5","1","80 00:04.876","8","0","0","0","2301","0","0","0","N","0","0","0","4","02301","0","","1.0","","9","N","N","","0","","0","0","0","3","2","Y","","3","1","0","0","0","1","0","2","0","3","","","","N","","","","","","","","","",""
"2009122436","","2","0","0","0","0","0","0","0","0","1","0","","02","12","2009","7","40.478909","-80.043021","","11","0","0","0","0","0","0","0","0","","0","0","0","","","0","","10","","40 28:44.074","","0","80 02:34.876","0","0","0","0","2301","0","0","0","N","0","0","0","4","02301","0","","1.0","","1","N","N","","0","","0","0","0","0","0","","","2","0","0","0","0","0","0","2","0","2","","","","N","","","","","","","","","",""
"2009122445","","1","0","0","0","0","0","0","0","0","4","0","","02","11","2009","7","40.5263","-80.1584","","11","0","0","0","0","1","0","1","0","1","0","0","0","","","3","","0","","40 31:34.680","5","0","80 09:30.240","3","0","0","0","2436","0","0","0","N","0","0","0","3","68B03","0","","1.0","","1","N","N","","0","","3","0","0","0","0","N","","2","3","0","0","0","0","0","2","1","2","","","","N","","","","","","","","","",""
"2009122446","","1","0","0","0","0","0","0","0","0","1","0","","02","12","2009","5","40.416494","-80.05811","","11","0","0","0","1","0","0","0","0","","0","0","0","","","2","","0","","40 24:59.379","","0","80 03:29.197","3","0","0","0","2435","0","0","0","N","0","0","0","8","68B03","1","","1.0","","1","N","N","","0","","1","0","0","0","0","","","3","2","1","0","0","0","0","2","2","3","","","","N","","","","","","","","","",""
"2009122475","","1","0","0","0","0","0","0","0","0","4","0","","02","12","2009","7","40.618062","-79.903593","","11","0","1","0","1","0","0","0","0","2","0","0","0","","","0","","2","","40 37:05.023","3","0","79 54:12.933","0","0","0","0","2220","0","0","0","N","0","0","0","2","02220","0","","1.0","","9","N","N","","0","","0","0","1","3","3","N","","2","0","0","0","0","0","0","1","0","2","","","","N","","","","","","","","","",""
"2009122477","","1","0","0","0","0","0","0","0","0","4","0","","02","12","2009","7","40.444498","-79.946564","","11","0","0","0","0","0","0","0","0","","0","0","0","","","0","","0","","40 26:40.191","","0","79 56:47.631","0","0","0","0","2301","0","0","0","N","0","0","0","6","02301","0","","1.0","","2","N","N","","1","","0","0","0","0","0","","","2","0","0","0","0","0","0","2","0","2","","","","N","","","","","","","","","",""
"2009122484","","2","0","0","0","0","0","0","0","0","5","0","","02","12","2009","7","40.48703","-79.916451","","11","0","0","0","0","0","2","0","0","","0","0","0","","","0","","10","","40 29:13.308","","3","79 54:59.222","0","0","0","0","2301","0","0","0","N","0","0","0","4","02301","0","","7.0","","2","N","N","","0","","0","0","1","0","0","","","3","0","0","0","0","0","0","2","0","3","","","","N","","","","","","","","","",""
"2009122485","","2","0","0","0","0","0","0","0","0","0","0","","02","12","2009","7","40.426411","-80.059213","","11","0","0","0","0","0","0","0","0","1","0","0","0","","","0","","0","","40 25:35.080","4","0","80 03:33.165","0","0","0","0","2301","0","0","0","Y","0","0","0","5","02301","0","","1.0","","2","N","N","","0","","0","0","0","0","0","N","","2","0","0","0","0","0","0","2","0","2","","","","N","","","","","","","","","",""
"2009122486","","0","0","0","0","0","0","0","0","0","8","0","","02","12","2009","7","40.421688","-79.997417","","11","0","0","0","0","0","0","0","0","","0","0","0","","","1","","1","","40 25:18.076","","0","79 59:50.701","4","0","0","0","2301","1","0","0","N","1","0","0","2","02301","1","","1.0","","2","N","N","","0","","0","0","0","3","2","","","2","1","0","0","0","0","1","2","1","1","","","","N","","","","","","","","","",""
"2009122487","","1","0","0","0","0","0","0","0","0","7","0","","02","12","2009","6","40.378535","-80.161328","","11","0","0","0","0","0","0","0","0","3","0","0","0","","","0","","2","","40 22:42.727","6","0","80 09:40.781","0","0","0","0","2119","0","0","0","N","0","0","0","1","02119","0","","5.0","","1","N","N","","0","","0","0","0","1","3","Y","","1","0","0","0","0","0","0","2","0","1","","","","N","","","","","","","","","",""
"2009122488","","1","0","0","0","0","0","0","0","0","7","0","","02","12","2009","7","40.429127","-79.999091","","11","0","0","0","0","0","1","0","0","2","0","0","0","","","1","","0","","40 25:44.856","4","3","79 59:56.729","8","0","0","0","2301","0","0","0","N","0","0","0","2","02301","0","","2.0","","2","N","N","","0","","0","0","0","0","0","N","","1","1","0","0","0","1","0","2","0","1","","","","N","","","","","","","","","",""
"2009122489","","0","0","0","0","0","0","0","0","0","7","0","","02","12","2009","7","40.430554","-79.988653","","11","0","0","0","0","1","0","0","0","1","0","0","0","","","0","","0","","40 25:49.995","1","3","79 59:19.149","0","0","0","0","2301","0","0","0","N","0","0","0","1","02301","0","","5.0","","2","N","N","","0","","0","0","1","0","0","N","","1","0","0","0","0","0","0","2","0","1","","","","N","","","","","","","","","",""
"2009122492","","0","0","0","0","0","0","0","0","0","99","0","","02","12","2009","7","40.440436","-80.081201","","11","0","0","0","0","0","0","0","0","2","0","0","0","","","0","","0","","40 26:25.568","3","3","80 04:52.323","0","0","0","0","2301","0","0","0","Y","0","0","0","2","02301","0","","1.0","","2","N","N","","1","","0","0","1","0","0","N","","2","0","0","0","0","0","0","2","0","2","","","","N","","","","","","","","","",""
"2009122495","","1","0","0","0","0","0","0","0","0","2","0","","02","12","2009","7","","","","11","0","0","0","1","0","0","0","0","3","0","0","0","","","8","","0","","","5","3","","3","0","0","0","2423","0","0","0","N","0","0","0","13","02304","7","","1.0","","2","N","N","","0","","1","0","5","0","0","Y","","7","8","1","0","0","0","0","1","1","7","","","","N","","","","","","","","","",""
"2009122505","","0","0","0","0","0","0","0","0","0","4","0","","02","12","2009","7","40.490437","-79.78317","","11","0","0","0","0","0","1","0","0","1","0","0","0","","","0","","2","","40 29:25.573","3","0","79 46:59.412","0","0","0","0","2466","0","0","0","N","0","0","0","3","02466","0","","1.0","","9","N","N","","0","","0","0","1","3","3","Y","","2","0","0","0","0","0","0","2","1","2","","","","N","","","","","","","","","",""
"2009122508","","1","0","0","0","0","0","0","0","0","6","0","","02","12","2009","7","40.455034","-79.890397","","11","0","0","0","0","0","0","0","0","3","0","0","0","","","1","","1","","40 27:18.124","7","0","79 53:25.430","2","0","0","0","2301","0","0","0","N","0","0","0","2","02301","0","","1.0","","9","N","N","","1","","0","1","0","3","2","N","","2","1","0","0","0","0","1","2","0","2","","","","N","","","","","","","","","",""
"2009122509","","0","0","0","0","0","0","0","0","0","7","0","","02","12","2009","7","40.380059","-79.80898","","11","0","0","0","0","0","0","0","0","2","0","0","0","","","0","","0","","40 22:48.211","7","3","79 48:32.328","0","0","0","0","2419","0","0","0","N","0","0","0","1","02419","0","","4.0","","2","N","N","","0","","0","0","1","0","0","Y","","1","0","0","0","0","0","0","2","0","1","","","","N","","","","","","","","","",""
"2009122517","","1","0","0","0","0","0","0","0","0","7","0","","02","12","2009","7","40.503315","-79.948429","","11","0","0","0","0","0","0","0","0","1","0","0","0","","","1","","0","","40 30:11.934","5","3","79 56:54.344","4","0","0","0","2430","0","0","0","N","0","0","0","2","02430","1","","5.0","","2","N","N","","0","","0","0","0","0","0","Y","","1","1","0","0","0","0","0","2","0","1","","","","N","","","","","","","","","",""
"2009122518","","1","0","0","0","0","0","0","0","0","7","0","","02","11","2009","6","40.439972","-80.078434","","11","0","0","0","0","0","0","0","0","","0","0","0","","","3","","0","","40 26:23.899","","0","80 04:42.361","4","0","0","0","2421","0","0","0","N","0","0","0","3","02421","3","","4.0","","1","N","N","","0","","0","0","0","0","0","","","1","3","3","0","0","0","0","2","0","1","","","","N","","","","","","","","","",""
"2009122519","","2","0","0","0","0","0","0","0","0","4","0","","02","12","2009","3","40.369413","-79.982863","","11","0","0","0","0","0","0","0","0","1","0","0","0","","","0","","0","","40 22:09.888","5","0","79 58:58.305","0","0","0","0","2413","0","0","0","N","0","0","0","2","02413","0","","1.0","","1","N","N","","0","","0","0","0","0","0","N","","2","0","0","0","0","0","0","2","0","2","","","","N","","","","","","","","","",""
"2009122521","","0","0","0","0","0","0","0","0","0","7","0","","02","12","2009","7","40.489147","-80.0798","","11","0","0","0","0","0","0","0","0","","0","0","0","","","0","","0","","40 29:20.928","","3","80 04:47.279","0","0","0","0","2110","0","0","0","N","0","0","0","1","02215","0","","1.0","","2","N","N","","1","","0","0","0","0","0","","","1","0","0","0","0","0","0","2","0","1","","","","N","","","","","","","","","",""
"2009122528","","0","0","0","0","0","0","0","0","0","7","0","","02","12","2009","5","40.512084","-80.093768","","11","0","0","0","0","0","0","0","0","2","0","0","0","","","0","","0","","40 30:43.502","6","7","80 05:37.564","0","0","0","0","2429","0","0","0","N","0","0","0","1","02215","0","","5.0","","1","N","N","","1","","0","0","0","0","0","Y","","1","0","0","0","0","0","0","2","0","1","","","","N","","","","","","","","","",""
"2009122530","","1","0","0","0","0","0","0","0","0","7","0","","02","12","2009","7","40.480861","-79.801072","","11","0","0","0","0","0","1","0","0","2","0","0","0","","","1","","0","","40 28:51.098","6","0","79 48:03.860","4","0","0","0","2113","0","0","0","N","0","0","0","1","02113","1","","5.0","","1","N","N","","0","","0","0","0","0","0","Y","","1","1","0","0","0","0","0","2","0","1","","","","N","","","","","","","","","",""
"2009122532","","1","0","0","0","0","0","0","0","0","4","0","","02","12","2009","6","40.497972","-79.854762","","11","0","0","0","0","0","0","0","0","","0","0","0","","","1","","1","","40 29:52.699","","0","79 51:17.142","3","0","0","0","2112","0","0","0","N","0","0","0","4","02112","0","","1.0","","1","N","N","","0","","1","0","1","0","0","","","2","1","1","0","0","0","0","2","0","2","","","","N","","","","","","","","","",""
"2009122535","","2","0","0","0","0","0","0","0","0","1","0","","02","11","2009","1","40.343233","-79.919511","","11","0","0","0","0","0","0","0","0","","0","0","0","","","0","","0","","40 20:35.640","","0","79 55:10.240","0","0","0","0","2473","0","0","0","N","0","0","0","1","02473","0","","2.0","","1","N","N","","0","","0","0","0","0","0","","","3","0","0","0","0","0","0","2","0","3","","","","N","","","","","","","","","",""
"2009122536","","1","0","0","0","0","0","0","0","0","1","0","","02","12","2009","3","40.362366","-79.931995","","11","0","0","0","0","1","1","0","0","1","0","0","0","","","1","","2","","40 21:44.516","2","7","79 55:55.181","8","0","0","0","2473","0","0","0","N","0","0","0","3","02473","0","","1.0","","1","N","N","","1","","0","0","0","3","2","N","","2","1","0","0","0","1","0","2","0","2","","","","N","","","","","","","","","",""
"2009122537","","2","0","0","0","0","0","0","0","0","6","0","","02","12","2009","7","40.429979","-79.957805","","11","0","0","0","1","0","0","0","0","1","0","0","0","","","2","","1","","40 25:47.923","4","3","79 57:28.097","3","0","0","0","2301","0","0","0","N","0","0","0","5","02301","0","","1.0","","2","N","N","","0","","2","0","0","3","2","N","","2","2","1","0","0","0","0","2","0","2","","","","N","","","","","","","","","",""
"2009122538","","0","0","0","0","0","0","0","0","0","7","0","","02","12","2009","7","40.309545","-79.894028","","11","0","0","0","0","0","0","0","0","","0","0","0","","","0","","10","","40 18:34.362","","0","79 53:38.500","0","0","0","0","2302","0","0","0","N","0","0","0","1","02302","0","","5.0","","2","N","N","","0","","0","0","1","0","0","","","1","0","1","0","0","0","0","2","0","1","","","","N","","","","","","","","","",""
"2009122546","","1","0","0","0","0","0","0","0","0","7","0","","02","12","2009","7","40.389624","-79.87847","","11","0","0","0","0","0","0","0","0","","0","0","0","","","1","","0","","40 23:22.646","","0","79 52:42.492","4","0","0","0","2473","0","0","0","N","0","0","0","2","02473","1","","5.0","","2","N","N","","0","","0","0","0","0","0","","","1","1","0","0","0","0","0","2","0","1","","","","N","","","","","","","","","",""