"CRN","ARRIVAL_TM","AUTOMOBILE_COUNT","BELTED_DEATH_COUNT","BELTED_SUSP_SERIOUS_INJ_COUNT","BICYCLE_COUNT","BICYCLE_DEATH_COUNT","BICYCLE_SUSP_SERIOUS_INJ_COUNT","BUS_COUNT","CHLDPAS_DEATH_COUNT","CHLDPAS_SUSP_SERIOUS_INJ_COUNT","COLLISION_TYPE","COMM_VEH_COUNT","CONS_ZONE_SPD_LIM","COUNTY","CRASH_MONTH","CRASH_YEAR","DAY_OF_WEEK","DEC_LATITUDE","DEC_LONGITUDE","DISPATCH_TM","DISTRICT","DRIVER_COUNT_16YR","DRIVER_COUNT_17YR","DRIVER_COUNT_18YR","DRIVER_COUNT_19YR","DRIVER_COUNT_20YR","DRIVER_COUNT_50_64YR","DRIVER_COUNT_65_74YR","DRIVER_COUNT_75PLUS","EST_HRS_CLOSED","FATAL_COUNT","HEAVY_TRUCK_COUNT","HORSE_BUGGY_COUNT","HOUR_OF_DAY","ILLUMINATION","INJURY_COUNT","INTERSECTION_RELATED","INTERSECT_TYPE","LANE_CLOSED","LATITUDE","LN_CLOSE_DIR","LOCATION_TYPE","LONGITUDE","MAX_SEVERITY_LEVEL","MCYCLE_DEATH_COUNT","MCYCLE_SUSP_SERIOUS_INJ_COUNT","MOTORCYCLE_COUNT","MUNICIPALITY","NONMOTR_COUNT","NONMOTR_DEATH_COUNT","NONMOTR_SUSP_SERIOUS_INJ_COUNT","NTFY_HIWY_MAINT","PED_COUNT","PED_DEATH_COUNT","PED_SUSP_SERIOUS_INJ_COUNT","PERSON_COUNT","POLICE_AGCY","POSSIBLE_INJ_COUNT","RDWY_SURF_TYPE_CD","RELATION_TO_ROAD","ROADWAY_CLEARED","ROAD_CONDITION","SCH_BUS_IND","SCH_ZONE_IND","SECONDARY_CRASH","SMALL_TRUCK_COUNT","SPEC_JURIS_CD","SUSP_MINOR_INJ_COUNT","SUSP_SERIOUS_INJ_COUNT","SUV_COUNT","TCD_FUNC_CD","TCD_TYPE","TFC_DETOUR_IND","TIME_OF_DAY","TOTAL_UNITS","TOT_INJ_COUNT","UNBELTED_OCC_COUNT","UNB_DEATH_COUNT","UNB_SUSP_SERIOUS_INJ_COUNT","UNK_INJ_DEG_COUNT","UNK_INJ_PER_COUNT","URBAN_RURAL","VAN_COUNT","VEHICLE_COUNT","WEATHER1","WEATHER2","WORKERS_PRES","WORK_ZONE_IND","WORK_ZONE_LOC","WORK_ZONE_TYPE","WZ_CLOSE_DETOUR","WZ_FLAGGER","WZ_LAW_OFFCR_IND","WZ_LN_CLOSURE","WZ_MOVING","WZ_OTHER","WZ_SHLDER_MDN","WZ_WORKERS_INJ_KILLED"
"2009123423","","0","0","0","0","0","0","0","0","0","4","0","","02","12","2009","2","40.456542","-79.823078","","11","0","0","0","0","0","0","0","0","","0","0","0","","","0","","2","","40 27:23.551","","0","79 49:23.081","0","0","0","0","2113","0","0","0","N","0","0","0","2","02113","0","","1.0","","1","N","N","","1","","0","0","0","","3","","","2","0","0","0","0","0","0","2","1","2","","","","N","","","","","","","","","",""
"2009123436","","3","0","0","0","0","0","0","0","0","1","0","90","02","12","2009","3","40.448494","-79.847844","","11","0","0","0","0","0","1","1","0","1","0","0","0","","","0","","0","","40 26:54.578","1","0","79 50:52.240","0","0","0","0","2419","0","0","0","N","0","0","0","3","02419","0","","1.0","","1","N","N","","0","","0","0","0","","0","N","","3","0","0","0","0","0","0","2","0","3","","","Y","Y","4","1","","Y","N","Y","","","",""
"2009123446","","1","0","0","0","0","0","0","0","0","1","0","","02","12","2009","3","40.429267","-79.999168","","11","0","0","0","0","0","1","0","1","","0","0","0","","","0","","1","","40 25:45.362","","3","79 59:57.003","0","0","0","0","2301","0","0","0","","0","0","0","3","02301","0","","1.0","","1","","","","1","","0","0","0","","0","","","3","0","0","0","0","0","0","2","1","3","","","","N","","","","","","","","","",""
"2009123447","","2","0","0","0","0","0","0","0","0","1","0","","02","12","2009","3","","","","11","0","0","0","0","0","2","0","0","","0","0","0","","","0","","0","","","","0","","0","0","0","0","2203","0","0","0","N","0","0","0","3","02501","0","","1.0","","1","N","N","","0","","0","0","0","","0","","","2","0","0","0","0","0","0","1","0","2","","","","N","","","","","","","","","",""
"2009123448","","1","0","0","0","0","0","0","0","0","0","0","","02","11","2009","1","40.505878","-80.078385","","11","0","0","0","0","0","0","0","0","","0","0","0","","","0","","0","","40 30:21.160","","0","80 04:42.186","0","0","0","0","2405","0","0","0","N","0","0","0","1","02215","0","","2.0","","1","N","N","","0","","0","0","0","","0","","","1","0","0","0","0","0","0","2","0","1","","","","N","","","","","","","","","",""
"2009123452","","1","0","0","0","0","0","0","0","0","2","0","","02","12","2009","3","40.600791","-79.752348","","11","0","0","0","0","0","0","1","1","","0","0","0","","","0","","1","","40 36:02.847","","0","79 45:08.452","0","0","0","0","2464","0","0","0","N","0","0","0","2","02464","0","","1.0","","1","N","N","","0","","0","0","0","","3","","","2","0","0","0","0","0","0","2","1","2","","","","N","","","","","","","","","",""
"2009123467","","1","0","0","0","0","0","0","0","0","1","0","","02","12","2009","7","40.362366","-79.931995","","11","0","0","0","0","0","1","0","0","1","0","0","0","","","0","","2","","40 21:44.516","1","7","79 55:55.181","0","0","0","0","2473","0","0","0","N","0","0","0","5","02473","0","","1.0","","2","N","N","","1","","0","0","1","","2","N","","3","0","0","0","0","0","0","2","0","3","","","","N","","","","","","","","","",""
"2009123471","","1","0","0","0","0","0","0","0","0","5","0","","02","12","2009","2","40.414114","-80.00951","","11","0","0","1","0","0","1","0","0","1","0","1","0","","","1","","5","","40 24:50.811","4","2","80 00:34.237","3","0","0","0","2301","0","0","0","N","0","0","0","6","02301","0","","1.0","","1","N","N","","0","","1","0","0","","2","N","","2","1","0","0","0","0","0","2","0","2","","","","N","","","","","","","","","",""
"2009123473","","0","0","0","0","0","0","1","0","0","1","1","","02","12","2009","3","40.536939","-79.83918","","11","0","0","0","0","0","0","0","0","","0","0","0","","","1","","3","","40 32:12.979","","2","79 50:21.047","8","0","0","0","2208","0","0","0","N","0","0","0","2","02208","0","","1.0","","1","Y","N","","1","","0","0","0","","4","","","2","1","0","0","0","1","0","2","0","2","","","","N","","","","","","","","","",""
"2009123476","","0","0","0","0","0","0","0","0","0","7","0","","02","12","2009","3","40.409286","-79.991563","","11","0","0","0","0","0","0","0","0","","0","0","0","","","0","","2","","40 24:33.429","","99","79 59:29.626","0","0","0","0","2301","0","0","0","N","0","0","0","1","02301","0","","5.0","","1","N","N","","0","","0","0","0","","0","","","1","0","0","0","0","0","0","2","1","1","","","","N","","","","","","","","","",""
"2009123481","","1","0","0","0","0","0","0","0","0","4","0","","02","12","2009","2","40.376135","-80.067933","","11","0","0","0","0","0","0","0","0","2","0","0","0","","","2","","0","","40 22:34.086","6","0","80 04:04.558","3","0","0","0","2109","0","0","0","N","0","0","0","4","02109","0","","1.0","","1","N","N","","0","","1","0","1","","0","N","","2","2","0","0","0","1","0","2","0","2","","","","N","","","","","","","","","",""
"2009123557","","1","0","0","0","0","0","0","0","0","99","0","","02","11","2009","1","40.533909","-80.074059","","11","0","0","0","0","0","0","0","0","","0","0","0","","","1","","0","","40 32:02.074","","0","80 04:26.613","8","0","0","0","2215","0","0","0","N","0","0","0","1","68B03","0","","1.0","","1","N","N","","0","","0","0","0","","0","","","1","1","0","0","0","1","0","2","0","1","","","","N","","","","","","","","","",""
"2009123558","","2","0","0","0","0","0","0","0","0","1","0","","02","12","2009","6","40.4286","-79.9366","","11","0","0","0","0","1","0","1","0","1","0","0","0","","","0","","0","","40 25:42.960","4","0","79 56:11.760","0","0","0","0","2301","0","0","0","N","0","0","0","5","68B03","0","","1.0","","1","N","N","","0","","0","0","1","","0","N","","3","0","0","0","0","0","0","2","0","3","","","","N","","","","","","","","","",""
"2009123559","","0","0","0","0","0","0","0","0","0","7","0","","02","12","2009","7","40.4276","-79.8911","","11","0","0","0","0","0","0","0","0","2","0","0","0","","","1","","6","","40 25:39.360","4","8","79 53:27.960","3","0","0","0","2426","0","0","0","N","0","0","0","1","68B03","0","","2.0","","2","N","N","","1","","1","0","0","","0","Y","","1","1","0","0","0","0","0","2","0","1","","","","N","","","","","","","","","",""
"2009123560","","0","0","0","0","0","0","0","0","0","7","0","","02","12","2009","7","40.4341","-79.8672","","11","0","0","0","0","0","0","0","1","","0","0","0","","","0","","6","","40 26:02.760","","8","79 52:01.920","0","0","0","0","2478","0","0","0","N","0","0","0","2","68B03","0","","2.0","","2","N","N","","0","","0","0","1","","0","","","1","0","0","0","0","0","0","2","0","1","","","","N","","","","","","","","","",""
"2009123561","","0","0","0","0","0","0","0","0","0","7","0","","02","12","2009","7","40.4341","-79.8672","","11","0","0","0","0","0","0","0","0","","0","0","0","","","1","","6","","40 26:02.760","","8","79 52:01.920","3","0","0","0","2478","0","0","0","N","0","0","0","3","68B03","0","","2.0","","2","N","N","","1","","1","0","0","","0","","","1","1","0","0","0","0","0","2","0","1","","","","N","","","","","","","","","",""
"2009123614","","0","0","0","0","0","0","0","0","0","99","0","","02","12","2009","2","40.431893","-79.745638","","11","0","0","0","0","0","0","0","0","","0","0","0","","","0","","0","","40 25:54.816","","0","79 44:44.296","0","0","0","0","2446","0","0","0","N","0","0","0","2","68T09","0","","1.0","","1","N","N","","0","","0","0","1","","0","","","1","0","0","0","0","0","0","2","0","1","","","","N","","","","","","","","","",""
"2009123616","","1","0","0","0","0","0","0","0","0","0","0","","02","12","2009","3","40.432576","-80.030035","","11","0","0","0","0","0","1","0","0","1","0","0","0","","","0","","2","","40 25:57.273","1","0","80 01:48.126","0","0","0","0","2301","0","0","0","N","0","0","0","1","02301","0","","1.0","","9","N","N","","0","","0","0","0","","0","N","","1","0","0","0","0","0","0","2","0","1","","","","N","","","","","","","","","",""
"2009123617","","1","0","0","0","0","0","0","0","0","4","0","","02","12","2009","2","40.366267","-79.871146","","11","0","0","0","0","0","0","0","0","","0","0","0","","","1","","0","","40 21:58.561","","0","79 52:16.125","3","0","0","0","2473","0","0","0","N","0","0","0","2","02473","0","","1.0","","1","N","N","","1","","1","0","0","","0","","","2","1","0","0","0","0","0","2","0","2","","","","N","","","","","","","","","",""
"2009123625","","2","0","0","0","0","0","0","0","0","1","0","","02","12","2009","3","40.467602","-80.000819","","11","0","0","0","0","0","2","0","0","1","0","0","0","","","1","","0","","40 28:03.367","5","0","80 00:02.948","8","0","0","0","2301","0","0","0","N","0","0","0","2","02301","0","","1.0","","9","N","N","","0","","0","0","1","","0","N","","3","1","0","0","0","1","0","2","0","3","","","","N","","","","","","","","","",""
"2009123627","","1","0","0","0","0","0","0","0","0","8","0","","02","12","2009","3","40.398376","-80.026205","","11","0","0","0","0","0","0","0","0","","0","0","0","","","1","","1","","40 23:54.152","","0","80 01:34.337","4","0","0","0","2301","1","0","0","N","1","0","0","2","02301","1","","1.0","","9","N","N","","0","","0","0","0","","2","","","2","1","0","0","0","0","0","2","0","1","","","","N","","","","","","","","","",""
"2009123630","","1","0","0","0","0","0","0","0","0","1","0","","02","12","2009","6","40.441993","-80.262944","","11","0","0","0","0","0","0","1","0","1","0","0","0","","","0","","0","","40 26:31.173","1","0","80 15:46.600","0","0","0","0","2203","0","0","0","N","0","0","0","2","02203","0","","1.0","","1","N","N","","0","","0","0","1","","0","N","","2","0","0","0","0","0","0","2","0","2","","","","N","","","","","","","","","",""
"2009123631","","2","0","0","0","0","0","0","0","0","5","0","","02","12","2009","3","40.44776","-80.020169","","11","0","0","0","0","0","0","0","0","","0","0","0","","","1","","3","","40 26:51.936","","0","80 01:12.608","4","0","0","0","2301","0","0","0","","0","0","0","3","02301","1","","1.0","","9","","","","0","","0","0","0","","0","","","2","1","0","0","0","0","0","2","0","2","","","","N","","","","","","","","","",""
"2009123635","","2","0","0","0","0","0","0","0","0","1","0","","02","12","2009","3","40.429918","-80.072028","","11","0","0","0","0","0","0","0","0","","0","0","0","","","0","","0","","40 25:47.704","","0","80 04:19.300","0","0","0","0","2421","0","0","0","N","0","0","0","1","02421","0","","2.0","","9","N","N","","0","","0","0","0","","0","","","2","0","1","0","0","0","0","2","0","2","","","","N","","","","","","","","","",""
"2009123637","","0","0","0","0","0","0","0","0","0","1","0","","02","12","2009","6","40.650243","-79.936811","","11","0","0","0","0","0","0","0","0","","0","0","0","","","0","","2","","40 39:00.874","","2","79 56:12.520","0","0","0","0","2217","0","0","0","N","0","0","0","2","02505","0","","1.0","","1","N","N","","1","","0","0","0","","3","","","2","0","0","0","0","0","0","2","1","2","","","","N","","","","","","","","","",""
"2009123643","","2","0","0","0","0","0","0","0","0","4","0","","02","12","2009","1","40.489266","-80.295218","","11","0","0","0","0","0","0","0","0","1","0","0","0","","","2","","1","","40 29:21.358","3","0","80 17:42.783","4","0","0","0","2203","0","0","0","N","0","0","0","2","02203","2","","1.0","","1","N","N","","0","","0","0","0","","2","N","","2","2","1","0","0","0","0","2","0","2","","","","N","","","","","","","","","",""
"2009123645","","1","0","0","0","0","0","0","0","0","7","0","","02","12","2009","3","40.456849","-79.898333","","11","0","0","0","0","0","0","0","0","","0","0","0","","","0","","2","","40 27:24.658","","0","79 53:54.000","0","0","0","0","2301","0","0","0","N","0","0","0","1","02301","0","","5.0","","9","N","N","","0","","0","0","0","","0","","","1","0","0","0","0","0","0","2","0","1","","","","N","","","","","","","","","",""
"2009123647","","2","0","0","0","0","0","0","0","0","2","0","","02","12","2009","3","40.507791","-80.075705","","11","0","0","0","0","0","0","0","0","","0","0","0","","","0","","0","","40 30:28.049","","6","80 04:32.539","0","0","0","0","2405","0","0","0","N","0","0","0","1","02215","0","","1.0","","1","N","N","","0","","0","0","0","","0","","","2","0","0","0","0","0","0","2","0","2","","","","N","","","","","","","","","",""
"2009123652","","0","0","0","0","0","0","0","0","0","7","0","","02","12","2009","3","40.463586","-79.952975","","11","0","0","0","0","0","0","0","0","","0","0","0","","","0","","5","","40 27:48.909","","8","79 57:10.710","0","0","0","0","2301","0","0","0","N","0","0","0","2","02301","0","","5.0","","9","N","N","","0","","0","0","1","","0","","","1","0","0","0","0","0","0","2","0","1","","","","N","","","","","","","","","",""
"2009123655","","2","0","0","0","0","0","0","0","0","4","0","","02","12","2009","3","40.454117","-79.944307","","11","0","0","0","0","1","0","0","0","","0","0","0","","","2","","1","","40 27:14.822","","0","79 56:39.505","4","0","0","0","2301","0","0","0","N","0","0","0","4","02301","2","","1.0","","9","N","N","","0","","0","0","0","","2","","","2","2","0","0","0","0","0","2","0","2","","","","N","","","","","","","","","",""
"2009123667","","1","0","0","0","0","0","0","0","0","7","0","","02","12","2009","4","40.520455","-79.959475","","11","0","0","0","0","1","0","0","0","2","0","0","0","","","0","","2","","40 31:13.638","2","0","79 57:34.111","0","0","0","0","2118","0","0","0","N","0","0","0","1","02118","0","","2.0","","9","N","N","","0","","0","0","0","","0","N","","1","0","0","0","0","0","0","2","0","1","","","","N","","","","","","","","","",""
"2009123669","","0","0","0","0","0","0","0","0","0","7","0","","02","12","2009","3","40.445082","-80.059205","","11","0","0","0","0","0","0","0","0","","0","0","0","","","0","","10","","40 26:42.295","","0","80 03:33.138","0","0","0","0","2301","0","0","0","N","0","0","0","1","02301","0","","5.0","","9","N","N","","0","","0","0","1","","0","","","1","0","0","0","0","0","0","2","0","1","","","","N","","","","","","","","","",""
"2009123794","","1","0","0","0","0","0","0","0","0","1","0","","02","12","2009","3","40.633217","-80.059521","","11","0","0","0","0","0","1","0","0","","0","0","0","","","0","","0","","40 37:59.582","","0","80 03:34.277","0","0","0","0","2216","0","0","0","N","0","0","0","3","02505","0","","1.0","","1","N","N","","0","","0","0","2","","0","","","3","0","0","0","0","0","0","2","0","3","","","","N","","","","","","","","","",""
"2009123798","","1","0","0","0","0","0","0","0","0","1","0","","02","12","2009","4","40.403487","-79.990019","","11","0","0","0","0","0","0","0","0","","0","0","0","","","0","","0","","40 24:12.553","","0","79 59:24.068","0","0","0","0","2301","0","0","0","N","0","0","0","1","02301","0","","6.0","","9","N","N","","0","","0","0","1","","0","","","2","0","0","0","0","0","0","2","0","2","","","","N","","","","","","","","","",""
"2009123801","","1","0","0","0","0","0","0","0","0","7","0","","02","12","2009","1","40.600874","-79.870798","","11","0","0","0","0","0","0","0","1","","0","0","0","","","1","","1","","40 36:03.147","","0","79 52:14.873","8","0","0","0","2220","0","0","0","N","0","0","0","2","02220","0","","2.0","","1","N","N","","0","","0","0","0","","0","","","1","1","0","0","0","1","0","2","0","1","","","","N","","","","","","","","","",""
"2009123811","","1","0","0","0","0","0","0","0","0","1","0","","02","12","2009","3","40.46997","-80.100024","","11","0","0","0","0","0","1","0","0","","0","0","0","","","1","","2","","40 28:11.892","","7","80 06:00.086","4","0","0","0","2126","0","0","0","N","0","0","0","3","02126","1","","1.0","","1","N","N","","0","","0","0","1","","0","","","3","1","0","0","0","0","0","2","1","3","","","","N","","","","","","","","","",""
"2009123814","","1","0","0","0","0","0","0","0","0","7","0","","02","12","2009","4","40.458877","-79.805431","","11","0","0","0","0","0","0","0","0","3","0","0","0","","","0","","0","","40 27:31.957","4","0","79 48:19.552","9","0","0","0","2113","0","0","0","Y","0","0","0","1","02113","0","","5.0","","1","N","N","","0","","0","0","0","","0","N","","1","0","1","0","0","0","1","2","0","1","","","","N","","","","","","","","","",""
"2009123822","","2","0","0","0","0","0","0","0","0","4","0","","02","12","2009","4","40.451941","-80.016578","","11","0","0","0","0","0","0","1","0","","0","0","0","","","1","","1","","40 27:06.989","","0","80 00:59.679","8","0","0","0","2301","0","0","0","N","0","0","0","2","02301","0","","1.0","","9","N","N","","0","","0","0","0","","2","","","2","1","0","0","0","1","0","2","0","2","","","","N","","","","","","","","","",""
"2009123831","","0","0","0","0","0","0","0","0","0","1","0","","02","12","2009","4","40.410686","-80.005795","","11","0","0","0","0","1","0","0","0","","0","0","0","","","1","","2","","40 24:38.471","","0","80 00:20.862","8","0","0","0","2301","0","0","0","N","0","0","0","3","02301","0","","1.0","","1","N","N","","0","","0","0","2","","0","","","2","1","1","0","0","1","0","2","0","2","","","","N","","","","","","","","","",""
"2009123832","","2","0","1","0","0","0","0","0","0","4","0","","02","12","2009","3","40.332453","-79.985196","","11","0","0","0","0","0","0","1","0","2","0","0","0","","","3","","2","","40 19:56.832","4","0","79 59:06.704","2","0","0","0","2454","0","0","0","N","0","0","0","4","02454","1","","1.0","","1","N","N","","0","","1","1","0","","3","Y","","2","3","0","0","0","0","0","2","0","2","","","","N","","","","","","","","","",""
"2009123833","","2","0","0","0","0","0","0","0","0","6","0","","02","12","2009","4","40.416936","-80.014558","","11","0","0","0","0","0","0","0","0","","0","0","0","","","0","","1","","40 25:00.970","","0","80 00:52.409","0","0","0","0","2301","0","0","0","N","0","0","0","2","02301","0","","1.0","","1","N","N","","0","","0","0","0","","2","","","2","0","0","0","0","0","0","2","0","2","","","","N","","","","","","","","","",""
"2009123836","","2","0","0","0","0","0","0","0","0","6","0","","02","12","2009","4","40.503269","-79.947559","","11","0","0","0","0","0","0","0","0","2","0","0","0","","","2","","1","","40 30:11.769","1","0","79 56:51.212","4","0","0","0","2430","0","0","0","N","0","0","0","3","02430","2","","1.0","","1","N","N","","0","","0","0","0","","2","Y","","2","2","0","0","0","0","0","2","0","2","","","","N","","","","","","","","","",""
"2009123837","","2","0","0","0","0","0","0","0","0","4","0","","02","12","2009","3","40.435677","-79.786875","","11","0","1","0","0","0","0","0","0","","0","0","0","","","1","","0","","40 26:08.438","","0","79 47:12.751","8","0","0","0","2446","0","0","0","N","0","0","0","2","02446","0","","1.0","","9","N","N","","0","","0","0","0","","0","","","2","1","0","0","0","1","0","2","0","2","","","","N","","","","","","","","","",""
"2009123838","","2","0","0","0","0","0","0","0","0","1","0","","02","12","2009","4","40.352984","-79.917303","","11","0","0","0","0","0","0","0","0","1","0","0","0","","","1","","3","","40 21:10.742","4","0","79 55:02.290","4","0","0","0","2473","0","0","0","N","0","0","0","4","02473","1","","1.0","","1","N","N","","0","","0","0","0","","2","N","","2","1","1","0","0","0","0","2","0","2","","","","N","","","","","","","","","",""
"2009123839","","1","0","0","0","0","0","0","0","0","1","0","","02","12","2009","6","40.400964","-79.782685","","11","0","0","0","0","0","0","0","0","","0","0","0","","","1","","0","","40 24:03.469","","0","79 46:57.665","4","0","0","0","2453","0","0","0","N","0","0","0","4","02453","1","","1.0","","1","N","N","","1","","0","0","0","","0","","","2","1","1","0","0","0","3","2","0","2","","","","N","","","","","","","","","",""
"2009123843","","2","0","0","0","0","0","0","0","0","1","0","","02","12","2009","4","40.415035","-80.011273","","11","0","0","0","0","0","0","0","0","","0","0","0","","","0","","1","","40 24:54.125","","0","80 00:40.583","0","0","0","0","2301","0","0","0","N","0","0","0","4","02301","0","","1.0","","9","N","N","","0","","0","0","0","","2","","","2","0","0","0","0","0","0","2","0","2","","","","N","","","","","","","","","",""
"2009123857","","1","0","0","0","0","0","0","0","0","4","0","","02","12","2009","4","40.452759","-79.936741","","11","0","0","0","0","0","0","1","0","1","0","0","0","","","0","","1","","40 27:09.932","7","0","79 56:12.267","0","0","0","0","2301","0","0","0","N","0","0","0","2","02301","0","","1.0","","9","N","N","","0","","0","0","1","","2","N","","2","0","0","0","0","0","0","2","0","2","","","","N","","","","","","","","","",""
"2009123859","","1","0","0","0","0","0","0","0","0","7","0","","02","12","2009","4","40.321803","-79.826467","","11","0","0","0","0","0","0","0","0","","0","0","0","","","1","","0","","40 19:18.491","","0","79 49:35.282","8","0","0","0","2304","0","0","0","N","0","0","0","1","02304","0","","5.0","","9","","N","","0","","0","0","0","","0","","","1","1","0","0","0","1","0","2","0","1","","","","N","","","","","","","","","",""
"2009123861","","3","0","0","0","0","0","0","0","0","5","0","","02","12","2009","4","40.437901","-79.990747","","11","0","0","0","0","0","0","0","0","","0","0","0","","","0","","0","","40 26:16.443","","0","79 59:26.689","0","0","0","0","2301","0","0","0","N","0","0","0","2","02301","0","","1.0","","1","N","N","","0","","0","0","0","","0","","","3","0","0","0","0","0","0","2","0","3","","","","N","","","","","","","","","",""
"2009123867","","1","0","0","0","0","0","0","0","0","4","0","","02","12","2009","4","40.442933","-79.772979","","11","0","0","0","0","0","2","0","0","","0","0","0","","","1","","1","","40 26:34.558","","0","79 46:22.724","4","0","0","0","2446","0","0","0","N","0","0","0","3","02446","1","","1.0","","1","N","N","","0","","0","0","0","","3","","","2","1","0","0","0","0","0","2","1","2","","","","N","","","","","","","","","",""
"2009123877","","0","0","0","0","0","0","0","0","0","4","0","","02","12","2009","6","40.373681","-79.844875","","11","0","0","0","0","0","1","0","0","","0","0","0","","","0","","1","","40 22:25.252","","0","79 50:41.551","0","0","0","0","2303","0","0","0","N","0","0","0","2","02303","0","","1.0","","1","N","N","","0","","0","0","2","","2","","","2","0","2","0","0","0","0","2","0","2","","","","N","","","","","","","","","",""
"2009123888","","0","0","0","0","0","0","0","0","0","7","0","","02","12","2009","4","40.478473","-79.839777","","11","0","0","0","0","0","1","0","0","1","0","0","0","","","0","","0","","40 28:42.501","6","0","79 50:23.198","0","0","0","0","2113","0","0","0","N","0","0","0","1","02113","0","","4.0","","9","N","N","","0","","0","0","1","","0","Y","","1","0","0","0","0","0","0","2","0","1","","","","N","","","","","","","","","",""
"2009123897","","0","0","0","0","0","0","0","0","0","7","0","","02","12","2009","4","40.587056","-79.883115","","11","0","0","0","0","0","1","0","0","4","1","0","0","","","0","","0","","40 35:13.401","6","0","79 52:59.214","1","0","0","0","2209","0","0","0","N","0","0","0","1","02209","0","2","4.0","","9","N","N","","1","0","0","0","0","","0","Y","","1","0","1","1","0","0","0","2","0","1","","","","N","","","","","","","","","",""
"2009123953","","2","0","0","0","0","0","0","0","0","4","0","50","02","10","2009","7","40.6011","-80.0938","","11","0","0","0","0","0","1","0","0","1","0","0","0","","","0","","0","","40 36:03.960","2","0","80 05:37.680","0","0","0","0","2481","0","0","0","N","0","0","0","5","68B03","0","","1.0","","1","N","N","","0","","0","0","0","","0","N","","3","0","0","0","0","0","0","2","1","3","","","N","Y","2","1","N","N","N","Y","N","N","N",""
"2009123954","","1","0","0","0","0","0","0","0","0","99","0","","02","11","2009","6","40.436309","-80.147761","","11","0","0","0","0","0","0","0","0","","0","0","0","","","0","","0","","40 26:10.712","","0","80 08:51.940","0","0","0","0","2115","0","0","0","N","0","0","0","4","68B03","0","","1.0","","1","N","N","","0","","0","0","0","","0","","","1","0","0","0","0","0","0","2","0","1","","","","N","","","","","","","","","",""
"2009123955","","0","0","0","0","0","0","0","0","0","99","0","","02","11","2009","5","40.4714","-80.2093","","11","0","0","0","0","0","0","0","0","","0","0","0","","","0","","0","","40 28:17.040","","0","80 12:33.480","0","0","0","0","2203","0","0","0","N","0","0","0","2","68B03","0","","1.0","","9","N","N","","0","","0","0","1","","0","","","1","0","0","0","0","0","0","2","0","1","","","","N","","","","","","","","","",""
"2009123956","","1","0","0","0","0","0","0","0","0","7","0","","02","11","2009","7","40.441116","-79.82989","","11","0","0","0","0","0","0","0","0","2","0","0","0","","","0","","0","","40 26:28.019","4","0","79 49:47.603","9","0","0","0","2419","0","0","0","N","0","0","0","1","68B03","0","","2.0","","1","N","N","","0","","0","0","0","","0","N","","1","0","0","0","0","0","1","2","0","1","","","","N","","","","","","","","","",""
"2009123957","","1","0","0","0","0","0","0","0","0","4","0","","02","11","2009","2","40.4471","-80.1667","","11","0","0","0","0","0","1","0","0","","0","0","0","","","0","","3","","40 26:49.560","","2","80 10:00.120","0","0","0","0","2115","0","0","0","N","0","0","0","2","68B03","0","","1.0","","9","N","N","","0","","0","0","1","","3","","","2","0","0","0","0","0","0","2","0","2","","","","N","","","","","","","","","",""
"2009123958","","1","0","0","0","0","0","0","0","0","7","0","","02","12","2009","7","40.4344","-79.8702","","11","0","0","0","0","0","0","0","0","2","0","0","0","","","0","","6","","40 26:03.840","4","8","79 52:12.720","0","0","0","0","2478","0","0","0","N","0","0","0","4","68B03","0","","2.0","","2","N","N","","0","","0","0","0","","0","Y","","1","0","0","0","0","0","0","2","0","1","","","","N","","","","","","","","","",""
"2009123959","","1","0","0","0","0","0","0","0","0","4","0","","02","12","2009","7","40.434893","-79.869401","","11","0","0","0","0","0","0","1","0","2","0","0","0","","","0","","0","","40 26:05.616","4","8","79 52:09.845","0","0","0","0","2478","0","0","0","N","0","0","0","2","68B03","0","","1.0","","2","N","N","","1","","0","0","0","","0","Y","","2","0","0","0","0","0","0","2","0","2","","","","N","","","","","","","","","",""
"2009124018","","1","0","0","0","0","0","0","0","0","4","0","","02","12","2009","2","40.297253","-79.91683","","11","0","0","0","0","0","0","0","0","2","0","0","0","","","0","","2","","40 17:50.110","1","0","79 55:00.588","9","0","0","0","2440","0","0","0","N","0","0","0","2","68T09","0","","7.0","","1","N","N","","0","","0","0","1","","3","N","","2","0","0","0","0","0","1","2","0","2","","","","N","","","","","","","","","",""
"2009124063","","1","0","0","0","0","0","0","0","0","8","0","","02","11","2009","1","40.407119","-79.910715","","11","0","0","0","0","0","0","0","0","1","0","0","0","","","1","","1","","40 24:25.627","1","0","79 54:38.573","8","0","0","0","2438","1","0","0","N","1","0","0","2","02438","0","","1.0","","1","N","N","","0","","0","0","0","","2","Y","","2","1","0","0","0","1","0","2","0","1","","","","N","","","","","","","","","",""
"2009124080","","1","0","0","0","0","0","0","0","0","1","0","","02","11","2009","1","40.6165","-80.0954","","11","0","0","0","1","0","0","0","0","","0","0","0","","","1","","0","","40 36:59.400","","0","80 05:43.440","4","0","0","0","2212","0","0","0","N","0","0","0","3","68B03","1","","1.0","","1","N","N","","0","","0","0","1","","0","","","2","1","0","0","0","0","0","2","0","2","","","","N","","","","","","","","","",""