"CRN","ARRIVAL_TM","AUTOMOBILE_COUNT","BELTED_DEATH_COUNT","BELTED_SUSP_SERIOUS_INJ_COUNT","BICYCLE_COUNT","BICYCLE_DEATH_COUNT","BICYCLE_SUSP_SERIOUS_INJ_COUNT","BUS_COUNT","CHLDPAS_DEATH_COUNT","CHLDPAS_SUSP_SERIOUS_INJ_COUNT","COLLISION_TYPE","COMM_VEH_COUNT","CONS_ZONE_SPD_LIM","COUNTY","CRASH_MONTH","CRASH_YEAR","DAY_OF_WEEK","DEC_LATITUDE","DEC_LONGITUDE","DISPATCH_TM","DISTRICT","DRIVER_COUNT_16YR","DRIVER_COUNT_17YR","DRIVER_COUNT_18YR","DRIVER_COUNT_19YR","DRIVER_COUNT_20YR","DRIVER_COUNT_50_64YR","DRIVER_COUNT_65_74YR","DRIVER_COUNT_75PLUS","EST_HRS_CLOSED","FATAL_COUNT","HEAVY_TRUCK_COUNT","HORSE_BUGGY_COUNT","HOUR_OF_DAY","ILLUMINATION","INJURY_COUNT","INTERSECTION_RELATED","INTERSECT_TYPE","LANE_CLOSED","LATITUDE","LN_CLOSE_DIR","LOCATION_TYPE","LONGITUDE","MAX_SEVERITY_LEVEL","MCYCLE_DEATH_COUNT","MCYCLE_SUSP_SERIOUS_INJ_COUNT","MOTORCYCLE_COUNT","MUNICIPALITY","NONMOTR_COUNT","NONMOTR_DEATH_COUNT","NONMOTR_SUSP_SERIOUS_INJ_COUNT","NTFY_HIWY_MAINT","PED_COUNT","PED_DEATH_COUNT","PED_SUSP_SERIOUS_INJ_COUNT","PERSON_COUNT","POLICE_AGCY","POSSIBLE_INJ_COUNT","RDWY_SURF_TYPE_CD","RELATION_TO_ROAD","ROADWAY_CLEARED","ROAD_CONDITION","SCH_BUS_IND","SCH_ZONE_IND","SECONDARY_CRASH","SMALL_TRUCK_COUNT","SPEC_JURIS_CD","SUSP_MINOR_INJ_COUNT","SUSP_SERIOUS_INJ_COUNT","SUV_COUNT","TCD_FUNC_CD","TCD_TYPE","TFC_DETOUR_IND","TIME_OF_DAY","TOTAL_UNITS","TOT_INJ_COUNT","UNBELTED_OCC_COUNT","UNB_DEATH_COUNT","UNB_SUSP_SERIOUS_INJ_COUNT","UNK_INJ_DEG_COUNT","UNK_INJ_PER_COUNT","URBAN_RURAL","VAN_COUNT","VEHICLE_COUNT","WEATHER1","WEATHER2","WORKERS_PRES","WORK_ZONE_IND","WORK_ZONE_LOC","WORK_ZONE_TYPE","WZ_CLOSE_DETOUR","WZ_FLAGGER","WZ_LAW_OFFCR_IND","WZ_LN_CLOSURE","WZ_MOVING","WZ_OTHER","WZ_SHLDER_MDN","WZ_WORKERS_INJ_KILLED"
"2009125344","","1","0","0","0","0","0","0","0","0","8","0","","02","12","2009","5","40.439563","-79.923071","","11","0","0","0","0","0","0","0","0","1","0","0","0","","","1","","0","","40 26:22.426","2","7","79 55:23.055","4","0","0","0","2301","1","0","0","N","1","0","0","2","02301","1","","4.0","","1","N","N","","0","","0","0","0","","0","N","","2","1","0","0","0","0","0","2","0","1","","","","N","","","","","","","","","",""
"2009125347","","2","0","0","0","0","0","0","0","0","4","0","","02","12","2009","6","40.458134","-79.90838","","11","0","0","0","0","0","1","1","0","","0","0","0","","","0","","2","","40 27:29.281","","0","79 54:30.168","0","0","0","0","2301","0","0","0","N","0","0","0","2","02301","0","","1.0","","1","N","N","","0","","0","0","0","","3","","","2","0","0","0","0","0","0","2","0","2","","","","N","","","","","","","","","",""
"2009125349","","2","0","0","0","0","0","0","0","0","4","0","","02","12","2009","6","40.447123","-79.946824","","11","0","0","0","0","0","0","0","1","","0","0","0","","","0","","0","","40 26:49.642","","0","79 56:48.566","9","0","0","0","2301","0","0","0","N","0","0","0","2","02301","0","","1.0","","1","N","N","","0","","0","0","0","","0","","","2","0","1","0","0","0","1","2","0","2","","","","N","","","","","","","","","",""
"2009125359","","2","0","0","0","0","0","0","0","0","4","0","","02","12","2009","6","40.613871","-79.948714","","11","0","0","0","0","0","0","1","0","1","0","0","0","","","2","","1","","40 36:49.937","4","0","79 56:55.370","4","0","0","0","2207","0","0","0","N","0","0","0","4","02207","2","","1.0","","1","N","N","","0","","0","0","0","","3","N","","2","2","0","0","0","0","0","2","0","2","","","","N","","","","","","","","","",""
"2009125362","","1","0","0","0","0","0","0","0","0","4","0","","02","12","2009","6","40.438079","-79.965454","","11","0","0","1","0","0","0","0","0","","0","0","0","","","0","","0","","40 26:17.084","","0","79 57:55.634","0","0","0","0","2301","0","0","0","N","0","0","0","1","02301","0","","1.0","","1","N","N","","0","","0","0","1","","0","","","2","0","0","0","0","0","0","2","0","2","","","","N","","","","","","","","","",""
"2009125377","","2","0","0","0","0","0","0","0","0","4","0","","02","12","2009","6","40.385467","-80.051176","","11","0","0","0","0","0","1","0","0","","0","0","0","","","1","","2","","40 23:07.681","","0","80 03:04.233","4","0","0","0","2109","0","0","0","N","0","0","0","2","02109","1","","1.0","","1","N","N","","0","","0","0","0","","3","","","2","1","0","0","0","0","0","2","0","2","","","","N","","","","","","","","","",""
"2009125382","","3","0","0","0","0","0","0","0","0","4","0","","02","12","2009","6","40.484953","-79.817564","","11","0","0","0","0","1","0","0","1","","0","0","0","","","0","","0","","40 29:05.831","","0","79 49:03.230","0","0","0","0","2113","0","0","0","N","0","0","0","2","02113","0","","1.0","","1","N","N","","0","","0","0","0","","0","","","3","0","0","0","0","0","0","2","0","3","","","","N","","","","","","","","","",""
"2009125388","","2","0","0","0","0","0","0","0","0","1","0","","02","12","2009","6","40.466776","-79.837276","","11","0","0","0","0","0","0","0","1","","0","0","0","","","2","","0","","40 28:00.392","","0","79 50:14.192","4","0","0","0","2113","0","0","0","N","0","0","0","4","02113","2","","1.0","","1","N","N","","0","","0","0","0","","0","","","2","2","0","0","0","0","0","2","0","2","","","","N","","","","","","","","","",""
"2009125393","","1","0","0","0","0","0","0","0","0","4","0","","02","12","2009","3","40.446006","-80.151782","","11","0","0","0","0","0","1","0","0","","0","0","0","","","1","","0","","40 26:45.623","","0","80 09:06.414","4","0","0","0","2115","0","0","0","N","0","0","0","2","02115","1","","1.0","","1","N","N","","0","","0","0","1","","0","","","2","1","0","0","0","0","0","2","0","2","","","","N","","","","","","","","","",""
"2009125394","","2","0","0","0","0","0","0","0","0","1","0","","02","12","2009","5","40.446006","-80.151782","","11","0","0","0","0","0","0","0","0","","0","0","0","","","0","","0","","40 26:45.623","","7","80 09:06.414","0","0","0","0","2115","0","0","0","N","0","0","0","3","02115","0","","1.0","","1","N","N","","0","","0","0","1","","0","","","3","0","0","0","0","0","0","2","0","3","","","","N","","","","","","","","","",""
"2009125395","","1","0","0","0","0","0","0","0","0","1","0","","02","12","2009","5","40.535084","-80.185706","","11","0","0","0","0","0","0","0","0","","0","0","0","","","1","","0","","40 32:06.301","","3","80 11:08.541","8","0","0","0","2458","0","0","0","N","0","0","0","3","02458","0","","1.0","","1","N","N","","0","","0","0","0","","0","","","2","1","1","0","0","1","0","2","1","2","","","","N","","","","","","","","","",""
"2009125431","","1","0","0","0","0","0","0","0","0","99","0","","02","11","2009","3","40.589387","-80.046541","","11","0","0","0","0","0","0","0","0","","0","0","0","","","0","","0","","40 35:21.792","","0","80 02:47.547","0","0","0","0","2108","0","0","0","N","0","0","0","2","02108","0","","1.0","","1","N","N","","0","","0","0","0","","0","","","1","0","0","0","0","0","0","2","0","1","","","","N","","","","","","","","","",""
"2009125477","","1","0","0","0","0","0","1","0","0","2","1","","02","12","2009","6","40.346343","-79.973385","","11","0","0","0","0","0","0","0","1","","0","0","0","","","6","","0","","40 20:46.836","","7","79 58:24.186","4","0","0","0","2403","0","0","0","N","0","0","0","7","02503","6","","1.0","","1","N","N","","0","","0","0","0","","0","","","2","6","0","0","0","0","0","2","0","2","","","","N","","","","","","","","","",""
"2009125483","","1","0","0","0","0","0","0","0","0","4","0","","02","12","2009","6","40.427519","-79.928159","","11","0","0","0","0","0","0","0","0","2","0","0","0","","","0","","2","","40 25:39.067","3","0","79 55:41.374","0","0","0","0","2301","0","0","0","N","0","0","0","3","02301","0","","1.0","","1","N","N","","0","","0","0","1","","3","N","","2","0","0","0","0","0","0","2","0","2","","","","N","","","","","","","","","",""
"2009125485","","0","0","0","0","0","0","0","0","0","7","0","","02","12","2009","4","40.34837","-79.944808","","11","0","0","0","0","0","0","0","0","","0","0","0","","","1","","1","","40 20:54.133","","0","79 56:41.310","8","0","0","0","2473","0","0","0","N","0","0","0","1","02473","0","","5.0","","1","N","N","","0","","0","0","1","","2","","","1","1","1","0","0","1","0","2","0","1","","","","N","","","","","","","","","",""
"2009125491","","1","0","0","0","0","0","0","0","0","4","0","","02","12","2009","6","40.468925","-80.09793","","11","0","0","1","0","0","0","0","0","","0","0","0","","","1","","1","","40 28:08.130","","0","80 05:52.548","4","0","0","0","2126","0","0","0","N","0","0","0","4","02126","1","","1.0","","1","N","N","","0","","0","0","1","","2","","","2","1","0","0","0","0","0","2","0","2","","","","N","","","","","","","","","",""
"2009125498","","1","0","0","0","0","0","0","0","0","5","0","","02","12","2009","6","40.410433","-80.005409","","11","0","0","0","0","0","0","0","0","1","0","0","0","","","1","","0","","40 24:37.558","2","0","80 00:19.474","4","0","0","0","2301","0","0","0","N","0","0","0","2","02301","1","","1.0","","1","N","N","","0","","0","0","1","","0","N","","2","1","0","0","0","0","0","2","0","2","","","","N","","","","","","","","","",""
"2009125512","","2","0","0","0","0","0","0","0","0","6","0","","02","12","2009","6","40.493891","-79.954393","","11","0","0","0","0","0","0","0","0","1","0","0","0","","","1","","0","","40 29:38.006","4","0","79 57:15.814","4","0","0","0","2430","1","0","0","N","1","0","0","1","02430","1","","2.0","","1","N","N","","0","","0","0","0","","0","N","","3","1","0","0","0","0","0","2","0","2","","","","N","","","","","","","","","",""
"2009125513","","1","0","0","0","0","0","0","0","0","7","0","","02","12","2009","7","40.486764","-79.804682","","11","0","0","0","0","0","0","0","0","2","0","0","0","","","1","","0","","40 29:12.352","5","0","79 48:16.854","3","0","0","0","2113","0","0","0","N","0","0","0","1","02113","0","","2.0","","1","N","N","","0","","1","0","0","","0","N","","1","1","0","0","0","0","0","2","0","1","","","","N","","","","","","","","","",""
"2009125516","","1","0","0","0","0","0","0","0","0","7","0","","02","12","2009","7","40.448316","-80.010457","","11","0","0","0","0","0","0","0","0","","0","0","0","","","0","","1","","40 26:53.937","","0","80 00:37.645","9","0","0","0","2301","0","0","0","N","0","0","0","1","02301","0","","2.0","","1","N","N","","0","","0","0","0","","0","","","1","0","0","0","0","0","1","2","0","1","","","","N","","","","","","","","","",""
"2009125524","","1","0","0","0","0","0","0","0","0","7","0","","02","12","2009","4","40.384223","-80.184609","","11","0","0","0","1","0","0","0","0","","0","0","0","","","1","","0","","40 23:03.204","","0","80 11:04.591","4","0","0","0","2119","0","0","0","N","0","0","0","1","02119","1","","4.0","","9","N","N","","0","","0","0","0","","0","","","1","1","0","0","0","0","0","1","0","1","","","","N","","","","","","","","","",""
"2009125643","","0","0","0","0","0","0","0","0","0","7","0","","02","12","2009","7","40.436055","-79.749196","","11","0","0","0","0","0","1","0","0","","0","0","0","","","1","","0","","40 26:09.799","","2","79 44:57.104","4","0","0","0","2446","0","0","0","N","0","0","0","1","68T09","1","","2.0","","2","N","N","","0","","0","0","1","","0","","","1","1","0","0","0","0","0","2","0","1","","","","N","","","","","","","","","",""
"2009125651","","1","0","0","0","0","0","0","0","0","1","0","","02","12","2009","7","40.436234","-79.757092","","11","0","0","1","0","0","0","0","0","1","0","0","0","","","0","","0","","40 26:10.441","1","0","79 45:25.532","0","0","0","0","2446","0","0","0","N","0","0","0","2","02446","0","","1.0","","1","N","N","","0","","0","0","0","","0","N","","2","0","0","0","0","0","0","2","1","2","","","","N","","","","","","","","","",""
"2009125656","","1","0","0","0","0","0","0","0","0","2","0","","02","12","2009","7","40.60303","-79.754514","","11","0","0","0","0","0","1","0","0","","0","0","0","","","0","","0","","40 36:10.908","","0","79 45:16.250","0","0","0","0","2464","0","0","0","N","0","0","0","2","02464","0","","1.0","","2","N","N","","0","","0","0","1","","0","","","2","0","0","0","0","0","0","2","0","2","","","","N","","","","","","","","","",""
"2009125660","","1","0","0","0","0","0","0","0","0","7","0","","02","12","2009","7","40.548042","-80.021711","","11","0","0","0","0","0","0","1","0","1","0","0","0","","","0","","0","","40 32:52.950","1","0","80 01:18.160","0","0","0","0","2116","0","0","0","N","0","0","0","1","02116","0","","5.0","","1","N","N","","0","","0","0","0","","0","N","","1","0","0","0","0","0","0","2","0","1","","","","N","","","","","","","","","",""
"2009125669","","1","0","0","0","0","0","0","0","0","4","0","","02","12","2009","7","40.437961","-79.991059","","11","0","0","0","0","0","1","0","0","","0","0","0","","","1","","1","","40 26:16.659","","0","79 59:27.812","8","0","0","0","2301","0","0","0","N","0","0","0","2","02301","0","","1.0","","1","N","N","","0","","0","0","1","","2","","","2","1","0","0","0","1","0","2","0","2","","","","N","","","","","","","","","",""
"2009125671","","1","0","0","0","0","0","0","0","0","4","0","","02","12","2009","7","40.481525","-79.876187","","11","0","0","0","0","0","0","0","0","","0","0","0","","","0","","2","","40 28:53.490","","0","79 52:34.273","0","0","0","0","2113","0","0","0","N","0","0","0","2","02113","0","","1.0","","1","N","N","","1","","0","0","0","","2","","","2","0","1","0","0","0","0","2","0","2","","","","N","","","","","","","","","",""
"2009125674","","2","0","0","0","0","0","0","0","0","4","0","","02","12","2009","6","40.430349","-80.133228","","11","0","0","0","0","1","1","0","0","1","0","0","0","","","0","","2","","40 25:49.257","3","2","80 07:59.621","0","0","0","0","2102","0","0","0","N","0","0","0","4","02102","0","","1.0","","1","N","N","","0","","0","0","0","","2","N","","2","0","0","0","0","0","0","2","0","2","","","","N","","","","","","","","","",""
"2009125685","","1","0","0","0","0","0","0","0","0","6","0","","02","12","2009","7","40.452966","-80.039423","","11","0","0","0","0","0","0","1","0","","0","0","0","","","1","","2","","40 27:10.676","","4","80 02:21.924","8","0","0","0","2301","0","0","0","N","0","0","0","3","02301","0","","1.0","","1","N","N","","0","","0","0","0","","0","","","2","1","0","0","0","1","0","2","1","2","","","","N","","","","","","","","","",""
"2009125689","","3","0","0","0","0","0","0","0","0","4","0","","02","12","2009","6","40.332348","-79.946026","","11","0","0","1","0","0","0","2","0","1","0","0","0","","","2","","0","","40 19:56.454","1","0","79 56:45.695","8","0","0","0","2454","0","0","0","N","0","0","0","5","02454","0","","1.0","","1","N","N","","0","","0","0","0","","3","N","","3","2","0","0","0","2","0","2","0","3","","","","N","","","","","","","","","",""
"2009125704","","2","0","0","0","0","0","0","0","0","6","0","","02","12","2009","7","40.46212","-79.940382","","11","0","0","0","0","0","0","0","0","","0","0","0","","","0","","1","","40 27:43.632","","0","79 56:25.375","0","0","0","0","2301","0","0","0","N","0","0","0","2","02301","0","","1.0","","1","N","N","","0","","0","0","0","","3","","","2","0","0","0","0","0","0","2","0","2","","","","N","","","","","","","","","",""
"2009125712","","2","0","0","0","0","0","0","0","0","2","0","","02","12","2009","6","40.413422","-80.077335","","11","0","0","0","0","0","0","0","0","1","0","0","0","","","1","","0","","40 24:48.320","4","0","80 04:38.407","8","0","0","0","2117","0","0","0","N","0","0","0","2","02117","0","","1.0","","1","N","N","","0","","0","0","0","","0","Y","","2","1","0","0","0","1","0","2","0","2","","","","N","","","","","","","","","",""
"2009125715","","1","0","0","0","0","0","0","0","0","2","0","","02","12","2009","6","40.391837","-80.020643","","11","0","0","0","0","0","0","0","0","","0","0","0","","","0","","1","","40 23:30.613","","0","80 01:14.314","0","0","0","0","2301","0","0","0","N","0","0","0","1","02301","0","","1.0","","1","","N","","1","","0","0","0","","0","","","2","0","0","0","0","0","0","2","0","2","","","","N","","","","","","","","","",""
"2009125716","","2","0","0","0","0","0","0","0","0","4","0","","02","12","2009","7","40.45194","-79.923965","","11","0","0","0","0","0","0","0","0","","0","0","0","","","0","","1","","40 27:06.984","","0","79 55:26.274","0","0","0","0","2301","0","0","0","N","0","0","0","3","02301","0","","1.0","","1","N","N","","0","","0","0","0","","2","","","2","0","0","0","0","0","0","2","0","2","","","","N","","","","","","","","","",""
"2009125718","","2","0","0","0","0","0","0","0","0","1","0","","02","12","2009","4","40.378596","-79.813153","","11","0","1","0","0","0","1","0","0","2","0","0","0","","","2","","0","","40 22:42.945","1","0","79 48:47.350","8","0","0","0","2111","0","0","0","N","0","0","0","4","02111","0","","1.0","","1","N","N","","1","","0","0","0","","0","N","","3","2","0","0","0","2","0","2","0","3","","","","N","","","","","","","","","",""
"2009125726","","1","0","0","0","0","0","0","0","0","1","0","25","02","12","2009","7","40.414011","-79.923056","","11","0","0","0","0","0","1","0","0","9","0","1","0","","","0","","2","","40 24:50.439","1","0","79 55:23.001","0","0","0","0","2301","0","0","0","N","0","0","0","4","02301","0","","1.0","","1","N","N","","0","","0","0","1","","2","N","","3","0","0","0","0","0","0","2","0","3","","","N","Y","4","1","","","N","Y","","","",""
"2009125727","","1","0","0","0","0","0","1","0","0","4","1","","02","12","2009","7","40.458827","-79.972836","","11","0","0","0","0","0","0","0","0","","0","0","0","","","0","","1","","40 27:31.777","","0","79 58:22.209","0","0","0","0","2301","0","0","0","Y","0","0","0","2","02301","0","","1.0","","1","Y","N","","0","","0","0","0","","2","","","2","0","0","0","0","0","0","2","0","2","","","","N","","","","","","","","","",""
"2009125745","","2","0","0","0","0","0","0","0","0","4","0","","02","11","2009","6","40.4425","-79.838","","11","0","0","0","0","0","0","0","0","1","0","0","0","","","1","","0","","40 26:33.000","3","0","79 50:16.800","8","0","0","0","2419","0","0","0","N","0","0","0","2","68B03","0","","1.0","","9","N","N","","0","","0","0","0","","0","N","","2","1","0","0","0","1","0","2","0","2","","","","N","","","","","","","","","",""
"2009125773","","2","0","0","0","0","0","0","0","0","2","0","","02","12","2009","3","40.526991","-80.246863","","11","0","0","0","0","0","0","0","0","4","1","0","0","","","1","","0","","40 31:37.169","7","0","80 14:48.706","1","0","0","0","2213","0","0","0","N","0","0","0","2","02501","0","2","1.0","","1","N","N","","0","0","1","0","0","","0","Y","","2","1","2","1","0","0","0","2","0","2","","","","N","","","","","","","","","",""
"2009125776","","2","0","0","0","0","0","0","0","0","4","0","","02","12","2009","7","40.449706","-80.025099","","11","0","0","0","0","0","1","0","0","","0","0","0","","","1","","1","","40 26:58.940","","3","80 01:30.356","4","0","0","0","2301","0","0","0","N","0","0","0","7","02301","1","","1.0","","1","N","N","","0","","0","0","0","","2","","","2","1","0","0","0","0","0","2","0","2","","","","N","","","","","","","","","",""
"2009125777","","2","0","0","0","0","0","0","0","0","4","0","","02","12","2009","2","40.368495","-80.102622","","11","0","0","0","0","0","0","0","1","1","0","0","0","","","1","","0","","40 22:06.582","3","7","80 06:09.438","4","0","0","0","2102","0","0","0","N","0","0","0","4","02102","1","","1.0","","1","N","N","","0","","0","0","0","","2","Y","","2","1","0","0","0","0","0","2","0","2","","","","N","","","","","","","","","",""
"2009125778","","1","0","0","0","0","0","0","0","0","1","0","","02","12","2009","7","40.392888","-79.997383","","11","0","0","0","0","0","0","0","0","","0","0","0","","","0","","2","","40 23:34.396","","0","79 59:50.578","0","0","0","0","2301","0","0","0","N","0","0","0","2","02301","0","","1.0","","1","N","N","","0","","0","0","1","","0","","","3","0","0","0","0","0","0","2","0","2","","","","N","","","","","","","","","",""
"2009125779","","2","0","0","0","0","0","0","0","0","4","0","","02","12","2009","7","40.38323","-80.043806","","11","0","0","0","0","0","0","0","1","","0","0","0","","","1","","1","","40 22:59.629","","0","80 02:37.701","4","0","0","0","2109","0","0","0","N","0","0","0","3","02109","1","","1.0","","1","N","N","","0","","0","0","0","","2","","","2","1","0","0","0","0","0","2","0","2","","","","N","","","","","","","","","",""
"2009125784","","1","0","0","0","0","0","0","0","0","7","0","","02","12","2009","7","40.307673","-79.935984","","11","0","0","0","0","0","0","0","0","1","0","0","0","","","0","","0","","40 18:27.621","2","0","79 56:09.543","0","0","0","0","2440","0","0","0","N","0","0","0","1","02440","0","","5.0","","1","N","N","","0","","0","0","0","","0","N","","1","0","0","0","0","0","0","2","0","1","","","","N","","","","","","","","","",""
"2009125791","","3","0","0","0","0","0","0","0","0","4","0","","02","12","2009","7","40.4876","-80.0542","","11","0","0","0","0","0","0","0","0","1","0","0","0","","","0","","0","","40 29:15.360","5","0","80 03:15.120","0","0","0","0","2404","0","0","0","N","0","0","0","1","02404","0","","6.0","","1","N","N","","0","","0","0","0","","0","Y","","3","0","0","0","0","0","0","2","0","3","","","","N","","","","","","","","","",""
"2009125792","","1","0","0","0","0","0","0","0","0","7","0","","02","12","2009","7","40.452143","-80.05268","","11","0","0","0","0","0","0","0","0","","0","0","0","","","1","","2","","40 27:07.713","","0","80 03:09.649","4","0","0","0","2301","0","0","0","N","0","0","0","1","02301","1","","2.0","","1","N","N","","0","","0","0","0","","0","","","1","1","0","0","0","0","0","2","0","1","","","","N","","","","","","","","","",""
"2009125801","","1","0","0","0","0","0","0","0","0","7","0","","02","12","2009","1","40.323664","-79.788444","","11","0","0","0","0","0","0","0","0","2","0","0","0","","","1","","0","","40 19:25.191","6","0","79 47:18.400","8","0","0","0","2477","0","0","0","N","0","0","0","1","02477","0","","2.0","","1","N","N","","0","","0","0","0","","0","Y","","1","1","0","0","0","1","0","2","0","1","","","","N","","","","","","","","","",""
"2009125811","","1","0","0","0","0","0","0","0","0","7","0","","02","12","2009","7","40.585035","-79.88135","","11","0","0","0","0","0","0","0","1","1","0","0","0","","","0","","0","","40 35:06.127","1","0","79 52:52.860","0","0","0","0","2209","0","0","0","N","0","0","0","1","02209","0","","2.0","","1","N","N","","0","","0","0","0","","0","N","","1","0","0","0","0","0","0","2","0","1","","","","N","","","","","","","","","",""
"2009125822","","0","0","0","0","0","0","0","0","0","7","0","","02","12","2009","7","40.522441","-80.066934","","11","0","0","0","0","0","0","0","0","","0","0","0","","","1","","3","","40 31:20.787","","2","80 04:00.961","8","0","0","0","2215","0","0","0","Y","0","0","0","1","68B03","0","","2.0","","9","N","N","","0","","0","0","1","","0","","","1","1","1","0","0","1","0","2","0","1","","","","N","","","","","","","","","",""
"2009125823","","0","0","0","0","0","0","0","0","0","1","0","","02","12","2009","4","40.431979","-79.871761","","11","0","0","0","0","0","0","0","0","1","0","0","0","","","1","","0","","40 25:55.123","4","0","79 52:18.341","4","0","0","0","2411","0","0","0","N","0","0","0","4","68B03","1","","1.0","","9","N","N","","0","","0","0","0","","0","N","","2","1","0","0","0","0","0","2","2","2","","","","N","","","","","","","","","",""
"2009125824","","1","0","0","0","0","0","0","0","0","5","0","","02","12","2009","6","40.443624","-79.779773","","11","0","0","0","0","0","0","0","0","1","0","0","0","","","1","","0","","40 26:37.046","3","0","79 46:47.183","4","0","0","0","2446","0","0","0","N","0","0","0","2","68B03","1","","1.0","","1","N","N","","1","","0","0","0","","0","N","","2","1","0","0","0","0","0","2","0","2","","","","N","","","","","","","","","",""
"2009125832","","2","0","0","0","0","0","0","0","0","4","0","","02","12","2009","7","40.617002","-79.945922","","11","0","0","0","0","1","0","0","0","1","0","0","0","","","3","","2","","40 37:01.207","1","0","79 56:45.319","3","0","0","0","2217","0","0","0","N","0","0","0","7","02505","2","","1.0","","1","N","N","","0","","1","0","1","","3","Y","","3","3","0","0","0","0","0","2","0","3","","","","N","","","","","","","","","",""
"2009125844","","2","0","0","0","0","0","0","0","0","7","0","","02","12","2009","1","40.456594","-79.963668","","11","0","0","0","0","0","1","0","0","3","0","0","0","","","0","","0","","40 27:23.740","4","0","79 57:49.203","0","0","0","0","2301","0","0","0","N","0","0","0","4","02301","0","","3.0","","2","N","N","","0","","0","0","2","","0","N","","4","0","0","0","0","0","0","2","0","4","","","","N","","","","","","","","","",""
"2009125845","","0","0","0","0","0","0","0","0","0","7","0","","02","12","2009","1","40.583598","-79.946168","","11","0","0","0","0","0","0","0","0","2","0","0","0","","","0","","0","","40 35:00.952","4","0","79 56:46.204","0","0","0","0","2207","0","0","0","","0","0","0","1","02207","0","","5.0","","2","N","N","","0","","0","0","1","","0","N","","1","0","0","0","0","0","0","2","0","1","","","","N","","","","","","","","","",""
"2009125846","","1","0","0","0","0","0","0","0","0","7","0","","02","12","2009","1","40.472696","-80.038198","","11","0","0","0","0","0","1","0","0","3","0","0","0","","","1","","0","","40 28:21.704","1","3","80 02:17.512","8","0","0","0","2301","0","0","0","Y","0","0","0","1","02301","0","","2.0","","2","N","N","","0","","0","0","0","","0","N","","1","1","0","0","0","1","0","2","0","1","","","","N","","","","","","","","","",""
"2009125847","","0","0","0","0","0","0","0","0","0","7","0","","02","12","2009","1","40.343478","-79.813909","","11","0","0","0","0","0","0","0","0","2","0","0","0","","","1","","0","","40 20:36.521","6","0","79 48:50.074","4","0","0","0","2477","0","0","0","N","0","0","0","2","02477","1","","5.0","","2","N","N","","1","","0","0","0","","0","Y","","2","1","0","0","0","0","0","2","1","2","","","","N","","","","","","","","","",""
"2009125848","","1","0","0","0","0","0","0","0","0","7","0","","02","12","2009","1","40.487853","-80.056456","","11","0","0","0","0","0","0","0","0","2","0","0","0","","","0","","2","","40 29:16.269","2","0","80 03:23.240","0","0","0","0","2404","0","0","0","N","0","0","0","1","02404","0","","2.0","","2","N","N","","0","","0","0","0","","0","N","","1","0","0","0","0","0","0","2","0","1","","","","N","","","","","","","","","",""
"2009125850","","4","0","0","0","0","0","0","0","0","99","0","","02","12","2009","1","40.37837","-79.989389","","11","0","0","0","0","0","2","0","0","2","0","0","0","","","1","","0","","40 22:42.131","5","0","79 59:21.802","4","0","0","0","2476","0","0","0","N","0","0","0","7","02476","1","","1.0","","2","N","N","","2","","0","0","0","","0","N","","6","1","0","0","0","0","0","2","0","6","","","","N","","","","","","","","","",""
"2009125851","","1","0","0","0","0","0","0","0","0","8","0","","02","12","2009","5","40.444548","-79.945229","","11","0","0","0","0","0","0","1","0","","0","0","0","","","1","","0","","40 26:40.373","","0","79 56:42.823","8","0","0","0","2301","1","0","0","N","1","0","0","2","02301","0","","1.0","","1","N","N","","0","","0","0","0","","2","","","2","1","0","0","0","1","0","2","0","1","","","","N","","","","","","","","","",""
"2009125853","","0","0","0","0","0","0","0","0","0","4","0","","02","12","2009","1","40.439379","-79.901893","","11","0","0","0","0","0","1","0","0","","0","0","0","","","0","","0","","40 26:21.764","","0","79 54:06.814","0","0","0","0","2301","0","0","0","N","0","0","0","2","02301","0","","1.0","","2","N","N","","0","","0","0","1","","0","","","2","0","0","0","0","0","0","2","1","2","","","","N","","","","","","","","","",""
"2009125855","","0","0","0","0","0","0","0","0","0","7","0","","02","12","2009","1","40.46945","-80.24495","","11","0","0","0","0","0","0","0","0","3","0","0","0","","","1","","0","","40 28:10.021","1","6","80 14:41.821","3","0","0","0","2203","0","0","0","Y","0","0","0","2","02501","0","","2.0","","2","N","N","","0","","1","0","1","","0","Y","","1","1","0","0","0","0","0","2","0","1","","","","N","","","","","","","","","",""
"2009125857","","1","0","0","0","0","0","0","0","0","7","0","","02","12","2009","1","40.592291","-80.003346","","11","0","0","0","0","0","0","0","0","1","0","0","0","","","0","","3","","40 35:32.247","6","0","80 00:12.047","0","0","0","0","2108","0","0","0","N","0","0","0","1","02501","0","","5.0","","2","N","N","","0","","0","0","0","","0","Y","","1","0","0","0","0","0","0","1","0","1","","","","N","","","","","","","","","",""
"2009125859","","0","0","0","0","0","0","0","0","0","6","0","","02","12","2009","1","40.43639","-80.052402","","11","0","0","0","0","0","0","0","0","","0","0","0","","","0","","0","","40 26:11.003","","0","80 03:08.647","0","0","0","0","2301","0","0","0","N","0","0","0","1","02301","0","","6.0","","2","N","N","","1","","0","0","1","","0","","","2","0","0","0","0","0","0","2","0","2","","","","N","","","","","","","","","",""