"CRN","ARRIVAL_TM","AUTOMOBILE_COUNT","BELTED_DEATH_COUNT","BELTED_SUSP_SERIOUS_INJ_COUNT","BICYCLE_COUNT","BICYCLE_DEATH_COUNT","BICYCLE_SUSP_SERIOUS_INJ_COUNT","BUS_COUNT","CHLDPAS_DEATH_COUNT","CHLDPAS_SUSP_SERIOUS_INJ_COUNT","COLLISION_TYPE","COMM_VEH_COUNT","CONS_ZONE_SPD_LIM","COUNTY","CRASH_MONTH","CRASH_YEAR","DAY_OF_WEEK","DEC_LATITUDE","DEC_LONGITUDE","DISPATCH_TM","DISTRICT","DRIVER_COUNT_16YR","DRIVER_COUNT_17YR","DRIVER_COUNT_18YR","DRIVER_COUNT_19YR","DRIVER_COUNT_20YR","DRIVER_COUNT_50_64YR","DRIVER_COUNT_65_74YR","DRIVER_COUNT_75PLUS","EST_HRS_CLOSED","FATAL_COUNT","HEAVY_TRUCK_COUNT","HORSE_BUGGY_COUNT","HOUR_OF_DAY","ILLUMINATION","INJURY_COUNT","INTERSECTION_RELATED","INTERSECT_TYPE","LANE_CLOSED","LATITUDE","LN_CLOSE_DIR","LOCATION_TYPE","LONGITUDE","MAX_SEVERITY_LEVEL","MCYCLE_DEATH_COUNT","MCYCLE_SUSP_SERIOUS_INJ_COUNT","MOTORCYCLE_COUNT","MUNICIPALITY","NONMOTR_COUNT","NONMOTR_DEATH_COUNT","NONMOTR_SUSP_SERIOUS_INJ_COUNT","NTFY_HIWY_MAINT","PED_COUNT","PED_DEATH_COUNT","PED_SUSP_SERIOUS_INJ_COUNT","PERSON_COUNT","POLICE_AGCY","POSSIBLE_INJ_COUNT","RDWY_SURF_TYPE_CD","RELATION_TO_ROAD","ROADWAY_CLEARED","ROAD_CONDITION","SCH_BUS_IND","SCH_ZONE_IND","SECONDARY_CRASH","SMALL_TRUCK_COUNT","SPEC_JURIS_CD","SUSP_MINOR_INJ_COUNT","SUSP_SERIOUS_INJ_COUNT","SUV_COUNT","TCD_FUNC_CD","TCD_TYPE","TFC_DETOUR_IND","TIME_OF_DAY","TOTAL_UNITS","TOT_INJ_COUNT","UNBELTED_OCC_COUNT","UNB_DEATH_COUNT","UNB_SUSP_SERIOUS_INJ_COUNT","UNK_INJ_DEG_COUNT","UNK_INJ_PER_COUNT","URBAN_RURAL","VAN_COUNT","VEHICLE_COUNT","WEATHER1","WEATHER2","WORKERS_PRES","WORK_ZONE_IND","WORK_ZONE_LOC","WORK_ZONE_TYPE","WZ_CLOSE_DETOUR","WZ_FLAGGER","WZ_LAW_OFFCR_IND","WZ_LN_CLOSURE","WZ_MOVING","WZ_OTHER","WZ_SHLDER_MDN","WZ_WORKERS_INJ_KILLED"
"2009127081","","2","0","0","0","0","0","0","0","0","1","0","","02","12","2009","2","40.31853","-79.921688","","11","0","0","0","0","0","0","0","0","","0","0","0","","","1","","2","","40 19:06.709","","0","79 55:18.077","4","0","0","0","2440","0","0","0","N","0","0","0","2","02440","1","","1.0","","1","N","N","","0","","0","0","0","","0","","","2","1","0","0","0","0","0","2","0","2","","","","N","","","","","","","","","",""
"2009127088","","2","0","0","0","0","0","0","0","0","1","0","","02","12","2009","2","40.487928","-80.077697","","11","0","0","0","0","0","1","0","0","1","0","0","0","","","1","","0","","40 29:16.541","1","0","80 04:39.708","4","0","0","0","2122","0","0","0","N","0","0","0","1","02122","1","","2.0","","1","N","N","","0","","0","0","1","","0","N","","3","1","0","0","0","0","0","2","0","3","","","","N","","","","","","","","","",""
"2009127104","","1","0","0","0","0","0","0","0","0","6","0","","02","12","2009","3","40.386823","-79.981254","","11","0","0","0","0","0","0","0","0","","0","0","0","","","0","","0","","40 23:12.562","","0","79 58:52.514","0","0","0","0","2301","0","0","0","N","0","0","0","4","02301","0","","1.0","","1","N","N","","0","","0","0","1","","0","","","2","0","0","0","0","0","0","2","0","2","","","","N","","","","","","","","","",""
"2009127106","","2","0","0","0","0","0","0","0","0","4","0","","02","12","2009","3","40.395344","-79.997486","","11","0","0","0","0","0","0","0","0","","0","0","0","","","0","","2","","40 23:43.237","","0","79 59:50.949","9","0","0","0","2301","0","0","0","N","0","0","0","5","02301","0","","1.0","","1","N","N","","0","","0","0","1","","3","","","3","0","0","0","0","0","3","2","0","3","","","","N","","","","","","","","","",""
"2009127107","","1","0","0","0","0","0","0","0","0","4","0","","02","12","2009","6","40.371729","-79.927098","","11","0","0","0","0","0","1","0","1","2","0","0","0","","","3","","0","","40 22:18.225","1","7","79 55:37.551","8","0","0","0","2473","0","0","0","N","0","0","0","5","02473","0","","1.0","","9","N","N","","0","","0","0","0","","2","N","","2","3","0","0","0","3","0","2","1","2","","","","N","","","","","","","","","",""
"2009127109","","1","0","0","0","0","0","0","0","0","7","0","","02","12","2009","1","40.506027","-79.918371","","11","0","0","0","0","0","0","1","0","","0","0","0","","","0","","3","","40 30:21.698","","0","79 55:06.136","0","0","0","0","2112","0","0","0","N","0","0","0","1","02112","0","","5.0","","2","N","N","","0","","0","0","0","","0","","","1","0","0","0","0","0","0","2","0","1","","","","N","","","","","","","","","",""
"2009127111","","1","0","0","0","0","0","0","0","0","4","0","","02","12","2009","3","40.45559","-79.979269","","11","0","0","0","0","0","1","0","0","1","0","0","0","","","2","","1","","40 27:20.124","7","0","79 58:45.368","4","0","0","0","2301","0","0","0","N","0","0","0","2","02301","1","","1.0","","1","N","N","","1","","0","0","0","","3","Y","","2","2","0","0","0","1","0","2","0","2","","","","N","","","","","","","","","",""
"2009127114","","0","0","0","0","0","0","0","0","0","7","0","","02","12","2009","1","40.52714","-79.915295","","11","0","0","0","0","0","0","0","0","","0","0","0","","","0","","0","","40 31:37.704","","0","79 54:55.061","0","0","0","0","2112","0","0","0","N","0","0","0","2","02112","0","","4.0","","2","N","N","","0","","0","0","1","","0","","","1","0","0","0","0","0","0","2","0","1","","","","N","","","","","","","","","",""
"2009127117","","2","0","0","0","0","0","0","0","0","6","0","","02","12","2009","3","40.426145","-79.936848","","11","0","0","0","0","0","0","0","0","1","0","0","0","","","0","","0","","40 25:34.122","4","0","79 56:12.652","0","0","0","0","2301","0","0","0","N","0","0","0","1","02301","0","","4.0","","1","N","N","","0","","0","0","0","","0","N","","2","0","0","0","0","0","0","2","0","2","","","","N","","","","","","","","","",""
"2009127119","","0","0","0","0","0","0","0","0","0","7","0","","02","12","2009","1","40.513732","-79.861075","","11","0","0","0","0","0","1","0","0","","0","0","0","","","0","","2","","40 30:49.434","","0","79 51:39.869","0","0","0","0","2112","0","0","0","N","0","0","0","1","02112","0","","5.0","","2","N","N","","0","","0","0","1","","3","","","1","0","0","0","0","0","0","2","0","1","","","","N","","","","","","","","","",""
"2009127120","","3","0","0","0","0","0","0","0","0","4","0","","02","12","2009","1","40.450213","-80.116796","","11","0","0","0","1","0","0","0","0","","0","0","0","","","1","","0","","40 27:00.768","","0","80 07:00.466","4","0","0","0","2115","0","0","0","N","0","0","0","7","02115","1","","1.0","","2","N","N","","0","","0","0","0","","0","","","3","1","0","0","0","0","0","2","0","3","","","","N","","","","","","","","","",""
"2009127163","","1","0","0","0","0","0","0","0","0","7","0","","02","11","2009","6","40.411","-80.0698","","11","0","0","0","0","0","0","0","0","","0","0","0","","","1","","0","","40 24:39.600","","0","80 04:11.280","4","0","0","0","2435","0","0","0","N","0","0","0","1","68B03","1","","2.0","","9","N","N","","0","","0","0","0","","0","","","1","1","0","0","0","0","0","2","0","1","","","","N","","","","","","","","","",""
"2009127164","","5","0","0","0","0","0","0","0","0","1","0","","02","12","2009","6","40.41989","-80.091582","","11","0","0","0","0","1","0","0","0","","0","0","0","","","1","","0","","40 25:11.604","","0","80 05:29.694","4","0","0","0","2457","0","0","0","N","0","0","0","7","68B03","1","","1.0","","1","N","N","","0","","0","0","0","","0","","","5","1","0","0","0","0","0","2","0","5","","","","N","","","","","","","","","",""
"2009127165","","1","0","0","0","0","0","0","0","0","7","0","","02","12","2009","1","40.5346","-80.0747","","11","0","0","0","0","0","0","0","0","","0","0","0","","","0","","0","","40 32:04.560","","0","80 04:28.920","9","0","0","0","2215","0","0","0","N","0","0","0","2","68Z99","0","","4.0","","2","N","N","","0","","0","0","0","","0","","","2","0","0","0","0","0","1","2","0","2","","","","N","","","","","","","","","",""
"2009127166","","0","0","0","0","0","0","0","0","0","1","0","","02","12","2009","2","40.412328","-80.077904","","11","0","0","0","0","0","1","0","0","2","0","0","0","","","0","","6","","40 24:44.380","3","2","80 04:40.454","0","0","0","0","2117","0","0","0","N","0","0","0","3","68B03","0","","1.0","","1","N","N","","0","","0","0","2","","4","N","","3","0","0","0","0","0","0","2","1","3","","","","N","","","","","","","","","",""
"2009127184","","1","0","0","0","0","0","0","0","0","7","0","","02","12","2009","3","40.653678","-79.72477","","11","0","0","0","0","0","1","0","0","","0","0","0","","","0","","0","","40 39:13.239","","3","79 43:29.172","0","0","0","0","2106","0","0","0","N","0","0","0","1","68D02","0","","2.0","","1","N","N","","0","","0","0","0","","0","","","1","0","0","0","0","0","0","2","0","1","","","","N","","","","","","","","","",""
"2009127287","","1","0","0","0","0","0","0","0","0","1","0","","02","12","2009","3","40.411568","-80.006459","","11","0","0","0","0","0","1","0","0","2","0","0","0","","","1","","0","","40 24:41.644","2","0","80 00:23.253","4","0","0","0","2301","0","0","0","N","0","0","0","3","02301","1","","1.0","","1","N","N","","0","","0","0","2","","0","N","","3","1","0","0","0","0","0","2","0","3","","","","N","","","","","","","","","",""
"2009127290","","1","0","0","0","0","0","0","0","0","7","0","","02","12","2009","2","40.425621","-80.119591","","11","0","0","0","0","0","0","0","0","3","0","0","0","","","1","","0","","40 25:32.236","6","0","80 07:10.529","3","0","0","0","2115","0","0","0","N","0","0","0","1","02115","0","","4.0","","9","N","N","","0","","1","0","0","","0","Y","","1","1","0","0","0","0","0","2","0","1","","","","N","","","","","","","","","",""
"2009127293","","3","0","0","0","0","0","0","0","0","1","0","","02","12","2009","3","40.417323","-80.014554","","11","0","0","0","0","1","1","0","0","1","0","0","0","","","1","","0","","40 25:02.364","2","0","80 00:52.396","8","0","0","0","2301","0","0","0","N","0","0","0","4","02301","0","","1.0","","1","N","N","","0","","0","0","0","","2","N","","3","1","0","0","0","1","0","2","0","3","","","","N","","","","","","","","","",""
"2009127298","","2","0","0","0","0","0","0","0","0","1","0","","02","12","2009","3","40.478909","-80.043021","","11","0","0","0","0","0","0","0","0","","0","0","0","","","1","","3","","40 28:44.074","","0","80 02:34.876","8","0","0","0","2301","0","0","0","N","0","0","0","2","02301","0","","1.0","","1","N","N","","0","","0","0","0","","4","","","2","1","0","0","0","1","0","2","0","2","","","","N","","","","","","","","","",""
"2009127299","","1","0","0","0","0","0","0","0","0","7","0","","02","12","2009","3","40.288298","-79.967988","","11","1","0","0","0","0","0","0","0","","0","0","0","","","1","","0","","40 17:17.871","","0","79 58:04.756","3","0","0","0","2219","0","0","0","N","0","0","0","3","02219","0","","2.0","","9","N","N","","0","","1","0","0","","0","","","1","1","1","0","0","0","0","2","0","1","","","","N","","","","","","","","","",""
"2009127308","","1","0","0","0","0","0","0","0","0","7","0","","02","12","2009","3","40.395839","-80.027067","","11","0","0","0","0","0","0","0","0","2","0","0","0","","","1","","0","","40 23:45.020","2","0","80 01:37.441","4","0","0","0","2301","0","0","0","N","0","0","0","2","02301","1","","2.0","","98","N","N","","0","","0","0","0","","0","N","","1","1","0","0","0","0","0","2","0","1","","","","N","","","","","","","","","",""
"2009127315","","2","0","0","0","0","0","0","0","0","5","0","","02","12","2009","3","40.407928","-80.090104","","11","0","0","0","0","0","0","0","0","","0","0","0","","","1","","0","","40 24:28.539","","0","80 05:24.375","4","0","0","0","2415","0","0","0","N","0","0","0","1","02415","1","","6.0","","1","N","N","","0","","0","0","0","","0","","","3","1","0","0","0","0","0","2","1","3","","","","N","","","","","","","","","",""
"2009127323","","1","0","0","0","0","0","0","0","0","7","0","","02","12","2009","1","40.440889","-80.283569","","11","0","0","0","0","0","0","0","0","","0","0","0","","","0","","0","","40 26:27.200","","0","80 17:00.850","0","0","0","0","2203","0","0","0","N","0","0","0","1","02203","0","","4.0","","2","N","N","","0","","0","0","0","","0","","","1","0","0","0","0","0","0","1","0","1","","","","N","","","","","","","","","",""
"2009127324","","1","0","0","0","0","0","0","0","0","7","0","","02","12","2009","3","40.504483","-79.851318","","11","0","0","0","0","0","0","0","0","1","0","0","0","","","0","","0","","40 30:16.139","2","0","79 51:04.746","0","0","0","0","2112","0","0","0","Y","0","0","0","1","02112","0","","1.0","","9","N","N","","0","","0","0","0","","0","N","","1","0","0","0","0","0","0","2","0","1","","","","N","","","","","","","","","",""
"2009127328","","1","0","0","0","0","0","0","0","0","1","0","","02","12","2009","3","40.462819","-79.957327","","11","0","0","0","0","0","0","0","0","","0","0","0","","","1","","1","","40 27:46.148","","0","79 57:26.377","8","0","0","0","2301","0","0","0","N","0","0","0","2","02301","0","","1.0","","1","N","N","","0","","0","0","1","","2","","","2","1","0","0","0","1","0","2","0","2","","","","N","","","","","","","","","",""
"2009127331","","2","0","0","0","0","0","0","0","0","2","0","","02","12","2009","1","40.4258","-79.991152","","11","0","0","0","0","0","0","0","0","3","0","0","0","","","0","","0","","40 25:32.880","2","0","79 59:28.147","0","0","0","0","2301","0","0","0","N","0","0","0","3","02301","0","","2.0","","2","N","N","","1","","0","0","0","","0","N","","4","0","3","0","0","0","0","2","1","4","","","","N","","","","","","","","","",""
"2009127333","","2","0","0","0","0","0","0","0","0","4","0","","02","12","2009","3","40.443863","-80.027591","","11","0","0","0","0","0","0","0","0","","0","0","0","","","0","","10","","40 26:37.906","","8","80 01:39.328","0","0","0","0","2301","0","0","0","N","0","0","0","2","02301","0","","1.0","","9","N","N","","0","","0","0","0","","2","","","2","0","1","0","0","0","0","2","0","2","","","","N","","","","","","","","","",""
"2009127334","","2","0","0","0","0","0","0","0","0","4","0","","02","12","2009","7","40.391744","-79.870676","","11","0","0","0","0","0","0","0","0","","0","0","0","","","0","","0","","40 23:30.278","","0","79 52:14.433","0","0","0","0","2473","0","0","0","N","0","0","0","1","02473","0","","1.0","","1","N","N","","0","","0","0","0","","0","","","2","0","0","0","0","0","0","2","0","2","","","","N","","","","","","","","","",""
"2009127367","","1","0","0","0","0","0","0","0","0","1","0","","02","12","2009","7","40.4211","-80.0452","","11","0","0","0","0","0","0","0","0","","0","0","0","","","1","","6","","40 25:15.960","","2","80 02:42.720","4","0","0","0","2435","0","0","0","N","0","0","0","2","68B03","1","","1.0","","1","N","N","","1","","0","0","0","","4","","","2","1","0","0","0","0","0","2","0","2","","","","N","","","","","","","","","",""
"2009127368","","2","0","0","0","0","0","0","0","0","5","1","","02","12","2009","1","40.442082","-80.111525","","11","0","0","0","0","0","0","0","0","3","0","1","0","","","0","","0","","40 26:31.494","2","0","80 06:41.491","0","0","0","0","2115","0","0","0","N","0","0","0","3","68B03","0","","1.0","","2","N","N","","0","","0","0","0","","0","N","","3","0","0","0","0","0","0","2","0","3","","","","N","","","","","","","","","",""
"2009127369","","1","0","0","0","0","0","0","0","0","7","0","","02","12","2009","1","40.526629","-80.130751","","11","0","0","0","0","0","0","0","0","","0","0","0","","","0","","0","","40 31:35.865","","3","80 07:50.702","0","0","0","0","2125","0","0","0","N","0","0","0","1","68B03","0","","4.0","","2","N","N","","0","","0","0","0","","0","","","1","0","0","0","0","0","0","1","0","1","","","","N","","","","","","","","","",""
"2009127370","","2","0","0","0","0","0","0","0","0","7","0","","02","12","2009","1","40.416248","-80.103572","","11","0","0","0","0","0","0","0","0","3","0","0","0","","","0","","6","","40 24:58.492","2","8","80 06:12.860","0","0","0","0","2115","0","0","0","N","0","0","0","2","68B03","0","","2.0","","2","N","N","","0","","0","0","0","","4","N","","2","0","0","0","0","0","0","2","0","2","","","","N","","","","","","","","","",""
"2009127371","","1","0","0","0","0","0","0","0","0","7","0","","02","12","2009","1","40.3983","-80.105","","11","0","0","0","0","0","1","0","0","3","0","0","0","","","0","","0","","40 23:53.880","2","3","80 06:18.000","0","0","0","0","2102","0","0","0","N","0","0","0","1","68B03","0","","2.0","","2","N","N","","0","","0","0","0","","0","N","","1","0","0","0","0","0","0","2","0","1","","","","N","","","","","","","","","",""
"2009127465","","0","0","0","0","0","0","0","0","0","7","0","","02","12","2009","5","40.44069","-79.751998","","11","0","0","0","0","0","0","0","0","","0","0","0","","","0","","0","","40 26:26.483","","0","79 45:07.194","0","0","0","0","2446","0","0","0","N","0","0","0","2","68T02","0","","4.0","","1","N","N","","0","","0","0","0","","0","","","1","0","0","0","0","0","0","2","1","1","","","","N","","","","","","","","","",""
"2009127466","","1","0","0","0","0","0","0","0","0","7","0","","02","12","2009","6","40.606664","-79.941156","","11","0","0","0","1","0","0","0","0","","0","0","0","","","0","","0","","40 36:23.989","","0","79 56:28.162","0","0","0","0","2207","0","0","0","N","0","0","0","1","68T02","0","","2.0","","1","N","N","","0","","0","0","0","","0","","","1","0","0","0","0","0","0","2","0","1","","","","N","","","","","","","","","",""
"2009127468","","1","0","0","0","0","0","0","0","0","7","0","","02","12","2009","1","40.5112","-79.7907","","11","0","0","0","0","0","0","0","0","","0","0","0","","","0","","0","","40 30:40.320","","0","79 47:26.520","0","0","0","0","2466","0","0","0","N","0","0","0","1","68T02","0","","2.0","","2","N","N","","0","","0","0","0","","0","","","1","0","0","0","0","0","0","2","0","1","","","","N","","","","","","","","","",""
"2009127469","","0","0","0","0","0","0","0","0","0","1","2","55","02","12","2009","1","40.646574","-80.034254","","11","0","0","0","0","0","0","0","0","3","0","2","0","","","0","","0","","40 38:47.667","3","0","80 02:03.314","0","0","0","0","2216","0","0","0","N","0","0","0","2","68T02","0","","1.0","","2","N","N","","0","","0","0","0","","0","N","","2","0","0","0","0","0","0","2","0","2","","","N","Y","4","1","N","N","N","N","N","N","Y",""
"2009127483","","1","0","0","0","0","0","0","0","0","1","0","","02","12","2009","7","","","","11","0","0","0","0","0","1","0","0","2","0","0","0","","","0","","0","","","2","0","","0","0","0","0","2215","0","0","0","","0","0","0","2","02215","0","","1.0","","1","","","","1","","0","0","0","","0","N","","2","0","0","0","0","0","0","1","0","2","","","","N","","","","","","","","","",""
"2009127485","","1","0","0","0","0","0","0","0","0","7","0","","02","12","2009","1","40.510375","-80.097035","","11","0","0","0","0","0","0","0","0","3","0","0","0","","","1","","0","","40 30:37.351","5","0","80 05:49.326","8","0","0","0","2429","0","0","0","Y","0","0","0","1","02215","0","","5.0","","2","N","N","","0","","0","0","0","","0","Y","","1","1","0","0","0","1","0","2","0","1","","","","N","","","","","","","","","",""
"2009127489","","1","0","0","0","0","0","0","0","0","4","0","","02","12","2009","3","40.408856","-80.081097","","11","0","0","0","0","0","0","0","0","2","0","0","0","","","0","","1","","40 24:31.883","3","0","80 04:51.949","0","0","0","0","2415","0","0","0","N","0","0","0","6","02415","0","","1.0","","1","N","N","","0","","0","0","1","","2","N","","3","0","1","0","0","0","0","2","1","3","","","","N","","","","","","","","","",""
"2009127497","","0","0","0","0","0","0","0","0","0","2","0","","02","12","2009","1","40.396074","-79.906168","","11","0","0","0","0","0","0","0","0","","0","0","0","","","0","","3","","40 23:45.866","","0","79 54:22.204","0","0","0","0","2448","0","0","0","N","0","0","0","2","02448","0","","1.0","","2","N","N","","1","","0","0","1","","4","","","2","0","0","0","0","0","0","2","0","2","","","","N","","","","","","","","","",""
"2009127498","","0","0","0","0","0","0","0","0","0","7","0","","02","12","2009","3","40.66164","-79.75962","","11","0","0","0","0","0","0","0","0","3","0","0","0","","","1","","0","","40 39:41.905","5","0","79 45:34.632","3","0","0","0","2202","0","0","0","N","0","0","0","1","02202","0","","5.0","","1","N","N","","0","","1","0","0","","0","N","","1","1","1","0","0","0","0","1","1","1","","","","N","","","","","","","","","",""
"2009127510","","1","0","0","0","0","0","0","0","0","7","0","","02","12","2009","1","40.381698","-80.069597","","11","0","0","0","0","0","0","0","0","","0","0","0","","","1","","0","","40 22:54.112","","0","80 04:10.549","3","0","0","0","2117","0","0","0","N","0","0","0","1","02117","0","","5.0","","2","N","N","","0","","1","0","0","","0","","","1","1","0","0","0","0","0","2","0","1","","","","N","","","","","","","","","",""
"2009127519","","0","0","0","0","0","0","0","0","0","1","0","","02","12","2009","4","40.443946","-80.055368","","11","0","0","0","0","0","1","0","0","","0","0","0","","","1","","3","","40 26:38.205","","0","80 03:19.324","8","0","0","0","2301","0","0","0","N","0","0","0","4","02301","0","","1.0","","1","N","N","","1","","0","0","0","","0","","","2","1","0","0","0","1","0","2","1","2","","","","N","","","","","","","","","",""
"2009127522","","3","0","0","0","0","0","0","0","0","4","0","","02","12","2009","1","40.471245","-80.064892","","11","0","0","0","0","0","0","0","0","4","0","0","0","","","0","","0","","40 28:16.481","7","0","80 03:53.612","0","0","0","0","2444","0","0","0","N","0","0","0","2","02444","0","","1.0","","2","N","N","","0","","0","0","0","","0","Y","","4","0","0","0","0","0","0","2","1","4","","","","N","","","","","","","","","",""
"2009127525","","0","0","0","0","0","0","0","0","0","6","0","","02","12","2009","1","40.296579","-79.994442","","11","0","0","0","0","0","1","0","0","","0","0","0","","","0","","2","","40 17:47.686","","0","79 59:39.991","0","0","0","0","2219","0","0","0","N","0","0","0","2","02219","0","","2.0","","2","N","N","","1","","0","0","1","","0","","","2","0","0","0","0","0","0","2","0","2","","","","N","","","","","","","","","",""
"2009127541","","1","0","0","0","0","0","0","0","0","5","0","","02","12","2009","1","40.285174","-80.018701","","11","0","0","0","0","0","1","0","0","","0","0","0","","","0","","0","","40 17:06.626","","0","80 01:07.323","0","0","0","0","2219","0","0","0","N","0","0","0","1","02219","0","","2.0","","2","N","N","","0","","0","0","1","","0","","","2","0","0","0","0","0","0","2","0","2","","","","N","","","","","","","","","",""
"2009127542","","0","0","0","0","0","0","0","0","0","4","0","","02","12","2009","1","40.471878","-80.06355","","11","0","0","0","0","0","1","0","0","4","0","0","0","","","0","","0","","40 28:18.760","7","0","80 03:48.780","0","0","0","0","2444","0","0","0","N","0","0","0","1","02444","0","","1.0","","2","N","N","","1","","0","0","1","","0","Y","","2","0","0","0","0","0","0","2","0","2","","","","N","","","","","","","","","",""
"2009127550","","1","0","0","0","0","0","0","0","0","7","0","","02","12","2009","4","40.512251","-79.971778","","11","0","0","0","0","0","0","0","0","","0","0","0","","","0","","0","","40 30:44.103","","0","79 58:18.400","0","0","0","0","2118","0","0","0","N","0","0","0","1","02118","0","","1.0","","1","N","N","","0","","0","0","0","","0","","","1","0","0","0","0","0","0","2","0","1","","","","N","","","","","","","","","",""
"2009127551","","2","0","0","0","0","0","0","0","0","4","0","","02","12","2009","4","40.45289","-79.920715","","11","0","0","0","0","0","0","0","0","1","0","0","0","","","1","","1","","40 27:10.404","4","0","79 55:14.574","4","0","0","0","2301","0","0","0","N","0","0","0","2","02301","1","","1.0","","1","N","N","","0","","0","0","0","","2","N","","2","1","0","0","0","0","0","2","0","2","","","","N","","","","","","","","","",""
"2009127555","","1","0","0","0","0","0","0","0","0","1","0","","02","12","2009","3","40.435758","-79.994538","","11","0","0","0","0","0","1","0","0","2","0","0","0","","","1","","6","","40 26:08.729","2","8","79 59:40.337","3","0","0","0","2301","0","0","0","N","0","0","0","2","02301","0","","1.0","","1","N","N","","1","","1","0","0","","2","N","","2","1","1","0","0","0","0","2","0","2","","","","N","","","","","","","","","",""
"2009127571","","1","0","0","0","0","0","0","0","0","7","0","","02","12","2009","1","40.316684","-79.816849","","11","0","0","0","0","0","0","0","0","4","0","0","0","","","0","","2","","40 19:00.062","6","0","79 49:00.656","0","0","0","0","2105","0","0","0","N","0","0","0","1","02105","0","","2.0","","2","N","N","","0","","0","0","0","","3","Y","","1","0","0","0","0","0","0","2","0","1","","","","N","","","","","","","","","",""
"2009127576","","2","0","0","0","0","0","0","0","0","1","0","","02","12","2009","3","40.454556","-80.011699","","11","0","0","0","0","0","0","0","0","","0","0","0","","","1","","0","","40 27:16.401","","0","80 00:42.116","8","0","0","0","2301","0","0","0","N","0","0","0","1","02301","0","","1.0","","1","N","N","","0","","0","0","0","","0","","","2","1","0","0","0","1","0","2","0","2","","","","N","","","","","","","","","",""
"2009127578","","0","0","0","0","0","0","0","0","0","7","0","","02","12","2009","1","40.316684","-79.816849","","11","0","0","0","0","0","0","0","1","4","0","0","0","","","0","","2","","40 19:00.062","6","0","79 49:00.656","0","0","0","0","2105","0","0","0","N","0","0","0","1","02105","0","","2.0","","2","N","N","","0","","0","0","0","","3","Y","","1","0","1","0","0","0","0","2","1","1","","","","N","","","","","","","","","",""
"2009127581","","1","0","0","0","0","0","0","0","0","7","0","","02","12","2009","3","40.420821","-79.851514","","11","0","1","0","0","0","0","0","0","1","0","0","0","","","0","","0","","40 25:14.957","4","0","79 51:05.450","0","0","0","0","2431","0","0","0","N","0","0","0","1","02431","0","","1.0","","1","N","N","","0","","0","0","0","","0","N","","1","0","0","0","0","0","0","2","0","1","","","","N","","","","","","","","","",""
"2009127582","","1","0","0","0","0","0","0","0","0","4","0","","02","12","2009","4","40.477023","-79.759812","","11","0","0","0","0","0","1","0","0","","0","0","0","","","0","","0","","40 28:37.283","","0","79 45:35.324","0","0","0","0","2466","0","0","0","N","0","0","0","2","02466","0","","1.0","","1","N","N","","0","","0","0","0","","0","","","2","0","0","0","0","0","0","2","1","2","","","","N","","","","","","","","","",""
"2009127583","","0","0","0","0","0","0","0","0","0","2","0","","02","12","2009","1","40.316684","-79.816849","","11","0","0","0","0","0","1","0","0","4","0","0","0","","","0","","2","","40 19:00.062","6","0","79 49:00.656","0","0","0","0","2105","0","0","0","N","0","0","0","1","02105","0","","1.0","","2","N","N","","1","","0","0","1","","3","Y","","2","0","0","0","0","0","0","2","0","2","","","","N","","","","","","","","","",""
"2009127592","","0","0","0","0","0","0","0","0","0","7","0","","02","12","2009","1","40.603568","-79.903963","","11","0","0","0","0","0","0","0","0","3","0","0","0","","","0","","0","","40 36:12.845","5","0","79 54:14.267","0","0","0","0","2220","0","0","0","N","0","0","0","1","02220","0","","2.0","","2","N","N","","0","","0","0","1","","0","Y","","1","0","0","0","0","0","0","2","0","1","","","","N","","","","","","","","","",""
"2009127596","","0","0","0","0","0","0","0","0","0","4","0","","02","12","2009","3","40.477693","-79.969092","","11","0","0","0","0","0","0","0","0","1","0","0","0","","","0","","1","","40 28:39.693","1","0","79 58:08.730","0","0","0","0","2445","0","0","0","N","0","0","0","3","02445","0","","1.0","","1","N","N","","0","","0","0","2","","3","N","","2","0","0","0","0","0","0","2","0","2","","","","N","","","","","","","","","",""
"2009127603","","1","0","0","0","0","0","0","0","0","7","0","","02","12","2009","1","40.440669","-79.783727","","11","0","1","0","0","0","0","0","0","1","0","0","0","","","0","","0","","40 26:26.408","2","7","79 47:01.417","0","0","0","0","2446","0","0","0","N","0","0","0","1","02446","0","","2.0","","9","N","N","","0","","0","0","0","","0","N","","1","0","0","0","0","0","0","2","0","1","","","","N","","","","","","","","","",""
"2009127605","","2","0","0","1","0","0","0","0","0","1","0","","02","12","2009","4","40.45329","-80.001665","","11","0","0","0","0","0","0","0","0","","0","0","0","","","1","","1","","40 27:11.845","","0","80 00:05.994","8","0","0","0","2301","1","0","0","N","0","0","0","3","02301","0","","1.0","","1","N","N","","0","","0","0","0","","2","","","3","1","0","0","0","1","1","2","0","2","","","","N","","","","","","","","","",""
"2009127613","","2","0","0","0","0","0","0","0","0","4","0","","02","12","2009","4","40.534071","-79.844604","","11","0","0","0","0","0","0","0","1","1","0","0","0","","","3","","0","","40 32:02.654","2","7","79 50:40.576","8","0","0","0","2208","0","0","0","N","0","0","0","3","02208","0","","1.0","","1","N","N","","0","","0","0","0","","0","N","","2","3","0","0","0","3","0","2","0","2","","","","N","","","","","","","","","",""