"CRN","ARRIVAL_TM","AUTOMOBILE_COUNT","BELTED_DEATH_COUNT","BELTED_SUSP_SERIOUS_INJ_COUNT","BICYCLE_COUNT","BICYCLE_DEATH_COUNT","BICYCLE_SUSP_SERIOUS_INJ_COUNT","BUS_COUNT","CHLDPAS_DEATH_COUNT","CHLDPAS_SUSP_SERIOUS_INJ_COUNT","COLLISION_TYPE","COMM_VEH_COUNT","CONS_ZONE_SPD_LIM","COUNTY","CRASH_MONTH","CRASH_YEAR","DAY_OF_WEEK","DEC_LATITUDE","DEC_LONGITUDE","DISPATCH_TM","DISTRICT","DRIVER_COUNT_16YR","DRIVER_COUNT_17YR","DRIVER_COUNT_18YR","DRIVER_COUNT_19YR","DRIVER_COUNT_20YR","DRIVER_COUNT_50_64YR","DRIVER_COUNT_65_74YR","DRIVER_COUNT_75PLUS","EST_HRS_CLOSED","FATAL_COUNT","HEAVY_TRUCK_COUNT","HORSE_BUGGY_COUNT","HOUR_OF_DAY","ILLUMINATION","INJURY_COUNT","INTERSECTION_RELATED","INTERSECT_TYPE","LANE_CLOSED","LATITUDE","LN_CLOSE_DIR","LOCATION_TYPE","LONGITUDE","MAX_SEVERITY_LEVEL","MCYCLE_DEATH_COUNT","MCYCLE_SUSP_SERIOUS_INJ_COUNT","MOTORCYCLE_COUNT","MUNICIPALITY","NONMOTR_COUNT","NONMOTR_DEATH_COUNT","NONMOTR_SUSP_SERIOUS_INJ_COUNT","NTFY_HIWY_MAINT","PED_COUNT","PED_DEATH_COUNT","PED_SUSP_SERIOUS_INJ_COUNT","PERSON_COUNT","POLICE_AGCY","POSSIBLE_INJ_COUNT","RDWY_SURF_TYPE_CD","RELATION_TO_ROAD","ROADWAY_CLEARED","ROAD_CONDITION","SCH_BUS_IND","SCH_ZONE_IND","SECONDARY_CRASH","SMALL_TRUCK_COUNT","SPEC_JURIS_CD","SUSP_MINOR_INJ_COUNT","SUSP_SERIOUS_INJ_COUNT","SUV_COUNT","TCD_FUNC_CD","TCD_TYPE","TFC_DETOUR_IND","TIME_OF_DAY","TOTAL_UNITS","TOT_INJ_COUNT","UNBELTED_OCC_COUNT","UNB_DEATH_COUNT","UNB_SUSP_SERIOUS_INJ_COUNT","UNK_INJ_DEG_COUNT","UNK_INJ_PER_COUNT","URBAN_RURAL","VAN_COUNT","VEHICLE_COUNT","WEATHER1","WEATHER2","WORKERS_PRES","WORK_ZONE_IND","WORK_ZONE_LOC","WORK_ZONE_TYPE","WZ_CLOSE_DETOUR","WZ_FLAGGER","WZ_LAW_OFFCR_IND","WZ_LN_CLOSURE","WZ_MOVING","WZ_OTHER","WZ_SHLDER_MDN","WZ_WORKERS_INJ_KILLED"
"2009128445","","1","0","0","0","0","0","0","0","0","1","0","","02","12","2009","5","40.409906","-79.843931","","11","0","0","0","0","0","1","0","0","1","0","0","0","","","1","","0","","40 24:35.663","4","0","79 50:38.150","4","0","0","0","2431","0","0","0","N","0","0","0","2","02431","1","","1.0","","1","N","N","","0","","0","0","1","","0","N","","2","1","0","0","0","0","0","2","0","2","","","","N","","","","","","","","","",""
"2009128459","","1","0","0","0","0","0","0","0","0","7","0","","02","12","2009","1","40.462758","-79.905367","","11","0","0","0","0","0","0","0","0","","0","0","0","","","1","","0","","40 27:45.930","","3","79 54:19.320","4","0","0","0","2301","0","0","0","N","0","0","0","1","02301","1","","2.0","","2","N","N","","0","","0","0","0","","0","","","1","1","0","0","0","0","0","2","0","1","","","","N","","","","","","","","","",""
"2009128464","","2","0","0","0","0","0","0","0","0","7","0","","02","12","2009","1","40.452576","-79.922366","","11","0","0","0","0","0","0","0","0","","0","0","0","","","0","","2","","40 27:09.273","","0","79 55:20.517","0","0","0","0","2301","0","0","0","N","0","0","0","2","02301","0","","4.0","","2","N","N","","0","","0","0","0","","0","","","2","0","0","0","0","0","0","2","0","2","","","","N","","","","","","","","","",""
"2009128465","","1","0","0","0","0","0","0","0","0","5","0","","02","12","2009","6","40.421523","-79.982636","","11","0","0","0","0","0","0","0","0","","0","0","0","","","1","","0","","40 25:17.482","","0","79 58:57.489","8","0","0","0","2301","0","0","0","N","0","0","0","3","02301","0","","1.0","","1","N","N","","1","","0","0","0","","0","","","2","1","0","0","0","1","0","2","0","2","","","","N","","","","","","","","","",""
"2009128467","","2","0","0","0","0","0","0","0","0","4","0","","02","12","2009","6","40.456848","-79.975654","","11","0","0","0","0","0","0","0","0","1","0","0","0","","","2","","1","","40 27:24.652","4","0","79 58:32.354","8","0","0","0","2301","0","0","0","N","0","0","0","4","02301","0","","1.0","","1","N","N","","0","","0","0","0","","3","N","","2","2","0","0","0","2","0","2","0","2","","","","N","","","","","","","","","",""
"2009128480","","0","0","0","0","0","0","0","0","0","1","0","","02","12","2009","6","40.474404","-79.971258","","11","0","0","0","0","0","2","0","0","1","0","0","0","","","1","","0","","40 28:27.853","2","3","79 58:16.527","8","0","0","0","2301","0","0","0","N","0","0","0","2","02301","0","","1.0","","1","N","N","","0","","0","0","2","","0","N","","2","1","0","0","0","1","0","2","0","2","","","","N","","","","","","","","","",""
"2009128481","","1","0","0","0","0","0","0","0","0","7","0","30","02","12","2009","1","40.441026","-80.031199","","11","0","0","0","0","0","1","0","0","4","0","0","0","","","1","","0","","40 26:27.695","1","0","80 01:52.316","8","0","0","0","2301","0","0","0","N","0","0","0","6","02301","0","","1.0","","2","N","N","","2","","0","0","1","","8","N","","5","1","0","0","0","1","0","2","1","5","","","N","Y","4","1","","","N","Y","","","",""
"2009128482","","1","0","0","0","0","0","0","0","0","99","0","","02","12","2009","6","40.495944","-80.097074","","11","0","0","0","0","0","0","0","0","2","0","0","0","","","0","","0","","40 29:45.397","5","0","80 05:49.467","9","0","0","0","2126","0","0","0","N","0","0","0","1","02126","0","","5.0","","1","N","N","","0","","0","0","0","","0","Y","","1","0","0","0","0","0","1","2","0","1","","","","N","","","","","","","","","",""
"2009128493","","1","0","0","0","0","0","0","0","0","4","0","","02","12","2009","6","40.477937","-79.898759","","11","0","0","0","0","0","0","1","0","","0","0","0","","","0","","0","","40 28:40.573","","7","79 53:55.532","0","0","0","0","2301","0","0","0","N","0","0","0","1","02301","0","","4.0","","1","N","N","","0","","0","0","0","","0","","","2","0","0","0","0","0","0","2","1","2","","","","N","","","","","","","","","",""
"2009128496","","2","0","0","0","0","0","0","0","0","4","0","","02","12","2009","6","40.3731","-79.9738","","11","0","0","0","0","0","0","0","0","3","0","0","0","","","1","","0","","40 22:23.160","3","0","79 58:25.680","8","0","0","0","2413","0","0","0","N","0","0","0","2","02413","0","","4.0","","9","N","N","","0","","0","0","0","","0","Y","","2","1","1","0","0","1","0","2","0","2","","","","N","","","","","","","","","",""
"2009128500","","0","0","0","0","0","0","0","0","0","4","0","","02","12","2009","6","40.395397","-79.989783","","11","0","0","0","0","0","1","0","0","","0","0","0","","","1","","1","","40 23:43.430","","0","79 59:23.220","8","0","0","0","2301","0","0","0","N","0","0","0","3","02301","0","","1.0","","1","N","N","","1","","0","0","1","","3","","","2","1","0","0","0","1","0","2","0","2","","","","N","","","","","","","","","",""
"2009128501","","1","0","0","0","0","0","0","0","0","1","0","","02","12","2009","6","40.438202","-79.830514","","11","0","0","0","0","0","0","0","0","2","0","0","0","","","1","","1","","40 26:17.528","3","0","79 49:49.850","4","0","0","0","2419","0","0","0","N","0","0","0","2","02419","1","","1.0","","1","N","N","","0","","0","0","1","","2","Y","","2","1","0","0","0","0","0","2","0","2","","","","N","","","","","","","","","",""
"2009128510","","2","0","0","0","0","0","0","0","0","1","0","","02","12","2009","6","40.429186","-79.999223","","11","0","0","0","1","0","1","0","0","","0","0","0","","","0","","2","","40 25:45.071","","4","79 59:57.204","0","0","0","0","2301","0","0","0","N","0","0","0","2","02301","0","","1.0","","1","N","N","","0","","0","0","0","","0","","","2","0","0","0","0","0","0","2","0","2","","","","N","","","","","","","","","",""
"2009128517","","2","0","0","0","0","0","0","0","0","4","0","","02","12","2009","6","40.426292","-79.963576","","11","0","0","0","1","0","1","0","0","","0","0","0","","","1","","1","","40 25:34.651","","0","79 57:48.873","4","0","0","0","2301","0","0","0","N","0","0","0","3","02301","1","","1.0","","1","N","N","","0","","0","0","0","","2","","","2","1","0","0","0","0","0","2","0","2","","","","N","","","","","","","","","",""
"2009128519","","2","0","0","0","0","0","0","0","0","1","0","","02","12","2009","6","40.429186","-79.999223","","11","0","0","0","0","1","0","0","0","1","0","0","0","","","0","","2","","40 25:45.071","1","4","79 59:57.204","0","0","0","0","2301","0","0","0","N","0","0","0","2","02301","0","","1.0","","1","N","N","","0","","0","0","0","","2","N","","2","0","0","0","0","0","0","2","0","2","","","","N","","","","","","","","","",""
"2009128523","","1","0","0","0","0","0","0","0","0","1","0","","02","12","2009","2","40.341796","-80.016435","","11","0","0","0","0","0","0","0","1","2","0","0","0","","","0","","0","","40 20:30.464","3","0","80 00:59.167","0","0","0","0","2407","0","0","0","N","0","0","0","4","02407","0","","1.0","","9","N","N","","0","","0","0","1","","0","N","","2","0","0","0","0","0","0","2","0","2","","","","N","","","","","","","","","",""
"2009128524","","2","0","0","0","0","0","0","0","0","1","0","","02","12","2009","4","40.3283","-80.0385","","11","0","0","0","0","0","1","0","0","1","0","0","0","","","0","","3","","40 19:41.880","3","0","80 02:18.600","0","0","0","0","2407","0","0","0","N","0","0","0","2","02407","0","","1.0","","1","N","N","","0","","0","0","0","","3","N","","2","0","0","0","0","0","0","2","0","2","","","","N","","","","","","","","","",""
"2009128555","","1","0","0","0","0","0","0","0","0","5","0","","02","12","2009","7","40.442","-79.7985","","11","0","0","0","0","0","0","0","0","","0","0","0","","","1","","0","","40 26:31.200","","0","79 47:54.600","4","0","0","0","2446","0","0","0","N","0","0","0","4","68B03","1","","1.0","","2","N","N","","1","","0","0","0","","0","","","2","1","0","0","0","0","0","2","0","2","","","","N","","","","","","","","","",""
"2009128556","","2","0","0","0","0","0","0","0","0","5","0","","02","12","2009","7","40.438687","-79.757949","","11","0","0","0","0","0","1","0","0","","0","0","0","","","1","","0","","40 26:19.272","","0","79 45:28.615","4","0","0","0","2446","0","0","0","Y","0","0","0","3","68B03","1","","1.0","","2","N","N","","0","","0","0","0","","0","","","2","1","0","0","0","0","0","2","0","2","","","","N","","","","","","","","","",""
"2009128557","","2","0","0","0","0","0","0","0","0","5","0","","02","12","2009","7","40.429017","-79.940378","","11","0","0","0","0","0","1","0","0","2","0","0","0","","","0","","0","","40 25:44.460","3","0","79 56:25.360","0","0","0","0","2301","0","0","0","N","0","0","0","4","68B03","0","","1.0","","1","N","N","","0","","0","0","1","","0","N","","3","0","0","0","0","0","0","2","0","3","","","","N","","","","","","","","","",""
"2009128558","","2","0","0","0","0","0","0","0","0","1","0","","02","12","2009","2","40.427205","-79.921377","","11","0","0","0","0","0","0","0","0","","0","0","0","","","1","","0","","40 25:37.937","","0","79 55:16.958","4","0","0","0","2301","0","0","0","Y","0","0","0","2","68B03","1","","1.0","","1","N","N","","0","","0","0","0","","1","","","2","1","0","0","0","0","0","2","0","2","","","","N","","","","","","","","","",""
"2009128559","","3","0","0","0","0","0","0","0","0","1","0","","02","12","2009","5","40.42337","-80.105443","","11","0","0","0","0","0","0","0","0","","0","0","0","","","0","","0","","40 25:24.131","","0","80 06:19.594","0","0","0","0","2115","0","0","0","N","0","0","0","3","68B03","0","","1.0","","1","N","N","","0","","0","0","0","","0","","","3","0","0","0","0","0","0","2","0","3","","","","N","","","","","","","","","",""
"2009128563","","0","0","0","0","0","0","0","0","0","1","0","","02","12","2009","5","40.5779","-79.7855","","11","0","0","0","0","0","1","0","0","1","0","0","0","","","0","","0","","40 34:40.440","1","0","79 47:07.800","0","0","0","0","2104","0","0","0","N","0","0","0","3","68D02","0","","1.0","","1","N","N","","0","","0","0","2","","0","N","","2","0","0","0","0","0","0","2","0","2","","","","N","","","","","","","","","",""
"2009128592","","2","0","0","0","0","0","0","0","0","4","0","","02","12","2009","5","40.546177","-79.770448","","11","0","0","1","0","0","0","0","0","1","0","0","0","","","0","","2","","40 32:46.237","3","0","79 46:13.611","0","0","0","0","2121","0","0","0","N","0","0","0","5","02121","0","","1.0","","1","N","N","","1","","0","0","1","","3","N","","4","0","1","0","0","0","0","1","0","4","","","","N","","","","","","","","","",""
"2009128601","","1","0","0","0","0","0","0","0","0","4","0","","02","12","2009","6","40.463905","-79.80101","","11","0","0","0","0","0","0","1","0","1","0","0","0","","","0","","2","","40 27:50.058","6","0","79 48:03.636","0","0","0","0","2113","0","0","0","N","0","0","0","4","02113","0","","1.0","","1","N","N","","0","","0","0","1","","0","Y","","2","0","0","0","0","0","0","2","0","2","","","","N","","","","","","","","","",""
"2009128605","","0","0","0","0","0","0","0","0","0","7","0","","02","12","2009","5","40.51329","-79.763121","","11","0","1","0","0","0","0","0","0","2","0","0","0","","","1","","0","","40 30:47.843","5","0","79 45:47.236","2","0","0","0","2466","0","0","0","N","0","0","0","1","02466","0","","4.0","","1","N","","","0","","0","1","1","","0","N","","1","1","0","0","0","0","0","1","0","1","","","","N","","","","","","","","","",""
"2009128606","","1","0","0","0","0","0","0","0","0","1","0","","02","12","2009","6","40.443863","-80.027591","","11","0","0","0","0","0","1","0","0","2","0","0","0","","","0","","10","","40 26:37.906","4","2","80 01:39.328","0","0","0","0","2301","0","0","0","N","0","0","0","4","02301","0","","1.0","","1","N","N","","0","","0","0","2","","2","Y","","3","0","0","0","0","0","0","2","0","3","","","","N","","","","","","","","","",""
"2009128609","","2","0","0","0","0","0","0","0","0","1","0","","02","12","2009","4","40.488722","-80.009299","","11","0","0","0","0","0","0","0","0","","0","0","0","","","0","","7","","40 29:19.398","","2","80 00:33.476","9","0","0","0","2301","0","0","0","N","0","0","0","4","02301","0","","1.0","","1","N","N","","0","","0","0","0","","0","","","3","0","0","0","0","0","1","2","0","3","","","","N","","","","","","","","","",""
"2009128612","","1","0","0","0","0","0","0","0","0","4","0","","02","12","2009","6","40.461148","-79.922429","","11","0","0","0","0","0","0","0","2","","0","0","0","","","0","","2","","40 27:40.131","","0","79 55:20.743","0","0","0","0","2301","0","0","0","N","0","0","0","2","02301","0","","1.0","","1","N","N","","0","","0","0","0","","2","","","2","0","0","0","0","0","0","2","1","2","","","","N","","","","","","","","","",""
"2009128617","","2","0","1","0","0","0","0","0","0","1","0","","02","12","2009","6","40.350757","-80.051114","","11","0","0","0","0","0","1","0","0","2","0","0","0","","","1","","0","","40 21:02.724","5","0","80 03:04.009","2","0","0","0","2109","0","0","0","N","0","0","0","5","02109","0","","1.0","","1","N","N","","0","","0","1","0","","2","N","","3","1","0","0","0","0","0","2","1","3","","","","N","","","","","","","","","",""
"2009128621","","1","0","0","0","0","0","0","0","0","7","0","","02","12","2009","6","40.436188","-79.978231","","11","0","0","0","0","0","0","0","0","1","0","0","0","","","1","","2","","40 26:10.276","1","0","79 58:41.630","4","0","0","0","2301","0","0","0","N","0","0","0","1","02301","1","","3.0","","1","N","N","","0","","0","0","0","","0","N","","1","1","1","0","0","0","0","2","0","1","","","","N","","","","","","","","","",""
"2009128636","","1","0","0","0","0","0","0","0","0","4","0","","02","12","2009","6","40.392758","-79.997264","","11","0","0","0","0","0","0","0","0","","0","0","0","","","0","","0","","40 23:33.928","","0","79 59:50.151","0","0","0","0","2301","0","0","0","N","0","0","0","2","02301","0","","1.0","","1","N","N","","0","","0","0","1","","0","","","2","0","0","0","0","0","0","2","0","2","","","","N","","","","","","","","","",""
"2009128638","","1","0","0","0","0","0","0","0","0","6","0","","02","12","2009","6","40.332231","-80.070171","","11","0","0","0","0","0","0","0","1","1","0","0","0","","","1","","2","","40 19:56.033","4","2","80 04:12.615","4","0","0","0","2123","0","0","0","N","0","0","0","2","02123","1","","1.0","","1","N","N","","0","","0","0","1","","4","N","","2","1","0","0","0","0","0","2","0","2","","","","N","","","","","","","","","",""
"2009128641","","1","0","0","0","0","0","0","0","0","4","0","","02","12","2009","6","40.465466","-79.946427","","11","0","0","0","0","0","0","0","0","3","0","0","0","","","0","","1","","40 27:55.677","6","0","79 56:47.137","0","0","0","0","2301","0","0","0","N","0","0","0","3","02301","0","","1.0","","2","N","N","","0","","0","0","1","","2","N","","2","0","0","0","0","0","0","2","0","2","","","","N","","","","","","","","","",""
"2009128644","","1","0","0","0","0","0","0","0","0","7","0","","02","12","2009","6","40.46152","-80.01895","","11","0","0","0","0","0","0","0","0","","0","0","0","","","3","","10","","40 27:41.472","","0","80 01:08.220","3","0","0","0","2301","0","0","0","N","0","0","0","6","02301","2","","5.0","","9","N","N","","0","","1","0","0","","0","","","1","3","0","0","0","0","0","2","0","1","","","","N","","","","","","","","","",""
"2009128645","","1","0","0","0","0","0","0","0","0","4","0","","02","12","2009","7","","","","11","0","0","0","0","0","0","0","0","","0","0","0","","","0","","0","","","","7","","0","0","0","0","2301","0","0","0","N","0","0","0","5","02301","0","","1.0","","1","N","N","","0","","0","0","1","","0","","","2","0","0","0","0","0","0","1","0","2","","","","N","","","","","","","","","",""
"2009128649","","1","0","0","0","0","0","0","0","0","7","0","","02","12","2009","7","40.45064","-79.965636","","11","0","0","0","0","0","0","0","0","","0","0","0","","","0","","0","","40 27:02.304","","0","79 57:56.289","0","0","0","0","2301","0","0","0","N","0","0","0","0","02301","0","","2.0","","7","N","N","","0","","0","0","0","","0","","","1","0","0","0","0","0","0","2","0","1","","","","N","","","","","","","","","",""
"2009128653","","1","0","0","0","0","0","0","0","0","7","0","","02","12","2009","7","40.444568","-80.028731","","11","0","0","0","0","0","0","0","0","9","0","0","0","","","0","","10","","40 26:40.444","2","0","80 01:43.433","0","0","0","0","2301","0","0","0","N","0","0","0","1","02301","0","","1.0","","7","N","N","","0","","0","0","0","","3","N","","1","0","0","0","0","0","0","2","0","1","","","","N","","","","","","","","","",""
"2009128654","","3","0","0","0","0","0","0","0","0","5","0","","02","12","2009","7","40.458286","-80.075913","","11","0","0","0","0","0","1","0","0","","0","0","0","","","0","","0","","40 27:29.829","","0","80 04:33.286","0","0","0","0","2301","0","0","0","N","0","0","0","1","02301","0","","1.0","","9","N","N","","0","","0","0","0","","0","","","3","0","0","0","0","0","0","2","0","3","","","","N","","","","","","","","","",""
"2009128655","","1","0","0","0","0","0","0","0","0","7","0","","02","12","2009","7","40.373681","-79.844875","","11","0","0","0","0","0","0","0","0","","0","0","0","","","0","","1","","40 22:25.252","","99","79 50:41.551","0","0","0","0","2303","0","0","0","Y","0","0","0","0","02303","0","","2.0","","7","N","N","","0","","0","0","0","","0","","","1","0","0","0","0","0","0","2","0","1","","","","N","","","","","","","","","",""
"2009128657","","2","0","0","0","0","0","0","0","0","6","0","","02","12","2009","7","40.481863","-79.907966","","11","0","0","0","0","0","0","0","0","","0","0","0","","","0","","0","","40 28:54.706","","0","79 54:28.678","0","0","0","0","2301","0","0","0","N","0","0","0","3","02301","0","","1.0","","7","N","N","","1","","0","0","0","","0","","","3","0","0","0","0","0","0","2","0","3","","","","N","","","","","","","","","",""
"2009128658","","1","0","0","0","0","0","0","0","0","7","0","","02","12","2009","7","40.470738","-80.060602","","11","0","0","0","0","0","0","0","0","","0","0","0","","","0","","1","","40 28:14.656","","0","80 03:38.166","9","0","0","0","2444","0","0","0","N","0","0","0","1","02444","0","","5.0","","7","N","N","","0","","0","0","0","","0","","","1","0","0","0","0","0","1","2","0","1","","","","N","","","","","","","","","",""
"2009128660","","0","0","0","0","0","0","0","0","0","7","0","","02","12","2009","7","40.373787","-80.035069","","11","0","0","0","0","0","0","0","0","","0","0","0","","","0","","0","","40 22:25.633","","0","80 02:06.249","0","0","0","0","2109","0","0","0","N","0","0","0","2","02109","0","","5.0","","7","N","N","","1","","0","0","0","","0","","","1","0","0","0","0","0","0","2","0","1","","","","N","","","","","","","","","",""
"2009128663","","1","0","0","0","0","0","0","0","0","7","0","","02","12","2009","7","40.354775","-80.088941","","11","0","0","1","0","0","0","0","0","","0","0","0","","","0","","0","","40 21:17.191","","0","80 05:20.188","0","0","0","0","2123","0","0","0","N","0","0","0","4","02123","0","","5.0","","7","N","N","","0","","0","0","0","","0","","","1","0","0","0","0","0","0","2","0","1","","","","N","","","","","","","","","",""
"2009128664","","1","0","0","0","0","0","0","0","0","7","0","","02","12","2009","5","40.332002","-80.128394","","11","0","0","0","0","1","0","0","0","3","0","0","0","","","0","","0","","40 19:55.208","6","0","80 07:42.217","0","0","0","0","2119","0","0","0","N","0","0","0","2","02119","0","","2.0","","1","N","N","","0","","0","0","0","","0","Y","","1","0","0","0","0","0","0","2","0","1","","","","N","","","","","","","","","",""
"2009128665","","1","0","0","0","0","0","0","0","0","7","0","","02","12","2009","7","40.420256","-79.792844","","11","0","0","0","0","0","0","0","0","","0","0","0","","","1","","0","","40 25:12.920","","0","79 47:34.240","8","0","0","0","2446","0","0","0","N","0","0","0","1","02446","0","","5.0","","7","N","N","","0","","0","0","0","","0","","","1","1","0","0","0","1","0","2","0","1","","","","N","","","","","","","","","",""
"2009128672","","1","0","0","0","0","0","0","0","0","4","0","","02","12","2009","7","40.410303","-80.015788","","11","0","0","0","0","0","0","0","0","","0","0","0","","","0","","0","","40 24:37.092","","0","80 00:56.837","0","0","0","0","2301","0","0","0","N","0","0","0","1","02301","0","","5.0","","7","N","N","","1","","0","0","0","","0","","","3","0","0","0","0","0","0","2","0","3","","","","N","","","","","","","","","",""
"2009128677","","1","0","0","0","0","0","0","0","0","7","0","","02","12","2009","7","40.460882","-79.915177","","11","0","0","0","0","0","0","0","0","","0","0","0","","","0","","2","","40 27:39.175","","0","79 54:54.637","0","0","0","0","2301","0","0","0","N","0","0","0","0","02301","0","","2.0","","7","N","N","","0","","0","0","0","","3","","","1","0","0","0","0","0","0","2","0","1","","","","N","","","","","","","","","",""
"2009128697","","1","0","0","0","0","0","0","0","0","1","0","","02","12","2009","4","40.4287","-79.8889","","11","0","0","0","0","0","0","0","0","1","0","0","0","","","1","","6","","40 25:43.320","3","0","79 53:20.040","3","0","0","0","2426","0","0","0","N","0","0","0","5","68B03","0","","1.0","","1","N","N","","0","","1","0","0","","4","N","","2","1","0","0","0","0","0","2","1","2","","","","N","","","","","","","","","",""
"2009128776","","2","0","0","0","0","0","0","0","0","4","0","","02","12","2009","6","40.386452","-80.054323","","11","0","0","0","0","0","0","1","0","1","0","0","0","","","0","","1","","40 23:11.227","1","0","80 03:15.564","0","0","0","0","2109","0","0","0","N","0","0","0","3","02109","0","","1.0","","1","N","N","","0","","0","0","0","","3","N","","2","0","0","0","0","0","0","2","0","2","","","","N","","","","","","","","","",""
"2009128793","","2","0","0","0","0","0","0","0","0","1","0","","02","12","2009","6","40.385124","-80.052797","","11","0","0","0","0","0","0","0","1","","0","0","0","","","2","","0","","40 23:06.446","","0","80 03:10.069","3","0","0","0","2109","0","0","0","N","0","0","0","4","02109","1","","1.0","","1","N","N","","0","","1","0","0","","0","","","2","2","0","0","0","0","0","2","0","2","","","","N","","","","","","","","","",""
"2009128796","","1","0","0","0","0","0","0","0","0","7","0","","02","12","2009","4","40.230601","-79.855527","","11","0","1","0","0","0","0","0","0","2","0","0","0","","","1","","0","","40 13:50.164","1","0","79 51:19.896","8","0","0","0","2204","0","0","0","Y","0","0","0","1","02204","0","","3.0","","1","N","N","","0","","0","0","0","","0","N","","1","1","0","0","0","1","0","1","0","1","","","","N","","","","","","","","","",""
"2009128799","","2","0","0","0","0","0","0","0","0","4","0","","02","12","2009","5","40.406996","-80.034361","","11","0","0","0","0","0","2","0","0","1","0","0","0","","","3","","1","","40 24:25.186","4","0","80 02:03.698","3","0","0","0","2301","0","0","0","N","0","0","0","3","02301","1","","1.0","","1","N","N","","1","","2","0","0","","2","Y","","3","3","0","0","0","0","0","2","0","3","","","","N","","","","","","","","","",""
"2009128802","","1","0","0","0","0","0","0","0","0","4","0","","02","12","2009","7","40.455043","-79.890435","","11","0","0","0","0","0","1","0","0","","0","0","0","","","2","","1","","40 27:18.155","","0","79 53:25.566","3","0","0","0","2301","0","0","0","N","0","0","0","5","02301","0","","1.0","","7","N","N","","0","","2","0","1","","2","","","2","2","0","0","0","0","1","2","0","2","","","","N","","","","","","","","","",""
"2009128806","","0","0","0","0","0","0","0","0","0","7","0","","02","12","2009","7","40.512806","-80.152715","","11","0","0","0","0","0","0","0","0","1","0","0","0","","","1","","0","","40 30:46.101","4","6","80 09:09.773","4","0","0","0","2420","0","0","0","N","0","0","0","1","02420","1","","3.0","","7","N","N","","1","","0","0","0","","0","N","","1","1","0","0","0","0","0","2","0","1","","","","N","","","","","","","","","",""
"2009128809","","1","0","0","0","0","0","0","0","0","1","0","","02","12","2009","7","40.485818","-80.053163","","11","0","0","0","0","0","0","1","0","","0","0","0","","","0","","0","","40 29:08.946","","0","80 03:11.388","0","0","0","0","2404","0","0","0","N","0","0","0","2","02404","0","","1.0","","7","N","N","","0","","0","0","1","","0","","","2","0","0","0","0","0","0","2","0","2","","","","N","","","","","","","","","",""
"2009128812","","2","0","0","0","0","0","0","0","0","1","0","","02","12","2009","7","40.444438","-79.975634","","11","0","0","0","0","0","0","0","0","2","0","0","0","","","0","","2","","40 26:39.976","5","0","79 58:32.282","0","0","0","0","2301","0","0","0","N","0","0","0","1","02301","0","","1.0","","7","N","N","","1","","0","0","1","","3","Y","","5","0","0","0","0","0","0","2","1","5","","","","N","","","","","","","","","",""
"2009128813","","1","0","0","0","0","0","0","0","0","7","0","","02","12","2009","7","","","","11","0","0","0","0","0","0","0","0","","0","0","0","","","1","","0","","","","0","","4","0","0","0","2404","0","0","0","N","0","0","0","1","02404","1","","2.0","","7","N","N","","0","","0","0","0","","0","","","1","1","0","0","0","0","0","1","0","1","","","","N","","","","","","","","","",""
"2009128825","","1","0","0","0","0","0","0","0","0","4","0","","02","12","2009","7","40.614617","-80.071741","","11","0","0","0","0","0","0","0","0","","0","0","0","","","1","","2","","40 36:52.621","","0","80 04:18.267","4","0","0","0","2481","0","0","0","N","0","0","0","2","02481","1","","1.0","","7","N","N","","1","","0","0","0","","3","","","2","1","0","0","0","0","0","2","0","2","","","","N","","","","","","","","","",""
"2009128833","","0","0","0","0","0","0","0","0","0","7","0","","02","12","2009","7","","","","11","0","0","0","0","0","0","0","0","1","0","0","0","","","0","","0","","","5","0","","0","0","0","0","2301","0","0","0","N","0","0","0","2","02301","0","","5.0","","7","N","N","","0","","0","0","1","","2","N","","1","0","0","0","0","0","0","1","0","1","","","","N","","","","","","","","","",""
"2009128835","","1","0","0","0","0","0","0","0","0","7","0","","02","12","2009","7","40.446446","-79.990533","","11","0","0","0","0","1","0","0","0","1","0","0","0","","","3","","0","","40 26:47.207","2","3","79 59:25.919","3","0","0","0","2301","0","0","0","N","0","0","0","4","02301","0","","4.0","","7","N","N","","0","","3","0","0","","0","N","","1","3","0","0","0","0","0","2","0","1","","","","N","","","","","","","","","",""
"2009128837","","1","0","0","0","0","0","0","0","0","7","0","","02","12","2009","7","40.46254","-79.804128","","11","0","0","0","0","0","0","0","0","1","0","0","0","","","0","","0","","40 27:45.144","5","0","79 48:14.860","0","0","0","0","2113","0","0","0","N","0","0","0","1","02113","0","","2.0","","7","N","N","","0","","0","0","0","","0","N","","1","0","0","0","0","0","0","2","0","1","","","","N","","","","","","","","","",""
"2009128840","","2","0","0","0","0","0","0","0","0","5","0","","02","12","2009","7","40.410258","-79.955221","","11","0","0","0","0","0","0","0","0","","0","0","0","","","0","","0","","40 24:36.928","","0","79 57:18.797","9","0","0","0","2403","0","0","0","N","0","0","0","4","02403","0","","1.0","","7","N","N","","0","","0","0","0","","0","","","2","0","1","0","0","0","2","2","0","2","","","","N","","","","","","","","","",""