"CRN","ARRIVAL_TM","AUTOMOBILE_COUNT","BELTED_DEATH_COUNT","BELTED_SUSP_SERIOUS_INJ_COUNT","BICYCLE_COUNT","BICYCLE_DEATH_COUNT","BICYCLE_SUSP_SERIOUS_INJ_COUNT","BUS_COUNT","CHLDPAS_DEATH_COUNT","CHLDPAS_SUSP_SERIOUS_INJ_COUNT","COLLISION_TYPE","COMM_VEH_COUNT","CONS_ZONE_SPD_LIM","COUNTY","CRASH_MONTH","CRASH_YEAR","DAY_OF_WEEK","DEC_LATITUDE","DEC_LONGITUDE","DISPATCH_TM","DISTRICT","DRIVER_COUNT_16YR","DRIVER_COUNT_17YR","DRIVER_COUNT_18YR","DRIVER_COUNT_19YR","DRIVER_COUNT_20YR","DRIVER_COUNT_50_64YR","DRIVER_COUNT_65_74YR","DRIVER_COUNT_75PLUS","EST_HRS_CLOSED","FATAL_COUNT","HEAVY_TRUCK_COUNT","HORSE_BUGGY_COUNT","HOUR_OF_DAY","ILLUMINATION","INJURY_COUNT","INTERSECTION_RELATED","INTERSECT_TYPE","LANE_CLOSED","LATITUDE","LN_CLOSE_DIR","LOCATION_TYPE","LONGITUDE","MAX_SEVERITY_LEVEL","MCYCLE_DEATH_COUNT","MCYCLE_SUSP_SERIOUS_INJ_COUNT","MOTORCYCLE_COUNT","MUNICIPALITY","NONMOTR_COUNT","NONMOTR_DEATH_COUNT","NONMOTR_SUSP_SERIOUS_INJ_COUNT","NTFY_HIWY_MAINT","PED_COUNT","PED_DEATH_COUNT","PED_SUSP_SERIOUS_INJ_COUNT","PERSON_COUNT","POLICE_AGCY","POSSIBLE_INJ_COUNT","RDWY_SURF_TYPE_CD","RELATION_TO_ROAD","ROADWAY_CLEARED","ROAD_CONDITION","SCH_BUS_IND","SCH_ZONE_IND","SECONDARY_CRASH","SMALL_TRUCK_COUNT","SPEC_JURIS_CD","SUSP_MINOR_INJ_COUNT","SUSP_SERIOUS_INJ_COUNT","SUV_COUNT","TCD_FUNC_CD","TCD_TYPE","TFC_DETOUR_IND","TIME_OF_DAY","TOTAL_UNITS","TOT_INJ_COUNT","UNBELTED_OCC_COUNT","UNB_DEATH_COUNT","UNB_SUSP_SERIOUS_INJ_COUNT","UNK_INJ_DEG_COUNT","UNK_INJ_PER_COUNT","URBAN_RURAL","VAN_COUNT","VEHICLE_COUNT","WEATHER1","WEATHER2","WORKERS_PRES","WORK_ZONE_IND","WORK_ZONE_LOC","WORK_ZONE_TYPE","WZ_CLOSE_DETOUR","WZ_FLAGGER","WZ_LAW_OFFCR_IND","WZ_LN_CLOSURE","WZ_MOVING","WZ_OTHER","WZ_SHLDER_MDN","WZ_WORKERS_INJ_KILLED"
"2009128842","","0","0","0","0","0","0","0","0","0","0","0","","02","12","2009","7","40.625496","-80.001748","","11","0","0","0","0","0","0","0","0","1","0","0","0","","","0","","0","","40 37:31.787","5","0","80 00:06.294","0","0","0","0","2216","0","0","0","N","0","0","0","4","02505","0","","5.0","","7","N","N","","1","","0","0","1","","0","N","","2","0","0","0","0","0","0","2","0","2","","","","N","","","","","","","","","",""
"2009128846","","1","0","0","0","0","0","0","0","0","7","0","","02","12","2009","7","40.337262","-79.969548","","11","0","0","0","0","0","1","0","0","2","0","0","0","","","1","","0","","40 20:14.143","4","0","79 58:10.372","8","0","0","0","2454","0","0","0","Y","0","0","0","1","02454","0","","2.0","","7","N","N","","0","","0","0","0","","0","Y","","1","1","1","0","0","1","0","2","0","1","","","","N","","","","","","","","","",""
"2009128849","","1","0","0","0","0","0","0","0","0","7","0","","02","12","2009","7","40.423942","-79.972507","","11","0","0","0","0","0","0","0","0","3","0","0","0","","","0","","0","","40 25:26.191","1","0","79 58:21.025","0","0","0","0","2301","0","0","0","N","0","0","0","1","02301","0","","1.0","","2","N","N","","0","","0","0","0","","0","N","","1","0","0","0","0","0","0","2","0","1","","","","N","","","","","","","","","",""
"2009128855","","2","0","0","0","0","0","0","0","0","1","0","","02","12","2009","7","40.440223","-79.962912","","11","0","0","0","0","0","1","0","0","","0","0","0","","","0","","0","","40 26:24.802","","0","79 57:46.483","0","0","0","0","2301","0","0","0","N","0","0","0","2","02301","0","","6.0","","7","N","N","","0","","0","0","0","","0","","","2","0","0","0","0","0","0","2","0","2","","","","N","","","","","","","","","",""
"2009128863","","3","0","0","0","0","0","0","0","0","2","0","","02","12","2009","7","40.462991","-79.90566","","11","0","0","0","0","0","0","0","0","","0","0","0","","","1","","0","","40 27:46.766","","1","79 54:20.376","8","0","0","0","2301","0","0","0","N","0","0","0","4","02301","0","","1.0","","7","N","N","","0","","0","0","0","","0","","","3","1","0","0","0","1","0","2","0","3","","","","N","","","","","","","","","",""
"2009128865","","0","0","0","0","0","0","0","0","0","4","0","","02","12","2009","7","40.35191","-79.965224","","11","0","0","0","0","0","0","0","0","","0","0","0","","","0","","0","","40 21:06.877","","0","79 57:54.806","0","0","0","0","2403","0","0","0","N","0","0","0","2","02403","0","","1.0","","7","N","N","","1","","0","0","0","","0","","","2","0","0","0","0","0","0","2","0","2","","","","N","","","","","","","","","",""
"2009128866","","1","0","0","0","0","0","0","0","0","4","0","","02","12","2009","7","40.415172","-79.988588","","11","0","0","0","0","0","0","0","0","","0","0","0","","","1","","1","","40 24:54.619","","0","79 59:18.916","4","0","0","0","2301","0","0","0","N","0","0","0","2","02301","1","","1.0","","7","N","N","","0","","0","0","0","","0","","","2","1","0","0","0","0","0","2","1","2","","","","N","","","","","","","","","",""
"2009128878","","0","0","0","0","0","0","0","0","0","1","0","","02","12","2009","6","40.512913","-79.87905","","11","0","0","1","0","0","0","0","0","","0","0","0","","","1","","0","","40 30:46.488","","0","79 52:44.580","8","0","0","0","2432","0","0","0","N","0","0","0","8","02432","0","","1.0","","9","N","N","","0","","0","0","2","","0","","","2","1","0","0","0","1","0","2","0","2","","","","N","","","","","","","","","",""
"2009128879","","1","0","0","0","0","0","0","0","0","7","0","","02","12","2009","7","40.442856","-79.990872","","11","0","0","0","0","0","0","0","0","","0","0","0","","","0","","1","","40 26:34.283","","0","79 59:27.138","0","0","0","0","2301","0","0","0","N","0","0","0","1","02301","0","","5.0","","7","N","N","","0","","0","0","0","","0","","","1","0","0","0","0","0","0","2","0","1","","","","N","","","","","","","","","",""
"2009128884","","0","0","0","0","0","0","0","0","0","8","0","","02","12","2009","7","40.441128","-79.957548","","11","0","0","0","0","0","0","0","0","","0","0","0","","","1","","1","","40 26:28.062","","0","79 57:27.171","4","0","0","0","2301","1","0","0","N","1","0","0","2","02301","1","","1.0","","2","N","N","","0","","0","0","1","","2","","","2","1","0","0","0","0","0","2","0","1","","","","N","","","","","","","","","",""
"2009128895","","0","0","0","0","0","0","0","0","0","2","1","","02","12","2009","7","40.454596","-79.888473","","11","0","0","0","0","0","1","0","0","","0","0","0","","","1","","1","","40 27:16.545","","0","79 53:18.501","4","0","0","0","2301","0","0","0","N","0","0","0","5","02301","1","","1.0","","7","N","N","","0","","0","0","0","","2","","","2","1","0","0","0","0","0","2","2","2","","","","N","","","","","","","","","",""
"2009128897","","1","0","0","0","0","0","0","0","0","4","0","","02","12","2009","7","40.493727","-80.051801","","11","0","0","0","0","0","0","0","0","","0","0","0","","","0","","0","","40 29:37.418","","0","80 03:06.482","0","0","0","0","2404","0","0","0","N","0","0","0","5","02404","0","","1.0","","6","N","N","","0","","0","0","0","","0","","","2","0","0","0","0","0","0","2","1","2","","","","N","","","","","","","","","",""
"2009128910","","2","0","0","0","0","0","0","0","0","4","0","","02","12","2009","7","40.427744","-79.927591","","11","0","0","0","0","0","0","0","0","","0","0","0","","","0","","0","","40 25:39.879","","0","79 55:39.328","0","0","0","0","2301","0","0","0","N","0","0","0","2","02301","0","","1.0","","7","N","N","","0","","0","0","0","","0","","","2","0","0","0","0","0","0","2","0","2","","","","N","","","","","","","","","",""
"2009128926","","0","0","0","0","0","0","0","0","0","7","0","","02","12","2009","7","40.479026","-79.872106","","11","0","0","0","0","0","0","0","0","","0","0","0","","","0","","0","","40 28:44.493","","0","79 52:19.581","0","0","0","0","2113","0","0","0","N","0","0","0","1","02113","0","","2.0","","6","N","N","","1","","0","0","0","","0","","","1","0","0","0","0","0","0","2","0","1","","","","N","","","","","","","","","",""
"2009128928","","1","0","0","0","0","0","0","0","0","7","0","","02","12","2009","7","40.408269","-79.894241","","11","0","0","0","0","0","0","0","0","","0","0","0","","","0","","0","","40 24:29.769","","0","79 53:39.267","0","0","0","0","2448","0","0","0","N","0","0","0","1","02448","0","","2.0","","6","N","N","","0","","0","0","0","","0","","","1","0","0","0","0","0","0","2","0","1","","","","N","","","","","","","","","",""
"2009128930","","1","0","0","0","0","0","0","0","0","7","0","","02","12","2009","7","40.549727","-79.958651","","11","0","0","0","0","0","0","0","0","2","0","0","0","","","0","","0","","40 32:59.018","4","0","79 57:31.142","0","0","0","0","2118","0","0","0","N","0","0","0","1","02118","0","","2.0","","7","N","N","","0","","0","0","0","","0","N","","1","0","0","0","0","0","0","2","0","1","","","","N","","","","","","","","","",""
"2009128931","","1","0","0","0","0","0","0","0","0","7","0","","02","12","2009","7","40.337419","-80.123105","","11","0","0","0","0","0","1","0","0","2","0","0","0","","","0","","0","","40 20:14.708","5","0","80 07:23.178","0","0","0","0","2119","0","0","0","N","0","0","0","2","02119","0","","5.0","","7","N","N","","0","","0","0","0","","0","Y","","1","0","0","0","0","0","0","2","0","1","","","","N","","","","","","","","","",""
"2009128932","","1","0","0","0","0","0","0","0","0","7","0","","02","12","2009","7","40.382","-79.933324","","11","0","0","0","0","0","0","0","0","","0","0","0","","","3","","0","","40 22:55.200","","0","79 55:59.966","3","0","0","0","2301","0","0","0","N","0","0","0","3","02301","0","","5.0","","7","N","N","","0","","3","0","0","","0","","","1","3","0","0","0","0","0","2","0","1","","","","N","","","","","","","","","",""
"2009128934","","1","0","0","0","0","0","0","0","0","4","0","","02","12","2009","7","","","","11","0","0","0","0","0","0","0","0","2","0","0","0","","","0","","5","","","4","0","","0","0","0","0","2301","0","0","0","N","0","0","0","2","02301","0","","1.0","","2","N","N","","0","","0","0","1","","2","Y","","2","0","0","0","0","0","0","1","0","2","","","","N","","","","","","","","","",""
"2009128936","","0","0","0","0","0","0","0","0","0","7","0","","02","12","2009","7","40.470161","-79.847408","","11","0","0","0","0","0","0","0","0","","0","0","0","","","0","","0","","40 28:12.581","","0","79 50:50.670","0","0","0","0","2113","0","0","0","N","0","0","0","2","02113","0","","2.0","","6","N","N","","0","","0","0","1","","0","","","1","0","0","0","0","0","0","2","0","1","","","","N","","","","","","","","","",""
"2009128937","","2","0","0","0","0","0","0","0","0","4","0","","02","12","2009","7","40.408269","-79.894241","","11","0","0","0","0","0","0","0","0","","0","0","0","","","0","","0","","40 24:29.769","","0","79 53:39.267","0","0","0","0","2448","0","0","0","N","0","0","0","2","02448","0","","1.0","","6","N","","","0","","0","0","0","","0","","","2","0","0","0","0","0","0","2","0","2","","","","N","","","","","","","","","",""
"2009128938","","0","0","0","0","0","0","0","0","0","7","0","","02","12","2009","3","40.456047","-79.969551","","11","0","0","0","0","0","0","0","0","2","0","0","0","","","1","","0","","40 27:21.769","7","0","79 58:10.383","4","0","0","0","2301","0","0","0","N","0","0","0","1","02301","1","","5.0","","7","N","N","","0","","0","0","1","","0","Y","","1","1","0","0","0","0","0","2","0","1","","","","N","","","","","","","","","",""
"2009128946","","1","0","0","0","0","0","0","0","0","7","0","","02","12","2009","7","40.619049","-79.909537","","11","0","0","0","0","0","1","0","0","1","0","0","0","","","1","","0","","40 37:08.578","6","0","79 54:34.333","4","0","0","0","2220","0","0","0","N","0","0","0","1","02220","1","","5.0","","7","N","N","","0","","0","0","0","","0","N","","1","1","0","0","0","0","0","2","0","1","","","","N","","","","","","","","","",""
"2009128954","","1","0","0","0","0","0","0","0","0","7","0","","02","12","2009","7","40.467631","-79.908837","","11","0","0","0","0","0","1","0","0","2","0","0","0","","","0","","0","","40 28:03.471","4","0","79 54:31.812","0","0","0","0","2301","0","0","0","Y","0","0","0","1","02301","0","","2.0","","7","N","N","","0","","0","0","0","","0","N","","1","0","0","0","0","0","0","2","0","1","","","","N","","","","","","","","","",""
"2009128970","","1","0","0","0","0","0","0","0","0","7","0","","02","12","2009","7","40.318566","-79.789283","","11","0","0","0","0","0","0","0","1","","0","0","0","","","1","","0","","40 19:06.839","","0","79 47:21.419","4","0","0","0","2477","0","0","0","N","0","0","0","2","02477","1","","5.0","","2","N","N","","0","","0","0","0","","0","","","1","1","0","0","0","0","0","2","0","1","","","","N","","","","","","","","","",""
"2009128971","","0","0","0","0","0","0","0","0","0","7","0","","02","12","2009","7","40.403039","-79.911434","","11","0","0","0","0","0","0","0","0","1","0","0","0","","","0","","2","","40 24:10.940","5","0","79 54:41.162","0","0","0","0","2438","0","0","0","N","0","0","0","1","02438","0","","5.0","","7","N","N","","1","","0","0","0","","0","Y","","1","0","0","0","0","0","0","2","0","1","","","","N","","","","","","","","","",""
"2009128977","","4","0","0","0","0","0","0","0","0","1","0","","02","12","2009","7","40.439994","-79.967874","","11","0","0","0","0","0","0","0","0","","0","0","0","","","0","","0","","40 26:23.978","","0","79 58:04.346","0","0","0","0","2301","0","0","0","N","0","0","0","1","02301","0","","5.0","","7","N","N","","0","","0","0","0","","0","","","4","0","0","0","0","0","0","2","0","4","","","","N","","","","","","","","","",""
"2009128983","","2","0","0","0","0","0","0","0","0","1","0","","02","12","2009","1","40.454967","-79.945198","","11","0","0","0","0","0","0","0","0","","0","0","0","","","0","","1","","40 27:17.882","","0","79 56:42.711","0","0","0","0","2301","0","0","0","N","0","0","0","2","02301","0","","1.0","","1","N","N","","0","","0","0","0","","2","","","2","0","0","0","0","0","0","2","0","2","","","","N","","","","","","","","","",""
"2009128987","","2","0","0","0","0","0","0","0","0","2","0","","02","12","2009","7","40.421415","-79.805678","","11","0","0","0","0","0","1","0","0","","0","0","0","","","2","","0","","40 25:17.094","","0","79 48:20.440","3","0","0","0","2446","0","0","0","N","0","0","0","3","02446","0","","1.0","","7","N","N","","0","","2","0","0","","0","","","2","2","0","0","0","0","0","2","0","2","","","","N","","","","","","","","","",""
"2009128990","","1","0","0","0","0","0","0","0","0","5","0","","02","10","2009","6","40.397154","-80.08436","","11","0","0","0","0","1","1","0","0","1","0","0","0","","","0","","0","","40 23:49.753","4","0","80 05:03.697","0","0","0","0","2117","0","0","0","N","0","0","0","3","02117","0","","1.0","","1","N","N","","0","","0","0","0","","0","N","","2","0","0","0","0","0","0","2","1","2","","","","N","","","","","","","","","",""
"2009128992","","3","0","0","0","0","0","0","0","0","1","0","","02","12","2009","7","40.402882","-80.020768","","11","0","0","0","2","1","0","0","0","2","0","0","0","","","0","","2","","40 24:10.376","2","0","80 01:14.765","0","0","0","0","2301","0","0","0","N","0","0","0","6","02301","0","","1.0","","7","N","N","","0","","0","0","0","","0","N","","3","0","0","0","0","0","0","2","0","3","","","","N","","","","","","","","","",""
"2009128998","","0","0","0","0","0","0","0","0","0","7","0","","02","12","2009","1","40.477978","-79.750229","","11","0","0","0","0","0","0","0","0","2","0","0","0","","","1","","2","","40 28:40.719","4","0","79 45:00.826","4","0","0","0","2466","0","0","0","N","0","0","0","1","02466","1","","2.0","","6","N","N","","0","","0","0","1","","3","N","","1","1","0","0","0","0","0","2","0","1","","","","N","","","","","","","","","",""
"2009129005","","1","0","0","0","0","0","0","0","0","7","0","","02","12","2009","1","40.330485","-79.842888","","11","0","0","0","0","0","0","0","0","2","0","0","0","","","0","","2","","40 19:49.745","5","0","79 50:34.397","0","0","0","0","2304","0","0","0","N","0","0","0","1","02304","0","","5.0","","2","N","N","","0","","0","0","0","","0","Y","","1","0","1","0","0","0","0","2","0","1","","","","N","","","","","","","","","",""
"2009129007","","1","0","0","0","0","0","0","0","0","7","0","","02","12","2009","1","40.458316","-80.0703","","11","0","0","0","0","0","0","0","0","","0","0","0","","","0","","0","","40 27:29.937","","0","80 04:13.080","0","0","0","0","2301","0","0","0","N","0","0","0","1","02301","0","","4.0","","6","N","N","","0","","0","0","0","","0","","","1","0","0","0","0","0","0","2","0","1","","","","N","","","","","","","","","",""
"2009129008","","1","0","0","0","0","0","0","0","0","7","0","","02","12","2009","1","40.457269","-80.029723","","11","0","0","0","0","0","0","0","0","1","0","0","0","","","0","","0","","40 27:26.169","1","0","80 01:47.004","0","0","0","0","2301","0","0","0","N","0","0","0","1","02301","0","","2.0","","6","N","N","","0","","0","0","0","","0","N","","1","0","0","0","0","0","0","2","0","1","","","","N","","","","","","","","","",""
"2009129009","","2","0","0","0","0","0","0","0","0","4","0","","02","12","2009","1","40.486851","-80.055029","","11","0","0","0","0","0","0","0","0","1","0","0","0","","","1","","2","","40 29:12.664","4","0","80 03:18.103","4","0","0","0","2404","0","0","0","N","0","0","0","3","02404","1","","1.0","","9","N","N","","0","","0","0","0","","0","N","","2","1","0","0","0","0","0","2","0","2","","","","N","","","","","","","","","",""
"2009129012","","1","0","0","0","0","0","0","0","0","7","0","","02","12","2009","1","40.425777","-80.019884","","11","0","0","0","0","0","0","0","0","","0","0","0","","","1","","2","","40 25:32.796","","0","80 01:11.584","4","0","0","0","2301","0","0","0","N","0","0","0","1","02301","1","","3.0","","9","N","N","","0","","0","0","0","","2","","","1","1","0","0","0","0","0","2","0","1","","","","N","","","","","","","","","",""
"2009129013","","0","0","0","0","0","0","0","0","0","7","0","","02","12","2009","7","40.460732","-80.023387","","11","0","0","0","0","0","0","0","0","5","0","0","0","","","0","","0","","40 27:38.635","7","0","80 01:24.193","0","0","0","0","2301","0","0","0","N","0","0","0","1","02301","0","","2.0","","7","N","N","","0","","0","0","1","","0","Y","","1","0","0","0","0","0","0","2","0","1","","","","N","","","","","","","","","",""
"2009129033","","1","0","0","0","0","0","0","0","0","7","0","","02","12","2009","7","40.481799","-79.737905","","11","0","0","0","0","0","0","0","0","2","0","0","0","","","1","","0","","40 28:54.477","2","0","79 44:16.459","4","0","0","0","2466","0","0","0","N","0","0","0","2","02466","1","","2.0","","7","N","N","","0","","0","0","0","","0","N","","1","1","0","0","0","0","0","2","0","1","","","","N","","","","","","","","","",""
"2009129034","","1","0","0","0","0","0","0","0","0","7","0","","02","12","2009","1","40.552628","-79.972018","","11","0","1","0","0","0","0","0","0","3","0","0","0","","","0","","0","","40 33:09.462","5","0","79 58:19.265","0","0","0","0","2118","0","0","0","N","0","0","0","1","02118","0","","5.0","","2","N","N","","0","","0","0","0","","0","Y","","1","0","0","0","0","0","0","2","0","1","","","","N","","","","","","","","","",""
"2009129035","","1","0","0","0","0","0","0","0","0","7","0","","02","12","2009","7","40.440969","-79.839211","","11","0","0","0","0","0","0","0","0","1","0","0","0","","","0","","0","","40 26:27.490","4","0","79 50:21.160","0","0","0","0","2419","0","0","0","N","0","0","0","1","02419","0","","4.0","","7","N","N","","0","","0","0","0","","0","N","","1","0","0","0","0","0","0","2","0","1","","","","N","","","","","","","","","",""
"2009129039","","1","0","0","0","0","0","0","0","0","7","0","","02","12","2009","7","40.488384","-79.77407","","11","0","0","1","0","0","0","0","0","2","0","0","0","","","1","","2","","40 29:18.182","6","0","79 46:26.652","8","0","0","0","2466","1","0","0","N","1","0","0","2","02466","0","","2.0","","7","N","N","","0","","0","0","0","","0","N","","2","1","0","0","0","1","0","2","0","1","","","","N","","","","","","","","","",""
"2009129042","","2","0","0","0","0","0","0","0","0","2","0","","02","12","2009","7","40.292206","-79.833457","","11","0","0","0","0","0","1","0","0","2","0","0","0","","","0","","0","","40 17:31.940","5","0","79 50:00.445","0","0","0","0","2105","0","0","0","N","0","0","0","4","02105","0","","1.0","","2","N","N","","0","","0","0","1","","0","Y","","3","0","1","0","0","0","0","2","0","3","","","","N","","","","","","","","","",""
"2009129044","","0","0","0","0","0","0","0","0","0","7","0","","02","12","2009","7","40.541198","-79.722868","","11","0","0","0","0","0","0","1","0","","0","0","0","","","0","","0","","40 32:28.313","","0","79 43:22.323","0","0","0","0","2466","0","0","0","N","0","0","0","1","02466","0","","5.0","","7","N","N","","0","","0","0","1","","0","","","1","0","0","0","0","0","0","1","0","1","","","","N","","","","","","","","","",""
"2009129049","","0","0","0","0","0","0","0","0","0","7","0","","02","12","2009","7","40.295856","-79.830155","","11","0","0","0","0","0","0","0","0","3","0","0","0","","","1","","0","","40 17:45.082","5","0","79 49:48.559","8","0","0","0","2105","0","0","0","N","0","0","0","1","02105","0","","4.0","","2","N","N","","0","","0","0","1","","0","Y","","1","1","0","0","0","1","0","2","0","1","","","","N","","","","","","","","","",""
"2009129056","","1","0","0","0","0","0","0","0","0","7","0","","02","12","2009","1","40.402406","-80.054639","","11","0","0","0","1","0","0","0","0","","0","0","0","","","0","","0","","40 24:08.661","","0","80 03:16.700","0","0","0","0","2435","0","0","0","N","0","0","0","1","02435","0","","5.0","","7","N","N","","0","","0","0","0","","0","","","1","0","0","0","0","0","0","2","0","1","","","","N","","","","","","","","","",""
"2009129062","","1","0","0","0","0","0","0","0","0","7","0","","02","12","2009","1","40.411414","-79.990411","","11","0","0","0","0","0","0","0","0","1","0","0","0","","","1","","1","","40 24:41.090","4","0","79 59:25.479","8","0","0","0","2301","0","0","0","N","0","0","0","1","02301","0","","2.0","","6","N","N","","0","","0","0","0","","3","N","","1","1","0","0","0","1","0","2","0","1","","","","N","","","","","","","","","",""
"2009129064","","0","0","0","0","0","0","0","0","0","7","0","","02","12","2009","7","","","","11","0","0","1","0","0","0","0","0","","0","0","0","","","1","","2","","","","0","","8","0","0","0","2466","0","0","0","N","0","0","0","1","02501","0","","5.0","","7","N","N","","1","","0","0","0","","0","","","1","1","0","0","0","1","0","1","0","1","","","","N","","","","","","","","","",""
"2009129071","","0","0","0","0","0","0","0","0","0","7","0","","02","12","2009","1","40.337697","-80.130477","","11","0","0","0","0","0","0","0","0","","0","0","0","","","1","","0","","40 20:15.708","","0","80 07:49.716","8","0","0","0","2119","0","0","0","N","0","0","0","1","02119","0","","5.0","","2","N","N","","0","","0","0","1","","0","","","1","1","1","0","0","1","0","2","0","1","","","","N","","","","","","","","","",""
"2009129074","","1","0","0","0","0","0","0","0","0","4","0","","02","12","2009","1","40.484547","-80.009417","","11","0","0","0","0","0","1","0","0","2","0","0","0","","","1","","0","","40 29:04.369","5","0","80 00:33.900","4","0","0","0","2301","0","0","0","N","0","0","0","8","02301","1","","1.0","","6","N","N","","1","","0","0","0","","0","Y","","2","1","0","0","0","0","0","2","0","2","","","","N","","","","","","","","","",""
"2009129075","","1","0","0","0","0","0","0","0","0","1","0","","02","12","2009","7","40.344122","-79.985149","","11","1","0","0","0","0","0","0","0","","0","0","0","","","0","","2","","40 20:38.839","","0","79 59:06.536","0","0","0","0","2403","0","0","0","N","0","0","0","6","02403","0","","1.0","","7","N","N","","0","","0","0","1","","0","","","2","0","0","0","0","0","0","2","0","2","","","","N","","","","","","","","","",""
"2009129079","","1","0","0","0","0","0","0","0","0","7","0","","02","12","2009","7","40.541942","-80.013461","","11","0","0","0","0","0","0","0","0","1","0","0","0","","","0","","0","","40 32:30.990","3","0","80 00:48.460","0","0","0","0","2116","0","0","0","N","0","0","0","1","02116","0","","2.0","","7","N","N","","0","","0","0","0","","0","N","","1","0","0","0","0","0","0","2","0","1","","","","N","","","","","","","","","",""
"2009129081","","1","0","0","0","0","0","0","0","0","7","0","","02","12","2009","7","40.532116","-80.084623","","11","0","0","0","0","0","0","0","0","1","0","0","0","","","0","","0","","40 31:55.619","7","0","80 05:04.643","0","0","0","0","2215","0","0","0","N","0","0","0","1","02215","0","","5.0","","7","N","N","","0","","0","0","0","","0","Y","","1","0","1","0","0","0","0","2","0","1","","","","N","","","","","","","","","",""
"2009129086","","1","0","0","0","0","0","0","0","0","4","0","","02","12","2009","1","","","","11","0","0","0","0","0","1","0","0","","0","1","0","","","0","","1","","","","0","","0","0","0","0","2428","0","0","0","N","0","0","0","2","02428","0","","1.0","","9","N","N","","0","","0","0","0","","3","","","2","0","0","0","0","0","0","1","0","2","","","","N","","","","","","","","","",""
"2009129098","","2","0","0","0","0","0","0","0","0","5","0","","02","12","2009","7","40.464751","-79.962979","","11","0","0","0","0","0","0","0","0","","0","0","0","","","0","","2","","40 27:53.103","","0","79 57:46.724","0","0","0","0","2301","0","0","0","N","0","0","0","1","02301","0","","1.0","","7","N","N","","0","","0","0","0","","0","","","2","0","0","0","0","0","0","2","0","2","","","","N","","","","","","","","","",""
"2009129100","","1","0","0","0","0","0","0","0","0","8","0","","02","12","2009","1","40.518255","-80.031607","","11","0","0","0","0","0","1","0","0","1","0","0","0","","","1","","1","","40 31:05.718","1","0","80 01:53.786","8","0","0","0","2474","1","0","0","N","1","0","0","2","02474","0","","1.0","","9","N","N","","0","","0","0","0","","2","Y","","2","1","0","0","0","1","0","2","0","1","","","","N","","","","","","","","","",""
"2009129104","","2","0","0","0","0","0","0","0","0","2","0","","02","12","2009","1","40.444202","-80.028173","","11","0","0","0","0","0","1","0","0","1","0","0","0","","","0","","10","","40 26:39.126","4","3","80 01:41.424","0","0","0","0","2301","0","0","0","N","0","0","0","3","02301","0","","1.0","","9","N","N","","0","","0","0","0","","2","N","","2","0","0","0","0","0","0","2","0","2","","","","N","","","","","","","","","",""
"2009129106","","2","0","0","0","0","0","0","0","0","1","0","","02","12","2009","1","40.355889","-80.051895","","11","0","0","0","0","0","2","0","0","","0","0","0","","","1","","0","","40 21:21.201","","0","80 03:06.822","8","0","0","0","2109","0","0","0","N","0","0","0","3","02109","0","","1.0","","1","N","N","","0","","0","0","0","","0","","","2","1","0","0","0","1","0","2","0","2","","","","N","","","","","","","","","",""
"2009129112","","1","0","0","0","0","0","0","0","0","1","0","","02","12","2009","7","40.481936","-79.772634","","11","0","0","0","0","0","0","0","0","","0","0","0","","","0","","0","","40 28:54.969","","0","79 46:21.482","0","0","0","0","2466","0","0","0","N","0","0","0","2","02466","0","","1.0","","2","N","N","","1","","0","0","0","","0","","","2","0","0","0","0","0","0","2","0","2","","","","N","","","","","","","","","",""
"2009129114","","1","0","0","0","0","0","0","0","0","7","0","","02","12","2009","7","40.478387","-79.754504","","11","0","0","0","0","0","0","0","0","","0","0","0","","","0","","0","","40 28:42.192","","0","79 45:16.216","0","0","0","0","2466","0","0","0","N","0","0","0","1","02466","0","","5.0","","7","N","N","","0","","0","0","0","","0","","","1","0","0","0","0","0","0","2","0","1","","","","N","","","","","","","","","",""
"2009129119","","1","0","0","0","0","0","0","0","0","7","0","","02","12","2009","7","40.478387","-79.754504","","11","0","0","0","0","0","0","0","0","","0","0","0","","","0","","0","","40 28:42.192","","0","79 45:16.216","0","0","0","0","2466","0","0","0","N","0","0","0","1","02466","0","","5.0","","7","N","N","","0","","0","0","0","","0","","","1","0","0","0","0","0","0","2","0","1","","","","N","","","","","","","","","",""
"2009129159","","1","0","0","0","0","0","0","0","0","99","0","","02","12","2009","7","40.501789","-80.126716","","11","0","0","0","0","0","0","0","0","","0","0","0","","","0","","0","","40 30:06.439","","0","80 07:36.179","0","0","0","0","2115","0","0","0","N","0","0","0","2","68B03","0","","1.0","","1","N","N","","0","","0","0","0","","0","","","1","0","0","0","0","0","0","2","0","1","","","","N","","","","","","","","","",""
"2009129160","","1","0","0","0","0","0","0","0","0","7","0","","02","12","2009","5","40.5012","-80.129513","","11","0","0","0","0","0","0","0","0","","0","0","0","","","0","","0","","40 30:04.319","","0","80 07:46.247","0","0","0","0","2115","0","0","0","N","0","0","0","1","68B03","0","","4.0","","1","N","N","","0","","0","0","0","","0","","","1","0","0","0","0","0","0","2","0","1","","","","N","","","","","","","","","",""
"2009129161","","3","0","0","0","0","0","0","0","0","1","0","","02","12","2009","6","40.419712","-80.051337","","11","0","0","0","1","0","0","0","0","","0","0","0","","","0","","0","","40 25:10.964","","0","80 03:04.814","0","0","0","0","2435","0","0","0","N","0","0","0","3","68B03","0","","1.0","","1","N","N","","0","","0","0","0","","0","","","3","0","0","0","0","0","0","2","0","3","","","","N","","","","","","","","","",""