"CRN","ARRIVAL_TM","AUTOMOBILE_COUNT","BELTED_DEATH_COUNT","BELTED_SUSP_SERIOUS_INJ_COUNT","BICYCLE_COUNT","BICYCLE_DEATH_COUNT","BICYCLE_SUSP_SERIOUS_INJ_COUNT","BUS_COUNT","CHLDPAS_DEATH_COUNT","CHLDPAS_SUSP_SERIOUS_INJ_COUNT","COLLISION_TYPE","COMM_VEH_COUNT","CONS_ZONE_SPD_LIM","COUNTY","CRASH_MONTH","CRASH_YEAR","DAY_OF_WEEK","DEC_LATITUDE","DEC_LONGITUDE","DISPATCH_TM","DISTRICT","DRIVER_COUNT_16YR","DRIVER_COUNT_17YR","DRIVER_COUNT_18YR","DRIVER_COUNT_19YR","DRIVER_COUNT_20YR","DRIVER_COUNT_50_64YR","DRIVER_COUNT_65_74YR","DRIVER_COUNT_75PLUS","EST_HRS_CLOSED","FATAL_COUNT","HEAVY_TRUCK_COUNT","HORSE_BUGGY_COUNT","HOUR_OF_DAY","ILLUMINATION","INJURY_COUNT","INTERSECTION_RELATED","INTERSECT_TYPE","LANE_CLOSED","LATITUDE","LN_CLOSE_DIR","LOCATION_TYPE","LONGITUDE","MAX_SEVERITY_LEVEL","MCYCLE_DEATH_COUNT","MCYCLE_SUSP_SERIOUS_INJ_COUNT","MOTORCYCLE_COUNT","MUNICIPALITY","NONMOTR_COUNT","NONMOTR_DEATH_COUNT","NONMOTR_SUSP_SERIOUS_INJ_COUNT","NTFY_HIWY_MAINT","PED_COUNT","PED_DEATH_COUNT","PED_SUSP_SERIOUS_INJ_COUNT","PERSON_COUNT","POLICE_AGCY","POSSIBLE_INJ_COUNT","RDWY_SURF_TYPE_CD","RELATION_TO_ROAD","ROADWAY_CLEARED","ROAD_CONDITION","SCH_BUS_IND","SCH_ZONE_IND","SECONDARY_CRASH","SMALL_TRUCK_COUNT","SPEC_JURIS_CD","SUSP_MINOR_INJ_COUNT","SUSP_SERIOUS_INJ_COUNT","SUV_COUNT","TCD_FUNC_CD","TCD_TYPE","TFC_DETOUR_IND","TIME_OF_DAY","TOTAL_UNITS","TOT_INJ_COUNT","UNBELTED_OCC_COUNT","UNB_DEATH_COUNT","UNB_SUSP_SERIOUS_INJ_COUNT","UNK_INJ_DEG_COUNT","UNK_INJ_PER_COUNT","URBAN_RURAL","VAN_COUNT","VEHICLE_COUNT","WEATHER1","WEATHER2","WORKERS_PRES","WORK_ZONE_IND","WORK_ZONE_LOC","WORK_ZONE_TYPE","WZ_CLOSE_DETOUR","WZ_FLAGGER","WZ_LAW_OFFCR_IND","WZ_LN_CLOSURE","WZ_MOVING","WZ_OTHER","WZ_SHLDER_MDN","WZ_WORKERS_INJ_KILLED"
"2009129756","","1","0","0","0","0","0","0","0","0","7","0","","02","12","2009","1","40.4695","-80.232","","11","0","0","0","0","0","0","0","0","2","0","0","0","","","0","","0","","40 28:10.200","3","0","80 13:55.200","0","0","0","0","2203","0","0","0","N","0","0","0","1","68B03","0","","4.0","","2","N","N","","0","","0","0","0","","0","N","","1","0","0","0","0","0","0","2","0","1","","","","N","","","","","","","","","",""
"2009129757","","1","0","0","0","0","0","0","0","0","1","0","","02","12","2009","1","40.439583","-80.225558","","11","0","0","0","0","0","0","0","0","3","0","0","0","","","0","","0","","40 26:22.500","3","0","80 13:32.008","0","0","0","0","2214","0","0","0","N","0","0","0","2","68B03","0","","1.0","","2","N","N","","0","","0","0","0","","0","N","","2","0","0","0","0","0","0","2","1","2","","","","N","","","","","","","","","",""
"2009129758","","2","0","0","0","0","0","0","0","0","7","0","","02","12","2009","1","40.549274","-80.086214","","11","0","0","0","0","0","0","0","0","","0","0","0","","","0","","0","","40 32:57.385","","0","80 05:10.371","9","0","0","0","2215","0","0","0","Y","0","0","0","2","68B03","0","","3.0","","2","N","N","","0","","0","0","0","","0","","","2","0","0","0","0","0","1","2","0","2","","","","N","","","","","","","","","",""
"2009129759","","2","0","0","0","0","0","0","0","0","1","0","","02","12","2009","6","40.431766","-79.959046","","11","0","0","0","0","0","1","0","0","","0","0","0","","","0","","0","","40 25:54.357","","0","79 57:32.567","9","0","0","0","2301","0","0","0","N","0","0","0","2","68B03","0","","1.0","","6","N","N","","0","","0","0","0","","0","","","2","0","0","0","0","0","1","2","0","2","","","","N","","","","","","","","","",""
"2009129760","","1","0","0","0","0","0","0","0","0","7","0","","02","12","2009","7","40.441059","-80.008814","","11","0","0","0","0","0","0","0","0","1","0","0","0","","","0","","0","","40 26:27.812","1","3","80 00:31.730","0","0","0","0","2301","0","0","0","N","0","0","0","1","68B01","0","","2.0","","9","N","N","","0","","0","0","0","","0","N","","1","0","0","0","0","0","0","2","0","1","","","","N","","","","","","","","","",""
"2009129767","","1","0","0","0","0","0","0","0","0","7","0","","02","12","2009","4","40.514011","-79.854119","","11","0","0","0","0","1","0","0","0","1","0","0","0","","","0","","0","","40 30:50.438","1","0","79 51:14.827","0","0","0","0","2112","0","0","0","N","0","0","0","1","68D02","0","","2.0","","1","N","N","","0","","0","0","0","","0","N","","1","0","0","0","0","0","0","2","0","1","","","","N","","","","","","","","","",""
"2009129858","","0","0","0","0","0","0","0","0","0","4","0","","02","12","2009","3","40.4621","-79.9404","","11","0","0","0","0","0","1","0","0","1","0","0","0","","","1","","1","","40 27:43.560","3","0","79 56:25.440","4","0","0","0","2301","0","0","0","N","0","0","0","3","02301","1","","1.0","","9","N","N","","0","","0","0","1","","0","Y","","2","1","0","0","0","0","0","2","1","2","","","","N","","","","","","","","","",""
"2009129859","","1","0","0","0","0","0","0","0","0","7","0","","02","12","2009","3","40.473414","-79.935129","","11","0","0","0","0","0","0","0","0","","0","0","0","","","0","","2","","40 28:24.290","","0","79 56:06.464","9","0","0","0","2301","0","0","0","N","0","0","0","2","02301","0","","5.0","","9","N","N","","0","","0","0","0","","0","","","1","0","1","0","0","0","1","2","0","1","","","","N","","","","","","","","","",""
"2009129862","","4","0","0","0","0","0","0","0","0","2","0","","02","12","2009","6","40.463028","-79.70559","","11","0","1","0","0","0","1","0","0","1","0","0","0","","","0","","0","","40 27:46.901","4","0","79 42:20.125","0","0","0","0","2466","0","0","0","N","0","0","0","5","02466","0","","1.0","","1","N","N","","0","","0","0","0","","0","N","","4","0","0","0","0","0","0","2","0","4","","","","N","","","","","","","","","",""
"2009129868","","1","0","0","0","0","0","0","0","0","1","0","","02","12","2009","2","40.515465","-79.959121","","11","0","0","0","0","0","0","0","0","1","0","0","0","","","1","","0","","40 30:55.675","4","0","79 57:32.834","4","0","0","0","2118","0","0","0","N","0","0","0","2","02118","1","","1.0","","1","","N","","1","","0","0","0","","0","Y","","2","1","1","0","0","0","0","2","0","2","","","","N","","","","","","","","","",""
"2009129872","","1","0","0","0","0","0","0","0","0","4","0","","02","12","2009","2","40.550056","-80.0857","","11","0","0","0","0","0","1","0","0","1","0","0","0","","","1","","1","","40 33:00.203","7","0","80 05:08.520","4","0","0","0","2215","0","0","0","N","0","0","0","2","02215","1","","1.0","","9","N","N","","0","","0","0","1","","2","Y","","2","1","0","0","0","0","0","2","0","2","","","","N","","","","","","","","","",""
"2009129883","","0","0","0","0","0","0","0","0","0","4","0","","02","12","2009","2","40.549719","-79.959331","","11","0","0","0","0","0","0","0","0","2","0","0","0","","","0","","1","","40 32:58.989","2","0","79 57:33.590","0","0","0","0","2118","0","0","0","N","0","0","0","5","02118","0","","1.0","","1","N","N","","1","","0","0","1","","2","N","","2","0","0","0","0","0","0","2","0","2","","","","N","","","","","","","","","",""
"2009129885","","2","0","0","0","0","0","0","0","0","1","0","","02","12","2009","2","40.359596","-80.048536","","11","0","0","0","0","0","0","0","0","2","0","0","0","","","0","","0","","40 21:34.544","1","0","80 02:54.729","0","0","0","0","2109","0","0","0","N","0","0","0","3","02109","0","","1.0","","1","N","N","","0","","0","0","1","","0","N","","3","0","0","0","0","0","0","2","0","3","","","","N","","","","","","","","","",""
"2009129895","","1","0","0","0","0","0","0","0","0","7","0","","02","12","2009","1","40.391567","-79.894063","","11","0","0","0","0","0","0","0","0","","0","0","0","","","0","","2","","40 23:29.641","","0","79 53:38.626","0","0","0","0","2448","0","0","0","N","0","0","0","1","02448","0","","5.0","","7","N","N","","0","","0","0","0","","0","","","1","0","0","0","0","0","0","2","0","1","","","","N","","","","","","","","","",""
"2009129919","","2","0","0","0","0","0","0","0","0","4","0","","02","12","2009","2","40.388239","-80.089932","","11","0","0","0","0","0","0","1","0","","0","0","0","","","0","","1","","40 23:17.662","","0","80 05:23.754","9","0","0","0","2437","0","0","0","N","0","0","0","2","02437","0","","1.0","","9","N","N","","0","","0","0","0","","2","","","2","0","0","0","0","0","2","2","0","2","","","","N","","","","","","","","","",""
"2009129939","","1","0","0","0","0","0","0","0","0","1","0","","02","12","2009","6","40.438691","-79.769653","","11","0","0","0","0","0","0","0","0","1","0","0","0","","","1","","0","","40 26:19.288","4","0","79 46:10.752","8","0","0","0","2446","0","0","0","N","0","0","0","5","02446","0","","1.0","","1","N","N","","0","","0","0","2","","0","N","","3","1","0","0","0","1","0","2","0","3","","","","N","","","","","","","","","",""
"2009129957","","2","0","0","0","0","0","0","0","0","1","0","","02","12","2009","1","40.421","-80.0468","","11","0","0","0","0","0","0","1","0","","0","0","0","","","2","","0","","40 25:15.600","","0","80 02:48.480","3","0","0","0","2435","0","0","0","N","0","0","0","2","68B04","1","","1.0","","1","N","N","","0","","1","0","0","","0","","","2","2","0","0","0","0","0","2","0","2","","","","N","","","","","","","","","",""
"2009129958","","1","0","0","0","0","0","0","0","0","7","0","","02","12","2009","1","40.556","-80.0851","","11","0","0","0","0","1","0","0","0","","0","0","0","","","0","","0","","40 33:21.600","","0","80 05:06.360","0","0","0","0","2215","0","0","0","Y","0","0","0","1","68Z99","0","","3.0","","2","N","N","","0","","0","0","0","","0","","","1","0","0","0","0","0","0","2","0","1","","","","N","","","","","","","","","",""
"2009129959","","1","0","0","0","0","0","0","0","0","7","0","","02","12","2009","1","40.446","-80.165","","11","0","0","0","0","0","0","0","0","2","0","0","0","","","0","","0","","40 26:45.600","4","0","80 09:54.000","0","0","0","0","2115","0","0","0","N","0","0","0","4","68B03","0","","2.0","","9","N","N","","0","","0","0","0","","0","N","","1","0","0","0","0","0","0","2","0","1","","","","N","","","","","","","","","",""
"2009129960","","1","0","0","0","0","0","0","0","0","7","0","","02","12","2009","2","40.520022","-80.059129","","11","0","0","0","0","0","0","0","0","1","0","0","0","","","0","","0","","40 31:12.080","1","0","80 03:32.866","0","0","0","0","2215","0","0","0","Y","0","0","0","1","68B03","0","","3.0","","9","N","N","","0","","0","0","0","","0","N","","1","0","0","0","0","0","0","2","0","1","","","","N","","","","","","","","","",""
"2009130004","","0","0","0","0","0","0","0","0","0","4","0","","02","12","2009","2","40.454076","-79.996814","","11","0","0","0","0","0","0","0","0","","0","0","0","","","1","","1","","40 27:14.672","","0","79 59:48.532","4","0","0","0","2301","0","0","0","Y","0","0","0","4","02301","1","","1.0","","9","N","N","","1","","0","0","1","","2","","","2","1","0","0","0","0","0","2","0","2","","","","N","","","","","","","","","",""
"2009130011","","0","0","0","0","0","0","0","0","0","7","0","","02","12","2009","7","40.248118","-79.838934","","11","0","0","0","0","0","1","0","0","3","0","0","0","","","0","","0","","40 14:53.225","2","0","79 50:20.163","0","0","0","0","2105","0","0","0","N","0","0","0","1","02105","0","","2.0","","7","N","N","","1","","0","0","0","","0","N","","1","0","0","0","0","0","0","1","0","1","","","","N","","","","","","","","","",""
"2009130014","","2","0","0","0","0","0","0","0","0","4","0","","02","12","2009","3","40.453169","-79.911105","","11","0","0","0","0","0","1","0","0","2","0","0","0","","","1","","0","","40 27:11.408","4","0","79 54:39.978","8","0","0","0","2301","0","0","0","N","0","0","0","2","02301","0","","1.0","","9","N","N","","0","","0","0","0","","0","Y","","2","1","0","0","0","1","0","2","0","2","","","","N","","","","","","","","","",""
"2009130018","","1","0","0","0","0","0","0","0","0","7","0","","02","12","2009","7","40.25865","-79.85971","","11","0","0","0","0","0","0","0","0","3","0","0","0","","","0","","2","","40 15:31.140","6","0","79 51:34.956","0","0","0","0","2105","0","0","0","N","0","0","0","1","02105","0","","2.0","","7","N","N","","0","","0","0","0","","0","Y","","1","0","0","0","0","0","0","2","0","1","","","","N","","","","","","","","","",""
"2009130021","","1","0","0","0","0","0","0","0","0","7","0","","02","12","2009","7","40.284436","-79.819551","","11","0","0","0","0","0","0","1","0","2","0","0","0","","","0","","2","","40 17:03.969","2","0","79 49:10.383","0","0","0","0","2105","0","0","0","N","0","0","0","1","02105","0","","5.0","","3","N","N","","0","","0","0","0","","0","Y","","1","0","0","0","0","0","0","2","0","1","","","","N","","","","","","","","","",""
"2009130022","","1","0","0","0","0","0","0","0","0","6","0","","02","12","2009","3","40.451356","-79.894267","","11","0","0","0","0","0","0","0","0","","0","0","0","","","0","","0","","40 27:04.880","","0","79 53:39.360","0","0","0","0","2301","0","0","0","N","0","0","0","2","02301","0","","1.0","","2","N","N","","1","","0","0","0","","0","","","2","0","0","0","0","0","0","2","0","2","","","","N","","","","","","","","","",""
"2009130032","","0","0","0","0","0","0","0","0","0","7","0","","02","12","2009","1","40.215808","-79.81755","","11","0","0","0","0","0","0","0","0","9","0","0","0","","","1","","2","","40 12:56.910","6","0","79 49:03.180","3","0","0","0","2105","0","0","0","N","0","0","0","1","02105","0","","4.0","","2","N","N","","1","","1","0","0","","0","Y","","1","1","0","0","0","0","0","1","0","1","","","","N","","","","","","","","","",""
"2009130039","","1","0","0","0","0","0","0","0","0","4","0","","02","12","2009","7","40.383534","-79.933419","","11","0","0","0","0","0","1","1","0","1","0","0","0","","","2","","0","","40 23:00.722","2","0","79 56:00.309","3","0","0","0","2301","0","0","0","N","0","0","0","3","02301","1","","1.0","","7","N","N","","0","","1","0","1","","0","N","","2","2","0","0","0","0","0","2","0","2","","","","N","","","","","","","","","",""
"2009130042","","1","0","0","0","0","0","0","0","0","5","0","","02","12","2009","3","40.470648","-80.091331","","11","0","0","0","0","0","1","0","1","1","0","0","0","","","0","","2","","40 28:14.334","5","0","80 05:28.792","0","0","0","0","2126","0","0","0","N","0","0","0","3","02126","0","","1.0","","1","N","N","","1","","0","0","1","","0","N","","3","0","0","0","0","0","0","2","0","3","","","","N","","","","","","","","","",""
"2009130044","","2","0","0","0","0","0","0","0","0","4","0","","02","12","2009","3","40.391736","-80.070493","","11","0","0","0","0","1","0","0","0","","0","0","0","","","0","","0","","40 23:30.249","","7","80 04:13.776","0","0","0","0","2117","0","0","0","N","0","0","0","2","02117","0","","1.0","","1","N","N","","0","","0","0","0","","0","","","2","0","0","0","0","0","0","2","0","2","","","","N","","","","","","","","","",""
"2009130045","","0","0","0","0","0","0","0","0","0","7","0","","02","12","2009","1","40.444444","-79.966004","","11","0","0","0","0","0","0","0","0","1","0","0","0","","","0","","0","","40 26:39.999","7","0","79 57:57.616","9","0","0","0","2301","0","0","0","N","0","0","0","1","02506","0","","4.0","","1","N","N","","0","","0","0","1","","0","Y","","1","0","0","0","0","0","1","2","0","1","","","","N","","","","","","","","","",""
"2009130053","","1","0","0","0","0","0","0","0","0","1","0","","02","12","2009","3","40.425787","-80.050346","","11","0","0","0","0","1","1","0","0","1","0","0","0","","","1","","0","","40 25:32.834","3","0","80 03:01.244","8","0","0","0","2435","0","0","0","N","0","0","0","5","02435","0","","1.0","","9","N","N","","0","","0","0","0","","0","N","","2","1","0","0","0","1","0","2","1","2","","","","N","","","","","","","","","",""
"2009130057","","0","0","0","0","0","0","0","0","0","7","0","","02","12","2009","1","40.545073","-80.149022","","11","0","0","0","0","0","0","0","0","","0","0","0","","","1","","0","","40 32:42.263","","0","80 08:56.480","8","0","0","0","2459","0","0","0","N","0","0","0","1","02459","0","","5.0","","2","N","N","","0","","0","0","1","","0","","","1","1","0","0","0","1","0","1","0","1","","","","N","","","","","","","","","",""
"2009130058","","1","0","0","0","0","0","0","0","0","7","0","","02","12","2009","1","40.25577","-79.835556","","11","0","0","1","0","0","0","0","0","","0","0","0","","","0","","0","","40 15:20.772","","0","79 50:08.001","0","0","0","0","2105","0","0","0","N","0","0","0","3","02105","0","","5.0","","2","N","N","","0","","0","0","0","","0","","","1","0","1","0","0","0","0","2","0","1","","","","N","","","","","","","","","",""
"2009130198","","1","0","0","0","0","0","0","0","0","8","0","","02","11","2009","3","40.351938","-79.860665","","11","0","0","0","0","0","0","0","1","3","1","0","0","","","0","","2","","40 21:06.975","3","0","79 51:38.393","1","0","0","0","2304","1","1","0","N","1","1","0","2","02304","0","1","1.0","","1","N","N","","0","0","0","0","0","","2","Y","","2","0","0","0","0","0","0","2","0","1","","","","N","","","","","","","","","",""
"2009130201","","3","0","0","0","0","0","0","0","0","5","0","","02","12","2009","3","40.431675","-79.787469","","11","0","0","0","0","0","1","1","0","1","0","0","0","","","1","","0","","40 25:54.030","1","0","79 47:14.890","4","0","0","0","2446","0","0","0","N","0","0","0","4","02446","1","","1.0","","9","N","N","","0","","0","0","0","","0","N","","3","1","1","0","0","0","0","2","0","3","","","","N","","","","","","","","","",""
"2009130205","","0","0","0","0","0","0","0","0","0","4","0","","02","12","2009","3","40.444796","-79.848135","","11","0","0","0","0","0","0","1","0","","0","0","0","","","1","","2","","40 26:41.267","","7","79 50:53.286","4","0","0","0","2419","0","0","0","N","0","0","0","2","02419","1","","1.0","","1","N","N","","0","","0","0","2","","2","","","2","1","0","0","0","0","0","2","0","2","","","","N","","","","","","","","","",""
"2009130207","","1","0","0","0","0","0","0","0","0","7","0","","02","12","2009","2","40.233534","-79.962756","","11","0","0","0","0","0","0","0","0","2","0","0","0","","","1","","0","","40 14:00.722","2","0","79 57:45.922","4","0","0","0","2204","0","0","0","N","0","0","0","1","02204","1","","5.0","","9","N","N","","0","","0","0","0","","0","N","","1","1","0","0","0","0","0","1","0","1","","","","N","","","","","","","","","",""
"2009130210","","2","0","0","0","0","0","0","0","0","1","0","","02","12","2009","2","40.66472","-80.095337","","11","0","0","0","0","0","0","0","0","","0","0","0","","","0","","0","","40 39:52.993","","0","80 05:43.214","0","0","0","0","2212","0","0","0","N","0","0","0","3","02505","0","","1.0","","1","N","N","","1","","0","0","0","","2","","","3","0","0","0","0","0","0","2","0","3","","","","N","","","","","","","","","",""
"2009130211","","1","0","0","0","0","0","0","0","0","6","0","","02","12","2009","4","40.542632","-79.77309","","11","0","0","0","0","0","0","0","0","","0","0","0","","","0","","2","","40 32:33.475","","0","79 46:23.124","0","0","0","0","2462","0","0","0","N","0","0","0","2","02462","0","","1.0","","1","N","N","","0","","0","0","1","","2","","","2","0","0","0","0","0","0","2","0","2","","","","N","","","","","","","","","",""
"2009130222","","1","0","0","0","0","0","0","0","0","4","0","","02","12","2009","3","40.639363","-80.083854","","11","0","0","0","0","0","1","0","0","","0","0","0","","","0","","2","","40 38:21.705","","0","80 05:01.875","0","0","0","0","2412","0","0","0","N","0","0","0","2","02505","0","","1.0","","1","N","N","","0","","0","0","1","","0","","","2","0","0","0","0","0","0","2","0","2","","","","N","","","","","","","","","",""
"2009130236","","0","0","0","0","0","0","0","0","0","4","0","","02","12","2009","7","40.549559","-79.885401","","11","0","0","0","0","0","1","0","0","","0","0","0","","","1","","1","","40 32:58.411","","0","79 53:07.442","8","0","0","0","2432","0","0","0","N","0","0","0","3","02432","0","","1.0","","6","N","N","","0","","0","0","2","","0","","","2","1","0","0","0","1","0","2","0","2","","","","N","","","","","","","","","",""
"2009130239","","1","0","0","0","0","0","0","0","0","7","0","","02","12","2009","7","40.523433","-80.177076","","11","0","0","0","0","0","0","0","0","","0","0","0","","","0","","1","","40 31:24.358","","0","80 10:37.474","0","0","0","0","2213","0","0","0","N","0","0","0","1","02213","0","","7.0","","7","N","N","","0","","0","0","0","","2","","","1","0","0","0","0","0","0","2","0","1","","","","N","","","","","","","","","",""
"2009130354","","1","0","0","0","0","0","0","0","0","1","0","","02","12","2009","1","40.42889","-79.939155","","11","0","0","0","0","0","0","0","0","4","0","0","0","","","0","","0","","40 25:44.005","4","0","79 56:20.959","0","0","0","0","2301","0","0","0","Y","0","0","0","2","68B03","0","","2.0","","2","N","N","","0","","0","0","1","","0","N","","2","0","0","0","0","0","0","2","0","2","","","","N","","","","","","","","","",""
"2009130355","","0","0","0","0","0","0","0","0","0","7","0","","02","12","2009","7","40.437158","-80.205947","","11","0","0","0","0","0","1","0","0","","0","0","0","","","0","","0","","40 26:13.769","","0","80 12:21.409","0","0","0","0","2214","0","0","0","N","0","0","0","4","68B03","0","","2.0","","7","N","N","","0","","0","0","2","","0","","","2","0","0","0","0","0","0","2","0","2","","","","N","","","","","","","","","",""
"2009130356","","1","0","0","0","0","0","0","0","0","1","0","","02","12","2009","7","40.46961","-80.198911","","11","0","0","0","0","0","0","0","0","1","0","0","0","","","0","","0","","40 28:10.595","1","0","80 11:56.080","0","0","0","0","2213","0","0","0","N","0","0","0","1","68B03","0","","4.0","","9","N","N","","1","","0","0","0","","0","Y","","2","0","0","0","0","0","0","2","0","2","","","","N","","","","","","","","","",""
"2009130436","","1","0","0","0","0","0","0","0","0","4","0","","02","12","2009","3","40.593478","-79.947828","","11","0","0","0","0","0","1","0","0","1","0","0","0","","","0","","0","","40 35:36.520","1","0","79 56:52.181","0","0","0","0","2207","0","0","0","N","0","0","0","3","02207","0","","1.0","","1","N","N","","0","","0","0","1","","0","Y","","2","0","0","0","0","0","0","2","0","2","","","","N","","","","","","","","","",""
"2009130442","","1","0","0","0","0","0","0","0","0","4","0","","02","12","2009","3","40.530555","-80.01067","","11","1","0","1","0","0","0","0","0","1","0","0","0","","","0","","0","","40 31:49.998","3","0","80 00:38.411","0","0","0","0","2116","0","0","0","N","0","0","0","6","02116","0","","1.0","","1","N","N","","0","","0","0","1","","0","N","","2","0","0","0","0","0","0","2","0","2","","","","N","","","","","","","","","",""
"2009130445","","2","0","0","0","0","0","0","0","0","1","0","","02","12","2009","2","40.559304","-79.959145","","11","0","0","0","0","0","1","0","0","1","0","0","0","","","3","","0","","40 33:33.494","1","0","79 57:32.922","4","0","0","0","2207","0","0","0","N","0","0","0","3","02207","2","","1.0","","1","N","N","","0","","0","0","0","","0","Y","","2","3","1","0","0","1","0","2","0","2","","","","N","","","","","","","","","",""
"2009130449","","1","0","0","0","0","0","0","0","0","7","0","","02","12","2009","1","40.452667","-80.237511","","11","0","0","0","0","0","0","0","0","","0","0","0","","","0","","2","","40 27:09.601","","0","80 14:15.039","0","0","0","0","2203","0","0","0","N","0","0","0","1","02203","0","","5.0","","6","N","N","","0","","0","0","0","","0","","","1","0","0","0","0","0","0","2","0","1","","","","N","","","","","","","","","",""
"2009130450","","2","0","0","0","0","0","0","0","0","4","0","","02","12","2009","3","40.476904","-80.06604","","11","0","0","0","0","0","0","1","0","1","0","0","0","","","1","","2","","40 28:36.854","1","0","80 03:57.744","4","0","0","0","2122","0","0","0","N","0","0","0","2","02122","1","","1.0","","1","N","N","","0","","0","0","0","","0","N","","2","1","2","0","0","0","0","2","0","2","","","","N","","","","","","","","","",""
"2009130454","","1","0","0","0","0","0","0","0","0","6","0","","02","12","2009","3","40.487502","-79.882923","","11","0","0","0","0","0","0","1","0","2","0","0","0","","","0","","1","","40 29:15.007","3","0","79 52:58.523","0","0","0","0","2112","0","0","0","N","0","0","0","4","02112","0","","1.0","","1","N","N","","0","","0","0","1","","2","N","","2","0","0","0","0","0","0","2","0","2","","","","N","","","","","","","","","",""
"2009130460","","1","0","0","0","0","0","0","0","0","4","0","","02","12","2009","3","40.514044","-80.004391","","11","0","0","0","0","0","0","1","0","","0","0","0","","","0","","2","","40 30:50.559","","2","80 00:15.806","0","0","0","0","2116","0","0","0","N","0","0","0","2","02116","0","","7.0","","9","N","N","","0","","0","0","0","","2","","","2","0","0","0","0","0","0","2","1","2","","","","N","","","","","","","","","",""
"2009130466","","0","0","0","0","0","0","0","0","0","7","0","","02","12","2009","3","40.4577","-80.007354","","11","0","0","0","0","0","0","0","0","","0","0","0","","","0","","2","","40 27:27.720","","0","80 00:26.474","9","0","0","0","2301","0","0","0","N","0","0","0","1","02301","0","","5.0","","1","N","N","","0","","0","0","1","","0","","","1","0","0","0","0","0","1","2","0","1","","","","N","","","","","","","","","",""
"2009130474","","1","0","0","0","0","0","0","0","0","7","0","","02","12","2009","7","40.525582","-79.962711","","11","0","0","0","0","0","0","0","0","","0","0","0","","","0","","0","","40 31:32.095","","0","79 57:45.760","0","0","0","0","2118","0","0","0","N","0","0","0","1","02118","0","","5.0","","7","N","N","","0","","0","0","0","","0","","","1","0","1","0","0","0","0","2","0","1","","","","N","","","","","","","","","",""
"2009130476","","1","0","0","0","0","0","0","0","0","7","0","","02","12","2009","4","40.428","-79.970448","","11","0","0","0","0","0","0","0","0","","0","0","0","","","0","","0","","40 25:40.799","","0","79 58:13.613","0","0","0","0","2301","0","0","0","N","0","0","0","1","02301","0","","1.0","","9","N","N","","0","","0","0","0","","0","","","1","0","0","0","0","0","0","2","0","1","","","","N","","","","","","","","","",""
"2009130479","","1","0","0","0","0","0","0","0","0","7","0","","02","12","2009","4","40.551899","-80.087693","","11","0","0","0","0","0","0","0","0","","0","0","0","","","0","","0","","40 33:06.838","","0","80 05:15.695","0","0","0","0","2215","0","0","0","N","0","0","0","1","02215","0","","2.0","","2","N","N","","0","","0","0","0","","0","","","1","0","0","0","0","0","0","2","0","1","","","","N","","","","","","","","","",""
"2009130490","","1","0","0","0","0","0","0","0","0","4","0","","02","12","2009","3","40.41205","-79.990442","","11","0","0","0","0","0","0","0","0","2","0","0","0","","","2","","1","","40 24:43.380","7","0","79 59:25.591","8","0","0","0","2301","0","0","0","N","0","0","0","3","02301","0","","1.0","","1","N","N","","0","","0","0","1","","3","Y","","2","2","0","0","0","2","0","2","0","2","","","","N","","","","","","","","","",""
"2009130503","","1","0","0","0","0","0","0","0","0","7","0","","02","12","2009","5","40.536072","-80.096019","","11","0","0","0","0","0","0","0","0","2","0","0","0","","","0","","2","","40 32:09.859","3","0","80 05:45.669","0","0","0","0","2215","0","0","0","N","0","0","0","1","02215","0","","2.0","","1","N","N","","0","","0","0","0","","0","N","","1","0","0","0","0","0","0","2","0","1","","","","N","","","","","","","","","",""
"2009130505","","2","0","0","0","0","0","0","0","0","4","0","","02","12","2009","4","","","","11","0","0","0","0","0","1","0","0","","0","0","0","","","0","","0","","","","0","","0","0","0","0","2301","0","0","0","N","0","0","0","2","02301","0","","1.0","","2","N","N","","0","","0","0","0","","0","","","2","0","0","0","0","0","0","1","0","2","","","","N","","","","","","","","","",""
"2009130506","","1","0","0","0","0","0","0","0","0","7","0","","02","12","2009","1","40.329614","-80.023516","","11","0","0","0","0","0","0","0","0","","0","0","0","","","0","","2","","40 19:46.609","","0","80 01:24.657","0","0","0","0","2407","0","0","0","N","0","0","0","2","02407","0","","4.0","","2","N","N","","0","","0","0","0","","3","","","1","0","0","0","0","0","0","2","0","1","","","","N","","","","","","","","","",""
"2009130507","","1","0","0","0","0","0","0","0","0","4","0","","02","12","2009","2","40.328269","-80.038453","","11","0","0","1","0","0","1","0","0","1","0","0","0","","","0","","3","","40 19:41.768","4","0","80 02:18.429","0","0","0","0","2407","0","0","0","N","0","0","0","2","02407","0","","1.0","","9","N","N","","0","","0","0","1","","3","Y","","2","0","0","0","0","0","0","2","0","2","","","","N","","","","","","","","","",""
"2009130522","","2","0","0","0","0","0","0","0","0","1","0","","02","12","2009","1","40.447418","-79.990628","","11","0","0","0","0","0","1","0","0","4","0","0","0","","","1","","3","","40 26:50.704","1","8","79 59:26.259","3","0","0","0","2301","0","0","0","N","0","0","0","2","68B03","0","","1.0","","2","N","N","","0","","1","0","0","","0","N","","2","1","0","0","0","0","0","2","0","2","","","","N","","","","","","","","","",""