"CRN","ARRIVAL_TM","AUTOMOBILE_COUNT","BELTED_DEATH_COUNT","BELTED_SUSP_SERIOUS_INJ_COUNT","BICYCLE_COUNT","BICYCLE_DEATH_COUNT","BICYCLE_SUSP_SERIOUS_INJ_COUNT","BUS_COUNT","CHLDPAS_DEATH_COUNT","CHLDPAS_SUSP_SERIOUS_INJ_COUNT","COLLISION_TYPE","COMM_VEH_COUNT","CONS_ZONE_SPD_LIM","COUNTY","CRASH_MONTH","CRASH_YEAR","DAY_OF_WEEK","DEC_LATITUDE","DEC_LONGITUDE","DISPATCH_TM","DISTRICT","DRIVER_COUNT_16YR","DRIVER_COUNT_17YR","DRIVER_COUNT_18YR","DRIVER_COUNT_19YR","DRIVER_COUNT_20YR","DRIVER_COUNT_50_64YR","DRIVER_COUNT_65_74YR","DRIVER_COUNT_75PLUS","EST_HRS_CLOSED","FATAL_COUNT","HEAVY_TRUCK_COUNT","HORSE_BUGGY_COUNT","HOUR_OF_DAY","ILLUMINATION","INJURY_COUNT","INTERSECTION_RELATED","INTERSECT_TYPE","LANE_CLOSED","LATITUDE","LN_CLOSE_DIR","LOCATION_TYPE","LONGITUDE","MAX_SEVERITY_LEVEL","MCYCLE_DEATH_COUNT","MCYCLE_SUSP_SERIOUS_INJ_COUNT","MOTORCYCLE_COUNT","MUNICIPALITY","NONMOTR_COUNT","NONMOTR_DEATH_COUNT","NONMOTR_SUSP_SERIOUS_INJ_COUNT","NTFY_HIWY_MAINT","PED_COUNT","PED_DEATH_COUNT","PED_SUSP_SERIOUS_INJ_COUNT","PERSON_COUNT","POLICE_AGCY","POSSIBLE_INJ_COUNT","RDWY_SURF_TYPE_CD","RELATION_TO_ROAD","ROADWAY_CLEARED","ROAD_CONDITION","SCH_BUS_IND","SCH_ZONE_IND","SECONDARY_CRASH","SMALL_TRUCK_COUNT","SPEC_JURIS_CD","SUSP_MINOR_INJ_COUNT","SUSP_SERIOUS_INJ_COUNT","SUV_COUNT","TCD_FUNC_CD","TCD_TYPE","TFC_DETOUR_IND","TIME_OF_DAY","TOTAL_UNITS","TOT_INJ_COUNT","UNBELTED_OCC_COUNT","UNB_DEATH_COUNT","UNB_SUSP_SERIOUS_INJ_COUNT","UNK_INJ_DEG_COUNT","UNK_INJ_PER_COUNT","URBAN_RURAL","VAN_COUNT","VEHICLE_COUNT","WEATHER1","WEATHER2","WORKERS_PRES","WORK_ZONE_IND","WORK_ZONE_LOC","WORK_ZONE_TYPE","WZ_CLOSE_DETOUR","WZ_FLAGGER","WZ_LAW_OFFCR_IND","WZ_LN_CLOSURE","WZ_MOVING","WZ_OTHER","WZ_SHLDER_MDN","WZ_WORKERS_INJ_KILLED"
"2009132042","","1","0","0","0","0","0","0","0","0","1","0","","02","12","2009","5","40.379793","-79.808308","","11","0","0","0","0","0","1","1","0","2","0","0","0","","","1","","2","","40 22:47.253","3","0","79 48:29.908","8","0","0","0","2111","0","0","0","N","0","0","0","2","02111","0","","1.0","","1","N","N","","0","","0","0","0","","2","N","","2","1","1","0","0","1","0","2","1","2","","","","N","","","","","","","","","",""
"2009132044","","1","0","0","0","0","0","0","0","0","7","0","","02","12","2009","3","40.59072","-79.826954","","11","0","0","0","0","0","0","0","0","1","0","0","0","","","1","","0","","40 35:26.593","3","0","79 49:37.036","4","0","0","0","2209","0","0","0","Y","0","0","0","3","02209","1","","2.0","","2","N","N","","0","","0","0","0","","0","N","","1","1","1","0","0","0","0","1","0","1","","","","N","","","","","","","","","",""
"2009132053","","1","0","0","0","0","0","0","0","0","1","1","","02","12","2009","5","40.434071","-79.869109","","11","0","0","0","0","0","1","0","0","","0","1","0","","","1","","0","","40 26:02.655","","0","79 52:08.794","8","0","0","0","2478","0","0","0","N","0","0","0","2","68B03","0","","1.0","","9","N","N","","0","","0","0","0","","0","","","2","1","0","0","0","1","0","2","0","2","","","","N","","","","","","","","","",""
"2009132071","","1","0","0","0","0","0","0","0","0","1","0","","02","12","2009","5","40.393303","-79.964271","","11","0","0","0","0","0","0","0","0","","0","0","0","","","0","","2","","40 23:35.890","","0","79 57:51.375","0","0","0","0","2403","0","0","0","N","0","0","0","1","02403","0","","1.0","","1","N","N","","0","","0","0","2","","0","","","3","0","0","0","0","0","0","2","0","3","","","","N","","","","","","","","","",""
"2009132073","","1","0","0","0","0","0","0","0","0","99","0","","02","12","2009","1","40.54989","-80.037033","","11","0","0","1","0","0","0","0","0","","0","0","0","","","0","","0","","40 32:59.604","","0","80 02:13.320","0","0","0","0","2116","0","0","0","N","0","0","0","2","02116","0","","1.0","","1","N","N","","0","","0","0","0","","0","","","1","0","0","0","0","0","0","2","0","1","","","","N","","","","","","","","","",""
"2009132074","","2","0","0","0","0","0","0","0","0","1","0","","02","12","2009","2","40.538246","-79.990007","","11","0","0","0","0","0","1","0","0","","0","0","0","","","1","","2","","40 32:17.685","","0","79 59:24.025","4","0","0","0","2116","0","0","0","N","0","0","0","3","02116","1","","1.0","","1","N","N","","0","","0","0","0","","0","","","2","1","0","0","0","0","0","2","0","2","","","","N","","","","","","","","","",""
"2009132075","","1","0","0","0","0","0","0","0","0","7","0","","02","12","2009","6","40.225029","-79.829015","","11","0","0","0","0","0","0","0","0","1","0","0","0","","","0","","0","","40 13:30.104","2","0","79 49:44.454","0","0","0","0","2105","0","0","0","N","0","0","0","1","02105","0","","2.0","","2","N","N","","0","","0","0","0","","0","N","","1","0","0","0","0","0","0","1","0","1","","","","N","","","","","","","","","",""
"2009132083","","2","0","0","0","0","0","0","0","0","6","0","","02","12","2009","4","40.5034","-80.025118","","11","0","0","1","0","0","1","0","0","","0","0","0","","","0","","1","","40 30:12.241","","0","80 01:30.426","0","0","0","0","2116","0","0","0","N","0","0","0","3","02116","0","","1.0","","1","N","N","","0","","0","0","0","","2","","","2","0","0","0","0","0","0","2","0","2","","","","N","","","","","","","","","",""
"2009132085","","2","0","0","0","0","0","0","0","0","6","0","","02","12","2009","4","40.548666","-80.036979","","11","0","0","0","0","0","0","1","0","","0","0","0","","","0","","2","","40 32:55.197","","0","80 02:13.125","0","0","0","0","2116","0","0","0","N","0","0","0","2","02116","0","","1.0","","1","N","N","","0","","0","0","0","","1","","","2","0","1","0","0","0","0","2","0","2","","","","N","","","","","","","","","",""
"2009132088","","2","0","0","0","0","0","0","0","0","1","0","","02","12","2009","6","40.439634","-79.993356","","11","0","0","0","0","0","1","0","0","","0","0","0","","","2","","7","","40 26:22.682","","2","79 59:36.082","8","0","0","0","2301","0","0","0","N","0","0","0","5","02301","0","","1.0","","1","N","N","","0","","0","0","0","","0","","","2","2","0","0","0","2","0","2","0","2","","","","N","","","","","","","","","",""
"2009132094","","1","0","0","0","0","0","0","0","0","7","0","","02","12","2009","6","40.471454","-79.831291","","11","0","0","0","0","0","0","0","0","2","0","0","0","","","1","","0","","40 28:17.235","6","0","79 49:52.646","4","0","0","0","2113","0","0","0","N","0","0","0","1","02113","1","","4.0","","9","N","N","","0","","0","0","0","","0","Y","","1","1","0","0","0","0","0","2","0","1","","","","N","","","","","","","","","",""
"2009132110","","2","0","0","0","0","0","0","0","0","4","0","","02","12","2009","5","40.538573","-80.050237","","11","0","0","0","0","0","0","1","0","","0","0","0","","","0","","1","","40 32:18.863","","0","80 03:00.854","0","0","0","0","2116","0","0","0","N","0","0","0","2","02116","0","","1.0","","1","N","N","","0","","0","0","0","","2","","","2","0","0","0","0","0","0","2","0","2","","","","N","","","","","","","","","",""
"2009132112","","1","0","0","0","0","0","0","0","0","7","0","","02","12","2009","7","40.483194","-79.823757","","11","0","0","0","0","0","0","0","0","","0","0","0","","","0","","0","","40 28:59.499","","0","79 49:25.524","0","0","0","0","2113","0","0","0","N","0","0","0","1","02113","0","","5.0","","9","N","N","","0","","0","0","0","","0","","","1","0","0","0","0","0","0","2","0","1","","","","N","","","","","","","","","",""
"2009132116","","1","0","0","0","0","0","0","0","0","7","0","","02","12","2009","6","40.464055","-79.882893","","11","0","0","0","0","0","0","0","0","3","0","0","0","","","0","","0","","40 27:50.599","5","0","79 52:58.416","0","0","0","0","2113","0","0","0","N","0","0","0","2","02113","0","","5.0","","9","N","N","","0","","0","0","0","","0","Y","","1","0","0","0","0","0","0","2","0","1","","","","N","","","","","","","","","",""
"2009132122","","1","0","0","0","0","0","1","0","0","1","1","","02","12","2009","2","40.296565","-79.994442","","11","0","0","0","0","0","1","0","0","1","0","0","0","","","0","","2","","40 17:47.635","5","0","79 59:39.990","0","0","0","0","2219","0","0","0","N","0","0","0","2","02219","0","","1.0","","1","Y","N","","0","","0","0","0","","3","Y","","2","0","0","0","0","0","0","2","0","2","","","","N","","","","","","","","","",""
"2009132188","","3","0","0","0","0","0","0","0","0","1","0","","02","12","2009","4","40.393256","-80.065608","","11","0","0","0","0","0","2","0","0","","0","0","0","","","0","","3","","40 23:35.720","","0","80 03:56.187","0","0","0","0","2117","0","0","0","N","0","0","0","3","02117","0","","1.0","","1","N","N","","0","","0","0","0","","0","","","3","0","0","0","0","0","0","2","0","3","","","","N","","","","","","","","","",""
"2009132194","","1","0","0","0","0","0","0","0","0","1","0","","02","12","2009","5","40.442703","-79.772936","","11","0","0","0","0","0","1","0","0","","0","0","0","","","1","","0","","40 26:33.730","","0","79 46:22.570","4","0","0","0","2446","0","0","0","N","0","0","0","2","02446","1","","5.0","","2","N","N","","0","","0","0","1","","0","","","2","1","0","0","0","0","0","2","0","2","","","","N","","","","","","","","","",""
"2009132196","","1","0","0","0","0","0","0","0","0","7","0","","02","12","2009","5","40.373734","-79.844768","","11","0","0","0","0","0","1","0","0","","0","0","0","","","0","","1","","40 22:25.441","","0","79 50:41.166","0","0","0","0","2303","0","0","0","N","0","0","0","1","02303","0","","9.0","","9","N","N","","0","","0","0","0","","5","","","1","0","0","0","0","0","0","2","0","1","","","","N","","","","","","","","","",""
"2009132203","","2","0","0","0","0","0","0","0","0","4","0","","02","12","2009","3","40.616876","-79.945986","","11","0","0","0","0","0","0","0","1","1","0","0","0","","","2","","0","","40 37:00.752","1","0","79 56:45.550","4","0","0","0","2217","0","0","0","N","0","0","0","2","02505","2","","1.0","","1","N","N","","0","","0","0","0","","0","Y","","2","2","0","0","0","0","0","2","0","2","","","","N","","","","","","","","","",""
"2009132205","","1","0","0","0","0","0","0","0","0","1","0","","02","12","2009","5","40.498802","-79.883604","","11","0","1","0","0","0","1","0","0","1","0","0","0","","","0","","0","","40 29:55.686","2","0","79 53:00.976","9","0","0","0","2432","0","0","0","N","0","0","0","2","02432","0","","1.0","","1","N","N","","0","","0","0","1","","0","N","","2","0","0","0","0","0","2","2","0","2","","","","N","","","","","","","","","",""
"2009132212","","2","0","0","0","0","0","0","0","0","4","0","","02","12","2009","5","40.345376","-80.154741","","11","0","0","0","1","0","0","0","0","","0","0","0","","","0","","1","","40 20:43.355","","0","80 09:17.069","0","0","0","0","2119","0","0","0","N","0","0","0","2","02119","0","","1.0","","1","N","N","","0","","0","0","0","","0","","","2","0","0","0","0","0","0","2","0","2","","","","N","","","","","","","","","",""
"2009132218","","1","0","0","0","0","0","0","0","0","7","0","","02","12","2009","4","40.29091","-79.920663","","11","0","0","1","0","0","0","0","0","3","0","0","0","","","3","","0","","40 17:27.275","3","0","79 55:14.385","4","0","0","0","2440","0","0","0","N","0","0","0","3","02440","1","","4.0","","1","N","N","","0","","0","0","0","","0","N","","1","3","2","0","0","2","0","2","0","1","","","","N","","","","","","","","","",""
"2009132227","","2","0","1","0","0","0","0","0","0","4","0","","02","12","2009","7","40.457558","-79.901493","","11","0","0","0","0","0","0","0","1","","0","1","0","","","2","","1","","40 27:27.208","","0","79 54:05.373","2","0","0","0","2301","0","0","0","N","0","0","0","2","02301","1","","1.0","","1","N","N","","0","","0","1","0","","2","","","3","2","0","0","0","0","0","2","0","3","","","","N","","","","","","","","","",""
"2009132228","","1","0","0","0","0","0","0","0","0","7","0","","02","12","2009","7","","","","11","0","0","1","0","0","0","0","0","","0","0","0","","","0","","0","","","","0","","0","0","0","0","2301","0","0","0","N","0","0","0","3","02301","0","","2.0","","1","N","N","","0","","0","0","0","","0","","","1","0","3","0","0","0","0","1","0","1","","","","N","","","","","","","","","",""
"2009132240","","0","0","0","0","0","0","0","0","0","0","0","","02","12","2009","7","40.326337","-79.794218","","11","0","0","0","0","0","0","1","0","","0","0","0","","","2","","0","","40 19:34.812","","0","79 47:39.183","8","0","0","1","2477","0","0","0","N","0","0","0","2","02477","0","","1.0","","1","N","N","","0","","0","0","0","","0","","","1","2","0","0","0","2","0","2","0","1","","","","N","","","","","","","","","",""
"2009132253","","1","0","0","0","0","0","0","0","0","7","0","","02","12","2009","7","40.461253","-79.847504","","11","0","0","0","0","0","0","0","0","1","0","0","0","","","0","","0","","40 27:40.511","4","0","79 50:51.013","0","0","0","0","2113","0","0","0","N","0","0","0","1","02113","0","","5.0","","9","N","N","","0","","0","0","0","","0","N","","1","0","0","0","0","0","0","2","0","1","","","","N","","","","","","","","","",""
"2009132256","","0","0","0","0","0","0","0","0","0","7","0","","02","12","2009","7","40.41778","-79.978426","","11","0","0","0","0","0","0","0","0","","0","0","0","","","1","","0","","40 25:04.009","","0","79 58:42.334","4","0","0","0","2473","0","0","0","N","0","0","0","1","02473","1","","2.0","","1","N","N","","1","","0","0","0","","0","","","1","1","1","0","0","0","0","2","0","1","","","","N","","","","","","","","","",""
"2009132258","","2","0","0","0","0","0","0","0","0","4","0","","02","12","2009","4","40.465255","-79.95758","","11","0","0","0","0","0","0","0","0","","0","0","0","","","1","","0","","40 27:54.918","","0","79 57:27.288","4","0","0","0","2301","0","0","0","N","0","0","0","5","02301","1","","1.0","","1","N","N","","0","","0","0","0","","0","","","2","1","0","0","0","0","0","2","0","2","","","","N","","","","","","","","","",""
"2009132317","","1","0","0","0","0","0","0","0","0","7","0","","02","12","2009","6","40.403486","-80.069418","","11","0","0","0","1","0","0","0","0","1","0","0","0","","","1","","0","","40 24:12.550","2","0","80 04:09.903","4","0","0","0","2415","0","0","0","N","0","0","0","1","02415","1","","2.0","","9","N","N","","0","","0","0","0","","0","Y","","1","1","0","0","0","0","0","2","0","1","","","","N","","","","","","","","","",""
"2009132320","","2","0","0","0","0","0","0","0","0","4","0","","02","12","2009","7","40.466203","-79.757621","","11","0","0","0","1","0","0","0","1","1","0","0","0","","","2","","0","","40 27:58.330","5","0","79 45:27.435","3","0","0","0","2466","0","0","0","N","0","0","0","4","02466","1","","1.0","","1","N","N","","0","","1","0","0","","0","N","","2","2","0","0","0","0","0","2","0","2","","","","N","","","","","","","","","",""
"2009132321","","1","0","0","0","0","0","0","0","0","7","0","","02","12","2009","7","40.619462","-79.88147","","11","0","0","0","1","0","0","0","0","1","0","0","0","","","0","","0","","40 37:10.062","1","0","79 52:53.293","0","0","0","0","2220","0","0","0","N","0","0","0","1","02220","0","","2.0","","2","N","N","","0","","0","0","0","","0","N","","1","0","0","0","0","0","0","1","0","1","","","","N","","","","","","","","","",""
"2009132322","","1","0","0","0","0","0","0","0","0","4","0","","02","12","2009","7","40.405639","-79.991239","","11","0","0","0","0","0","0","0","0","1","0","0","0","","","1","","2","","40 24:20.300","2","0","79 59:28.460","3","0","0","0","2301","0","0","0","N","0","0","0","5","02301","0","","1.0","","1","N","N","","0","","1","0","1","","0","N","","2","1","1","0","0","0","0","2","0","2","","","","N","","","","","","","","","",""
"2009132328","","1","0","0","0","0","0","0","0","0","7","0","","02","12","2009","7","40.465812","-79.866012","","11","0","0","1","0","0","0","0","0","1","0","0","0","","","0","","0","","40 27:56.923","6","0","79 51:57.643","0","0","0","0","2113","0","0","0","N","0","0","0","2","02113","0","","2.0","","2","N","N","","0","","0","0","0","","0","N","","1","0","0","0","0","0","0","2","0","1","","","","N","","","","","","","","","",""
"2009132334","","0","0","0","0","0","0","0","0","0","7","0","","02","12","2009","7","","","","11","0","0","0","0","0","0","0","1","","0","0","0","","","0","","0","","","","0","","0","0","0","0","2473","0","0","0","N","0","0","0","1","02473","0","","4.0","","9","N","N","","0","","0","0","1","","0","","","1","0","0","0","0","0","0","1","0","1","","","","N","","","","","","","","","",""
"2009132338","","1","0","0","0","0","0","0","0","0","2","0","","02","12","2009","2","40.386554","-80.09242","","11","1","0","0","1","0","0","0","0","1","0","0","0","","","1","","0","","40 23:11.593","5","0","80 05:32.712","8","0","0","0","2117","0","0","0","N","0","0","0","3","02117","0","","1.0","","1","N","N","","0","","0","0","1","","2","Y","","2","1","0","0","0","1","1","2","0","2","","","","N","","","","","","","","","",""
"2009132347","","2","0","0","0","0","0","0","0","0","2","0","","02","12","2009","7","40.380135","-79.809036","","11","0","0","0","0","1","0","0","0","","0","0","0","","","0","","2","","40 22:48.485","","0","79 48:32.529","0","0","0","0","2424","0","0","0","N","0","0","0","2","02424","0","","1.0","","1","N","N","","0","","0","0","0","","2","","","2","0","0","0","0","0","0","2","0","2","","","","N","","","","","","","","","",""
"2009132351","","1","0","0","0","0","0","0","0","0","1","0","","02","12","2009","1","40.429521","-79.977548","","11","0","0","0","0","0","0","0","0","","0","0","0","","","0","","2","","40 25:46.275","","7","79 58:39.172","0","0","0","0","2301","0","0","0","N","0","0","0","2","02301","0","","4.0","","1","N","N","","1","","0","0","0","","0","","","2","0","0","0","0","0","0","2","0","2","","","","N","","","","","","","","","",""
"2009132356","","0","0","0","0","0","0","0","0","0","7","0","","02","12","2009","1","40.420574","-79.889574","","11","0","0","0","0","0","0","0","0","2","0","0","0","","","0","","0","","40 25:14.065","1","0","79 53:22.468","0","0","0","0","2463","0","0","0","N","0","0","0","2","02463","0","","5.0","","1","N","N","","0","","0","0","0","","0","N","","1","0","0","0","0","0","0","2","1","1","","","","N","","","","","","","","","",""
"2009132359","","1","0","0","0","0","0","0","0","0","4","0","","02","12","2009","1","40.470684","-79.960288","","11","0","1","0","0","0","0","0","0","2","0","0","0","","","0","","1","","40 28:14.463","2","0","79 57:37.035","0","0","0","0","2301","0","0","0","N","0","0","0","4","02301","0","","1.0","","1","N","N","","0","","0","0","1","","3","Y","","2","0","0","0","0","0","0","2","0","2","","","","N","","","","","","","","","",""
"2009132362","","1","0","0","0","0","0","0","0","0","7","0","","02","12","2009","1","40.444562","-79.944866","","11","0","0","0","1","0","0","0","0","","0","0","0","","","0","","0","","40 26:40.422","","0","79 56:41.517","0","0","0","0","2301","0","0","0","N","0","0","0","2","02301","0","","4.0","","1","N","N","","0","","0","0","0","","0","","","1","0","0","0","0","0","0","2","0","1","","","","N","","","","","","","","","",""
"2009132379","","2","0","0","0","0","0","0","0","0","7","0","","02","12","2009","6","40.636779","-80.097794","","11","0","0","0","0","0","1","0","0","2","0","0","0","","","1","","0","","40 38:12.403","1","0","80 05:52.059","8","0","0","0","2212","0","0","0","N","0","0","0","2","68B03","0","","4.0","","9","N","N","","0","","0","0","0","","0","N","","2","1","0","0","0","1","0","2","0","2","","","","N","","","","","","","","","",""
"2009132380","","1","0","0","0","0","0","0","0","0","7","0","","02","12","2009","1","40.485183","-79.856869","","11","0","0","0","0","1","0","0","0","","0","0","0","","","1","","2","","40 29:06.657","","0","79 51:24.730","4","0","0","0","2113","0","0","0","N","0","0","0","3","02113","1","","5.0","","1","N","N","","0","","0","0","0","","2","","","1","1","0","0","0","0","2","2","0","1","","","","N","","","","","","","","","",""
"2009132387","","2","0","0","0","0","0","0","0","0","4","0","","02","12","2009","7","40.465466","-79.946427","","11","0","0","0","0","0","0","0","1","","0","0","0","","","1","","1","","40 27:55.677","","0","79 56:47.137","4","0","0","0","2301","0","0","0","N","0","0","0","2","02301","1","","1.0","","9","N","N","","0","","0","0","0","","2","","","2","1","0","0","0","0","0","2","0","2","","","","N","","","","","","","","","",""
"2009132389","","1","0","0","0","0","0","0","0","0","4","0","","02","12","2009","3","40.533896","-79.844881","","11","0","0","0","1","0","0","1","0","3","0","0","0","","","1","","2","","40 32:02.027","6","0","79 50:41.571","4","0","0","0","2208","0","0","0","N","0","0","0","2","02208","1","","1.0","","1","N","N","","1","","0","0","0","","2","Y","","2","1","0","0","0","0","0","2","0","2","","","","N","","","","","","","","","",""
"2009132398","","1","0","0","0","0","0","0","0","0","2","0","","02","12","2009","1","","","","11","0","0","0","0","0","0","1","0","","0","0","0","","","0","","3","","","","2","","9","0","0","0","2301","0","0","0","N","0","0","0","3","02301","0","","1.0","","2","N","N","","0","","0","0","1","","0","","","2","0","0","0","0","0","1","1","0","2","","","","N","","","","","","","","","",""
"2009132405","","0","0","0","0","0","0","0","0","0","7","0","","02","12","2009","1","40.372011","-79.808404","","11","0","0","0","0","0","1","0","0","3","0","0","0","","","0","","0","","40 22:19.239","6","0","79 48:30.255","0","0","0","0","2111","0","0","0","N","0","0","0","1","02111","0","","2.0","","2","N","N","","1","","0","0","0","","0","Y","","1","0","0","0","0","0","0","2","0","1","","","","N","","","","","","","","","",""
"2009132411","","1","0","0","0","0","0","0","0","0","7","0","","02","12","2009","1","","","","11","0","0","0","0","1","0","0","0","","0","0","0","","","0","","7","","","","2","","0","0","0","0","2301","0","0","0","N","0","0","0","1","02301","0","","5.0","","7","N","N","","0","","0","0","0","","0","","","1","0","0","0","0","0","0","1","0","1","","","","N","","","","","","","","","",""
"2009132429","","0","0","0","0","0","0","0","0","0","7","0","","02","12","2009","1","40.500411","-80.004912","","11","0","0","0","0","0","0","0","0","2","0","0","0","","","0","","0","","40 30:01.480","2","0","80 00:17.684","0","0","0","0","2116","0","0","0","Y","0","0","0","1","02116","0","","2.0","","2","N","N","","0","","0","0","1","","0","N","","1","0","0","0","0","0","0","2","0","1","","","","N","","","","","","","","","",""
"2009132433","","0","0","0","0","0","0","0","0","0","7","0","","02","12","2009","6","40.361533","-79.904071","","11","0","0","0","0","0","0","0","0","1","0","0","0","","","0","","0","","40 21:41.517","4","0","79 54:14.654","0","0","0","0","2473","0","0","0","N","0","0","0","1","02473","0","","4.0","","2","N","N","","0","","0","0","1","","0","Y","","1","0","0","0","0","0","0","2","0","1","","","","N","","","","","","","","","",""
"2009132446","","0","0","0","0","0","0","0","0","0","7","0","","02","12","2009","7","40.620026","-79.928233","","11","0","0","0","0","0","0","0","0","","0","0","0","","","4","","0","","40 37:12.093","","0","79 55:41.638","3","0","0","0","2217","0","0","0","N","0","0","0","4","02505","3","","4.0","","2","N","N","","0","","1","0","1","","0","","","1","4","2","0","0","0","0","2","0","1","","","","N","","","","","","","","","",""
"2009132459","","2","0","0","0","0","0","0","0","0","1","0","","02","12","2009","5","40.37848","-80.070892","","11","0","0","0","0","0","0","0","0","","0","0","0","","","1","","0","","40 22:42.528","","0","80 04:15.211","3","0","0","0","2117","0","0","0","N","0","0","0","1","02117","0","","1.0","","1","N","N","","0","","1","0","2","","0","","","4","1","1","0","0","0","0","2","0","4","","","","N","","","","","","","","","",""
"2009132463","","1","0","0","0","0","0","0","0","0","7","0","","02","12","2009","4","40.350197","-80.040619","","11","0","0","0","0","0","1","0","0","","0","0","0","","","1","","0","","40 21:00.709","","0","80 02:26.228","4","0","0","0","2407","0","0","0","N","0","0","0","1","02407","1","","4.0","","1","N","N","","0","","0","0","0","","0","","","1","1","0","0","0","0","0","2","0","1","","","","N","","","","","","","","","",""
"2009132464","","2","0","0","0","0","0","0","0","0","4","0","","02","12","2009","4","40.309333","-80.062561","","11","0","0","0","0","0","0","0","0","","0","0","0","","","0","","0","","40 18:33.600","","0","80 03:45.220","0","0","0","0","2407","0","0","0","N","0","0","0","1","02407","0","","1.0","","1","N","N","","0","","0","0","0","","0","","","2","0","0","0","0","0","0","2","0","2","","","","N","","","","","","","","","",""
"2009132465","","2","0","0","0","0","0","0","0","0","1","0","","02","12","2009","4","40.337103","-80.00925","","11","0","0","0","0","0","1","0","0","2","0","0","0","","","0","","0","","40 20:13.570","3","0","80 00:33.300","0","0","0","0","2407","0","0","0","N","0","0","0","3","02407","0","","1.0","","1","N","N","","0","","0","0","1","","0","Y","","3","0","0","0","0","0","0","2","0","3","","","","N","","","","","","","","","",""
"2009132466","","0","0","0","0","0","0","0","0","0","1","0","","02","12","2009","5","40.327558","-80.030399","","11","0","0","0","0","0","0","0","0","","0","0","0","","","2","","2","","40 19:39.208","","0","80 01:49.436","4","0","0","0","2407","0","0","0","N","0","0","0","3","02407","2","","1.0","","1","N","N","","1","","0","0","1","","3","","","2","2","0","0","0","0","0","2","0","2","","","","N","","","","","","","","","",""
"2009132471","","1","0","0","0","0","0","0","0","0","7","0","","02","12","2009","6","40.470001","-80.221169","","11","0","0","0","0","0","1","0","0","","0","0","0","","","0","","0","","40 28:12.003","","2","80 13:16.209","0","0","0","0","2203","0","0","0","N","0","0","0","1","68B03","0","","2.0","","2","N","N","","0","","0","0","0","","0","","","1","0","0","0","0","0","0","2","0","1","","","","N","","","","","","","","","",""
"2009132570","","1","0","0","0","0","0","0","0","0","4","0","","02","12","2009","1","40.456659","-80.000113","","11","0","0","0","0","0","0","0","0","","0","0","0","","","1","","1","","40 27:23.972","","0","80 00:00.406","4","0","0","0","2301","0","0","0","N","0","0","0","4","02301","1","","1.0","","1","N","N","","0","","0","0","1","","0","","","2","1","0","0","0","0","0","2","0","2","","","","N","","","","","","","","","",""
"2009132599","","1","0","0","0","0","0","0","0","0","7","0","55","02","12","2009","6","40.61395","-79.958502","","11","0","0","0","0","0","1","0","0","2","0","0","0","","","1","","0","","40 36:50.220","4","0","79 57:30.607","8","0","0","0","2207","0","0","0","N","0","0","0","7","68T02","0","","3.0","","2","N","N","","0","","0","0","1","","0","N","","2","1","0","0","0","1","0","2","0","2","","","N","Y","4","1","N","N","N","N","Y","N","Y",""
"2009132609","","2","0","0","0","0","0","0","0","0","1","0","","02","12","2009","5","40.569027","-80.069004","","11","0","0","0","0","0","1","0","0","","0","0","0","","","0","","0","","40 34:08.496","","0","80 04:08.416","0","0","0","0","2481","0","0","0","N","0","0","0","1","02481","0","","1.0","","1","N","N","","0","","0","0","0","","0","","","2","0","0","0","0","0","0","2","0","2","","","","N","","","","","","","","","",""
"2009132621","","1","0","0","0","0","0","0","0","0","4","0","","02","12","2009","1","40.355191","-79.835211","","11","0","0","0","0","1","0","0","0","2","0","0","0","","","0","","2","","40 21:18.687","3","0","79 50:06.758","0","0","0","0","2304","0","0","0","N","0","0","0","3","02304","0","","1.0","","1","Y","N","","1","","0","0","0","","2","N","","2","0","3","0","0","0","0","2","0","2","","","","N","","","","","","","","","",""
"2009132623","","0","0","0","0","0","0","0","0","0","2","0","","02","12","2009","1","40.288955","-80.027024","","11","0","0","0","0","0","0","0","0","1","0","0","0","","","1","","0","","40 17:20.239","5","0","80 01:37.285","4","0","0","0","2219","0","0","0","N","0","0","0","3","02219","1","","1.0","","1","","N","","1","","0","0","1","","0","Y","","2","1","0","0","0","0","0","2","0","2","","","","N","","","","","","","","","",""
"2009132627","","0","0","0","0","0","0","0","0","0","7","0","","02","12","2009","7","40.588584","-80.1696","","11","0","0","0","0","0","0","0","0","2","0","0","0","","","0","","0","","40 35:18.902","6","0","80 10:10.560","0","0","0","0","2480","0","0","0","N","0","0","0","2","02480","0","","4.0","","7","N","N","","0","","0","0","1","","0","N","","1","0","0","0","0","0","0","1","0","1","","","","N","","","","","","","","","",""
"2009132628","","1","0","0","0","0","0","0","0","0","7","0","","02","12","2009","7","40.395917","-79.772066","","11","0","0","0","0","0","0","0","0","2","0","0","0","","","0","","0","","40 23:45.302","5","3","79 46:19.439","0","0","0","0","2446","0","0","0","N","0","0","0","8","02446","0","","4.0","","2","N","N","","0","","0","0","1","","0","Y","","3","0","0","0","0","0","0","2","1","3","","","","N","","","","","","","","","",""
"2009132642","","0","0","0","0","0","0","0","0","0","7","0","","02","12","2009","5","40.514509","-80.029429","","11","0","0","0","0","0","0","0","0","","0","0","0","","","1","","2","","40 30:52.234","","0","80 01:45.943","3","0","0","0","2474","0","0","0","N","0","0","0","1","02474","0","","4.0","","1","N","N","","0","","1","0","1","","0","","","1","1","0","0","0","0","0","2","0","1","","","","N","","","","","","","","","",""