"CRN","ARRIVAL_TM","AUTOMOBILE_COUNT","BELTED_DEATH_COUNT","BELTED_SUSP_SERIOUS_INJ_COUNT","BICYCLE_COUNT","BICYCLE_DEATH_COUNT","BICYCLE_SUSP_SERIOUS_INJ_COUNT","BUS_COUNT","CHLDPAS_DEATH_COUNT","CHLDPAS_SUSP_SERIOUS_INJ_COUNT","COLLISION_TYPE","COMM_VEH_COUNT","CONS_ZONE_SPD_LIM","COUNTY","CRASH_MONTH","CRASH_YEAR","DAY_OF_WEEK","DEC_LATITUDE","DEC_LONGITUDE","DISPATCH_TM","DISTRICT","DRIVER_COUNT_16YR","DRIVER_COUNT_17YR","DRIVER_COUNT_18YR","DRIVER_COUNT_19YR","DRIVER_COUNT_20YR","DRIVER_COUNT_50_64YR","DRIVER_COUNT_65_74YR","DRIVER_COUNT_75PLUS","EST_HRS_CLOSED","FATAL_COUNT","HEAVY_TRUCK_COUNT","HORSE_BUGGY_COUNT","HOUR_OF_DAY","ILLUMINATION","INJURY_COUNT","INTERSECTION_RELATED","INTERSECT_TYPE","LANE_CLOSED","LATITUDE","LN_CLOSE_DIR","LOCATION_TYPE","LONGITUDE","MAX_SEVERITY_LEVEL","MCYCLE_DEATH_COUNT","MCYCLE_SUSP_SERIOUS_INJ_COUNT","MOTORCYCLE_COUNT","MUNICIPALITY","NONMOTR_COUNT","NONMOTR_DEATH_COUNT","NONMOTR_SUSP_SERIOUS_INJ_COUNT","NTFY_HIWY_MAINT","PED_COUNT","PED_DEATH_COUNT","PED_SUSP_SERIOUS_INJ_COUNT","PERSON_COUNT","POLICE_AGCY","POSSIBLE_INJ_COUNT","RDWY_SURF_TYPE_CD","RELATION_TO_ROAD","ROADWAY_CLEARED","ROAD_CONDITION","SCH_BUS_IND","SCH_ZONE_IND","SECONDARY_CRASH","SMALL_TRUCK_COUNT","SPEC_JURIS_CD","SUSP_MINOR_INJ_COUNT","SUSP_SERIOUS_INJ_COUNT","SUV_COUNT","TCD_FUNC_CD","TCD_TYPE","TFC_DETOUR_IND","TIME_OF_DAY","TOTAL_UNITS","TOT_INJ_COUNT","UNBELTED_OCC_COUNT","UNB_DEATH_COUNT","UNB_SUSP_SERIOUS_INJ_COUNT","UNK_INJ_DEG_COUNT","UNK_INJ_PER_COUNT","URBAN_RURAL","VAN_COUNT","VEHICLE_COUNT","WEATHER1","WEATHER2","WORKERS_PRES","WORK_ZONE_IND","WORK_ZONE_LOC","WORK_ZONE_TYPE","WZ_CLOSE_DETOUR","WZ_FLAGGER","WZ_LAW_OFFCR_IND","WZ_LN_CLOSURE","WZ_MOVING","WZ_OTHER","WZ_SHLDER_MDN","WZ_WORKERS_INJ_KILLED"
"2009132644","","1","0","0","0","0","0","0","0","0","7","0","","02","12","2009","1","40.524008","-79.942698","","11","0","0","0","0","0","0","0","0","2","0","0","0","","","0","","0","","40 31:26.428","1","0","79 56:33.712","0","0","0","0","2118","0","0","0","N","0","0","0","2","02118","0","","2.0","","1","N","N","","0","","0","0","0","","0","N","","1","0","2","0","0","0","0","2","0","1","","","","N","","","","","","","","","",""
"2009132659","","1","0","0","0","0","0","0","0","0","7","0","","02","12","2009","2","40.41959","-79.885116","","11","0","0","0","0","0","0","0","0","","0","0","0","","","0","","2","","40 25:10.524","","0","79 53:06.417","0","0","0","0","2463","0","0","0","N","0","0","0","1","02463","0","","2.0","","7","N","N","","0","","0","0","0","","0","","","1","0","1","0","0","0","0","2","0","1","","","","N","","","","","","","","","",""
"2009132660","","1","0","0","0","0","0","0","0","0","7","0","","02","12","2009","7","40.384394","-79.979492","","11","0","0","0","0","0","0","0","0","","0","0","0","","","1","","0","","40 23:03.818","","0","79 58:46.171","3","0","0","0","2301","0","0","0","N","0","0","0","1","02301","0","","5.0","","2","N","N","","0","","1","0","0","","0","","","1","1","0","0","0","0","0","2","0","1","","","","N","","","","","","","","","",""
"2009132661","","1","0","0","0","0","0","0","0","0","7","0","","02","12","2009","2","40.340149","-79.967334","","11","0","0","0","0","0","0","0","0","","0","0","0","","","0","","0","","40 20:24.535","","0","79 58:02.403","0","0","0","0","2454","0","0","0","Y","0","0","0","1","02454","0","","3.0","","7","N","N","","0","","0","0","0","","0","","","1","0","1","0","0","0","0","2","0","1","","","","N","","","","","","","","","",""
"2009132665","","1","0","0","0","0","0","0","0","0","7","0","","02","12","2009","7","40.407016","-79.877322","","11","0","0","0","0","0","0","0","0","","0","0","0","","","0","","0","","40 24:25.256","","0","79 52:38.360","0","0","0","0","2456","0","0","0","N","0","0","0","1","02456","0","","4.0","","1","N","N","","1","","0","0","0","","0","","","2","0","0","0","0","0","0","2","0","2","","","","N","","","","","","","","","",""
"2009132667","","1","0","0","0","0","0","0","0","0","7","0","","02","12","2009","2","40.367554","-79.816812","","11","0","0","1","0","0","0","0","0","1","0","0","0","","","0","","0","","40 22:03.194","4","0","79 49:00.523","0","0","0","0","2111","0","0","0","N","0","0","0","1","02111","0","","2.0","","2","N","N","","0","","0","0","0","","0","N","","1","0","0","0","0","0","0","2","0","1","","","","N","","","","","","","","","",""
"2009132671","","0","0","0","0","0","0","0","0","0","7","0","","02","12","2009","2","","","","11","0","0","0","0","0","0","0","0","2","0","0","0","","","1","","0","","","2","0","","4","0","0","0","2304","0","0","0","N","0","0","0","1","02304","1","","2.0","","7","N","N","","1","","0","0","0","","0","Y","","1","1","0","0","0","0","0","1","0","1","","","","N","","","","","","","","","",""
"2009132672","","0","0","0","0","0","0","0","0","0","7","0","","02","12","2009","1","40.579758","-79.909916","","11","0","0","0","0","0","0","0","0","","0","0","0","","","1","","0","","40 34:47.129","","0","79 54:35.699","4","0","0","0","2209","0","0","0","N","0","0","0","1","02209","1","","1.0","","2","N","N","","0","","0","0","1","","0","","","1","1","0","0","0","0","0","1","0","1","","","","N","","","","","","","","","",""
"2009132673","","1","0","0","0","0","0","0","0","0","7","0","","02","12","2009","7","40.373278","-80.005541","","11","0","0","0","0","0","0","0","0","1","0","0","0","","","0","","1","","40 22:23.800","4","0","80 00:19.947","0","0","0","0","2416","0","0","0","N","0","0","0","1","02416","0","","2.0","","7","N","N","","0","","0","0","0","","0","Y","","1","0","0","0","0","0","0","2","0","1","","","","N","","","","","","","","","",""
"2009132674","","0","0","0","0","0","0","0","0","0","7","0","","02","12","2009","2","40.364531","-80.023157","","11","0","0","0","0","0","0","0","0","","0","0","0","","","0","","0","","40 21:52.313","","1","80 01:23.364","0","0","0","0","2416","0","0","0","N","0","0","0","1","02416","0","","2.0","","7","N","N","","1","","0","0","0","","0","","","1","0","0","0","0","0","0","2","0","1","","","","N","","","","","","","","","",""
"2009132679","","1","0","0","0","0","0","0","0","0","7","0","","02","12","2009","2","40.451876","-79.843821","","11","0","0","0","0","0","1","0","0","1","0","0","0","","","1","","0","","40 27:06.754","5","0","79 50:37.756","4","0","0","0","2113","0","0","0","N","0","0","0","1","02113","1","","2.0","","2","N","N","","0","","0","0","0","","0","N","","1","1","0","0","0","0","0","2","0","1","","","","N","","","","","","","","","",""
"2009132696","","0","0","0","0","0","0","0","0","0","7","0","","02","12","2009","7","40.4427","-79.8145","","11","0","0","0","0","0","1","0","0","1","0","0","0","","","1","","0","","40 26:33.720","3","0","79 48:52.200","8","0","0","0","2113","0","0","0","Y","0","0","0","1","68B03","0","","2.0","","2","N","N","","0","","0","0","1","","0","N","","1","1","0","0","0","1","0","2","0","1","","","","N","","","","","","","","","",""
"2009132697","","1","0","0","0","0","0","0","0","0","7","0","","02","12","2009","5","40.4722","-80.1161","","11","0","0","0","0","1","0","0","0","","0","0","0","","","0","","0","","40 28:19.920","","0","80 06:57.960","0","0","0","0","2115","0","0","0","Y","0","0","0","1","68B03","0","","5.0","","1","N","N","","0","","0","0","0","","0","","","1","0","0","0","0","0","0","2","0","1","","","","N","","","","","","","","","",""
"2009132698","","1","0","0","0","0","0","0","0","0","7","0","","02","12","2009","6","40.439446","-80.009264","","11","0","0","0","0","0","0","0","0","1","0","0","0","","","1","","0","","40 26:22.006","3","3","80 00:33.351","4","0","0","0","2301","0","0","0","N","0","0","0","1","68B03","1","","2.0","","9","N","N","","0","","0","0","0","","0","N","","1","1","0","0","0","0","0","2","0","1","","","","N","","","","","","","","","",""
"2009132781","","2","0","0","0","0","0","0","0","0","1","0","","02","12","2009","7","40.594288","-79.90178","","11","0","0","0","0","0","1","0","0","","0","0","0","","","1","","0","","40 35:39.437","","0","79 54:06.408","4","0","0","0","2209","0","0","0","N","0","0","0","6","68T02","1","","1.0","","9","N","N","","0","","0","0","0","","0","","","2","1","0","0","0","0","0","1","0","2","","","","N","","","","","","","","","",""
"2009132817","","1","0","0","0","0","0","0","0","0","7","0","","02","12","2009","6","40.458664","-79.854117","","11","0","0","0","1","0","0","0","0","1","0","0","0","","","0","","0","","40 27:31.190","6","0","79 51:14.821","0","0","0","0","2113","0","0","0","N","0","0","0","1","02113","0","","4.0","","2","N","N","","0","","0","0","0","","0","N","","1","0","0","0","0","0","0","2","0","1","","","","N","","","","","","","","","",""
"2009132825","","2","0","0","0","0","0","0","0","0","1","0","","02","12","2009","2","40.453613","-80.057406","","11","0","0","0","0","0","0","0","0","","0","0","0","","","0","","2","","40 27:13.006","","0","80 03:26.661","0","0","0","0","2301","0","0","0","N","0","0","0","1","02301","0","","2.0","","2","N","N","","0","","0","0","0","","3","","","2","0","0","0","0","0","0","2","0","2","","","","N","","","","","","","","","",""
"2009132826","","1","0","0","0","0","0","0","0","0","7","0","","02","12","2009","4","40.587175","-80.111879","","11","0","0","0","0","0","0","0","0","4","1","0","0","","","0","","0","","40 35:13.830","7","0","80 06:42.765","1","0","0","0","2481","0","0","0","N","0","0","0","1","02481","0","2","5.0","","9","N","N","","0","0","0","0","0","","0","Y","","1","0","1","1","0","0","0","1","0","1","","","","N","","","","","","","","","",""
"2009132829","","0","0","0","0","0","0","0","0","0","7","0","","02","12","2009","2","40.433557","-80.050544","","11","0","0","0","0","0","0","0","0","","0","0","0","","","1","","2","","40 26:00.806","","0","80 03:01.958","4","0","0","0","2301","0","0","0","N","0","0","0","1","02301","1","","2.0","","2","N","N","","0","","0","0","1","","0","","","1","1","0","0","0","0","0","2","0","1","","","","N","","","","","","","","","",""
"2009132830","","0","0","0","0","0","0","0","0","0","7","0","","02","12","2009","5","40.418165","-79.865134","","11","0","0","0","0","0","0","0","0","","0","0","0","","","0","","0","","40 25:05.395","","0","79 51:54.483","0","0","0","0","2411","0","0","0","N","0","0","0","1","02411","0","","2.0","","9","N","N","","0","","0","0","0","","0","","","1","0","0","0","0","0","0","2","1","1","","","","N","","","","","","","","","",""
"2009132831","","1","0","0","0","0","0","0","0","0","7","0","","02","12","2009","6","40.402537","-80.040346","","11","0","0","0","0","0","0","0","0","1","0","0","0","","","0","","1","","40 24:09.133","7","0","80 02:25.245","0","0","0","0","2301","0","0","0","N","0","0","0","2","02301","0","","1.0","","2","N","N","","0","","0","0","0","","0","N","","2","0","0","0","0","0","0","2","0","1","","","","N","","","","","","","","","",""
"2009132835","","2","0","0","0","0","0","0","0","0","99","0","","02","12","2009","7","40.473878","-80.094515","","11","0","0","0","0","0","0","0","0","2","0","0","0","","","3","","2","","40 28:25.962","2","7","80 05:40.255","4","0","0","0","2126","0","0","0","N","0","0","0","4","02126","3","","1.0","","1","N","N","","0","","0","0","0","","3","N","","2","3","0","0","0","0","0","2","0","2","","","","N","","","","","","","","","",""
"2009132836","","3","0","0","0","0","0","0","0","0","1","0","","02","12","2009","2","40.538437","-79.962538","","11","0","0","0","0","0","1","0","0","","0","0","0","","","2","","1","","40 32:18.373","","0","79 57:45.136","8","0","0","0","2118","0","0","0","N","0","0","0","4","02118","0","","1.0","","1","N","N","","0","","0","0","0","","2","","","3","2","0","0","0","2","0","2","0","3","","","","N","","","","","","","","","",""
"2009132837","","2","0","0","0","0","0","0","0","0","5","0","","02","12","2009","1","40.368803","-79.854576","","11","0","0","0","0","0","0","0","1","","0","0","0","","","0","","0","","40 22:07.689","","0","79 51:16.474","0","0","0","0","2303","0","0","0","N","0","0","0","2","02303","0","","1.0","","2","N","N","","0","","0","0","1","","0","","","3","0","1","0","0","0","0","2","0","3","","","","N","","","","","","","","","",""
"2009132838","","0","0","0","0","0","0","0","0","0","7","0","","02","12","2009","3","40.439824","-80.035243","","11","0","0","0","0","0","0","0","0","","0","0","0","","","0","","0","","40 26:23.366","","0","80 02:06.876","0","0","0","0","2301","0","0","0","N","0","0","0","2","02301","0","","2.0","","2","N","N","","1","","0","0","0","","0","","","2","0","0","0","0","0","0","2","1","2","","","","N","","","","","","","","","",""
"2009132842","","1","0","0","0","0","0","0","0","0","5","0","","02","12","2009","2","40.426093","-79.970366","","11","0","0","0","0","0","0","0","0","","0","0","0","","","0","","0","","40 25:33.934","","0","79 58:13.317","0","0","0","0","2301","0","0","0","N","0","0","0","0","02301","0","","6.0","","98","N","N","","0","","0","0","0","","0","","","2","0","0","0","0","0","0","2","0","2","","","","N","","","","","","","","","",""
"2009132850","","1","0","0","0","0","0","0","0","0","4","0","","02","12","2009","2","40.426227","-79.96752","","11","0","0","0","0","0","0","0","0","","0","0","0","","","0","","1","","40 25:34.417","","0","79 58:03.072","0","0","0","0","2301","0","0","0","N","0","0","0","2","02301","0","","1.0","","2","N","N","","1","","0","0","0","","0","","","2","0","0","0","0","0","0","2","0","2","","","","N","","","","","","","","","",""
"2009132851","","1","0","0","0","0","0","0","0","0","6","0","","02","12","2009","2","40.426394","-79.99286","","11","0","0","0","0","0","1","0","0","","0","0","0","","","1","","0","","40 25:35.018","","0","79 59:34.296","8","0","0","0","2301","0","0","0","N","0","0","0","2","02301","0","","1.0","","2","N","N","","1","","0","0","0","","0","","","2","1","0","0","0","1","0","2","0","2","","","","N","","","","","","","","","",""
"2009132855","","1","0","0","0","0","0","0","0","0","6","0","","02","12","2009","2","40.40079","-80.031792","","11","0","0","0","0","0","2","0","0","","0","0","0","","","0","","1","","40 24:02.844","","0","80 01:54.451","0","0","0","0","2301","0","0","0","N","0","0","0","2","02301","0","","1.0","","1","N","N","","0","","0","0","1","","3","","","2","0","0","0","0","0","0","2","0","2","","","","N","","","","","","","","","",""
"2009132861","","1","0","0","0","0","0","0","0","0","7","0","","02","12","2009","2","40.448499","-80.010444","","11","0","0","0","0","0","0","0","0","","0","0","0","","","0","","1","","40 26:54.595","","0","80 00:37.597","0","0","0","0","2301","0","0","0","N","0","0","0","1","02301","0","","2.0","","1","N","N","","0","","0","0","0","","2","","","1","0","1","0","0","0","0","2","0","1","","","","N","","","","","","","","","",""
"2009132864","","1","0","0","0","0","0","0","0","0","5","1","","02","12","2009","2","40.458827","-79.972836","","11","0","0","0","0","0","1","0","0","","0","1","0","","","0","","1","","40 27:31.777","","0","79 58:22.209","0","0","0","0","2301","0","0","0","N","0","0","0","3","02301","0","","1.0","","9","N","N","","0","","0","0","0","","2","","","2","0","1","0","0","0","0","2","0","2","","","","N","","","","","","","","","",""
"2009132866","","1","0","0","0","0","0","0","0","0","4","0","","02","12","2009","2","40.45194","-79.923965","","11","0","0","0","0","0","0","1","0","","0","0","0","","","1","","2","","40 27:06.984","","0","79 55:26.274","4","0","0","0","2301","0","0","0","N","0","0","0","2","02301","1","","1.0","","1","N","N","","0","","0","0","1","","2","","","2","1","1","0","0","0","0","2","0","2","","","","N","","","","","","","","","",""
"2009132871","","2","0","0","0","0","0","0","0","0","7","0","","02","12","2009","1","40.4869","-80.00988","","11","0","0","1","0","0","0","2","0","2","0","0","0","","","0","","0","","40 29:12.839","1","0","80 00:35.568","0","0","0","0","2301","0","0","0","N","0","0","0","3","02301","0","","2.0","","2","N","N","","1","","0","0","0","","0","N","","3","0","1","0","0","0","0","2","0","3","","","","N","","","","","","","","","",""
"2009132872","","0","0","0","0","0","0","0","0","0","4","0","","02","12","2009","4","40.441805","-79.960761","","11","0","0","0","0","1","1","0","0","","0","0","0","","","1","","1","","40 26:30.498","","0","79 57:38.739","4","0","0","0","2301","0","0","0","N","0","0","0","2","02506","1","","1.0","","9","N","N","","0","","0","0","1","","3","","","2","1","0","0","0","0","0","2","1","2","","","","N","","","","","","","","","",""
"2009132873","","1","0","0","0","0","0","0","0","0","1","0","","02","12","2009","2","40.388494","-80.050254","","11","0","0","0","0","0","0","0","0","1","0","0","0","","","1","","1","","40 23:18.578","1","0","80 03:00.914","8","0","0","0","2109","0","0","0","N","0","0","0","2","02109","0","","1.0","","9","N","N","","1","","0","0","0","","2","N","","2","1","0","0","0","1","0","2","0","2","","","","N","","","","","","","","","",""
"2009132879","","1","0","0","0","0","0","0","0","0","7","0","","02","12","2009","2","40.411237","-80.04639","","11","0","0","0","0","1","0","0","0","","0","0","0","","","0","","2","","40 24:40.452","","0","80 02:47.004","0","0","0","0","2435","0","0","0","N","0","0","0","1","02435","0","","5.0","","7","N","N","","0","","0","0","0","","3","","","1","0","0","0","0","0","0","2","0","1","","","","N","","","","","","","","","",""
"2009132882","","1","0","0","0","0","0","0","0","0","1","0","","02","12","2009","2","40.386317","-79.995125","","11","0","0","0","0","1","0","0","0","","0","0","0","","","1","","0","","40 23:10.742","","0","79 59:42.449","4","0","0","0","2301","0","0","0","N","0","0","0","5","02301","1","","1.0","","9","N","N","","1","","0","0","0","","0","","","2","1","2","0","0","0","0","2","0","2","","","","N","","","","","","","","","",""
"2009132885","","0","0","0","0","0","0","0","0","0","7","0","","02","12","2009","1","40.616071","-79.791749","","11","0","0","0","0","0","0","0","0","1","0","0","0","","","1","","0","","40 36:57.855","6","0","79 47:30.296","3","0","0","0","2206","0","0","0","N","0","0","0","1","02206","0","","5.0","","2","N","N","","0","","1","0","0","","0","N","","1","1","0","0","0","0","0","1","1","1","","","","N","","","","","","","","","",""
"2009132887","","1","0","0","0","0","0","0","0","0","7","0","","02","12","2009","2","40.448675","-79.732532","","11","0","0","1","0","0","0","0","0","","0","0","0","","","1","","0","","40 26:55.230","","99","79 43:57.115","8","0","0","0","2446","0","0","0","N","0","0","0","1","02446","0","","2.0","","7","N","N","","0","","0","0","0","","0","","","1","1","0","0","0","1","0","2","0","1","","","","N","","","","","","","","","",""
"2009132889","","1","0","0","0","0","0","0","0","0","7","0","","02","12","2009","7","40.473692","-79.845071","","11","0","0","0","0","0","0","0","0","3","0","0","0","","","0","","0","","40 28:25.291","6","0","79 50:42.257","0","0","0","0","2113","0","0","0","N","0","0","0","2","02113","0","","4.0","","2","N","N","","0","","0","0","0","","0","Y","","1","0","0","0","0","0","0","2","0","1","","","","N","","","","","","","","","",""
"2009132890","","0","0","0","0","0","0","0","0","0","4","0","","02","12","2009","2","40.469073","-79.962824","","11","0","0","0","0","0","0","0","0","","0","2","0","","","2","","2","","40 28:08.662","","0","79 57:46.166","8","0","0","0","2301","0","0","0","N","0","0","0","3","02301","0","","1.0","","9","N","N","","0","","0","0","0","","0","","","2","2","0","0","0","2","0","2","0","2","","","","N","","","","","","","","","",""
"2009132901","","1","0","0","0","0","0","0","0","0","1","0","","02","12","2009","3","40.466697","-80.137511","","11","0","0","0","0","0","0","0","0","","0","0","0","","","0","","0","","40 28:00.109","","0","80 08:15.041","9","0","0","0","2115","0","0","0","N","0","0","0","2","02115","0","","1.0","","1","N","N","","1","","0","0","0","","0","","","2","0","0","0","0","0","1","2","0","2","","","","N","","","","","","","","","",""
"2009132902","","0","0","0","0","0","0","0","0","0","4","1","","02","12","2009","1","40.3181","-80.035","","11","0","0","0","0","0","0","0","0","1","0","1","0","","","1","","0","","40 19:05.160","6","0","80 02:06.000","4","0","0","0","2407","0","0","0","N","0","0","0","3","02407","1","","1.0","","2","N","N","","0","","0","0","1","","0","N","","2","1","0","0","0","0","0","2","0","2","","","","N","","","","","","","","","",""
"2009132963","","1","0","0","0","0","0","0","0","0","7","0","","02","12","2009","3","40.4285","-80.1311","","11","0","0","0","0","0","0","0","0","2","0","0","0","","","1","","0","","40 25:42.600","4","0","80 07:51.960","3","0","0","0","2102","0","0","0","N","0","0","0","1","68B01","0","","2.0","","1","N","N","","0","","1","0","0","","0","N","","1","1","0","0","0","0","0","2","0","1","","","","N","","","","","","","","","",""
"2009132964","","2","0","0","0","0","0","0","0","0","1","0","","02","12","2009","4","40.4256","-79.9108","","11","0","0","0","0","0","0","0","0","1","0","0","0","","","1","","0","","40 25:32.160","3","4","79 54:38.880","4","0","0","0","2301","0","0","0","N","0","0","0","2","68B01","1","","1.0","","1","N","N","","0","","0","0","0","","0","N","","2","1","0","0","0","0","0","2","0","2","","","","N","","","","","","","","","",""
"2009132965","","1","0","0","0","0","0","0","0","0","7","0","","02","12","2009","1","40.4416","-80.1582","","11","0","0","1","0","0","0","0","0","1","0","0","0","","","1","","0","","40 26:29.760","3","0","80 09:29.520","8","0","0","0","2115","0","0","0","N","0","0","0","1","68B03","0","","3.0","","1","N","N","","0","","0","0","0","","0","N","","1","1","0","0","0","1","0","2","0","1","","","","N","","","","","","","","","",""
"2009133010","","1","0","0","0","0","0","0","0","0","7","0","","02","12","2009","2","40.480385","-79.934228","","11","0","0","0","0","0","0","0","0","","0","0","0","","","0","","0","","40 28:49.386","","0","79 56:03.220","0","0","0","0","2301","0","0","0","N","0","0","0","1","02301","0","","2.0","","7","N","N","","0","","0","0","0","","0","","","1","0","0","0","0","0","0","2","0","1","","","","N","","","","","","","","","",""
"2009133011","","1","0","0","0","0","0","0","0","0","6","0","","02","12","2009","4","40.494254","-79.958544","","11","0","0","0","0","0","0","0","0","1","0","0","0","","","0","","1","","40 29:39.313","3","0","79 57:30.759","0","0","0","0","2118","0","0","0","N","0","0","0","2","02118","0","","1.0","","1","N","N","","1","","0","0","0","","3","N","","2","0","0","0","0","0","0","2","0","2","","","","N","","","","","","","","","",""
"2009133015","","2","0","0","0","0","0","0","0","0","6","0","","02","12","2009","2","40.475368","-79.809994","","11","0","0","0","0","0","0","0","0","2","0","0","0","","","0","","0","","40 28:31.325","6","0","79 48:35.979","0","0","0","0","2113","0","0","0","N","0","0","0","2","02113","0","","2.0","","7","N","N","","0","","0","0","0","","0","Y","","2","0","1","0","0","0","0","2","0","2","","","","N","","","","","","","","","",""
"2009133018","","2","0","0","0","0","0","0","0","0","2","0","","02","12","2009","7","40.473724","-79.844972","","11","0","1","0","0","0","0","0","0","3","0","0","0","","","0","","0","","40 28:25.408","6","0","79 50:41.900","0","0","0","0","2113","0","0","0","N","0","0","0","4","02113","0","","1.0","","2","N","N","","0","","0","0","1","","0","Y","","3","0","0","0","0","0","0","2","0","3","","","","N","","","","","","","","","",""
"2009133022","","2","0","0","0","0","0","0","0","0","4","0","","02","12","2009","2","40.4023","-79.941381","","11","0","0","0","0","0","1","0","0","2","0","0","0","","","1","","0","","40 24:08.280","2","0","79 56:28.971","4","0","0","0","2301","0","0","0","N","0","0","0","1","02301","1","","4.0","","2","N","N","","0","","0","0","0","","0","N","","2","1","0","0","0","0","0","2","0","2","","","","N","","","","","","","","","",""
"2009133040","","0","0","0","0","0","0","0","0","0","1","0","","02","12","2009","6","40.408774","-79.907337","","11","0","1","0","0","0","0","0","0","2","0","0","0","","","0","","2","","40 24:31.588","2","0","79 54:26.412","0","0","0","0","2304","0","0","0","N","0","0","0","5","02304","0","","1.0","","9","N","N","","2","","0","0","0","","0","N","","2","0","0","0","0","0","0","2","0","2","","","","N","","","","","","","","","",""
"2009133046","","1","0","0","0","0","0","0","0","0","7","0","","02","12","2009","2","40.460541","-79.888524","","11","0","0","0","1","0","0","0","0","","0","0","0","","","0","","2","","40 27:37.947","","0","79 53:18.686","0","0","0","0","2301","0","0","0","N","0","0","0","1","02301","0","","4.0","","7","N","N","","0","","0","0","0","","0","","","1","0","1","0","0","0","0","2","0","1","","","","N","","","","","","","","","",""
"2009133053","","1","0","0","0","0","0","0","0","0","7","0","","02","12","2009","1","40.467896","-79.896928","","11","0","0","0","0","0","0","0","0","","0","0","0","","","0","","2","","40 28:04.425","","0","79 53:48.940","0","0","0","0","2301","0","0","0","N","0","0","0","1","02301","0","","2.0","","2","N","N","","0","","0","0","0","","3","","","1","0","0","0","0","0","0","2","0","1","","","","N","","","","","","","","","",""
"2009133059","","1","0","0","0","0","0","0","0","0","1","0","","02","12","2009","2","40.294005","-79.891152","","11","0","0","0","0","0","1","0","0","","0","0","0","","","0","","10","","40 17:38.418","","0","79 53:28.147","9","0","0","0","2302","0","0","0","N","0","0","0","1","02302","0","","2.0","","9","N","N","","0","","0","0","1","","0","","","2","0","0","0","0","0","1","2","0","2","","","","N","","","","","","","","","",""
"2009133063","","1","0","0","0","0","0","0","0","0","7","0","","02","12","2009","7","40.343053","-79.985217","","11","0","0","0","0","0","0","0","0","2","0","0","0","","","0","","0","","40 20:34.990","5","0","79 59:06.781","0","0","0","0","2403","0","0","0","N","0","0","0","1","02403","0","","2.0","","1","N","N","","0","","0","0","0","","0","N","","1","0","1","0","0","0","0","2","0","1","","","","N","","","","","","","","","",""
"2009133064","","1","0","1","0","0","0","0","0","0","7","0","","02","12","2009","1","40.586216","-80.094217","","11","1","0","0","0","0","0","0","0","3","0","0","0","","","2","","0","","40 35:10.378","5","0","80 05:39.181","2","0","0","0","2481","0","0","0","N","0","0","0","2","02481","1","","5.0","","9","N","N","","0","","0","1","0","","0","Y","","1","2","1","0","0","0","0","2","0","1","","","","N","","","","","","","","","",""
"2009133067","","2","0","0","0","0","0","0","0","0","4","0","","02","12","2009","5","40.564848","-79.956932","","11","0","0","0","0","1","1","0","0","","0","0","0","","","0","","2","","40 33:53.452","","0","79 57:24.954","0","0","0","0","2207","0","0","0","N","0","0","0","2","02207","0","","1.0","","1","N","N","","0","","0","0","0","","3","","","2","0","0","0","0","0","0","2","0","2","","","","N","","","","","","","","","",""
"2009133072","","1","0","0","0","0","0","0","0","0","7","0","","02","12","2009","3","40.641231","-80.066181","","11","0","0","0","1","0","0","0","0","","0","0","0","","","0","","2","","40 38:28.432","","0","80 03:58.253","0","0","0","0","2216","0","0","0","N","0","0","0","1","02505","0","","2.0","","7","N","N","","0","","0","0","0","","0","","","1","0","0","0","0","0","0","2","0","1","","","","N","","","","","","","","","",""
"2009133092","","1","0","0","0","0","0","0","0","0","4","0","","02","12","2009","5","40.4478","-79.991","","11","0","0","0","0","0","1","0","0","3","0","0","0","","","0","","0","","40 26:52.080","1","3","79 59:27.600","0","0","0","0","2301","0","0","0","N","0","0","0","4","68B03","0","","1.0","","1","N","N","","0","","0","0","2","","0","N","","3","0","0","0","0","0","0","2","0","3","","","","N","","","","","","","","","",""
"2009133093","","1","0","0","0","0","0","0","0","0","7","0","","02","12","2009","1","40.4291","-79.9446","","11","0","0","0","0","0","0","0","0","4","0","0","0","","","1","","0","","40 25:44.760","4","0","79 56:40.560","3","0","0","0","2301","0","0","0","N","0","0","0","1","68B03","0","","2.0","","2","N","N","","0","","1","0","0","","0","N","","1","1","0","0","0","0","0","2","0","1","","","","N","","","","","","","","","",""
"2009133242","","1","0","0","0","0","0","0","0","0","7","0","","02","12","2009","3","40.44567","-79.972826","","11","0","0","0","0","0","0","0","0","","0","0","0","","","0","","0","","40 26:44.412","","0","79 58:22.173","0","0","0","0","2301","0","0","0","N","0","0","0","1","02301","0","","5.0","","7","N","N","","0","","0","0","0","","0","","","1","0","0","0","0","0","0","2","0","1","","","","N","","","","","","","","","",""
"2009133251","","0","0","0","0","0","0","0","0","0","8","1","","02","12","2009","3","40.453987","-79.997852","","11","0","0","0","0","0","0","0","0","","0","0","0","","","1","","1","","40 27:14.353","","2","79 59:52.267","4","0","0","0","2301","1","0","0","N","1","0","0","2","02301","1","","1.0","","6","N","N","","0","","0","0","0","","2","","","2","1","0","0","0","0","0","2","0","1","","","","N","","","","","","","","","",""