"CRN","ARRIVAL_TM","AUTOMOBILE_COUNT","BELTED_DEATH_COUNT","BELTED_SUSP_SERIOUS_INJ_COUNT","BICYCLE_COUNT","BICYCLE_DEATH_COUNT","BICYCLE_SUSP_SERIOUS_INJ_COUNT","BUS_COUNT","CHLDPAS_DEATH_COUNT","CHLDPAS_SUSP_SERIOUS_INJ_COUNT","COLLISION_TYPE","COMM_VEH_COUNT","CONS_ZONE_SPD_LIM","COUNTY","CRASH_MONTH","CRASH_YEAR","DAY_OF_WEEK","DEC_LATITUDE","DEC_LONGITUDE","DISPATCH_TM","DISTRICT","DRIVER_COUNT_16YR","DRIVER_COUNT_17YR","DRIVER_COUNT_18YR","DRIVER_COUNT_19YR","DRIVER_COUNT_20YR","DRIVER_COUNT_50_64YR","DRIVER_COUNT_65_74YR","DRIVER_COUNT_75PLUS","EST_HRS_CLOSED","FATAL_COUNT","HEAVY_TRUCK_COUNT","HORSE_BUGGY_COUNT","HOUR_OF_DAY","ILLUMINATION","INJURY_COUNT","INTERSECTION_RELATED","INTERSECT_TYPE","LANE_CLOSED","LATITUDE","LN_CLOSE_DIR","LOCATION_TYPE","LONGITUDE","MAX_SEVERITY_LEVEL","MCYCLE_DEATH_COUNT","MCYCLE_SUSP_SERIOUS_INJ_COUNT","MOTORCYCLE_COUNT","MUNICIPALITY","NONMOTR_COUNT","NONMOTR_DEATH_COUNT","NONMOTR_SUSP_SERIOUS_INJ_COUNT","NTFY_HIWY_MAINT","PED_COUNT","PED_DEATH_COUNT","PED_SUSP_SERIOUS_INJ_COUNT","PERSON_COUNT","POLICE_AGCY","POSSIBLE_INJ_COUNT","RDWY_SURF_TYPE_CD","RELATION_TO_ROAD","ROADWAY_CLEARED","ROAD_CONDITION","SCH_BUS_IND","SCH_ZONE_IND","SECONDARY_CRASH","SMALL_TRUCK_COUNT","SPEC_JURIS_CD","SUSP_MINOR_INJ_COUNT","SUSP_SERIOUS_INJ_COUNT","SUV_COUNT","TCD_FUNC_CD","TCD_TYPE","TFC_DETOUR_IND","TIME_OF_DAY","TOTAL_UNITS","TOT_INJ_COUNT","UNBELTED_OCC_COUNT","UNB_DEATH_COUNT","UNB_SUSP_SERIOUS_INJ_COUNT","UNK_INJ_DEG_COUNT","UNK_INJ_PER_COUNT","URBAN_RURAL","VAN_COUNT","VEHICLE_COUNT","WEATHER1","WEATHER2","WORKERS_PRES","WORK_ZONE_IND","WORK_ZONE_LOC","WORK_ZONE_TYPE","WZ_CLOSE_DETOUR","WZ_FLAGGER","WZ_LAW_OFFCR_IND","WZ_LN_CLOSURE","WZ_MOVING","WZ_OTHER","WZ_SHLDER_MDN","WZ_WORKERS_INJ_KILLED"
"2009134304","","1","0","0","0","0","0","0","0","0","7","0","","02","12","2009","5","40.408199","-80.077319","","11","0","0","0","0","0","0","0","0","","0","0","0","","","0","","2","","40 24:29.515","","0","80 04:38.347","0","0","0","0","2415","0","0","0","N","0","0","0","1","02415","0","","4.0","","7","N","N","","0","","0","0","0","","0","","","1","0","0","0","0","0","0","2","0","1","","","","N","","","","","","","","","",""
"2010000012","","1","0","0","0","0","0","0","0","0","4","0","","02","12","2009","6","","","","11","0","0","0","0","0","0","0","0","","0","0","0","","","1","","0","","","","7","","8","0","0","0","2438","0","0","0","N","0","0","0","3","02438","0","","1.0","","9","N","N","","0","","0","0","1","","0","","","2","1","0","0","0","1","0","1","0","2","","","","N","","","","","","","","","",""
"2010000027","","1","0","0","0","0","0","0","0","0","7","0","","02","12","2009","3","40.395839","-79.815146","","11","0","0","0","0","0","0","0","0","1","0","0","0","","","0","","3","","40 23:45.021","4","0","79 48:54.525","0","0","0","0","2111","0","0","0","N","0","0","0","1","02111","0","","2.0","","7","N","N","","0","","0","0","0","","0","N","","1","0","0","0","0","0","0","2","0","1","","","","N","","","","","","","","","",""
"2010000029","","0","0","0","0","0","0","0","0","0","7","0","","02","12","2009","5","40.3572","-80.0274","","11","0","0","0","0","0","1","0","0","","0","0","0","","","0","","10","","40 21:25.920","","0","80 01:38.640","0","0","0","0","2416","0","0","0","N","0","0","0","1","02416","0","","5.0","","7","N","N","","0","","0","0","1","","0","","","1","0","0","0","0","0","0","2","0","1","","","","N","","","","","","","","","",""
"2010000043","","1","0","0","0","0","0","0","0","0","7","0","","02","12","2009","4","40.615429","-80.095654","","11","0","0","0","0","0","0","0","0","","0","0","0","","","0","","0","","40 36:55.545","","0","80 05:44.356","0","0","0","0","2212","0","0","0","N","0","0","0","1","68B03","0","","3.0","","2","N","N","","0","","0","0","0","","0","","","1","0","0","0","0","0","0","2","0","1","","","","N","","","","","","","","","",""
"2010000049","","1","0","0","0","0","0","0","0","0","2","0","45","02","12","2009","7","40.627418","-79.737051","","11","0","0","0","0","0","1","0","0","3","0","0","0","","","2","","0","","40 37:38.703","1","0","79 44:13.385","8","0","0","0","2106","0","0","0","N","0","0","0","2","68D02","0","","1.0","","1","N","N","","0","","0","0","1","","8","N","","2","2","1","0","0","2","0","2","0","2","","","Y","Y","8","1","N","N","N","Y","N","N","Y",""
"2010000051","","2","0","0","0","0","0","0","0","0","1","0","","02","12","2009","7","40.496671","-79.917271","","11","0","0","0","1","0","1","0","0","1","0","0","0","","","0","","0","","40 29:48.016","1","0","79 55:02.175","0","0","0","0","2112","0","0","0","N","0","0","0","13","68D02","0","","1.0","","1","N","N","","0","","0","0","1","","0","N","","4","0","0","0","0","0","0","2","1","4","","","","N","","","","","","","","","",""
"2010000053","","0","0","0","0","0","0","0","0","0","0","0","","02","12","2009","7","40.575173","-79.7868","","11","0","0","0","0","0","0","0","0","2","0","0","0","","","0","","0","","40 34:30.622","1","0","79 47:12.479","0","0","0","0","2206","0","0","0","N","0","0","0","1","68D02","0","","5.0","","7","N","N","","0","","0","0","1","","0","N","","1","0","0","0","0","0","0","2","0","1","","","","N","","","","","","","","","",""
"2010000054","","1","0","0","0","0","0","0","0","0","5","0","","02","12","2009","7","40.616104","-79.752984","","11","0","0","0","0","0","0","0","0","2","0","0","0","","","0","","0","","40 36:57.973","1","0","79 45:10.743","0","0","0","0","2202","0","0","0","N","0","0","0","2","68D02","0","","1.0","","7","N","N","","1","","0","0","0","","0","N","","2","0","0","0","0","0","0","2","0","2","","","","N","","","","","","","","","",""
"2010000064","","0","0","0","0","0","0","0","0","0","7","0","","02","12","2009","6","40.521033","-79.759992","","11","0","0","1","0","0","0","0","0","","0","0","0","","","0","","0","","40 31:15.717","","0","79 45:35.970","0","0","0","0","2466","0","0","0","N","0","0","0","1","02466","0","","4.0","","2","N","N","","1","","0","0","0","","0","","","1","0","0","0","0","0","0","2","0","1","","","","N","","","","","","","","","",""
"2010000120","","1","0","0","0","0","0","0","0","0","7","0","55","02","12","2009","1","40.64358","-80.030146","","11","0","0","0","0","0","0","0","0","3","0","0","0","","","1","","0","","40 38:36.887","3","0","80 01:48.527","4","0","0","0","2216","0","0","0","N","0","0","0","1","68T02","1","","4.0","","2","N","N","","0","","0","0","0","","0","N","","1","1","0","0","0","0","0","2","0","1","","","N","Y","8","1","N","N","N","N","N","N","Y",""
"2010000138","","2","0","0","0","0","0","0","0","0","1","0","","02","12","2009","1","40.439172","-80.213596","","11","0","0","0","0","0","1","0","0","","0","0","0","","","0","","0","","40 26:21.019","","0","80 12:48.947","0","0","0","0","2214","0","0","0","N","0","0","0","3","02214","0","","1.0","","2","N","N","","0","","0","0","0","","0","","","2","0","0","0","0","0","0","2","0","2","","","","N","","","","","","","","","",""
"2010000162","","1","0","0","0","0","0","0","0","0","4","0","","02","12","2009","2","40.44161","-80.240672","","11","0","0","0","0","0","1","0","1","","0","0","0","","","0","","1","","40 26:29.796","","0","80 14:26.419","0","0","0","0","2214","0","0","0","N","0","0","0","2","02214","0","","1.0","","1","N","N","","0","","0","0","1","","3","","","2","0","0","0","0","0","0","2","0","2","","","","N","","","","","","","","","",""
"2010000163","","0","0","0","0","0","0","0","0","0","1","0","","02","12","2009","1","40.418945","-80.201776","","11","0","0","0","0","0","1","0","1","","0","0","0","","","0","","2","","40 25:08.203","","0","80 12:06.394","0","0","0","0","2214","0","0","0","N","0","0","0","2","02214","0","","1.0","","9","N","N","","2","","0","0","0","","0","","","2","0","0","0","0","0","0","1","0","2","","","","N","","","","","","","","","",""
"2010000165","","2","0","0","0","0","0","0","0","0","1","0","","02","12","2009","7","40.450556","-80.174333","","11","0","0","0","0","0","0","0","0","","0","0","0","","","1","","1","","40 27:02.000","","2","80 10:27.600","8","0","0","0","2214","0","0","0","N","0","0","0","3","02214","0","","1.0","","1","N","N","","0","","0","0","0","","2","","","2","1","0","0","0","1","0","2","0","2","","","","N","","","","","","","","","",""
"2010000166","","1","0","0","0","0","0","0","0","0","7","0","","02","12","2009","6","40.453352","-80.212442","","11","0","0","0","0","0","0","0","0","5","0","0","0","","","1","","0","","40 27:12.067","6","0","80 12:44.791","8","0","0","0","2214","0","0","0","N","0","0","0","2","02214","0","","4.0","","1","N","N","","0","","0","0","0","","0","Y","","1","1","0","0","0","1","0","2","0","1","","","","N","","","","","","","","","",""
"2010000167","","1","0","0","0","0","0","0","0","0","7","0","","02","12","2009","1","40.451146","-80.185964","","11","0","0","0","0","0","1","0","0","","0","0","0","","","0","","0","","40 27:04.125","","0","80 11:09.472","0","0","0","0","2214","0","0","0","N","0","0","0","1","02214","0","","2.0","","2","N","N","","0","","0","0","0","","0","","","1","0","0","0","0","0","0","2","0","1","","","","N","","","","","","","","","",""
"2010000168","","1","0","0","0","0","0","0","0","0","7","0","","02","12","2009","1","40.45514","-80.191962","","11","0","0","0","0","0","0","1","0","","0","0","0","","","0","","2","","40 27:18.504","","0","80 11:31.063","0","0","0","0","2214","0","0","0","N","0","0","0","1","02214","0","","2.0","","2","N","N","","0","","0","0","0","","0","","","1","0","0","0","0","0","0","2","0","1","","","","N","","","","","","","","","",""
"2010000189","","0","0","0","0","0","0","0","0","0","0","0","","02","12","2009","4","40.337666","-79.926439","","11","0","0","0","0","0","1","0","0","1","0","0","0","","","0","","0","","40 20:15.597","6","0","79 55:35.180","0","0","0","0","2473","0","0","0","N","0","0","0","1","02473","0","","1.0","","2","N","N","","0","","0","0","1","","0","Y","","1","0","0","0","0","0","0","2","0","1","","","","N","","","","","","","","","",""
"2010000193","","1","0","0","0","0","0","0","0","0","7","0","","02","12","2009","5","40.354282","-79.956242","","11","0","0","0","0","0","1","0","0","2","0","0","0","","","1","","0","","40 21:15.416","5","0","79 57:22.470","8","0","0","0","2473","0","0","0","Y","0","0","0","1","02473","0","","5.0","","7","N","N","","0","","0","0","0","","0","Y","","1","1","0","0","0","1","0","2","0","1","","","","N","","","","","","","","","",""
"2010000196","","1","0","0","0","0","0","0","0","0","7","0","","02","12","2009","5","40.308506","-79.824791","","11","0","0","0","0","0","0","0","0","","0","0","0","","","0","","0","","40 18:30.620","","0","79 49:29.246","0","0","0","0","2105","0","0","0","N","0","0","0","2","02105","0","","2.0","","7","N","N","","0","","0","0","0","","0","","","1","0","0","0","0","0","0","2","0","1","","","","N","","","","","","","","","",""
"2010000201","","2","0","0","0","0","0","0","0","0","4","0","","02","12","2009","5","40.45526","-80.025066","","11","1","0","0","0","0","0","0","0","","0","0","0","","","3","","1","","40 27:18.936","","0","80 01:30.237","3","0","0","0","2301","0","0","0","N","0","0","0","3","02301","0","","1.0","","1","N","N","","0","","3","0","0","","3","","","2","3","0","0","0","0","0","2","0","2","","","","N","","","","","","","","","",""
"2010000206","","1","0","0","0","0","0","0","0","0","1","0","","02","12","2009","5","40.507717","-80.005643","","11","0","0","0","0","0","2","0","0","","0","0","0","","","0","","0","","40 30:27.781","","7","80 00:20.316","0","0","0","0","2116","0","0","0","N","0","0","0","5","02116","0","","1.0","","9","N","N","","1","","0","0","2","","2","","","4","0","0","0","0","0","0","2","0","4","","","","N","","","","","","","","","",""
"2010000207","","1","0","0","0","0","0","0","0","0","7","0","","02","12","2009","4","40.527558","-80.019903","","11","0","0","0","0","0","0","0","0","1","0","0","0","","","1","","0","","40 31:39.210","6","0","80 01:11.650","4","0","0","0","2116","0","0","0","N","0","0","0","1","02116","1","","5.0","","2","N","N","","0","","0","0","0","","0","Y","","1","1","0","0","0","0","0","2","0","1","","","","N","","","","","","","","","",""
"2010000237","","1","0","0","0","0","0","0","0","0","7","0","","02","12","2009","2","40.519717","-80.061415","","11","0","0","0","0","0","0","0","0","","0","0","0","","","0","","0","","40 31:10.982","","0","80 03:41.094","0","0","0","0","2116","0","0","0","N","0","0","0","1","02116","0","","5.0","","7","N","N","","0","","0","0","0","","0","","","1","0","0","0","0","0","0","2","0","1","","","","N","","","","","","","","","",""
"2010000239","","1","0","0","0","0","0","1","0","0","5","1","","02","12","2009","4","40.447956","-80.002082","","11","0","0","0","0","0","0","0","0","1","0","0","0","","","0","","1","","40 26:52.641","3","0","80 00:07.495","0","0","0","0","2301","0","0","0","N","0","0","0","11","02503","0","","1.0","","9","N","N","","0","","0","0","0","","1","Y","","2","0","0","0","0","0","0","2","0","2","","","","N","","","","","","","","","",""
"2010000241","","0","0","0","0","0","0","0","0","0","1","0","","02","12","2009","5","40.339105","-80.126014","","11","0","0","0","0","0","0","0","1","","0","0","0","","","0","","1","","40 20:20.779","","0","80 07:33.650","0","0","0","0","2119","0","0","0","N","0","0","0","4","02119","0","","1.0","","1","N","N","","1","","0","0","2","","0","","","3","0","1","0","0","0","0","2","0","3","","","","N","","","","","","","","","",""
"2010000286","","0","0","0","0","0","0","0","0","0","7","0","","02","12","2009","6","40.517598","-79.853551","","11","0","0","0","0","0","1","0","0","","0","0","0","","","0","","0","","40 31:03.354","","0","79 51:12.783","0","0","0","0","2112","0","0","0","N","0","0","0","1","68D02","0","","4.0","","1","N","N","","1","","0","0","0","","0","","","1","0","0","0","0","0","0","2","0","1","","","","N","","","","","","","","","",""
"2010000295","","0","0","0","0","0","0","0","0","0","4","0","","02","12","2009","6","40.391917","-80.068784","","11","0","0","0","0","0","0","0","0","2","0","0","0","","","0","","0","","40 23:30.900","3","7","80 04:07.624","0","0","0","0","2117","0","0","0","N","0","0","0","2","02117","0","","1.0","","9","N","N","","0","","0","0","0","","3","N","","2","0","0","0","0","0","0","2","2","2","","","","N","","","","","","","","","",""
"2010000306","","1","0","0","0","0","0","0","0","0","7","0","","02","12","2009","6","40.64515","-79.873755","","11","0","0","0","0","0","0","0","0","1","0","0","0","","","0","","0","","40 38:42.540","1","0","79 52:25.517","0","0","0","0","2220","0","0","0","N","0","0","0","1","02220","0","","5.0","","7","N","N","","0","","0","0","0","","0","Y","","1","0","0","0","0","0","0","1","0","1","","","","N","","","","","","","","","",""
"2010000321","","1","0","0","0","0","0","0","0","0","7","0","","02","12","2009","5","40.65161","-79.940854","","11","0","0","0","0","0","0","0","0","1","0","0","0","","","0","","0","","40 39:05.797","6","0","79 56:27.075","0","0","0","0","2217","0","0","0","N","0","0","0","1","02505","0","","5.0","","7","N","N","","0","","0","0","0","","0","N","","1","0","0","0","0","0","0","2","0","1","","","","N","","","","","","","","","",""
"2010000335","","1","0","0","0","0","0","0","0","0","7","0","","02","12","2009","2","40.308222","-80.000472","","11","0","0","0","0","0","1","0","0","","0","0","0","","","0","","0","","40 18:29.600","","0","80 00:01.700","0","0","0","0","2219","0","0","0","N","0","0","0","1","02501","0","","2.0","","7","N","N","","0","","0","0","0","","0","","","1","0","0","0","0","0","0","2","0","1","","","","N","","","","","","","","","",""
"2010000345","","1","0","0","0","0","0","0","0","0","7","0","","02","12","2009","7","40.467016","-80.024881","","11","0","0","0","0","0","0","0","0","","0","0","0","","","0","","1","","40 28:01.259","","0","80 01:29.570","0","0","0","0","2301","0","0","0","N","0","0","0","1","02301","0","","5.0","","1","N","N","","0","","0","0","0","","2","","","1","0","0","0","0","0","0","2","0","1","","","","N","","","","","","","","","",""
"2010000364","","3","0","0","0","0","0","0","0","0","1","0","","02","12","2009","2","40.4326","-79.8711","","11","0","0","0","0","0","2","0","0","","0","0","0","","","1","","0","","40 25:57.360","","2","79 52:15.960","4","0","0","0","2411","0","0","0","N","0","0","0","3","68B03","1","","1.0","","9","N","N","","0","","0","0","0","","4","","","3","1","0","0","0","0","0","2","0","3","","","","N","","","","","","","","","",""
"2010000365","","2","0","0","0","0","0","0","0","0","4","0","","02","12","2009","5","40.4642","-80.1948","","11","0","0","1","0","0","0","0","0","1","0","0","0","","","2","","0","","40 27:51.120","4","0","80 11:41.280","4","0","0","0","2213","0","0","0","N","0","0","0","4","68B03","2","","1.0","","9","N","N","","0","","0","0","0","","0","N","","2","2","0","0","0","0","0","2","0","2","","","","N","","","","","","","","","",""
"2010000376","","1","0","0","0","0","0","0","0","0","7","0","","02","12","2009","4","40.4904","-79.9113","","11","0","0","0","0","0","0","0","0","2","0","0","0","","","0","","0","","40 29:25.440","3","3","79 54:40.680","0","0","0","0","2112","0","0","0","N","0","0","0","1","68D02","0","","2.0","","1","N","N","","0","","0","0","0","","0","N","","1","0","0","0","0","0","0","2","0","1","","","","N","","","","","","","","","",""
"2010000440","","1","0","0","0","0","0","0","0","0","1","1","","02","12","2009","5","40.655657","-80.074853","","11","0","0","0","0","0","1","0","0","","0","1","0","","","0","","0","","40 39:20.366","","0","80 04:29.471","0","0","0","0","2216","0","0","0","N","0","0","0","2","68T02","0","","1.0","","7","N","N","","0","","0","0","0","","0","","","2","0","0","0","0","0","0","2","0","2","","","","N","","","","","","","","","",""
"2010000442","","0","0","0","0","0","0","0","0","0","5","1","55","02","12","2009","5","40.639861","-79.995815","","11","0","0","0","0","0","0","0","0","","0","1","0","","","0","","0","","40 38:23.500","","0","79 59:44.935","0","0","0","0","2216","0","0","0","N","0","0","0","2","68T02","0","","1.0","","9","N","N","","0","","0","0","1","","0","","","2","0","0","0","0","0","0","1","0","2","","","N","Y","8","1","N","N","N","N","N","Y","N",""
"2010000453","","0","0","0","0","0","0","0","0","0","1","0","","02","12","2009","7","40.296409","-80.024767","","11","0","0","0","0","0","0","0","0","","0","0","0","","","0","","1","","40 17:47.072","","0","80 01:29.161","0","0","0","0","2219","0","0","0","N","0","0","0","1","02219","0","","1.0","","9","N","N","","0","","0","0","2","","3","","","2","0","0","0","0","0","0","2","0","2","","","","N","","","","","","","","","",""
"2010000462","","1","0","0","0","0","0","0","0","0","99","0","","02","12","2009","4","40.595429","-80.194672","","11","0","0","0","0","1","0","0","0","","0","0","0","","","0","","2","","40 35:43.544","","0","80 11:40.820","0","0","0","0","2480","0","0","0","N","0","0","0","1","02480","0","","5.0","","9","N","N","","0","","0","0","0","","0","","","1","0","0","0","0","0","0","1","0","1","","","","N","","","","","","","","","",""
"2010000466","","1","0","0","0","0","0","0","0","0","7","0","","02","12","2009","4","40.433408","-80.028631","","11","0","0","0","0","0","0","0","0","","0","0","0","","","0","","0","","40 26:00.270","","3","80 01:43.073","0","0","0","0","2301","0","0","0","N","0","0","0","1","02301","0","","4.0","","2","N","N","","0","","0","0","0","","0","","","1","0","0","0","0","0","0","2","0","1","","","","N","","","","","","","","","",""
"2010000467","","1","0","0","0","0","0","0","0","0","7","0","","02","12","2009","4","40.522043","-80.025244","","11","0","0","0","0","0","0","0","0","","0","0","0","","","0","","0","","40 31:19.354","","0","80 01:30.878","0","0","0","0","2116","0","0","0","N","0","0","0","1","02116","0","","4.0","","9","N","N","","1","","0","0","0","","0","","","2","0","0","0","0","0","0","2","0","2","","","","N","","","","","","","","","",""
"2010000470","","3","0","0","0","0","0","0","0","0","4","0","","02","12","2009","7","40.506733","-80.006887","","11","0","0","0","0","0","2","1","0","2","0","0","0","","","0","","1","","40 30:24.237","5","0","80 00:24.793","0","0","0","0","2116","0","0","0","N","0","0","0","3","02116","0","","1.0","","9","N","N","","0","","0","0","0","","2","N","","3","0","0","0","0","0","0","2","0","3","","","","N","","","","","","","","","",""
"2010000488","","1","0","0","0","0","0","0","0","0","7","0","","02","12","2009","2","40.644814","-80.069975","","11","0","0","0","0","0","1","0","0","","0","0","0","","","0","","2","","40 38:41.330","","0","80 04:11.910","0","0","0","0","2212","0","0","0","N","0","0","0","2","02505","0","","5.0","","7","N","N","","0","","0","0","0","","0","","","1","0","0","0","0","0","0","2","0","1","","","","N","","","","","","","","","",""
"2010000496","","1","0","0","0","0","0","0","0","0","7","0","","02","12","2009","5","40.394969","-79.79646","","11","0","0","0","0","0","1","0","0","1","0","0","0","","","1","","3","","40 23:41.890","4","0","79 47:47.255","4","0","0","0","2446","0","0","0","N","0","0","0","1","02446","1","","2.0","","1","N","N","","0","","0","0","0","","0","Y","","1","1","0","0","0","0","0","2","0","1","","","","N","","","","","","","","","",""
"2010000507","","1","0","0","0","0","0","0","0","0","8","0","","02","12","2009","3","40.431131","-80.010602","","11","0","0","0","0","0","0","0","0","","0","0","0","","","1","","2","","40 25:52.071","","0","80 00:38.167","4","0","0","0","2301","1","0","0","N","1","0","0","2","02301","1","","1.0","","2","N","N","","0","","0","0","0","","0","","","2","1","0","0","0","0","0","2","0","1","","","","N","","","","","","","","","",""
"2010000514","","2","0","0","0","0","0","0","0","0","2","0","","02","12","2009","2","40.634597","-80.087919","","11","0","0","0","0","0","0","0","1","","0","0","0","","","0","","2","","40 38:04.549","","0","80 05:16.508","0","0","0","0","2412","0","0","0","N","0","0","0","3","02505","0","","1.0","","7","N","N","","0","","0","0","0","","0","","","2","0","0","0","0","0","0","2","0","2","","","","N","","","","","","","","","",""
"2010000516","","1","0","0","0","0","0","0","0","0","7","0","","02","12","2009","7","40.39485","-80.059754","","11","1","0","0","0","0","0","0","0","2","0","0","0","","","0","","0","","40 23:41.460","4","0","80 03:35.114","0","0","0","0","2117","0","0","0","N","0","0","0","2","02117","0","","5.0","","7","N","N","","0","","0","0","0","","0","N","","1","0","0","0","0","0","0","2","0","1","","","","N","","","","","","","","","",""
"2010000577","","1","0","0","0","0","0","0","0","0","7","0","","02","12","2009","1","40.546723","-79.771688","","11","0","0","0","0","0","0","0","0","1","0","0","0","","","0","","0","","40 32:48.201","4","0","79 46:18.077","0","0","0","0","2121","0","0","0","N","0","0","0","1","02121","0","","2.0","","2","N","N","","0","","0","0","0","","0","N","","1","0","0","0","0","0","0","1","0","1","","","","N","","","","","","","","","",""
"2010000578","","2","0","0","0","0","0","0","0","0","4","0","","02","12","2009","5","40.429854","-79.751251","","11","0","0","0","0","0","0","0","1","","0","0","0","","","0","","0","","40 25:47.476","","7","79 45:04.504","0","0","0","0","2446","0","0","0","N","0","0","0","2","02446","0","","1.0","","9","N","N","","0","","0","0","0","","0","","","2","0","2","0","0","0","0","2","0","2","","","","N","","","","","","","","","",""
"2010000586","","2","0","0","0","0","0","0","0","0","6","0","","02","12","2009","3","40.551571","-79.784801","","11","0","0","0","0","0","0","0","0","","0","0","0","","","0","","2","","40 33:05.654","","0","79 47:05.283","0","0","0","0","2121","0","0","0","N","0","0","0","3","02121","0","","1.0","","1","N","N","","0","","0","0","0","","3","","","2","0","0","0","0","0","0","1","0","2","","","","N","","","","","","","","","",""
"2010000591","","2","0","0","0","0","0","0","0","0","2","0","","02","12","2009","7","40.380493","-79.825779","","11","0","0","1","0","0","0","0","0","2","0","0","0","","","0","","0","","40 22:49.774","2","0","79 49:32.804","0","0","0","0","2111","0","0","0","N","0","0","0","2","02111","0","","1.0","","7","N","N","","0","","0","0","0","","0","N","","2","0","0","0","0","0","0","2","0","2","","","","N","","","","","","","","","",""
"2010000599","","1","0","0","0","0","0","0","0","0","2","0","","02","12","2009","1","40.401767","-79.860579","","11","0","0","0","0","0","0","0","0","","0","0","0","","","0","","0","","40 24:06.362","","0","79 51:38.083","0","0","0","0","2449","0","0","0","Y","0","0","0","0","02449","0","","6.0","","9","N","N","","0","","0","0","2","","0","","","3","0","0","0","0","0","0","2","0","3","","","","N","","","","","","","","","",""
"2010000613","","1","0","0","0","0","0","0","0","0","0","0","","02","12","2009","1","40.390048","-79.904048","","11","0","0","0","0","0","0","0","0","","0","0","0","","","0","","0","","40 23:24.172","","0","79 54:14.573","0","0","0","0","2448","0","0","0","N","0","0","0","0","02448","0","","5.0","","2","N","N","","0","","0","0","0","","0","","","1","0","0","0","0","0","0","2","0","1","","","","N","","","","","","","","","",""
"2010000622","","1","0","0","0","0","0","0","0","0","4","0","","02","12","2009","5","40.590034","-79.827262","","11","0","0","0","1","0","0","0","0","","0","0","0","","","0","","0","","40 35:24.124","","0","79 49:38.144","0","0","0","0","2209","0","0","0","N","0","0","0","1","02209","0","","5.0","","2","N","N","","1","","0","0","0","","0","","","2","0","0","0","0","0","0","1","0","2","","","","N","","","","","","","","","",""
"2010000623","","1","0","0","0","0","0","0","0","0","1","0","","02","12","2009","7","40.592719","-79.872628","","11","0","0","0","1","0","0","1","0","1","0","0","0","","","0","","0","","40 35:33.790","5","0","79 52:21.461","0","0","0","0","2209","0","0","0","N","0","0","0","3","02209","0","","4.0","","7","N","N","","0","","0","0","0","","0","N","","2","0","0","0","0","0","0","2","0","2","","","","N","","","","","","","","","",""
"2010000639","","2","0","0","0","0","0","0","0","0","2","0","","02","12","2009","6","40.526501","-80.159098","","11","0","0","0","0","0","0","0","0","2","0","0","0","","","3","","1","","40 31:35.404","2","0","80 09:32.754","3","0","0","0","2436","0","0","0","N","0","0","0","4","68B01","2","","1.0","","9","N","N","","0","","1","0","0","","2","N","","2","3","1","0","0","0","0","2","0","2","","","","N","","","","","","","","","",""
"2010000640","","2","0","0","0","0","0","0","0","0","1","1","","02","12","2009","2","40.425621","-79.909465","","11","0","0","0","0","0","0","0","0","2","0","1","0","","","4","","0","","40 25:32.236","4","4","79 54:34.073","4","0","0","0","2301","0","0","0","N","0","0","0","7","68B03","4","","1.0","","1","N","N","","1","","0","0","0","","0","N","","4","4","0","0","0","0","0","2","0","4","","","","N","","","","","","","","","",""
"2010000641","","1","0","0","0","0","0","0","0","0","1","0","","02","12","2009","3","40.537206","-80.077139","","11","0","0","0","0","0","0","0","0","","0","0","0","","","0","","0","","40 32:13.940","","0","80 04:37.702","0","0","0","0","2215","0","0","0","N","0","0","0","4","68B03","0","","1.0","","1","N","N","","0","","0","0","1","","0","","","2","0","0","0","0","0","0","2","0","2","","","","N","","","","","","","","","",""
"2010000668","","1","0","0","0","0","0","0","0","0","7","0","","02","12","2009","6","40.457713","-80.044791","","11","0","0","0","0","0","0","0","0","","0","0","0","","","0","","0","","40 27:27.768","","0","80 02:41.249","9","0","0","0","2301","0","0","0","N","0","0","0","1","02301","0","","4.0","","8","N","N","","0","","0","0","0","","0","","","1","0","0","0","0","0","1","2","0","1","","","","N","","","","","","","","","",""
"2010000674","","0","0","0","0","0","0","0","0","0","99","0","","02","12","2009","5","40.457258","-79.742005","","11","0","0","0","0","0","0","0","0","","0","0","0","","","0","","0","","40 27:26.129","","0","79 44:31.219","0","0","0","0","2466","0","0","0","N","0","0","0","2","02466","0","","5.0","","98","N","N","","0","","0","0","1","","0","","","1","0","0","0","0","0","0","2","0","1","","","","N","","","","","","","","","",""
"2010000704","","1","0","1","0","0","0","0","0","0","7","0","","02","12","2009","4","40.432698","-79.716155","","11","0","0","0","0","0","1","0","0","2","0","0","0","","","2","","0","","40 25:57.714","6","0","79 42:58.157","2","0","0","0","2446","0","0","0","N","0","0","0","3","02446","1","","2.0","","1","N","N","","0","","0","1","1","","0","Y","","3","2","0","0","0","0","0","2","1","3","","","","N","","","","","","","","","",""
"2010000706","","0","0","0","0","0","0","0","0","0","8","0","","02","12","2009","7","40.45329","-80.001665","","11","0","0","0","0","0","0","0","0","","0","0","0","","","1","","1","","40 27:11.845","","0","80 00:05.994","2","0","0","0","2301","1","0","1","N","1","0","1","2","02301","0","","1.0","","9","N","N","","0","","0","1","1","","2","","","2","1","0","0","0","0","0","2","0","1","","","","N","","","","","","","","","",""